{"type":"FeatureCollection","features":[{"type":"Feature","geometry":{"type":"MultiPolygon","coordinates":[[[[92.516,10.898],[92.459,10.863],[92.413,10.789],[92.376,10.782],[92.381,10.666],[92.421,10.615],[92.384,10.544],[92.435,10.548],[92.499,10.511],[92.531,10.518],[92.568,10.576],[92.544,10.593],[92.553,10.638],[92.598,10.683],[92.583,10.743],[92.588,10.787],[92.561,10.812],[92.558,10.863],[92.516,10.898]]],[[[92.641,11.51],[92.616,11.485],[92.622,11.405],[92.588,11.401],[92.599,11.347],[92.638,11.347],[92.685,11.433],[92.668,11.49],[92.641,11.51]]],[[[92.219,11.592],[92.217,11.529],[92.275,11.535],[92.27,11.585],[92.219,11.592]]],[[[92.97,12.034],[92.931,12.006],[93.022,11.901],[93.037,11.947],[93.003,12.029],[92.97,12.034]]],[[[93.028,12.157],[92.962,12.123],[93.036,12.098],[93.028,12.157]]],[[[93.069,12.211],[93.037,12.134],[93.092,12.107],[93.085,12.195],[93.069,12.211]]],[[[92.701,12.236],[92.646,12.179],[92.624,12.103],[92.606,11.923],[92.565,11.943],[92.526,11.895],[92.514,11.848],[92.546,11.828],[92.552,11.721],[92.587,11.717],[92.607,11.595],[92.651,11.552],[92.664,11.507],[92.728,11.518],[92.753,11.61],[92.756,11.666],[92.702,11.692],[92.755,11.717],[92.787,11.872],[92.788,11.926],[92.716,11.951],[92.757,11.988],[92.776,12.031],[92.735,12.089],[92.756,12.154],[92.716,12.168],[92.701,12.236]]],[[[92.731,12.242],[92.723,12.189],[92.764,12.182],[92.762,12.229],[92.731,12.242]]],[[[92.777,12.31],[92.782,12.285],[92.765,12.177],[92.739,12.099],[92.765,12.063],[92.799,12.109],[92.888,12.259],[92.87,12.301],[92.83,12.3],[92.809,12.313],[92.777,12.31]]],[[[93.84,12.321],[93.815,12.285],[93.827,12.245],[93.881,12.237],[93.84,12.321]]],[[[92.899,12.916],[92.875,12.882],[92.792,12.89],[92.738,12.829],[92.721,12.788],[92.745,12.671],[92.715,12.636],[92.708,12.492],[92.698,12.421],[92.701,12.337],[92.719,12.301],[92.772,12.318],[92.809,12.315],[92.832,12.303],[92.887,12.323],[92.838,12.398],[92.924,12.436],[92.95,12.464],[92.976,12.542],[92.956,12.608],[92.977,12.718],[92.935,12.782],[92.954,12.807],[92.928,12.883],[92.899,12.916]]],[[[92.696,12.992],[92.67,12.952],[92.649,12.861],[92.672,12.794],[92.721,12.888],[92.719,12.979],[92.696,12.992]]],[[[93.029,13.573],[92.919,13.537],[92.929,13.502],[92.877,13.475],[92.872,13.416],[92.836,13.367],[92.823,13.277],[92.85,13.239],[92.81,13.153],[92.82,13.101],[92.797,13.089],[92.791,13.012],[92.801,12.901],[92.872,12.883],[92.857,12.934],[92.916,13.054],[92.961,13.015],[93.006,13.031],[93.031,13.069],[93.032,13.178],[93.056,13.233],[93.013,13.307],[93.072,13.323],[93.033,13.458],[93.044,13.505],[93.029,13.573]]]]},"properties":{"code":"IN-AN-andaman-islands","name":"Andaman Islands","state":"Andaman and Nicobar"}},{"type":"Feature","geometry":{"type":"MultiPolygon","coordinates":[[[[93.848,7.24],[93.808,7.215],[93.755,7.211],[93.734,7.187],[93.686,7.19],[93.656,7.126],[93.67,7.013],[93.699,7.012],[93.745,6.962],[93.742,6.925],[93.78,6.882],[93.786,6.836],[93.847,6.78],[93.896,6.805],[93.897,6.902],[93.937,6.962],[93.917,7.048],[93.888,7.086],[93.891,7.121],[93.87,7.216],[93.848,7.24]]],[[[93.713,7.444],[93.707,7.394],[93.631,7.362],[93.629,7.269],[93.725,7.31],[93.756,7.374],[93.725,7.397],[93.713,7.444]]],[[[93.38,8.025],[93.336,8.012],[93.311,7.962],[93.377,7.882],[93.397,7.902],[93.474,7.896],[93.461,7.936],[93.41,8.007],[93.38,8.025]]],[[[93.547,8.028],[93.507,7.985],[93.574,7.929],[93.583,7.992],[93.547,8.028]]],[[[93.526,8.231],[93.455,8.176],[93.459,8.124],[93.483,8.078],[93.548,8.088],[93.504,8.144],[93.545,8.196],[93.526,8.231]]],[[[93.126,8.356],[93.095,8.34],[93.085,8.274],[93.123,8.221],[93.196,8.193],[93.194,8.225],[93.126,8.277],[93.143,8.347],[93.126,8.356]]],[[[92.788,9.244],[92.765,9.215],[92.721,9.214],[92.732,9.124],[92.811,9.124],[92.832,9.163],[92.814,9.22],[92.788,9.244]]]]},"properties":{"code":"IN-AN-nicobar-islands","name":"Nicobar Islands","state":"Andaman and Nicobar"}},{"type":"Feature","geometry":{"type":"Polygon","coordinates":[[[78.844,19.759],[78.785,19.779],[78.702,19.786],[78.619,19.809],[78.526,19.822],[78.476,19.816],[78.398,19.836],[78.384,19.879],[78.336,19.883],[78.31,19.913],[78.294,19.85],[78.339,19.839],[78.368,19.781],[78.345,19.714],[78.286,19.69],[78.311,19.604],[78.297,19.558],[78.312,19.466],[78.224,19.434],[78.188,19.396],[78.197,19.332],[78.183,19.242],[78.127,19.246],[78.046,19.271],[77.949,19.341],[77.861,19.302],[77.901,19.277],[77.868,19.246],[77.845,19.188],[77.845,19.114],[77.8,19.099],[77.762,19.062],[77.767,18.981],[77.817,18.982],[77.854,18.952],[77.899,18.868],[77.944,18.842],[77.968,18.875],[78.029,18.88],[78.069,18.935],[78.157,18.98],[78.233,19.003],[78.299,18.945],[78.365,18.985],[78.4,18.988],[78.438,18.959],[78.494,18.964],[78.529,18.942],[78.586,18.986],[78.631,18.979],[78.682,19.025],[78.754,19.012],[78.821,19.054],[78.905,19.031],[78.97,19.071],[79.039,19.049],[79.072,19.022],[79.106,18.951],[79.185,18.873],[79.238,18.87],[79.313,18.82],[79.365,18.838],[79.383,18.868],[79.443,18.85],[79.513,18.79],[79.563,18.779],[79.649,18.727],[79.676,18.684],[79.743,18.689],[79.803,18.722],[79.844,18.806],[79.894,18.831],[79.939,18.859],[79.941,18.938],[79.926,19.042],[79.861,19.06],[79.858,19.104],[79.942,19.176],[79.92,19.226],[79.945,19.284],[79.973,19.401],[79.945,19.459],[79.911,19.492],[79.828,19.537],[79.785,19.594],[79.74,19.603],[79.713,19.583],[79.621,19.565],[79.601,19.508],[79.566,19.511],[79.543,19.549],[79.47,19.497],[79.414,19.533],[79.255,19.611],[79.237,19.527],[79.189,19.459],[79.103,19.528],[79.018,19.54],[78.978,19.58],[78.969,19.649],[78.916,19.668],[78.859,19.656],[78.863,19.697],[78.844,19.759]]]},"properties":{"code":"IN-AP-adilabad","name":"Adilabad","state":"Andhra Pradesh"}},{"type":"Feature","geometry":{"type":"Polygon","coordinates":[[[78.137,14.938],[78.118,14.959],[78.038,14.993],[77.993,15.038],[78.018,15.107],[77.962,15.149],[77.87,15.127],[77.812,15.134],[77.787,15.097],[77.745,15.121],[77.726,15.163],[77.656,15.226],[77.576,15.182],[77.521,15.217],[77.361,15.216],[77.347,15.17],[77.316,15.17],[77.289,15.125],[77.193,15.153],[77.153,15.132],[77.128,15.094],[77.11,15.029],[77.079,15],[77.047,15.029],[76.967,15.013],[76.877,15.029],[76.861,15.057],[76.797,15.091],[76.773,15.065],[76.785,15.017],[76.757,14.983],[76.764,14.97],[76.864,14.964],[76.86,14.891],[76.834,14.785],[76.78,14.779],[76.798,14.735],[76.771,14.674],[76.761,14.596],[76.8,14.528],[76.844,14.509],[76.864,14.475],[76.973,14.478],[76.883,14.39],[76.899,14.319],[76.943,14.305],[76.938,14.24],[77.004,14.232],[77.05,14.24],[77.075,14.209],[77.11,14.221],[77.112,14.288],[77.152,14.338],[77.196,14.314],[77.281,14.331],[77.28,14.276],[77.359,14.269],[77.355,14.23],[77.384,14.192],[77.415,14.203],[77.401,14.26],[77.375,14.295],[77.395,14.329],[77.442,14.31],[77.499,14.261],[77.49,14.228],[77.51,14.172],[77.39,14.165],[77.395,14.103],[77.338,14.054],[77.326,14.023],[77.383,14.007],[77.419,13.895],[77.348,13.897],[77.344,13.951],[77.313,14.025],[77.279,14.007],[77.134,13.998],[77.121,14.042],[77.024,14.053],[77.01,14.092],[77.02,14.173],[76.958,14.176],[76.891,14.159],[76.884,14.131],[76.943,14.112],[76.946,14.085],[76.931,14.023],[76.994,13.981],[76.989,13.957],[77.036,13.926],[77.006,13.85],[76.969,13.81],[76.993,13.743],[77.035,13.769],[77.06,13.739],[77.095,13.761],[77.167,13.755],[77.162,13.815],[77.24,13.894],[77.25,13.839],[77.307,13.857],[77.425,13.827],[77.463,13.744],[77.45,13.676],[77.48,13.703],[77.528,13.707],[77.614,13.76],[77.67,13.777],[77.696,13.761],[77.728,13.802],[77.828,13.861],[77.806,13.918],[77.862,13.927],[77.912,13.897],[77.951,13.928],[77.978,13.893],[78.041,13.887],[78.106,13.854],[78.118,13.777],[78.22,13.771],[78.253,13.788],[78.237,13.842],[78.268,13.883],[78.378,13.932],[78.456,13.985],[78.434,14.014],[78.456,14.104],[78.401,14.199],[78.417,14.271],[78.323,14.281],[78.237,14.307],[78.143,14.366],[77.989,14.494],[77.98,14.533],[78.039,14.531],[78.09,14.618],[78.12,14.617],[78.136,14.677],[78.109,14.687],[78.049,14.769],[78.109,14.849],[78.092,14.866],[78.111,14.92],[78.137,14.938]]]},"properties":{"code":"IN-AP-anantapur","name":"Anantapur","state":"Andhra Pradesh"}},{"type":"Feature","geometry":{"type":"Polygon","coordinates":[[[79.433,13.878],[79.427,13.848],[79.449,13.79],[79.408,13.75],[79.3,13.712],[79.284,13.746],[79.216,13.746],[79.181,13.782],[79.202,13.803],[79.14,13.849],[79.09,13.838],[79.076,13.864],[79.018,13.878],[78.872,13.887],[78.789,13.869],[78.756,13.819],[78.714,13.876],[78.677,13.86],[78.646,13.889],[78.579,13.901],[78.589,13.949],[78.536,13.981],[78.482,13.93],[78.456,13.985],[78.378,13.932],[78.268,13.883],[78.237,13.842],[78.253,13.788],[78.22,13.771],[78.118,13.777],[78.085,13.733],[78.109,13.71],[78.08,13.65],[78.146,13.65],[78.194,13.595],[78.25,13.574],[78.38,13.581],[78.398,13.566],[78.367,13.495],[78.371,13.391],[78.355,13.355],[78.501,13.277],[78.567,13.272],[78.553,13.189],[78.509,13.12],[78.505,13.053],[78.452,13.032],[78.458,12.963],[78.423,12.969],[78.417,12.889],[78.378,12.895],[78.345,12.928],[78.303,12.847],[78.241,12.847],[78.221,12.753],[78.227,12.689],[78.264,12.692],[78.29,12.653],[78.368,12.612],[78.398,12.614],[78.46,12.617],[78.458,12.662],[78.552,12.697],[78.546,12.729],[78.58,12.767],[78.592,12.839],[78.625,12.914],[78.62,12.974],[78.651,13.018],[78.694,13.004],[78.702,13.056],[78.74,13.045],[78.801,13.076],[78.946,13.064],[78.982,13.076],[79.053,13.038],[79.153,13.007],[79.226,13.135],[79.274,13.121],[79.35,13.125],[79.348,13.163],[79.421,13.184],[79.407,13.238],[79.417,13.322],[79.536,13.311],[79.565,13.249],[79.669,13.282],[79.671,13.236],[79.744,13.195],[79.783,13.228],[79.722,13.266],[79.8,13.304],[79.851,13.303],[79.926,13.336],[79.954,13.374],[79.962,13.451],[79.995,13.459],[80.03,13.524],[80.034,13.563],[79.949,13.654],[79.937,13.695],[79.859,13.695],[79.841,13.755],[79.865,13.771],[79.873,13.835],[79.835,13.842],[79.8,13.912],[79.779,13.898],[79.76,13.838],[79.722,13.847],[79.72,13.89],[79.67,13.911],[79.659,13.823],[79.623,13.831],[79.611,13.873],[79.578,13.907],[79.47,13.899],[79.433,13.878]]]},"properties":{"code":"IN-AP-chittoor","name":"Chittoor","state":"Andhra Pradesh"}},{"type":"Feature","geometry":{"type":"Polygon","coordinates":[[[79.067,15.046],[79.049,15.133],[79.059,15.168],[78.954,15.171],[78.944,15.217],[78.897,15.189],[78.815,15.2],[78.761,15.178],[78.754,15.03],[78.711,15.013],[78.71,14.957],[78.677,14.928],[78.628,14.915],[78.595,14.941],[78.543,14.925],[78.507,14.96],[78.521,15.025],[78.422,15.026],[78.405,14.956],[78.347,14.982],[78.352,15.02],[78.387,15.047],[78.289,15.065],[78.28,15.025],[78.241,14.993],[78.219,14.941],[78.181,14.952],[78.137,14.938],[78.111,14.92],[78.092,14.866],[78.109,14.849],[78.049,14.769],[78.109,14.687],[78.136,14.677],[78.12,14.617],[78.09,14.618],[78.039,14.531],[77.98,14.533],[77.989,14.494],[78.143,14.366],[78.237,14.307],[78.323,14.281],[78.417,14.271],[78.401,14.199],[78.456,14.104],[78.434,14.014],[78.456,13.985],[78.482,13.93],[78.536,13.981],[78.589,13.949],[78.579,13.901],[78.646,13.889],[78.677,13.86],[78.714,13.876],[78.756,13.819],[78.789,13.869],[78.872,13.887],[79.018,13.878],[79.076,13.864],[79.09,13.838],[79.14,13.849],[79.202,13.803],[79.181,13.782],[79.216,13.746],[79.284,13.746],[79.3,13.712],[79.408,13.75],[79.449,13.79],[79.427,13.848],[79.433,13.878],[79.448,13.934],[79.423,14.008],[79.441,14.097],[79.431,14.11],[79.403,14.286],[79.28,14.475],[79.226,14.578],[79.173,14.605],[79.159,14.668],[79.167,14.704],[79.134,14.779],[79.113,14.856],[79.084,14.883],[79.062,14.962],[79.067,15.046]]]},"properties":{"code":"IN-AP-cuddapah","name":"Cuddapah","state":"Andhra Pradesh"}},{"type":"Feature","geometry":{"type":"MultiPolygon","coordinates":[[[[82.332,16.725],[82.285,16.697],[82.265,16.691],[82.259,16.69],[82.256,16.654],[82.319,16.617],[82.339,16.685],[82.332,16.725]]],[[[82.3,16.714],[82.341,16.753],[82.359,16.849],[82.27,16.876],[82.251,16.935],[82.284,16.977],[82.303,17.041],[82.439,17.173],[82.538,17.246],[82.514,17.282],[82.551,17.334],[82.545,17.381],[82.595,17.453],[82.551,17.51],[82.448,17.503],[82.403,17.463],[82.326,17.502],[82.329,17.581],[82.208,17.629],[82.154,17.606],[82.119,17.645],[81.994,17.627],[82.022,17.678],[82.009,17.751],[81.961,17.736],[81.874,17.733],[81.859,17.746],[81.969,17.834],[82.023,17.929],[81.973,18.006],[81.964,18],[81.952,17.992],[81.914,17.98],[81.905,17.973],[81.885,17.966],[81.874,17.96],[81.84,17.95],[81.789,17.921],[81.786,17.914],[81.758,17.893],[81.794,17.844],[81.73,17.819],[81.675,17.767],[81.623,17.763],[81.573,17.719],[81.571,17.688],[81.503,17.59],[81.498,17.49],[81.558,17.444],[81.598,17.393],[81.609,17.35],[81.65,17.313],[81.639,17.244],[81.664,17.136],[81.717,17.061],[81.732,16.991],[81.719,16.927],[81.745,16.856],[81.739,16.803],[81.776,16.755],[81.79,16.695],[81.858,16.605],[81.843,16.514],[81.742,16.425],[81.696,16.428],[81.711,16.32],[81.719,16.312],[81.842,16.37],[81.945,16.395],[82.222,16.537],[82.26,16.551],[82.3,16.592],[82.254,16.653],[82.253,16.69],[82.227,16.705],[82.197,16.736],[82.211,16.748],[82.211,16.728],[82.22,16.718],[82.3,16.714]]]]},"properties":{"code":"IN-AP-east-godavari","name":"East Godavari","state":"Andhra Pradesh"}},{"type":"Feature","geometry":{"type":"Polygon","coordinates":[[[80.809,15.732],[80.896,15.913],[80.896,15.99],[80.859,16.132],[80.8,16.275],[80.636,16.49],[80.475,16.588],[80.31,16.618],[80.219,16.615],[80.138,16.655],[80.14,16.748],[80.102,16.826],[80.07,16.814],[80.048,16.745],[79.943,16.633],[79.891,16.65],[79.862,16.698],[79.81,16.69],[79.775,16.73],[79.723,16.693],[79.683,16.69],[79.648,16.662],[79.6,16.663],[79.537,16.632],[79.497,16.631],[79.427,16.583],[79.346,16.58],[79.266,16.561],[79.23,16.519],[79.236,16.459],[79.219,16.438],[79.211,16.363],[79.228,16.337],[79.225,16.25],[79.192,16.223],[79.217,16.174],[79.296,16.222],[79.36,16.236],[79.456,16.303],[79.547,16.297],[79.567,16.189],[79.549,16.134],[79.575,16.013],[79.552,15.998],[79.561,15.939],[79.608,15.929],[79.696,15.89],[79.751,15.816],[79.759,15.888],[79.793,15.93],[79.878,15.911],[79.916,15.956],[79.896,15.998],[79.863,16.016],[79.912,16.07],[79.857,16.131],[79.866,16.153],[79.991,16.13],[80.062,16.06],[80.093,16],[80.142,16.035],[80.224,16.022],[80.297,16.044],[80.392,16.002],[80.369,15.977],[80.397,15.883],[80.443,15.869],[80.428,15.803],[80.567,15.861],[80.644,15.878],[80.712,15.88],[80.786,15.86],[80.809,15.732]]]},"properties":{"code":"IN-AP-guntur","name":"Guntur","state":"Andhra Pradesh"}},{"type":"Feature","geometry":{"type":"Polygon","coordinates":[[[78.51,17.448],[78.493,17.466],[78.485,17.472],[78.43,17.412],[78.415,17.43],[78.406,17.429],[78.387,17.408],[78.386,17.385],[78.406,17.345],[78.435,17.34],[78.462,17.303],[78.509,17.325],[78.52,17.357],[78.516,17.386],[78.516,17.395],[78.527,17.459],[78.51,17.448]]]},"properties":{"code":"IN-AP-hyderabad","name":"Hyderabad","state":"Andhra Pradesh"}},{"type":"Feature","geometry":{"type":"Polygon","coordinates":[[[79.894,18.831],[79.844,18.806],[79.803,18.722],[79.743,18.689],[79.676,18.684],[79.649,18.727],[79.563,18.779],[79.513,18.79],[79.443,18.85],[79.383,18.868],[79.365,18.838],[79.313,18.82],[79.238,18.87],[79.185,18.873],[79.106,18.951],[79.072,19.022],[79.039,19.049],[78.97,19.071],[78.905,19.031],[78.821,19.054],[78.754,19.012],[78.682,19.025],[78.631,18.979],[78.586,18.986],[78.529,18.942],[78.517,18.913],[78.541,18.874],[78.546,18.822],[78.58,18.736],[78.637,18.725],[78.647,18.657],[78.674,18.623],[78.599,18.576],[78.553,18.534],[78.521,18.475],[78.547,18.428],[78.532,18.365],[78.537,18.3],[78.563,18.227],[78.588,18.244],[78.658,18.246],[78.692,18.228],[78.753,18.225],[78.774,18.261],[78.892,18.236],[78.936,18.254],[78.959,18.213],[79.003,18.2],[79.01,18.139],[79.059,18.081],[79.121,18.078],[79.09,18.021],[79.227,17.976],[79.285,18.013],[79.368,18.015],[79.454,18.074],[79.472,18.11],[79.557,18.101],[79.617,18.178],[79.569,18.276],[79.58,18.347],[79.573,18.421],[79.59,18.466],[79.651,18.469],[79.679,18.493],[79.756,18.468],[79.85,18.481],[79.874,18.44],[79.918,18.455],[79.879,18.506],[79.952,18.503],[80.018,18.464],[80.045,18.477],[80.098,18.453],[80.091,18.427],[80.146,18.409],[80.14,18.368],[80.167,18.344],[80.211,18.385],[80.222,18.548],[80.262,18.584],[80.337,18.591],[80.296,18.686],[80.268,18.718],[80.247,18.701],[80.158,18.696],[80.107,18.678],[80.046,18.721],[80.012,18.767],[79.932,18.784],[79.894,18.831]]]},"properties":{"code":"IN-AP-karimnagar","name":"Karimnagar","state":"Andhra Pradesh"}},{"type":"Feature","geometry":{"type":"Polygon","coordinates":[[[81.385,17.807],[81.254,17.812],[81.16,17.853],[81.098,17.817],[81.074,17.786],[81.032,17.79],[81.004,17.838],[80.985,17.923],[80.949,18.123],[80.862,18.133],[80.849,18.2],[80.798,18.166],[80.735,18.172],[80.733,18.219],[80.784,18.243],[80.723,18.361],[80.713,18.406],[80.651,18.472],[80.633,18.519],[80.532,18.586],[80.488,18.627],[80.45,18.626],[80.382,18.594],[80.395,18.567],[80.369,18.523],[80.374,18.469],[80.458,18.442],[80.45,18.399],[80.467,18.301],[80.497,18.261],[80.53,18.256],[80.659,18.165],[80.649,18.128],[80.59,18.076],[80.472,18.12],[80.449,18.061],[80.387,18.076],[80.341,18.031],[80.306,17.971],[80.27,17.962],[80.276,17.903],[80.246,17.822],[80.231,17.746],[80.165,17.706],[80.129,17.728],[80.068,17.676],[80.046,17.59],[80.079,17.569],[80.076,17.522],[80.161,17.448],[80.153,17.388],[80.047,17.341],[79.992,17.356],[79.979,17.394],[79.889,17.366],[79.864,17.327],[79.785,17.314],[79.818,17.27],[79.872,17.261],[79.892,17.212],[79.868,17.18],[79.971,17.093],[80.054,17.01],[80.046,16.965],[80.084,16.963],[80.196,17.018],[80.262,17.011],[80.301,16.956],[80.319,16.871],[80.359,16.855],[80.373,16.811],[80.419,16.842],[80.456,16.79],[80.563,16.763],[80.598,16.785],[80.555,16.825],[80.587,16.874],[80.584,16.927],[80.532,16.95],[80.443,16.945],[80.36,16.971],[80.389,17.014],[80.367,17.057],[80.395,17.078],[80.421,17.025],[80.446,17.017],[80.485,17.056],[80.497,17.101],[80.56,17.138],[80.63,17.11],[80.684,17.069],[80.823,17.038],[80.859,17.051],[80.855,17.111],[80.87,17.146],[80.913,17.146],[80.905,17.201],[80.985,17.179],[81.044,17.205],[81.163,17.233],[81.172,17.305],[81.19,17.327],[81.267,17.32],[81.322,17.389],[81.385,17.355],[81.442,17.382],[81.493,17.449],[81.498,17.49],[81.503,17.59],[81.571,17.688],[81.573,17.719],[81.623,17.763],[81.675,17.767],[81.73,17.819],[81.794,17.844],[81.758,17.893],[81.703,17.861],[81.688,17.885],[81.668,17.878],[81.646,17.847],[81.637,17.836],[81.616,17.822],[81.594,17.819],[81.575,17.827],[81.481,17.803],[81.473,17.818],[81.467,17.825],[81.414,17.816],[81.385,17.807]]]},"properties":{"code":"IN-AP-khammam","name":"Khammam","state":"Andhra Pradesh"}},{"type":"Feature","geometry":{"type":"Polygon","coordinates":[[[80.859,17.051],[80.823,17.038],[80.684,17.069],[80.63,17.11],[80.56,17.138],[80.497,17.101],[80.485,17.056],[80.446,17.017],[80.421,17.025],[80.395,17.078],[80.367,17.057],[80.389,17.014],[80.36,16.971],[80.443,16.945],[80.532,16.95],[80.584,16.927],[80.587,16.874],[80.555,16.825],[80.598,16.785],[80.563,16.763],[80.456,16.79],[80.419,16.842],[80.373,16.811],[80.359,16.855],[80.319,16.871],[80.301,16.956],[80.262,17.011],[80.196,17.018],[80.084,16.963],[80.046,16.965],[79.992,16.863],[80.033,16.852],[80.07,16.814],[80.102,16.826],[80.14,16.748],[80.138,16.655],[80.219,16.615],[80.31,16.618],[80.475,16.588],[80.636,16.49],[80.8,16.275],[80.859,16.132],[80.896,15.99],[80.896,15.913],[80.809,15.732],[80.838,15.709],[80.938,15.718],[80.998,15.75],[80.998,15.83],[81.088,15.93],[81.146,15.974],[81.141,16.018],[81.189,16.103],[81.205,16.176],[81.243,16.25],[81.319,16.313],[81.393,16.342],[81.543,16.358],[81.563,16.346],[81.567,16.346],[81.571,16.349],[81.547,16.374],[81.529,16.38],[81.475,16.381],[81.471,16.389],[81.398,16.422],[81.33,16.504],[81.343,16.595],[81.315,16.614],[81.324,16.668],[81.276,16.657],[81.256,16.596],[81.212,16.568],[81.177,16.614],[81.001,16.552],[80.963,16.623],[81.005,16.755],[81.03,16.789],[80.991,16.861],[80.955,16.898],[80.927,16.955],[80.955,17.032],[80.934,17.056],[80.859,17.051]]]},"properties":{"code":"IN-AP-krishna","name":"Krishna","state":"Andhra Pradesh"}},{"type":"Feature","geometry":{"type":"Polygon","coordinates":[[[78.913,16.109],[78.873,16.11],[78.808,16.046],[78.739,16.021],[78.687,16.04],[78.636,16.091],[78.604,16.096],[78.559,16.056],[78.451,16.081],[78.406,16.081],[78.316,16.029],[78.268,16.035],[78.243,15.937],[78.18,15.9],[78.165,15.849],[78.101,15.828],[78.064,15.845],[78.04,15.898],[78.002,15.859],[77.888,15.896],[77.799,15.865],[77.716,15.887],[77.684,15.874],[77.588,15.907],[77.509,15.921],[77.426,15.942],[77.249,15.958],[77.143,15.941],[77.077,15.91],[77.024,15.829],[77.064,15.823],[77.047,15.725],[77.081,15.653],[77.027,15.629],[77.027,15.5],[76.97,15.491],[77.027,15.435],[77.038,15.359],[77.069,15.319],[77.11,15.327],[77.148,15.286],[77.141,15.218],[77.164,15.168],[77.153,15.132],[77.193,15.153],[77.289,15.125],[77.316,15.17],[77.347,15.17],[77.361,15.216],[77.521,15.217],[77.576,15.182],[77.656,15.226],[77.726,15.163],[77.745,15.121],[77.787,15.097],[77.812,15.134],[77.87,15.127],[77.962,15.149],[78.018,15.107],[77.993,15.038],[78.038,14.993],[78.118,14.959],[78.137,14.938],[78.181,14.952],[78.219,14.941],[78.241,14.993],[78.28,15.025],[78.289,15.065],[78.387,15.047],[78.352,15.02],[78.347,14.982],[78.405,14.956],[78.422,15.026],[78.521,15.025],[78.507,14.96],[78.543,14.925],[78.595,14.941],[78.628,14.915],[78.677,14.928],[78.71,14.957],[78.711,15.013],[78.754,15.03],[78.761,15.178],[78.742,15.174],[78.735,15.298],[78.766,15.399],[78.772,15.525],[78.765,15.656],[78.784,15.73],[78.805,15.868],[78.825,15.9],[78.894,15.957],[78.926,16.063],[78.913,16.109]]]},"properties":{"code":"IN-AP-kurnool","name":"Kurnool","state":"Andhra Pradesh"}},{"type":"Feature","geometry":{"type":"Polygon","coordinates":[[[78.695,16.928],[78.644,16.95],[78.579,16.947],[78.505,17.008],[78.447,16.995],[78.383,17.03],[78.334,17.116],[78.302,17.146],[78.289,17.22],[78.168,17.167],[78.177,17.096],[78.097,17.097],[78.08,17.191],[78.05,17.192],[77.988,17.123],[77.985,17.099],[77.931,17.082],[77.935,17.02],[77.974,17.004],[78.009,16.946],[78.006,16.897],[77.964,16.865],[77.861,16.849],[77.733,16.877],[77.736,16.934],[77.764,17.015],[77.75,17.058],[77.783,17.15],[77.762,17.199],[77.724,17.202],[77.613,17.164],[77.576,17.127],[77.535,17.163],[77.475,17.171],[77.463,17.104],[77.499,17.007],[77.478,16.99],[77.453,16.909],[77.472,16.796],[77.437,16.763],[77.417,16.663],[77.454,16.607],[77.421,16.565],[77.415,16.518],[77.366,16.484],[77.252,16.468],[77.285,16.403],[77.412,16.363],[77.481,16.378],[77.519,16.37],[77.591,16.312],[77.488,16.25],[77.495,16.187],[77.487,16.116],[77.503,16.073],[77.491,16.031],[77.51,16.002],[77.509,15.921],[77.588,15.907],[77.684,15.874],[77.716,15.887],[77.799,15.865],[77.888,15.896],[78.002,15.859],[78.04,15.898],[78.064,15.845],[78.101,15.828],[78.165,15.849],[78.18,15.9],[78.243,15.937],[78.268,16.035],[78.316,16.029],[78.406,16.081],[78.451,16.081],[78.559,16.056],[78.604,16.096],[78.636,16.091],[78.687,16.04],[78.739,16.021],[78.808,16.046],[78.873,16.11],[78.913,16.109],[78.908,16.191],[79.02,16.244],[79.123,16.238],[79.192,16.223],[79.225,16.25],[79.228,16.337],[79.211,16.363],[79.11,16.416],[79.01,16.483],[78.925,16.511],[78.906,16.544],[78.838,16.541],[78.798,16.512],[78.752,16.53],[78.676,16.532],[78.711,16.576],[78.667,16.643],[78.751,16.701],[78.782,16.747],[78.787,16.821],[78.721,16.866],[78.744,16.905],[78.695,16.928]]]},"properties":{"code":"IN-AP-mahbubnagar","name":"Mahbubnagar","state":"Andhra Pradesh"}},{"type":"Feature","geometry":{"type":"Polygon","coordinates":[[[78.563,18.227],[78.53,18.181],[78.451,18.13],[78.383,18.122],[78.322,18.197],[78.278,18.146],[78.213,18.176],[78.166,18.167],[78.169,18.104],[78.136,18.074],[78.074,18.077],[78.005,18.109],[77.938,18.11],[77.893,18.158],[77.901,18.192],[77.769,18.188],[77.721,18.258],[77.664,18.281],[77.599,18.273],[77.573,18.241],[77.57,18.189],[77.598,18.152],[77.597,18.084],[77.553,18.035],[77.607,18.018],[77.653,17.969],[77.62,17.944],[77.617,17.903],[77.526,17.827],[77.504,17.783],[77.554,17.761],[77.539,17.725],[77.458,17.699],[77.44,17.581],[77.657,17.521],[77.686,17.506],[77.757,17.556],[77.77,17.599],[77.851,17.64],[77.87,17.578],[77.918,17.571],[78.015,17.472],[78.049,17.456],[78.08,17.494],[78.162,17.46],[78.209,17.483],[78.213,17.436],[78.258,17.415],[78.301,17.462],[78.292,17.488],[78.349,17.52],[78.382,17.661],[78.425,17.697],[78.508,17.682],[78.566,17.683],[78.61,17.665],[78.658,17.692],[78.714,17.663],[78.769,17.672],[78.821,17.738],[78.853,17.748],[78.863,17.805],[78.866,17.863],[78.827,17.89],[78.875,17.959],[78.902,17.956],[78.966,18.028],[78.994,17.996],[79.044,18.029],[79.09,18.021],[79.121,18.078],[79.059,18.081],[79.01,18.139],[79.003,18.2],[78.959,18.213],[78.936,18.254],[78.892,18.236],[78.774,18.261],[78.753,18.225],[78.692,18.228],[78.658,18.246],[78.588,18.244],[78.563,18.227]]]},"properties":{"code":"IN-AP-medak","name":"Medak","state":"Andhra Pradesh"}},{"type":"Feature","geometry":{"type":"Polygon","coordinates":[[[79.785,17.314],[79.751,17.425],[79.622,17.486],[79.511,17.49],[79.461,17.51],[79.396,17.495],[79.311,17.524],[79.301,17.551],[79.22,17.559],[79.2,17.62],[79.155,17.574],[79.118,17.663],[79.068,17.708],[79.009,17.715],[78.982,17.784],[78.863,17.805],[78.853,17.748],[78.821,17.738],[78.769,17.672],[78.714,17.663],[78.682,17.574],[78.707,17.52],[78.707,17.435],[78.754,17.44],[78.734,17.355],[78.741,17.292],[78.765,17.254],[78.821,17.231],[78.788,17.168],[78.789,17.136],[78.833,17.12],[78.844,17.082],[78.824,17.013],[78.783,16.968],[78.7,16.957],[78.695,16.928],[78.744,16.905],[78.721,16.866],[78.787,16.821],[78.782,16.747],[78.751,16.701],[78.667,16.643],[78.711,16.576],[78.676,16.532],[78.752,16.53],[78.798,16.512],[78.838,16.541],[78.906,16.544],[78.925,16.511],[79.01,16.483],[79.11,16.416],[79.211,16.363],[79.219,16.438],[79.236,16.459],[79.23,16.519],[79.266,16.561],[79.346,16.58],[79.427,16.583],[79.497,16.631],[79.537,16.632],[79.6,16.663],[79.648,16.662],[79.683,16.69],[79.723,16.693],[79.775,16.73],[79.81,16.69],[79.862,16.698],[79.891,16.65],[79.943,16.633],[80.048,16.745],[80.07,16.814],[80.033,16.852],[79.992,16.863],[80.046,16.965],[80.054,17.01],[79.971,17.093],[79.868,17.18],[79.892,17.212],[79.872,17.261],[79.818,17.27],[79.785,17.314]]]},"properties":{"code":"IN-AP-nalgonda","name":"Nalgonda","state":"Andhra Pradesh"}},{"type":"Feature","geometry":{"type":"Polygon","coordinates":[[[79.617,15.026],[79.553,15.033],[79.542,15.013],[79.458,15.054],[79.246,15.099],[79.19,15.079],[79.122,15.093],[79.08,15.077],[79.067,15.046],[79.062,14.962],[79.084,14.883],[79.113,14.856],[79.134,14.779],[79.167,14.704],[79.159,14.668],[79.173,14.605],[79.226,14.578],[79.28,14.475],[79.403,14.286],[79.431,14.11],[79.441,14.097],[79.423,14.008],[79.448,13.934],[79.433,13.878],[79.47,13.899],[79.578,13.907],[79.611,13.873],[79.623,13.831],[79.659,13.823],[79.67,13.911],[79.72,13.89],[79.722,13.847],[79.76,13.838],[79.779,13.898],[79.8,13.912],[79.835,13.842],[79.873,13.835],[79.865,13.771],[79.841,13.755],[79.859,13.695],[79.937,13.695],[79.949,13.654],[80.034,13.563],[80.03,13.524],[80.069,13.538],[80.076,13.527],[80.079,13.529],[80.089,13.526],[80.096,13.51],[80.1,13.505],[80.121,13.502],[80.133,13.496],[80.135,13.492],[80.145,13.485],[80.151,13.48],[80.152,13.479],[80.157,13.479],[80.163,13.478],[80.216,13.482],[80.26,13.447],[80.276,13.389],[80.313,13.428],[80.262,13.473],[80.109,13.519],[80.053,13.583],[80.072,13.635],[80.103,13.654],[80.139,13.613],[80.154,13.703],[80.188,13.648],[80.233,13.67],[80.252,13.783],[80.245,13.82],[80.148,14.028],[80.127,14.166],[80.138,14.27],[80.17,14.361],[80.182,14.53],[80.197,14.593],[80.166,14.622],[80.144,14.701],[80.112,14.744],[80.087,14.822],[80.083,14.889],[80.053,15.01],[80.046,15.009],[80.038,15.008],[80.03,15.005],[80.023,14.997],[80.023,14.989],[80.018,14.983],[79.975,15.001],[79.965,15.007],[79.95,15.007],[79.937,15.009],[79.885,14.974],[79.872,14.966],[79.867,14.963],[79.858,14.945],[79.832,14.946],[79.813,14.952],[79.772,14.966],[79.785,14.99],[79.795,15.046],[79.78,15.051],[79.764,15.048],[79.757,15.041],[79.746,15.034],[79.734,15.022],[79.714,15.029],[79.683,15.024],[79.66,15.027],[79.63,15.027],[79.617,15.026]]]},"properties":{"code":"IN-AP-nellore","name":"Nellore","state":"Andhra Pradesh"}},{"type":"Feature","geometry":{"type":"Polygon","coordinates":[[[78.529,18.942],[78.494,18.964],[78.438,18.959],[78.4,18.988],[78.365,18.985],[78.299,18.945],[78.233,19.003],[78.157,18.98],[78.069,18.935],[78.029,18.88],[77.968,18.875],[77.944,18.842],[77.837,18.807],[77.787,18.694],[77.733,18.676],[77.747,18.589],[77.658,18.527],[77.64,18.554],[77.597,18.548],[77.571,18.467],[77.583,18.443],[77.527,18.339],[77.55,18.291],[77.599,18.273],[77.664,18.281],[77.721,18.258],[77.769,18.188],[77.901,18.192],[77.893,18.158],[77.938,18.11],[78.005,18.109],[78.074,18.077],[78.136,18.074],[78.169,18.104],[78.166,18.167],[78.213,18.176],[78.278,18.146],[78.322,18.197],[78.383,18.122],[78.451,18.13],[78.53,18.181],[78.563,18.227],[78.537,18.3],[78.532,18.365],[78.547,18.428],[78.521,18.475],[78.553,18.534],[78.599,18.576],[78.674,18.623],[78.647,18.657],[78.637,18.725],[78.58,18.736],[78.546,18.822],[78.541,18.874],[78.517,18.913],[78.529,18.942]]]},"properties":{"code":"IN-AP-nizamabad","name":"Nizamabad","state":"Andhra Pradesh"}},{"type":"Feature","geometry":{"type":"Polygon","coordinates":[[[80.428,15.803],[80.443,15.869],[80.397,15.883],[80.369,15.977],[80.392,16.002],[80.297,16.044],[80.224,16.022],[80.142,16.035],[80.093,16],[80.062,16.06],[79.991,16.13],[79.866,16.153],[79.857,16.131],[79.912,16.07],[79.863,16.016],[79.896,15.998],[79.916,15.956],[79.878,15.911],[79.793,15.93],[79.759,15.888],[79.751,15.816],[79.696,15.89],[79.608,15.929],[79.561,15.939],[79.552,15.998],[79.575,16.013],[79.549,16.134],[79.567,16.189],[79.547,16.297],[79.456,16.303],[79.36,16.236],[79.296,16.222],[79.217,16.174],[79.192,16.223],[79.123,16.238],[79.02,16.244],[78.908,16.191],[78.913,16.109],[78.926,16.063],[78.894,15.957],[78.825,15.9],[78.805,15.868],[78.784,15.73],[78.765,15.656],[78.772,15.525],[78.766,15.399],[78.735,15.298],[78.742,15.174],[78.761,15.178],[78.815,15.2],[78.897,15.189],[78.944,15.217],[78.954,15.171],[79.059,15.168],[79.049,15.133],[79.067,15.046],[79.08,15.077],[79.122,15.093],[79.19,15.079],[79.246,15.099],[79.458,15.054],[79.542,15.013],[79.553,15.033],[79.617,15.026],[79.63,15.027],[79.66,15.027],[79.683,15.024],[79.714,15.029],[79.734,15.022],[79.746,15.034],[79.757,15.041],[79.764,15.048],[79.78,15.051],[79.795,15.046],[79.785,14.99],[79.772,14.966],[79.813,14.952],[79.832,14.946],[79.858,14.945],[79.867,14.963],[79.872,14.966],[79.885,14.974],[79.937,15.009],[79.95,15.007],[79.965,15.007],[79.975,15.001],[80.018,14.983],[80.023,14.989],[80.023,14.997],[80.03,15.005],[80.038,15.008],[80.046,15.009],[80.053,15.01],[80.048,15.089],[80.088,15.219],[80.083,15.262],[80.127,15.376],[80.201,15.465],[80.237,15.601],[80.27,15.673],[80.34,15.747],[80.428,15.803]]]},"properties":{"code":"IN-AP-prakasam","name":"Prakasam","state":"Andhra Pradesh"}},{"type":"Feature","geometry":{"type":"Polygon","coordinates":[[[78.714,17.663],[78.658,17.692],[78.61,17.665],[78.566,17.683],[78.508,17.682],[78.425,17.697],[78.382,17.661],[78.349,17.52],[78.292,17.488],[78.301,17.462],[78.258,17.415],[78.213,17.436],[78.209,17.483],[78.162,17.46],[78.08,17.494],[78.049,17.456],[78.015,17.472],[77.918,17.571],[77.87,17.578],[77.851,17.64],[77.77,17.599],[77.757,17.556],[77.686,17.506],[77.611,17.47],[77.573,17.43],[77.51,17.427],[77.521,17.362],[77.456,17.345],[77.434,17.288],[77.455,17.276],[77.38,17.22],[77.36,17.162],[77.376,17.138],[77.463,17.104],[77.475,17.171],[77.535,17.163],[77.576,17.127],[77.613,17.164],[77.724,17.202],[77.762,17.199],[77.783,17.15],[77.75,17.058],[77.764,17.015],[77.736,16.934],[77.733,16.877],[77.861,16.849],[77.964,16.865],[78.006,16.897],[78.009,16.946],[77.974,17.004],[77.935,17.02],[77.931,17.082],[77.985,17.099],[77.988,17.123],[78.05,17.192],[78.08,17.191],[78.097,17.097],[78.177,17.096],[78.168,17.167],[78.289,17.22],[78.302,17.146],[78.334,17.116],[78.383,17.03],[78.447,16.995],[78.505,17.008],[78.579,16.947],[78.644,16.95],[78.695,16.928],[78.7,16.957],[78.783,16.968],[78.824,17.013],[78.844,17.082],[78.833,17.12],[78.789,17.136],[78.788,17.168],[78.821,17.231],[78.765,17.254],[78.741,17.292],[78.734,17.355],[78.754,17.44],[78.707,17.435],[78.707,17.52],[78.682,17.574],[78.714,17.663]],[[78.43,17.412],[78.485,17.472],[78.493,17.466],[78.51,17.448],[78.527,17.459],[78.516,17.395],[78.516,17.386],[78.52,17.357],[78.509,17.325],[78.495,17.316],[78.477,17.299],[78.462,17.303],[78.435,17.34],[78.406,17.345],[78.386,17.385],[78.387,17.408],[78.406,17.429],[78.415,17.43],[78.43,17.412]]]},"properties":{"code":"IN-AP-rangareddi","name":"Rangareddi","state":"Andhra Pradesh"}},{"type":"Feature","geometry":{"type":"Polygon","coordinates":[[[84.681,19.15],[84.665,19.157],[84.666,19.135],[84.661,19.122],[84.647,19.12],[84.629,19.121],[84.596,19.115],[84.606,19.093],[84.617,19.09],[84.624,19.074],[84.634,19.075],[84.645,19.084],[84.663,19.064],[84.655,19.052],[84.648,19.056],[84.634,19.056],[84.63,19.05],[84.625,19.053],[84.623,19.056],[84.612,19.05],[84.609,19.047],[84.6,19.033],[84.588,19.013],[84.574,19.035],[84.578,19.062],[84.571,19.06],[84.568,19.063],[84.56,19.06],[84.548,19.046],[84.51,19.037],[84.498,19.025],[84.489,19.021],[84.478,19.008],[84.476,18.992],[84.472,18.981],[84.437,18.997],[84.422,19.009],[84.42,19.013],[84.415,19.012],[84.425,18.995],[84.426,18.989],[84.426,18.984],[84.428,18.983],[84.438,18.966],[84.435,18.963],[84.416,18.938],[84.42,18.93],[84.418,18.901],[84.406,18.906],[84.411,18.898],[84.398,18.886],[84.387,18.89],[84.365,18.896],[84.368,18.889],[84.374,18.889],[84.388,18.878],[84.386,18.872],[84.371,18.875],[84.355,18.883],[84.352,18.878],[84.361,18.873],[84.369,18.859],[84.358,18.851],[84.355,18.853],[84.336,18.867],[84.334,18.858],[84.344,18.833],[84.342,18.822],[84.33,18.805],[84.332,18.792],[84.316,18.786],[84.312,18.779],[84.309,18.778],[84.3,18.782],[84.279,18.79],[84.259,18.775],[84.246,18.773],[84.231,18.78],[84.224,18.784],[84.204,18.783],[84.16,18.772],[84.155,18.776],[84.135,18.767],[84.128,18.761],[84.114,18.755],[84.086,18.745],[84.078,18.749],[84.066,18.752],[84.05,18.777],[84.048,18.783],[84.022,18.799],[83.992,18.805],[83.982,18.8],[83.964,18.804],[83.956,18.803],[83.949,18.797],[83.94,18.797],[83.936,18.803],[83.934,18.807],[83.921,18.812],[83.908,18.816],[83.895,18.815],[83.885,18.81],[83.883,18.82],[83.864,18.839],[83.848,18.848],[83.837,18.865],[83.837,18.873],[83.842,18.888],[83.835,18.909],[83.823,18.905],[83.821,18.922],[83.813,18.934],[83.815,18.953],[83.808,18.968],[83.803,18.982],[83.788,19.008],[83.741,18.984],[83.771,18.902],[83.812,18.853],[83.816,18.824],[83.763,18.816],[83.74,18.766],[83.664,18.796],[83.577,18.746],[83.518,18.691],[83.537,18.662],[83.512,18.55],[83.598,18.553],[83.602,18.511],[83.565,18.422],[83.427,18.429],[83.406,18.406],[83.433,18.303],[83.517,18.27],[83.596,18.158],[83.611,18.117],[83.66,18.076],[83.785,18.147],[83.863,18.176],[84.07,18.276],[84.13,18.314],[84.153,18.377],[84.286,18.502],[84.356,18.557],[84.363,18.588],[84.441,18.664],[84.49,18.739],[84.555,18.796],[84.589,18.873],[84.688,18.973],[84.761,19.071],[84.73,19.089],[84.719,19.096],[84.698,19.109],[84.698,19.11],[84.694,19.122],[84.697,19.125],[84.702,19.151],[84.698,19.15],[84.681,19.15]]]},"properties":{"code":"IN-AP-srikakulam","name":"Srikakulam","state":"Andhra Pradesh"}},{"type":"Feature","geometry":{"type":"Polygon","coordinates":[[[83.066,18.393],[83.04,18.37],[82.976,18.355],[82.903,18.356],[82.891,18.392],[82.799,18.439],[82.776,18.42],[82.784,18.354],[82.767,18.331],[82.665,18.291],[82.632,18.229],[82.589,18.257],[82.601,18.366],[82.536,18.408],[82.523,18.504],[82.481,18.515],[82.429,18.485],[82.427,18.477],[82.397,18.452],[82.381,18.426],[82.378,18.422],[82.373,18.398],[82.375,18.393],[82.384,18.372],[82.381,18.367],[82.38,18.357],[82.35,18.329],[82.336,18.32],[82.334,18.317],[82.343,18.307],[82.349,18.306],[82.358,18.308],[82.369,18.318],[82.375,18.318],[82.388,18.311],[82.382,18.284],[82.344,18.272],[82.334,18.252],[82.332,18.247],[82.331,18.233],[82.321,18.222],[82.319,18.171],[82.365,18.14],[82.362,18.129],[82.333,18.142],[82.33,18.119],[82.332,18.094],[82.343,18.082],[82.342,18.071],[82.337,18.049],[82.336,18.047],[82.325,18.043],[82.326,18.047],[82.317,18.049],[82.317,18.036],[82.313,18.035],[82.301,18.044],[82.293,18.054],[82.288,18.061],[82.285,18.059],[82.279,18.055],[82.267,18.048],[82.262,18.036],[82.258,18.035],[82.269,17.992],[82.253,17.98],[82.238,17.984],[82.231,17.994],[82.197,18.009],[82.185,18.007],[82.174,18.016],[82.16,18.044],[82.142,18.044],[82.13,18.041],[82.119,18.051],[82.111,18.058],[82.108,18.054],[82.089,18.057],[82.08,18.06],[82.07,18.06],[82.064,18.058],[82.061,18.054],[82.066,18.049],[82.03,18.057],[82.007,18.049],[82.002,18.028],[81.989,18.02],[81.98,18.011],[81.973,18.006],[82.023,17.929],[81.969,17.834],[81.859,17.746],[81.874,17.733],[81.961,17.736],[82.009,17.751],[82.022,17.678],[81.994,17.627],[82.119,17.645],[82.154,17.606],[82.208,17.629],[82.329,17.581],[82.326,17.502],[82.403,17.463],[82.448,17.503],[82.551,17.51],[82.595,17.453],[82.545,17.381],[82.551,17.334],[82.514,17.282],[82.538,17.246],[82.703,17.344],[82.954,17.46],[83.007,17.498],[83.104,17.544],[83.161,17.561],[83.235,17.611],[83.24,17.633],[83.342,17.723],[83.354,17.757],[83.41,17.81],[83.419,17.857],[83.477,17.918],[83.42,17.931],[83.389,18.042],[83.351,18.046],[83.306,18.012],[83.302,17.973],[83.225,17.936],[83.247,17.902],[83.192,17.835],[83.148,17.826],[83.147,17.821],[83.141,17.827],[83.097,17.922],[83.001,17.959],[82.992,17.991],[83.049,18.078],[83.093,18.092],[83.093,18.124],[83.144,18.145],[83.15,18.243],[83.193,18.186],[83.266,18.216],[83.26,18.266],[83.165,18.3],[83.147,18.332],[83.094,18.35],[83.066,18.393]]]},"properties":{"code":"IN-AP-vishakhapatnam","name":"Vishakhapatnam","state":"Andhra Pradesh"}},{"type":"Feature","geometry":{"type":"Polygon","coordinates":[[[83.771,18.902],[83.746,18.918],[83.684,19.044],[83.619,19.142],[83.604,19.093],[83.514,19.025],[83.505,19.065],[83.459,19.07],[83.475,19],[83.443,18.948],[83.409,18.996],[83.341,19.009],[83.313,18.967],[83.361,18.953],[83.348,18.921],[83.399,18.834],[83.36,18.807],[83.28,18.79],[83.266,18.757],[83.185,18.744],[83.133,18.772],[83.078,18.705],[83.051,18.654],[83.012,18.639],[83.008,18.588],[83.051,18.535],[83.052,18.477],[83.016,18.448],[83.066,18.393],[83.094,18.35],[83.147,18.332],[83.165,18.3],[83.26,18.266],[83.266,18.216],[83.193,18.186],[83.15,18.243],[83.144,18.145],[83.093,18.124],[83.093,18.092],[83.049,18.078],[82.992,17.991],[83.001,17.959],[83.097,17.922],[83.141,17.827],[83.147,17.821],[83.148,17.826],[83.192,17.835],[83.247,17.902],[83.225,17.936],[83.302,17.973],[83.306,18.012],[83.351,18.046],[83.389,18.042],[83.42,17.931],[83.477,17.918],[83.53,17.949],[83.57,18.014],[83.66,18.076],[83.611,18.117],[83.596,18.158],[83.517,18.27],[83.433,18.303],[83.406,18.406],[83.427,18.429],[83.565,18.422],[83.602,18.511],[83.598,18.553],[83.512,18.55],[83.537,18.662],[83.518,18.691],[83.577,18.746],[83.664,18.796],[83.74,18.766],[83.763,18.816],[83.816,18.824],[83.812,18.853],[83.771,18.902]]]},"properties":{"code":"IN-AP-vizianagaram","name":"Vizianagaram","state":"Andhra Pradesh"}},{"type":"Feature","geometry":{"type":"Polygon","coordinates":[[[80.382,18.594],[80.337,18.591],[80.262,18.584],[80.222,18.548],[80.211,18.385],[80.167,18.344],[80.14,18.368],[80.146,18.409],[80.091,18.427],[80.098,18.453],[80.045,18.477],[80.018,18.464],[79.952,18.503],[79.879,18.506],[79.918,18.455],[79.874,18.44],[79.85,18.481],[79.756,18.468],[79.679,18.493],[79.651,18.469],[79.59,18.466],[79.573,18.421],[79.58,18.347],[79.569,18.276],[79.617,18.178],[79.557,18.101],[79.472,18.11],[79.454,18.074],[79.368,18.015],[79.285,18.013],[79.227,17.976],[79.09,18.021],[79.044,18.029],[78.994,17.996],[78.966,18.028],[78.902,17.956],[78.875,17.959],[78.827,17.89],[78.866,17.863],[78.863,17.805],[78.982,17.784],[79.009,17.715],[79.068,17.708],[79.118,17.663],[79.155,17.574],[79.2,17.62],[79.22,17.559],[79.301,17.551],[79.311,17.524],[79.396,17.495],[79.461,17.51],[79.511,17.49],[79.622,17.486],[79.751,17.425],[79.785,17.314],[79.864,17.327],[79.889,17.366],[79.979,17.394],[79.992,17.356],[80.047,17.341],[80.153,17.388],[80.161,17.448],[80.076,17.522],[80.079,17.569],[80.046,17.59],[80.068,17.676],[80.129,17.728],[80.165,17.706],[80.231,17.746],[80.246,17.822],[80.276,17.903],[80.27,17.962],[80.306,17.971],[80.341,18.031],[80.387,18.076],[80.449,18.061],[80.472,18.12],[80.59,18.076],[80.649,18.128],[80.659,18.165],[80.53,18.256],[80.497,18.261],[80.467,18.301],[80.45,18.399],[80.458,18.442],[80.374,18.469],[80.369,18.523],[80.395,18.567],[80.382,18.594]]]},"properties":{"code":"IN-AP-warangal","name":"Warangal","state":"Andhra Pradesh"}},{"type":"Feature","geometry":{"type":"Polygon","coordinates":[[[81.711,16.32],[81.696,16.428],[81.742,16.425],[81.843,16.514],[81.858,16.605],[81.79,16.695],[81.776,16.755],[81.739,16.803],[81.745,16.856],[81.719,16.927],[81.732,16.991],[81.717,17.061],[81.664,17.136],[81.639,17.244],[81.65,17.313],[81.609,17.35],[81.598,17.393],[81.558,17.444],[81.498,17.49],[81.493,17.449],[81.442,17.382],[81.385,17.355],[81.322,17.389],[81.267,17.32],[81.19,17.327],[81.172,17.305],[81.163,17.233],[81.044,17.205],[80.985,17.179],[80.905,17.201],[80.913,17.146],[80.87,17.146],[80.855,17.111],[80.859,17.051],[80.934,17.056],[80.955,17.032],[80.927,16.955],[80.955,16.898],[80.991,16.861],[81.03,16.789],[81.005,16.755],[80.963,16.623],[81.001,16.552],[81.177,16.614],[81.212,16.568],[81.256,16.596],[81.276,16.657],[81.324,16.668],[81.315,16.614],[81.343,16.595],[81.33,16.504],[81.398,16.422],[81.471,16.389],[81.475,16.381],[81.529,16.38],[81.547,16.374],[81.571,16.349],[81.567,16.346],[81.563,16.346],[81.687,16.332],[81.711,16.32]]]},"properties":{"code":"IN-AP-west-godavari","name":"West Godavari","state":"Andhra Pradesh"}},{"type":"Feature","geometry":{"type":"Polygon","coordinates":[[[96.901,27.624],[96.786,27.651],[96.772,27.624],[96.704,27.668],[96.644,27.636],[96.57,27.664],[96.523,27.644],[96.447,27.659],[96.376,27.652],[96.331,27.586],[96.292,27.562],[96.228,27.575],[96.129,27.626],[96.064,27.613],[96.002,27.566],[95.881,27.553],[95.88,27.53],[95.882,27.515],[95.89,27.506],[95.879,27.493],[95.881,27.487],[95.866,27.469],[95.859,27.463],[95.853,27.445],[95.849,27.43],[95.858,27.425],[95.867,27.417],[95.864,27.421],[95.865,27.429],[95.883,27.444],[95.89,27.44],[95.89,27.426],[95.892,27.41],[95.911,27.44],[95.933,27.447],[95.95,27.445],[95.954,27.441],[95.953,27.433],[95.961,27.429],[95.978,27.432],[95.98,27.43],[95.989,27.422],[95.991,27.415],[96,27.398],[96.002,27.393],[96.011,27.381],[96.015,27.375],[96.013,27.364],[95.995,27.36],[95.977,27.342],[95.974,27.339],[95.984,27.334],[95.968,27.325],[95.966,27.322],[95.941,27.31],[95.912,27.293],[95.902,27.288],[95.904,27.28],[95.901,27.276],[95.894,27.263],[95.878,27.267],[95.861,27.28],[95.838,27.287],[95.806,27.292],[95.785,27.279],[95.732,27.267],[95.715,27.259],[95.695,27.258],[95.637,27.237],[95.655,27.134],[95.707,27.043],[95.734,26.973],[95.653,26.964],[95.755,26.908],[95.761,26.964],[95.815,27.022],[95.877,27.02],[95.957,27.068],[96.036,27.196],[96.234,27.285],[96.279,27.279],[96.311,27.302],[96.348,27.288],[96.433,27.31],[96.531,27.298],[96.601,27.345],[96.62,27.373],[96.802,27.354],[96.885,27.268],[96.866,27.2],[96.918,27.175],[96.985,27.167],[97.063,27.111],[97.109,27.121],[97.146,27.103],[97.172,27.137],[97.15,27.178],[97.095,27.221],[97.094,27.248],[97.003,27.33],[96.966,27.415],[96.912,27.463],[96.938,27.53],[96.899,27.594],[96.901,27.624]]]},"properties":{"code":"IN-AR-changlang","name":"Changlang","state":"Arunachal Pradesh"}},{"type":"Feature","geometry":{"type":"Polygon","coordinates":[[[93.271,27.595],[93.241,27.606],[93.194,27.677],[93.223,27.717],[93.208,27.742],[93.15,27.74],[93.079,27.651],[92.984,27.563],[92.895,27.611],[92.861,27.645],[92.721,27.64],[92.646,27.577],[92.647,27.536],[92.718,27.557],[92.79,27.555],[92.814,27.525],[92.805,27.42],[92.821,27.41],[92.809,27.329],[92.847,27.291],[92.888,27.286],[92.9,27.21],[92.816,27.179],[92.75,27.197],[92.608,27.141],[92.59,27.08],[92.639,27.019],[92.659,27.039],[92.714,27.026],[92.769,27.033],[92.872,27.008],[92.918,26.964],[93.019,26.917],[93.184,26.939],[93.267,26.956],[93.391,26.96],[93.341,27.003],[93.343,27.039],[93.313,27.081],[93.214,27.118],[93.245,27.156],[93.31,27.174],[93.28,27.209],[93.229,27.2],[93.225,27.252],[93.295,27.292],[93.29,27.331],[93.372,27.373],[93.368,27.418],[93.32,27.443],[93.32,27.491],[93.295,27.525],[93.331,27.554],[93.271,27.595]]]},"properties":{"code":"IN-AR-east-kameng","name":"East Kameng","state":"Arunachal Pradesh"}},{"type":"Feature","geometry":{"type":"Polygon","coordinates":[[[94.759,28.537],[94.741,28.5],[94.763,28.426],[94.869,28.416],[94.937,28.243],[94.909,28.162],[94.95,28.132],[94.901,28.08],[94.93,28.053],[94.887,28.015],[94.958,27.984],[94.917,27.85],[94.861,27.739],[94.987,27.771],[95.317,27.871],[95.384,27.842],[95.516,27.882],[95.5,27.951],[95.56,28.04],[95.57,28.135],[95.565,28.259],[95.536,28.29],[95.463,28.278],[95.409,28.319],[95.377,28.28],[95.338,28.273],[95.282,28.178],[95.196,28.15],[95.161,28.201],[95.112,28.227],[95.12,28.336],[95.072,28.398],[95.101,28.428],[95.103,28.477],[95.052,28.512],[94.998,28.503],[94.952,28.561],[94.878,28.526],[94.839,28.555],[94.759,28.537]]]},"properties":{"code":"IN-AR-east-siang","name":"East Siang","state":"Arunachal Pradesh"}},{"type":"Feature","geometry":{"type":"Polygon","coordinates":[[[93.22,28.336],[93.194,28.318],[93.125,28.327],[93.095,28.307],[93.022,28.3],[93.034,28.263],[93,28.231],[92.965,28.262],[92.913,28.235],[92.895,28.205],[92.821,28.174],[92.783,28.184],[92.68,28.118],[92.663,28.063],[92.695,28.048],[92.733,27.978],[92.787,27.951],[92.858,27.957],[92.929,27.92],[92.93,27.876],[92.966,27.827],[93.072,27.83],[93.092,27.813],[93.174,27.822],[93.236,27.798],[93.208,27.742],[93.223,27.717],[93.194,27.677],[93.241,27.606],[93.271,27.595],[93.33,27.639],[93.392,27.642],[93.428,27.713],[93.482,27.72],[93.574,27.809],[93.634,27.829],[93.688,27.89],[93.811,27.911],[93.843,28.003],[93.911,28.029],[93.853,28.085],[93.892,28.13],[93.839,28.24],[93.765,28.264],[93.679,28.323],[93.627,28.307],[93.57,28.257],[93.475,28.282],[93.452,28.273],[93.385,28.307],[93.335,28.354],[93.293,28.341],[93.244,28.361],[93.22,28.336]]]},"properties":{"code":"IN-AR-kurung-kumey","name":"Kurung Kumey","state":"Arunachal Pradesh"}},{"type":"Feature","geometry":{"type":"Polygon","coordinates":[[[96.901,27.624],[96.929,27.656],[96.978,27.672],[97.016,27.741],[97.068,27.76],[97.16,27.823],[97.256,27.91],[97.309,27.93],[97.344,27.894],[97.379,27.918],[97.378,27.986],[97.399,28.034],[97.366,28.068],[97.312,28.07],[97.339,28.12],[97.331,28.163],[97.375,28.226],[97.224,28.3],[97.169,28.302],[97.126,28.356],[97.052,28.358],[96.996,28.316],[96.926,28.345],[96.899,28.386],[96.826,28.367],[96.774,28.374],[96.757,28.415],[96.665,28.466],[96.599,28.466],[96.51,28.418],[96.458,28.419],[96.399,28.344],[96.371,28.394],[96.315,28.388],[96.24,28.305],[96.232,28.244],[96.146,28.18],[96.051,28.199],[96.027,28.135],[95.982,28.077],[95.995,28.058],[95.993,27.98],[95.977,27.969],[95.952,27.937],[95.958,27.933],[95.954,27.93],[95.939,27.91],[95.925,27.901],[95.923,27.886],[95.914,27.881],[95.913,27.878],[95.911,27.873],[95.894,27.861],[95.866,27.838],[95.843,27.821],[95.829,27.814],[95.811,27.794],[95.801,27.777],[95.785,27.74],[95.763,27.733],[95.758,27.731],[95.77,27.72],[95.773,27.705],[95.773,27.7],[95.793,27.692],[95.795,27.684],[95.778,27.666],[95.795,27.653],[95.8,27.643],[95.797,27.64],[95.787,27.632],[95.796,27.618],[95.798,27.608],[95.824,27.603],[95.82,27.59],[95.832,27.579],[95.867,27.551],[95.881,27.553],[96.002,27.566],[96.064,27.613],[96.129,27.626],[96.228,27.575],[96.292,27.562],[96.331,27.586],[96.376,27.652],[96.447,27.659],[96.523,27.644],[96.57,27.664],[96.644,27.636],[96.704,27.668],[96.772,27.624],[96.786,27.651],[96.901,27.624]]]},"properties":{"code":"IN-AR-lohit","name":"Lohit","state":"Arunachal Pradesh"}},{"type":"Feature","geometry":{"type":"Polygon","coordinates":[[[96.368,28.564],[96.152,28.655],[96.011,28.651],[95.944,28.641],[95.873,28.611],[95.753,28.593],[95.65,28.624],[95.554,28.708],[95.389,28.744],[95.354,28.704],[95.382,28.573],[95.408,28.549],[95.337,28.48],[95.338,28.369],[95.376,28.323],[95.409,28.319],[95.463,28.278],[95.536,28.29],[95.565,28.259],[95.57,28.135],[95.56,28.04],[95.5,27.951],[95.516,27.882],[95.526,27.898],[95.544,27.902],[95.542,27.911],[95.544,27.913],[95.581,27.944],[95.597,27.951],[95.607,27.958],[95.826,27.977],[95.977,27.969],[95.993,27.98],[95.995,28.058],[95.982,28.077],[96.027,28.135],[96.051,28.199],[96.146,28.18],[96.232,28.244],[96.24,28.305],[96.315,28.388],[96.266,28.417],[96.367,28.48],[96.324,28.53],[96.368,28.564]]]},"properties":{"code":"IN-AR-lower-dibang-valley","name":"Lower Dibang Valley","state":"Arunachal Pradesh"}},{"type":"Feature","geometry":{"type":"Polygon","coordinates":[[[94.318,27.777],[94.258,27.81],[94.194,27.814],[94.149,27.868],[94.06,27.872],[94.068,27.941],[93.946,27.981],[93.911,28.029],[93.843,28.003],[93.811,27.911],[93.688,27.89],[93.634,27.829],[93.574,27.809],[93.482,27.72],[93.428,27.713],[93.392,27.642],[93.528,27.623],[93.544,27.584],[93.635,27.483],[93.564,27.433],[93.615,27.346],[93.657,27.331],[93.787,27.33],[93.836,27.364],[93.829,27.406],[93.896,27.484],[93.993,27.487],[94.068,27.467],[94.153,27.513],[94.211,27.498],[94.26,27.523],[94.257,27.557],[94.211,27.611],[94.232,27.64],[94.323,27.706],[94.318,27.777]]]},"properties":{"code":"IN-AR-lower-subansiri","name":"Lower Subansiri","state":"Arunachal Pradesh"}},{"type":"Feature","geometry":{"type":"Polygon","coordinates":[[[93.392,27.642],[93.33,27.639],[93.271,27.595],[93.331,27.554],[93.295,27.525],[93.32,27.491],[93.32,27.443],[93.368,27.418],[93.372,27.373],[93.29,27.331],[93.295,27.292],[93.225,27.252],[93.229,27.2],[93.28,27.209],[93.31,27.174],[93.245,27.156],[93.214,27.118],[93.313,27.081],[93.343,27.039],[93.341,27.003],[93.391,26.96],[93.468,26.939],[93.676,26.971],[93.698,26.995],[93.719,27.019],[93.837,27.078],[93.807,27.15],[94,27.335],[94.061,27.364],[94.086,27.405],[94.211,27.498],[94.153,27.513],[94.068,27.467],[93.993,27.487],[93.896,27.484],[93.829,27.406],[93.836,27.364],[93.787,27.33],[93.657,27.331],[93.615,27.346],[93.564,27.433],[93.635,27.483],[93.544,27.584],[93.528,27.623],[93.392,27.642]]]},"properties":{"code":"IN-AR-papum-pare","name":"Papum Pare","state":"Arunachal Pradesh"}},{"type":"Feature","geometry":{"type":"Polygon","coordinates":[[[92.316,27.778],[92.255,27.862],[92.156,27.837],[92.055,27.759],[91.984,27.77],[91.945,27.729],[91.879,27.722],[91.828,27.808],[91.771,27.801],[91.71,27.813],[91.669,27.857],[91.57,27.861],[91.628,27.801],[91.624,27.706],[91.558,27.633],[91.562,27.584],[91.653,27.483],[91.774,27.465],[91.849,27.483],[91.939,27.461],[92.011,27.482],[92.094,27.528],[92.134,27.565],[92.232,27.619],[92.279,27.677],[92.316,27.778]]]},"properties":{"code":"IN-AR-tawang","name":"Tawang","state":"Arunachal Pradesh"}},{"type":"Feature","geometry":{"type":"Polygon","coordinates":[[[95.637,27.237],[95.634,27.24],[95.607,27.231],[95.599,27.23],[95.578,27.247],[95.563,27.253],[95.535,27.271],[95.53,27.269],[95.52,27.264],[95.516,27.269],[95.511,27.259],[95.491,27.249],[95.459,27.21],[95.458,27.136],[95.371,27.111],[95.31,27.081],[95.248,27.03],[95.196,27.043],[95.195,26.99],[95.23,26.886],[95.185,26.865],[95.215,26.798],[95.243,26.785],[95.216,26.735],[95.238,26.686],[95.303,26.656],[95.423,26.697],[95.483,26.755],[95.546,26.838],[95.612,26.821],[95.637,26.879],[95.673,26.91],[95.703,26.887],[95.755,26.908],[95.653,26.964],[95.734,26.973],[95.707,27.043],[95.655,27.134],[95.637,27.237]]]},"properties":{"code":"IN-AR-tirap","name":"Tirap","state":"Arunachal Pradesh"}},{"type":"Feature","geometry":{"type":"Polygon","coordinates":[[[96.368,28.564],[96.401,28.562],[96.495,28.644],[96.471,28.685],[96.586,28.722],[96.616,28.765],[96.608,28.798],[96.537,28.884],[96.521,28.965],[96.477,28.994],[96.525,29.079],[96.436,29.038],[96.347,29.032],[96.294,28.999],[96.228,28.929],[96.167,28.906],[96.145,28.937],[96.185,28.988],[96.15,29.053],[96.217,29.138],[96.26,29.16],[96.346,29.171],[96.393,29.257],[96.375,29.284],[96.293,29.236],[96.234,29.243],[96.183,29.309],[96.186,29.344],[96.15,29.399],[96.093,29.456],[96.056,29.458],[95.957,29.383],[95.881,29.391],[95.84,29.354],[95.778,29.356],[95.727,29.302],[95.702,29.3],[95.586,29.218],[95.545,29.216],[95.547,29.129],[95.504,29.143],[95.489,29.09],[95.454,29.037],[95.41,29.034],[95.303,29.063],[95.272,29.059],[95.242,29.002],[95.26,28.967],[95.299,28.959],[95.327,28.921],[95.323,28.846],[95.353,28.82],[95.389,28.744],[95.554,28.708],[95.65,28.624],[95.753,28.593],[95.873,28.611],[95.944,28.641],[96.011,28.651],[96.152,28.655],[96.368,28.564]]]},"properties":{"code":"IN-AR-upper-dibang-valley","name":"Upper Dibang Valley","state":"Arunachal Pradesh"}},{"type":"Feature","geometry":{"type":"Polygon","coordinates":[[[95.272,29.059],[95.251,29.11],[95.122,29.116],[95.098,29.144],[95.04,29.152],[95.011,29.133],[94.968,29.16],[94.872,29.184],[94.798,29.165],[94.798,29.21],[94.767,29.253],[94.677,29.328],[94.628,29.349],[94.611,29.301],[94.574,29.275],[94.558,29.229],[94.494,29.217],[94.431,29.227],[94.372,29.19],[94.35,29.15],[94.288,29.148],[94.215,29.084],[94.172,29.007],[94.279,28.995],[94.357,28.949],[94.401,28.89],[94.496,28.834],[94.526,28.797],[94.599,28.79],[94.644,28.74],[94.731,28.687],[94.741,28.557],[94.759,28.537],[94.839,28.555],[94.878,28.526],[94.952,28.561],[94.998,28.503],[95.052,28.512],[95.103,28.477],[95.101,28.428],[95.072,28.398],[95.12,28.336],[95.112,28.227],[95.161,28.201],[95.196,28.15],[95.282,28.178],[95.338,28.273],[95.377,28.28],[95.409,28.319],[95.376,28.323],[95.338,28.369],[95.337,28.48],[95.408,28.549],[95.382,28.573],[95.354,28.704],[95.389,28.744],[95.353,28.82],[95.323,28.846],[95.327,28.921],[95.299,28.959],[95.26,28.967],[95.242,29.002],[95.272,29.059]]]},"properties":{"code":"IN-AR-upper-siang","name":"Upper Siang","state":"Arunachal Pradesh"}},{"type":"Feature","geometry":{"type":"Polygon","coordinates":[[[93.96,28.713],[93.904,28.677],[93.844,28.707],[93.775,28.669],[93.732,28.689],[93.607,28.656],[93.524,28.661],[93.496,28.684],[93.332,28.634],[93.3,28.6],[93.305,28.566],[93.276,28.505],[93.229,28.478],[93.19,28.426],[93.232,28.401],[93.22,28.336],[93.244,28.361],[93.293,28.341],[93.335,28.354],[93.385,28.307],[93.452,28.273],[93.475,28.282],[93.57,28.257],[93.627,28.307],[93.679,28.323],[93.765,28.264],[93.839,28.24],[93.892,28.13],[93.853,28.085],[93.911,28.029],[93.946,27.981],[94.068,27.941],[94.06,27.872],[94.149,27.868],[94.194,27.814],[94.258,27.81],[94.318,27.777],[94.333,27.76],[94.47,27.836],[94.578,27.859],[94.526,27.961],[94.513,28.018],[94.408,28.071],[94.368,28.214],[94.391,28.268],[94.374,28.297],[94.403,28.33],[94.308,28.377],[94.308,28.419],[94.241,28.448],[94.184,28.431],[94.132,28.453],[94.108,28.522],[94,28.579],[94.022,28.652],[93.96,28.713]]]},"properties":{"code":"IN-AR-upper-subansiri","name":"Upper Subansiri","state":"Arunachal Pradesh"}},{"type":"Feature","geometry":{"type":"Polygon","coordinates":[[[92.733,27.978],[92.669,27.9],[92.605,27.878],[92.561,27.821],[92.493,27.837],[92.444,27.801],[92.414,27.823],[92.38,27.795],[92.316,27.778],[92.279,27.677],[92.232,27.619],[92.134,27.565],[92.094,27.528],[92.011,27.482],[92.054,27.4],[92.07,27.277],[92.028,27.079],[92.103,27.008],[92.117,26.932],[92.108,26.894],[92.195,26.891],[92.303,26.924],[92.364,26.933],[92.4,26.926],[92.446,26.961],[92.585,26.962],[92.645,26.987],[92.639,27.019],[92.59,27.08],[92.608,27.141],[92.75,27.197],[92.816,27.179],[92.9,27.21],[92.888,27.286],[92.847,27.291],[92.809,27.329],[92.821,27.41],[92.805,27.42],[92.814,27.525],[92.79,27.555],[92.718,27.557],[92.647,27.536],[92.646,27.577],[92.721,27.64],[92.861,27.645],[92.895,27.611],[92.984,27.563],[93.079,27.651],[93.15,27.74],[93.208,27.742],[93.236,27.798],[93.174,27.822],[93.092,27.813],[93.072,27.83],[92.966,27.827],[92.93,27.876],[92.929,27.92],[92.858,27.957],[92.787,27.951],[92.733,27.978]]]},"properties":{"code":"IN-AR-west-kameng","name":"West Kameng","state":"Arunachal Pradesh"}},{"type":"Feature","geometry":{"type":"Polygon","coordinates":[[[94.172,29.007],[94.155,28.955],[94.079,28.906],[94.03,28.853],[93.995,28.841],[93.96,28.713],[94.022,28.652],[94,28.579],[94.108,28.522],[94.132,28.453],[94.184,28.431],[94.241,28.448],[94.308,28.419],[94.308,28.377],[94.403,28.33],[94.374,28.297],[94.391,28.268],[94.368,28.214],[94.408,28.071],[94.513,28.018],[94.526,27.961],[94.578,27.859],[94.47,27.836],[94.333,27.76],[94.318,27.777],[94.323,27.706],[94.232,27.64],[94.211,27.611],[94.235,27.633],[94.288,27.592],[94.367,27.577],[94.421,27.601],[94.453,27.571],[94.5,27.577],[94.591,27.623],[94.64,27.631],[94.698,27.667],[94.743,27.663],[94.795,27.698],[94.849,27.711],[94.861,27.739],[94.917,27.85],[94.958,27.984],[94.887,28.015],[94.93,28.053],[94.901,28.08],[94.95,28.132],[94.909,28.162],[94.937,28.243],[94.869,28.416],[94.763,28.426],[94.741,28.5],[94.759,28.537],[94.741,28.557],[94.731,28.687],[94.644,28.74],[94.599,28.79],[94.526,28.797],[94.496,28.834],[94.401,28.89],[94.357,28.949],[94.279,28.995],[94.172,29.007]]]},"properties":{"code":"IN-AR-west-siang","name":"West Siang","state":"Arunachal Pradesh"}},{"type":"Feature","geometry":{"type":"Polygon","coordinates":[[[91.295,26.785],[91.262,26.805],[91.13,26.808],[91.089,26.818],[91.054,26.779],[90.955,26.784],[90.912,26.727],[90.899,26.64],[90.827,26.576],[90.849,26.522],[90.816,26.477],[90.86,26.376],[90.823,26.367],[90.789,26.328],[90.655,26.246],[90.658,26.228],[90.691,26.153],[90.777,26.135],[90.868,26.098],[90.936,26.094],[91.002,26.13],[91.048,26.129],[91.091,26.164],[91.116,26.154],[91.233,26.183],[91.219,26.217],[91.277,26.355],[91.234,26.393],[91.238,26.456],[91.266,26.488],[91.25,26.535],[91.243,26.644],[91.288,26.682],[91.295,26.785]]]},"properties":{"code":"IN-AS-barpeta","name":"Barpeta","state":"Assam"}},{"type":"Feature","geometry":{"type":"Polygon","coordinates":[[[90.955,26.784],[90.7,26.768],[90.615,26.795],[90.561,26.742],[90.523,26.665],[90.524,26.631],[90.565,26.579],[90.572,26.532],[90.491,26.535],[90.39,26.56],[90.354,26.546],[90.377,26.486],[90.449,26.493],[90.436,26.437],[90.449,26.354],[90.457,26.356],[90.469,26.333],[90.473,26.331],[90.466,26.326],[90.478,26.3],[90.479,26.296],[90.474,26.288],[90.463,26.289],[90.468,26.281],[90.46,26.277],[90.472,26.269],[90.466,26.265],[90.46,26.265],[90.45,26.272],[90.444,26.269],[90.442,26.265],[90.448,26.249],[90.439,26.254],[90.434,26.251],[90.439,26.247],[90.426,26.245],[90.414,26.235],[90.394,26.221],[90.384,26.226],[90.376,26.222],[90.376,26.189],[90.373,26.179],[90.346,26.176],[90.359,26.16],[90.454,26.146],[90.54,26.187],[90.658,26.228],[90.655,26.246],[90.789,26.328],[90.823,26.367],[90.86,26.376],[90.816,26.477],[90.849,26.522],[90.827,26.576],[90.899,26.64],[90.912,26.727],[90.955,26.784]]]},"properties":{"code":"IN-AS-bongaigaon","name":"Bongaigaon","state":"Assam"}},{"type":"Feature","geometry":{"type":"Polygon","coordinates":[[[92.426,25.032],[92.424,24.996],[92.459,24.946],[92.493,24.936],[92.494,24.877],[92.526,24.861],[92.589,24.864],[92.631,24.856],[92.64,24.822],[92.68,24.816],[92.656,24.738],[92.67,24.594],[92.705,24.567],[92.765,24.569],[92.765,24.521],[92.804,24.422],[92.847,24.382],[92.896,24.394],[93,24.403],[93.006,24.412],[93.016,24.403],[93.039,24.411],[93.038,24.461],[93.046,24.482],[93.04,24.511],[93.053,24.52],[93.051,24.537],[93.073,24.561],[93.071,24.576],[93.087,24.571],[93.097,24.583],[93.107,24.584],[93.08,24.593],[93.075,24.596],[93.087,24.611],[93.087,24.614],[93.079,24.621],[93.082,24.628],[93.085,24.648],[93.096,24.653],[93.098,24.659],[93.098,24.663],[93.105,24.675],[93.093,24.677],[93.09,24.693],[93.076,24.71],[93.089,24.709],[93.094,24.721],[93.094,24.724],[93.104,24.737],[93.101,24.749],[93.103,24.773],[93.106,24.785],[93.111,24.812],[93.12,24.817],[93.121,24.809],[93.127,24.809],[93.14,24.805],[93.144,24.8],[93.153,24.794],[93.176,24.797],[93.182,24.805],[93.194,24.809],[93.197,24.811],[93.196,24.816],[93.193,24.826],[93.193,24.836],[93.196,24.838],[93.202,24.84],[93.199,24.84],[93.194,24.844],[93.202,24.844],[93.199,24.853],[93.2,24.858],[93.216,24.865],[93.229,24.877],[93.229,24.885],[93.23,24.895],[93.236,24.902],[93.243,24.904],[93.243,24.908],[93.242,24.915],[93.245,24.93],[93.247,24.936],[93.24,24.938],[93.25,24.943],[93.249,24.955],[93.262,24.951],[93.261,24.954],[93.263,24.966],[93.253,24.975],[93.171,25],[93.072,25],[93.018,25.064],[93.019,25.098],[92.902,25.082],[92.841,25.056],[92.784,25.089],[92.756,25.141],[92.702,25.111],[92.643,25.119],[92.543,25.1],[92.484,25.108],[92.466,25.057],[92.426,25.032]]]},"properties":{"code":"IN-AS-cachar","name":"Cachar","state":"Assam"}},{"type":"Feature","geometry":{"type":"Polygon","coordinates":[[[92.364,26.933],[92.303,26.924],[92.195,26.891],[92.108,26.894],[92.055,26.848],[91.986,26.858],[91.897,26.916],[91.853,26.912],[91.802,26.852],[91.704,26.812],[91.707,26.798],[91.742,26.688],[91.743,26.591],[91.784,26.538],[91.764,26.467],[91.78,26.412],[91.818,26.38],[91.819,26.326],[91.784,26.302],[91.777,26.199],[91.89,26.22],[91.953,26.255],[91.982,26.276],[92.048,26.282],[92.084,26.338],[92.179,26.424],[92.22,26.418],[92.344,26.504],[92.356,26.573],[92.325,26.593],[92.338,26.715],[92.33,26.807],[92.342,26.887],[92.364,26.933]]]},"properties":{"code":"IN-AS-darrang","name":"Darrang","state":"Assam"}},{"type":"Feature","geometry":{"type":"Polygon","coordinates":[[[95.462,27.794],[95.478,27.835],[95.485,27.843],[95.495,27.86],[95.515,27.862],[95.516,27.882],[95.384,27.842],[95.317,27.871],[94.987,27.771],[94.861,27.739],[94.849,27.711],[94.795,27.698],[94.743,27.663],[94.698,27.667],[94.64,27.631],[94.591,27.623],[94.5,27.577],[94.453,27.571],[94.421,27.601],[94.367,27.577],[94.288,27.592],[94.235,27.633],[94.211,27.611],[94.257,27.557],[94.26,27.523],[94.308,27.434],[94.285,27.386],[94.324,27.353],[94.404,27.334],[94.509,27.348],[94.561,27.326],[94.598,27.286],[94.606,27.329],[94.665,27.353],[94.699,27.427],[94.745,27.439],[94.881,27.578],[94.948,27.613],[94.984,27.655],[95.106,27.667],[95.121,27.685],[95.206,27.713],[95.225,27.657],[95.276,27.687],[95.297,27.7],[95.392,27.728],[95.409,27.737],[95.42,27.743],[95.451,27.771],[95.462,27.794]]]},"properties":{"code":"IN-AS-dhemaji","name":"Dhemaji","state":"Assam"}},{"type":"Feature","geometry":{"type":"MultiPolygon","coordinates":[[[[89.871,25.537],[89.855,25.476],[89.869,25.476],[89.88,25.489],[89.874,25.514],[89.876,25.529],[89.871,25.537]]],[[[90.366,26.397],[90.362,26.399],[90.357,26.411],[90.327,26.396],[90.33,26.387],[90.326,26.389],[90.312,26.385],[90.311,26.377],[90.319,26.363],[90.328,26.366],[90.316,26.355],[90.309,26.348],[90.305,26.345],[90.297,26.338],[90.288,26.331],[90.286,26.326],[90.273,26.323],[90.253,26.335],[90.247,26.326],[90.239,26.325],[90.217,26.329],[90.227,26.355],[90.232,26.365],[90.224,26.373],[90.226,26.383],[90.218,26.384],[90.204,26.377],[90.203,26.359],[90.17,26.343],[90.152,26.353],[90.105,26.329],[90.047,26.298],[90.027,26.309],[90.024,26.321],[90.024,26.336],[90.009,26.327],[89.998,26.334],[89.985,26.346],[89.971,26.338],[89.932,26.341],[89.928,26.342],[89.908,26.337],[89.895,26.325],[89.89,26.313],[89.874,26.302],[89.83,26.307],[89.807,26.301],[89.799,26.301],[89.796,26.303],[89.782,26.316],[89.762,26.317],[89.752,26.322],[89.759,26.293],[89.757,26.289],[89.746,26.291],[89.732,26.293],[89.721,26.296],[89.723,26.308],[89.716,26.302],[89.729,26.283],[89.734,26.266],[89.732,26.26],[89.717,26.259],[89.711,26.265],[89.705,26.27],[89.701,26.261],[89.711,26.258],[89.716,26.255],[89.716,26.246],[89.729,26.238],[89.718,26.232],[89.712,26.228],[89.706,26.217],[89.7,26.219],[89.698,26.216],[89.715,26.215],[89.724,26.217],[89.726,26.206],[89.714,26.206],[89.716,26.191],[89.711,26.189],[89.695,26.189],[89.703,26.177],[89.707,26.173],[89.72,26.178],[89.734,26.175],[89.733,26.173],[89.725,26.172],[89.719,26.166],[89.748,26.158],[89.826,26.009],[89.853,25.988],[89.832,25.941],[89.886,25.944],[89.815,25.817],[89.845,25.757],[89.83,25.735],[89.874,25.658],[89.886,25.608],[89.874,25.549],[89.918,25.563],[89.936,25.563],[89.949,25.568],[89.973,25.575],[89.979,25.591],[89.995,25.586],[90.006,25.588],[90.018,25.608],[89.999,25.622],[89.983,25.627],[89.98,25.638],[89.942,25.678],[89.921,25.694],[89.919,25.703],[89.894,25.727],[89.895,25.744],[89.922,25.739],[89.934,25.745],[89.934,25.753],[89.947,25.765],[89.955,25.774],[89.953,25.783],[89.968,25.826],[89.976,25.834],[89.998,25.84],[90.002,25.842],[89.997,25.844],[90,25.849],[90.012,25.85],[90.028,25.894],[90.052,25.899],[90.072,25.919],[90.101,25.942],[90.111,25.954],[90.119,25.961],[90.123,25.97],[90.131,25.968],[90.143,25.975],[90.157,25.987],[90.176,25.996],[90.174,26.005],[90.179,26.013],[90.175,26.013],[90.189,26.025],[90.19,26.028],[90.174,26.038],[90.168,26.048],[90.175,26.06],[90.177,26.065],[90.171,26.066],[90.154,26.078],[90.158,26.084],[90.181,26.107],[90.184,26.113],[90.192,26.127],[90.195,26.124],[90.204,26.124],[90.215,26.131],[90.224,26.138],[90.244,26.148],[90.246,26.172],[90.247,26.178],[90.297,26.182],[90.321,26.18],[90.324,26.179],[90.34,26.175],[90.346,26.176],[90.373,26.179],[90.376,26.189],[90.376,26.222],[90.384,26.226],[90.394,26.221],[90.414,26.235],[90.426,26.245],[90.439,26.247],[90.434,26.251],[90.439,26.254],[90.448,26.249],[90.442,26.265],[90.444,26.269],[90.45,26.272],[90.46,26.265],[90.466,26.265],[90.472,26.269],[90.46,26.277],[90.468,26.281],[90.463,26.289],[90.474,26.288],[90.479,26.296],[90.478,26.3],[90.466,26.326],[90.473,26.331],[90.469,26.333],[90.457,26.356],[90.449,26.354],[90.434,26.359],[90.43,26.348],[90.413,26.363],[90.382,26.366],[90.382,26.374],[90.384,26.371],[90.394,26.388],[90.372,26.385],[90.366,26.397]]]]},"properties":{"code":"IN-AS-dhuburi","name":"Dhuburi","state":"Assam"}},{"type":"Feature","geometry":{"type":"Polygon","coordinates":[[[95.276,27.687],[95.225,27.657],[95.206,27.713],[95.121,27.685],[95.106,27.667],[94.984,27.655],[94.948,27.613],[94.881,27.578],[94.745,27.439],[94.699,27.427],[94.665,27.353],[94.606,27.329],[94.598,27.286],[94.569,27.183],[94.595,27.15],[94.645,27.251],[94.694,27.273],[94.752,27.274],[94.778,27.243],[94.765,27.132],[94.848,27.113],[94.887,27.162],[94.969,27.234],[94.98,27.155],[95.062,27.141],[95.162,27.137],[95.24,27.192],[95.289,27.203],[95.359,27.173],[95.371,27.111],[95.458,27.136],[95.459,27.21],[95.491,27.249],[95.487,27.257],[95.477,27.259],[95.473,27.269],[95.446,27.262],[95.465,27.277],[95.451,27.301],[95.468,27.315],[95.46,27.344],[95.474,27.37],[95.45,27.375],[95.431,27.378],[95.419,27.387],[95.397,27.397],[95.38,27.391],[95.35,27.397],[95.34,27.395],[95.295,27.417],[95.277,27.417],[95.266,27.412],[95.26,27.423],[95.251,27.438],[95.244,27.438],[95.23,27.477],[95.229,27.49],[95.252,27.512],[95.284,27.56],[95.278,27.565],[95.276,27.576],[95.29,27.577],[95.298,27.583],[95.308,27.588],[95.321,27.592],[95.297,27.656],[95.291,27.675],[95.276,27.687]]]},"properties":{"code":"IN-AS-dibrugarh","name":"Dibrugarh","state":"Assam"}},{"type":"Feature","geometry":{"type":"Polygon","coordinates":[[[90.658,26.228],[90.54,26.187],[90.454,26.146],[90.359,26.16],[90.346,26.176],[90.34,26.175],[90.324,26.179],[90.321,26.18],[90.297,26.182],[90.247,26.178],[90.246,26.172],[90.244,26.148],[90.224,26.138],[90.215,26.131],[90.204,26.124],[90.195,26.124],[90.192,26.127],[90.184,26.113],[90.181,26.107],[90.158,26.084],[90.154,26.078],[90.171,26.066],[90.177,26.065],[90.175,26.06],[90.168,26.048],[90.174,26.038],[90.19,26.028],[90.189,26.025],[90.175,26.013],[90.179,26.013],[90.174,26.005],[90.176,25.996],[90.157,25.987],[90.143,25.975],[90.131,25.968],[90.123,25.97],[90.119,25.961],[90.213,25.954],[90.324,25.974],[90.365,26.01],[90.429,25.989],[90.477,26.015],[90.534,25.958],[90.629,25.937],[90.713,25.952],[90.741,25.915],[90.797,25.941],[90.883,25.952],[90.958,25.934],[90.967,25.887],[91.029,25.888],[91.048,25.942],[91.097,26.01],[91.066,26.045],[91.026,26.04],[90.936,26.094],[90.868,26.098],[90.777,26.135],[90.691,26.153],[90.658,26.228]]]},"properties":{"code":"IN-AS-goalpara","name":"Goalpara","state":"Assam"}},{"type":"Feature","geometry":{"type":"Polygon","coordinates":[[[93.963,26.93],[93.935,26.933],[93.879,26.859],[93.807,26.826],[93.772,26.847],[93.754,26.809],[93.711,26.821],[93.649,26.781],[93.65,26.708],[93.566,26.727],[93.509,26.763],[93.347,26.734],[93.307,26.701],[93.321,26.66],[93.287,26.638],[93.303,26.581],[93.301,26.58],[93.312,26.579],[93.315,26.581],[93.379,26.581],[93.402,26.579],[93.404,26.573],[93.446,26.58],[93.457,26.583],[93.458,26.577],[93.467,26.583],[93.463,26.577],[93.465,26.572],[93.494,26.594],[93.473,26.593],[93.498,26.607],[93.509,26.599],[93.511,26.597],[93.546,26.607],[93.571,26.607],[93.593,26.601],[93.586,26.588],[93.588,26.577],[93.587,26.572],[93.615,26.58],[93.613,26.57],[93.617,26.571],[93.625,26.579],[93.626,26.594],[93.64,26.601],[93.65,26.598],[93.658,26.606],[93.67,26.606],[93.676,26.604],[93.686,26.609],[93.723,26.607],[93.752,26.581],[93.743,26.566],[93.739,26.565],[93.738,26.56],[93.736,26.553],[93.741,26.547],[93.735,26.544],[93.738,26.538],[93.747,26.532],[93.756,26.524],[93.759,26.518],[93.767,26.505],[93.78,26.483],[93.78,26.48],[93.773,26.481],[93.779,26.471],[93.788,26.458],[93.786,26.442],[93.784,26.422],[93.798,26.414],[93.799,26.41],[93.793,26.407],[93.781,26.39],[93.776,26.388],[93.789,26.381],[93.795,26.386],[93.8,26.393],[93.816,26.403],[93.825,26.412],[93.828,26.418],[93.86,26.409],[93.868,26.399],[93.885,26.391],[93.89,26.386],[93.885,26.381],[93.89,26.37],[93.888,26.365],[93.886,26.36],[93.885,26.346],[93.891,26.346],[93.895,26.335],[93.89,26.33],[93.894,26.325],[93.895,26.319],[93.887,26.325],[93.889,26.319],[93.879,26.318],[93.874,26.305],[93.87,26.301],[93.877,26.294],[93.883,26.281],[93.881,26.277],[93.873,26.279],[93.877,26.27],[93.87,26.258],[93.864,26.257],[93.86,26.251],[93.85,26.245],[93.862,26.247],[93.857,26.223],[93.853,26.22],[93.845,26.223],[93.841,26.22],[93.846,26.218],[93.839,26.213],[93.836,26.208],[93.844,26.207],[93.84,26.203],[93.835,26.202],[93.833,26.198],[93.83,26.191],[93.836,26.179],[93.829,26.173],[93.838,26.163],[93.836,26.161],[93.832,26.157],[93.827,26.156],[93.831,26.154],[93.831,26.152],[93.83,26.152],[93.83,26.142],[93.831,26.134],[93.827,26.142],[93.822,26.135],[93.828,26.132],[93.821,26.129],[93.822,26.122],[93.823,26.115],[93.814,26.116],[93.814,26.101],[93.812,26.094],[93.81,26.09],[93.807,26.09],[93.807,26.083],[93.806,26.082],[93.808,26.074],[93.801,26.079],[93.795,26.065],[93.798,26.059],[93.796,26.049],[93.793,26.043],[93.785,26.044],[93.784,26.037],[93.794,26.039],[93.8,26.032],[93.792,26.022],[93.79,26.017],[93.785,26.018],[93.792,26.01],[93.794,26.002],[93.796,26.002],[93.799,26.005],[93.802,26.007],[93.808,25.999],[93.801,26.002],[93.795,25.996],[93.8,25.984],[93.805,25.984],[93.798,25.98],[93.787,25.983],[93.784,25.984],[93.779,25.971],[93.771,25.97],[93.773,25.966],[93.798,25.91],[93.78,25.846],[93.796,25.814],[93.852,25.863],[93.883,25.846],[93.916,25.888],[93.961,25.906],[93.983,25.926],[93.955,26.007],[93.986,26.084],[94.013,26.186],[94.036,26.203],[94.108,26.326],[94.168,26.353],[94.138,26.354],[94.118,26.404],[94.131,26.449],[94.099,26.496],[94.117,26.558],[94.073,26.601],[94.096,26.649],[94.051,26.677],[94.048,26.732],[93.999,26.77],[93.98,26.812],[94.011,26.84],[93.959,26.899],[93.963,26.93]]]},"properties":{"code":"IN-AS-golaghat","name":"Golaghat","state":"Assam"}},{"type":"Feature","geometry":{"type":"Polygon","coordinates":[[[92.765,24.521],[92.765,24.569],[92.705,24.567],[92.67,24.594],[92.656,24.738],[92.68,24.816],[92.64,24.822],[92.631,24.856],[92.589,24.864],[92.545,24.801],[92.497,24.676],[92.519,24.569],[92.507,24.44],[92.477,24.325],[92.422,24.253],[92.423,24.248],[92.418,24.211],[92.419,24.194],[92.433,24.183],[92.434,24.174],[92.435,24.163],[92.437,24.152],[92.444,24.153],[92.451,24.144],[92.463,24.136],[92.481,24.15],[92.483,24.153],[92.484,24.154],[92.485,24.159],[92.486,24.162],[92.488,24.162],[92.502,24.162],[92.513,24.163],[92.509,24.169],[92.514,24.174],[92.518,24.176],[92.525,24.173],[92.533,24.181],[92.551,24.246],[92.612,24.253],[92.626,24.334],[92.692,24.356],[92.765,24.521]]]},"properties":{"code":"IN-AS-hailakandi","name":"Hailakandi","state":"Assam"}},{"type":"Feature","geometry":{"type":"Polygon","coordinates":[[[94.595,27.15],[94.569,27.183],[94.525,27.163],[94.509,27.125],[94.438,27.123],[94.418,27.095],[94.367,27.102],[94.308,27.076],[94.281,27.099],[94.238,27.077],[94.224,27.036],[94.134,26.973],[94.078,26.964],[94.053,26.983],[94.013,26.931],[93.963,26.93],[93.959,26.899],[94.011,26.84],[93.98,26.812],[93.999,26.77],[94.048,26.732],[94.051,26.677],[94.096,26.649],[94.073,26.601],[94.117,26.558],[94.099,26.496],[94.131,26.449],[94.118,26.404],[94.138,26.354],[94.168,26.353],[94.187,26.461],[94.282,26.564],[94.294,26.481],[94.317,26.463],[94.397,26.53],[94.41,26.616],[94.455,26.639],[94.545,26.711],[94.595,26.73],[94.515,26.78],[94.524,26.812],[94.489,26.838],[94.497,26.874],[94.481,26.938],[94.402,26.964],[94.469,27.005],[94.48,27.034],[94.545,27.078],[94.595,27.15]]]},"properties":{"code":"IN-AS-jorhat","name":"Jorhat","state":"Assam"}},{"type":"Feature","geometry":{"type":"Polygon","coordinates":[[[91.953,26.255],[91.89,26.22],[91.777,26.199],[91.784,26.302],[91.819,26.326],[91.818,26.38],[91.78,26.412],[91.764,26.467],[91.784,26.538],[91.743,26.591],[91.742,26.688],[91.707,26.798],[91.695,26.704],[91.67,26.645],[91.67,26.525],[91.613,26.487],[91.61,26.552],[91.556,26.515],[91.564,26.434],[91.525,26.379],[91.525,26.331],[91.456,26.319],[91.45,26.273],[91.417,26.266],[91.413,26.137],[91.356,26.165],[91.254,26.164],[91.233,26.183],[91.116,26.154],[91.091,26.164],[91.048,26.129],[91.002,26.13],[90.936,26.094],[91.026,26.04],[91.066,26.045],[91.097,26.01],[91.048,25.942],[91.029,25.888],[91.001,25.822],[91.067,25.826],[91.153,25.85],[91.203,25.841],[91.18,25.776],[91.189,25.739],[91.224,25.723],[91.276,25.747],[91.342,25.836],[91.469,25.859],[91.519,25.958],[91.551,25.975],[91.57,26.027],[91.632,26.022],[91.63,25.945],[91.669,25.905],[91.72,25.954],[91.731,26.059],[91.79,26.087],[91.819,26.119],[91.876,26.098],[91.883,26.03],[91.934,26.015],[91.991,26.041],[92.053,26.033],[92.133,26.046],[92.178,26.08],[92.163,26.15],[92.13,26.18],[92.032,26.209],[91.997,26.206],[91.953,26.255]]]},"properties":{"code":"IN-AS-kamrup","name":"Kamrup","state":"Assam"}},{"type":"Feature","geometry":{"type":"MultiPolygon","coordinates":[[[[92.528,26.142],[92.515,26.147],[92.51,26.143],[92.486,26.149],[92.476,26.144],[92.469,26.148],[92.46,26.139],[92.455,26.137],[92.452,26.136],[92.442,26.126],[92.435,26.123],[92.433,26.117],[92.404,26.12],[92.406,26.127],[92.413,26.135],[92.386,26.142],[92.377,26.134],[92.356,26.112],[92.344,26.109],[92.318,26.093],[92.312,26.083],[92.311,26.076],[92.302,26.077],[92.256,26.029],[92.222,25.999],[92.215,25.996],[92.211,25.995],[92.207,25.988],[92.161,25.952],[92.158,25.939],[92.16,25.926],[92.164,25.912],[92.174,25.909],[92.183,25.911],[92.201,25.908],[92.224,25.91],[92.225,25.902],[92.224,25.901],[92.213,25.892],[92.203,25.89],[92.179,25.868],[92.163,25.826],[92.153,25.813],[92.154,25.795],[92.151,25.784],[92.155,25.779],[92.154,25.773],[92.156,25.765],[92.158,25.757],[92.166,25.734],[92.161,25.726],[92.154,25.723],[92.151,25.719],[92.151,25.712],[92.161,25.697],[92.164,25.685],[92.164,25.669],[92.171,25.667],[92.188,25.683],[92.198,25.686],[92.202,25.69],[92.211,25.696],[92.229,25.716],[92.233,25.715],[92.256,25.711],[92.271,25.711],[92.288,25.716],[92.306,25.723],[92.314,25.725],[92.334,25.725],[92.348,25.732],[92.368,25.74],[92.368,25.742],[92.384,25.747],[92.405,25.744],[92.413,25.734],[92.432,25.732],[92.436,25.716],[92.427,25.71],[92.432,25.691],[92.44,25.688],[92.443,25.688],[92.455,25.684],[92.465,25.682],[92.481,25.664],[92.511,25.617],[92.533,25.616],[92.545,25.614],[92.559,25.609],[92.556,25.593],[92.561,25.583],[92.581,25.56],[92.603,25.557],[92.621,25.568],[92.626,25.568],[92.631,25.571],[92.634,25.579],[92.653,25.592],[92.66,25.585],[92.663,25.578],[92.685,25.581],[92.691,25.596],[92.702,25.602],[92.715,25.602],[92.746,25.6],[92.751,25.606],[92.752,25.615],[92.768,25.622],[92.763,25.629],[92.763,25.631],[92.772,25.642],[92.784,25.671],[92.777,25.68],[92.798,25.691],[92.812,25.705],[92.818,25.715],[92.823,25.731],[92.823,25.744],[92.833,25.747],[92.838,25.752],[92.887,25.761],[92.906,25.767],[92.929,25.784],[92.932,25.806],[92.931,25.81],[92.944,25.808],[92.952,25.813],[92.965,25.82],[92.959,25.811],[92.958,25.808],[92.969,25.796],[92.971,25.793],[92.969,25.787],[92.976,25.79],[92.985,25.786],[92.99,25.798],[92.985,25.809],[92.988,25.822],[92.99,25.825],[92.999,25.823],[93.007,25.809],[93.017,25.793],[93.026,25.799],[93.072,25.778],[93.078,25.78],[93.034,25.811],[93.022,25.828],[93.012,25.842],[93.011,25.849],[92.998,25.859],[92.986,25.878],[92.965,25.877],[92.91,25.87],[92.904,25.869],[92.89,25.87],[92.876,25.869],[92.874,25.87],[92.871,25.872],[92.869,25.876],[92.861,25.886],[92.852,25.902],[92.858,25.924],[92.845,25.92],[92.829,25.92],[92.823,25.925],[92.809,25.921],[92.802,25.924],[92.797,25.957],[92.801,25.958],[92.805,25.963],[92.784,25.955],[92.779,25.952],[92.77,25.955],[92.767,25.984],[92.771,25.991],[92.779,25.999],[92.774,26.002],[92.762,26.001],[92.766,26.009],[92.782,26.011],[92.783,26.014],[92.772,26.018],[92.76,26.023],[92.759,26.039],[92.748,26.043],[92.753,26.049],[92.751,26.063],[92.713,26.051],[92.717,26.038],[92.713,26.02],[92.707,26.023],[92.692,26.023],[92.691,26.025],[92.686,26.028],[92.682,26.028],[92.679,26.028],[92.664,26.026],[92.657,26.021],[92.658,26.013],[92.659,26.003],[92.636,25.994],[92.636,25.991],[92.627,25.987],[92.599,25.978],[92.58,25.967],[92.577,25.966],[92.572,25.963],[92.551,25.972],[92.571,26.003],[92.57,26.007],[92.578,26.019],[92.593,26.024],[92.59,26.03],[92.596,26.071],[92.59,26.086],[92.577,26.096],[92.577,26.098],[92.577,26.112],[92.567,26.117],[92.555,26.115],[92.534,26.098],[92.532,26.103],[92.522,26.104],[92.52,26.106],[92.523,26.122],[92.522,26.126],[92.528,26.142]]],[[[93.509,26.599],[93.498,26.607],[93.473,26.593],[93.494,26.594],[93.465,26.572],[93.463,26.577],[93.467,26.583],[93.458,26.577],[93.457,26.583],[93.446,26.58],[93.404,26.573],[93.402,26.579],[93.379,26.581],[93.315,26.581],[93.312,26.579],[93.301,26.58],[93.29,26.576],[93.263,26.57],[93.252,26.571],[93.239,26.558],[93.238,26.554],[93.259,26.553],[93.25,26.548],[93.255,26.546],[93.266,26.536],[93.259,26.533],[93.277,26.538],[93.284,26.524],[93.294,26.52],[93.299,26.511],[93.294,26.505],[93.29,26.511],[93.288,26.515],[93.278,26.518],[93.276,26.51],[93.273,26.516],[93.25,26.524],[93.246,26.531],[93.214,26.532],[93.217,26.526],[93.215,26.524],[93.218,26.51],[93.209,26.521],[93.2,26.537],[93.19,26.534],[93.162,26.527],[93.179,26.536],[93.185,26.541],[93.194,26.544],[93.198,26.543],[93.205,26.551],[93.212,26.559],[93.207,26.564],[93.156,26.55],[93.152,26.552],[93.138,26.55],[93.123,26.54],[93.119,26.532],[93.103,26.537],[93.103,26.542],[93.071,26.544],[93.045,26.538],[93.051,26.529],[93.014,26.507],[93.01,26.49],[93.016,26.48],[93.024,26.482],[93.046,26.489],[93.07,26.492],[93.069,26.502],[93.073,26.499],[93.086,26.496],[93.067,26.485],[93.074,26.48],[93.092,26.471],[93.091,26.465],[93.109,26.47],[93.101,26.475],[93.104,26.477],[93.112,26.482],[93.119,26.487],[93.12,26.483],[93.12,26.497],[93.131,26.491],[93.131,26.483],[93.133,26.48],[93.117,26.471],[93.128,26.466],[93.108,26.452],[93.114,26.449],[93.101,26.435],[93.102,26.44],[93.108,26.445],[93.089,26.442],[93.075,26.436],[93.092,26.437],[93.089,26.434],[93.071,26.423],[93.07,26.426],[93.051,26.417],[93.05,26.42],[93.055,26.422],[93.053,26.437],[93.031,26.427],[92.998,26.426],[92.986,26.421],[92.977,26.422],[92.972,26.418],[92.965,26.417],[92.95,26.399],[92.913,26.398],[92.906,26.402],[92.892,26.392],[92.884,26.384],[92.891,26.383],[92.908,26.381],[92.924,26.384],[92.919,26.37],[92.912,26.36],[92.913,26.358],[92.924,26.358],[92.933,26.354],[92.938,26.354],[92.942,26.353],[92.946,26.338],[92.94,26.327],[92.936,26.325],[92.918,26.318],[92.897,26.308],[92.896,26.302],[92.897,26.299],[92.893,26.292],[92.88,26.288],[92.862,26.296],[92.855,26.301],[92.855,26.305],[92.849,26.307],[92.84,26.283],[92.826,26.274],[92.823,26.267],[92.82,26.265],[92.828,26.229],[92.819,26.217],[92.798,26.224],[92.828,26.207],[92.85,26.204],[92.871,26.207],[92.9,26.206],[92.923,26.206],[92.932,26.203],[92.943,26.203],[92.955,26.184],[92.956,26.172],[92.949,26.161],[92.934,26.149],[92.945,26.139],[92.959,26.141],[92.969,26.131],[92.973,26.132],[92.994,26.125],[93.001,26.12],[93.011,26.114],[93.015,26.115],[93.022,26.114],[93.038,26.109],[93.039,26.093],[93.05,26.09],[93.052,26.088],[93.058,26.091],[93.058,26.089],[93.065,26.085],[93.069,26.083],[93.073,26.085],[93.077,26.086],[93.083,26.081],[93.086,26.087],[93.086,26.083],[93.092,26.082],[93.091,26.078],[93.103,26.079],[93.107,26.073],[93.095,26.035],[93.124,26.034],[93.131,26.026],[93.146,26.01],[93.156,25.995],[93.162,25.97],[93.163,25.965],[93.169,25.957],[93.178,25.943],[93.191,25.9],[93.2,25.894],[93.218,25.873],[93.238,25.85],[93.245,25.84],[93.248,25.813],[93.251,25.811],[93.251,25.8],[93.252,25.79],[93.248,25.782],[93.241,25.769],[93.235,25.756],[93.209,25.731],[93.177,25.728],[93.141,25.713],[93.139,25.709],[93.139,25.697],[93.133,25.687],[93.139,25.672],[93.165,25.664],[93.175,25.655],[93.184,25.642],[93.192,25.629],[93.182,25.62],[93.18,25.605],[93.173,25.599],[93.189,25.585],[93.197,25.568],[93.202,25.563],[93.202,25.559],[93.209,25.557],[93.218,25.552],[93.243,25.549],[93.265,25.549],[93.268,25.54],[93.29,25.543],[93.307,25.532],[93.326,25.536],[93.332,25.547],[93.333,25.549],[93.354,25.565],[93.373,25.569],[93.377,25.574],[93.383,25.576],[93.382,25.585],[93.39,25.595],[93.407,25.596],[93.417,25.615],[93.418,25.621],[93.422,25.622],[93.431,25.629],[93.439,25.632],[93.442,25.635],[93.45,25.635],[93.459,25.633],[93.469,25.644],[93.484,25.652],[93.49,25.656],[93.5,25.657],[93.502,25.662],[93.51,25.671],[93.519,25.686],[93.526,25.7],[93.531,25.693],[93.538,25.703],[93.544,25.702],[93.549,25.715],[93.55,25.719],[93.55,25.732],[93.556,25.742],[93.57,25.752],[93.573,25.757],[93.573,25.761],[93.588,25.768],[93.594,25.764],[93.598,25.768],[93.606,25.767],[93.608,25.777],[93.622,25.78],[93.627,25.792],[93.629,25.804],[93.636,25.814],[93.648,25.824],[93.669,25.825],[93.678,25.829],[93.691,25.848],[93.706,25.853],[93.686,25.905],[93.698,25.917],[93.729,25.928],[93.736,25.931],[93.752,25.936],[93.749,25.942],[93.768,25.955],[93.77,25.954],[93.773,25.966],[93.771,25.97],[93.779,25.971],[93.784,25.984],[93.787,25.983],[93.798,25.98],[93.805,25.984],[93.8,25.984],[93.795,25.996],[93.801,26.002],[93.808,25.999],[93.802,26.007],[93.799,26.005],[93.796,26.002],[93.794,26.002],[93.792,26.01],[93.785,26.018],[93.79,26.017],[93.792,26.022],[93.8,26.032],[93.794,26.039],[93.784,26.037],[93.785,26.044],[93.793,26.043],[93.796,26.049],[93.798,26.059],[93.795,26.065],[93.801,26.079],[93.808,26.074],[93.806,26.082],[93.807,26.083],[93.807,26.09],[93.81,26.09],[93.812,26.094],[93.814,26.101],[93.814,26.116],[93.823,26.115],[93.822,26.122],[93.821,26.129],[93.828,26.132],[93.822,26.135],[93.827,26.142],[93.831,26.134],[93.83,26.142],[93.83,26.152],[93.831,26.152],[93.831,26.154],[93.827,26.156],[93.832,26.157],[93.836,26.161],[93.838,26.163],[93.829,26.173],[93.836,26.179],[93.83,26.191],[93.833,26.198],[93.835,26.202],[93.84,26.203],[93.844,26.207],[93.836,26.208],[93.839,26.213],[93.846,26.218],[93.841,26.22],[93.845,26.223],[93.853,26.22],[93.857,26.223],[93.862,26.247],[93.85,26.245],[93.86,26.251],[93.864,26.257],[93.87,26.258],[93.877,26.27],[93.873,26.279],[93.881,26.277],[93.883,26.281],[93.877,26.294],[93.87,26.301],[93.874,26.305],[93.879,26.318],[93.889,26.319],[93.887,26.325],[93.895,26.319],[93.894,26.325],[93.89,26.33],[93.895,26.335],[93.891,26.346],[93.885,26.346],[93.886,26.36],[93.888,26.365],[93.89,26.37],[93.885,26.381],[93.89,26.386],[93.885,26.391],[93.868,26.399],[93.86,26.409],[93.828,26.418],[93.825,26.412],[93.816,26.403],[93.8,26.393],[93.795,26.386],[93.789,26.381],[93.776,26.388],[93.781,26.39],[93.793,26.407],[93.799,26.41],[93.798,26.414],[93.784,26.422],[93.786,26.442],[93.788,26.458],[93.779,26.471],[93.773,26.481],[93.78,26.48],[93.78,26.483],[93.767,26.505],[93.759,26.518],[93.756,26.524],[93.747,26.532],[93.738,26.538],[93.735,26.544],[93.741,26.547],[93.736,26.553],[93.738,26.56],[93.739,26.565],[93.743,26.566],[93.752,26.581],[93.723,26.607],[93.686,26.609],[93.676,26.604],[93.67,26.606],[93.658,26.606],[93.65,26.598],[93.64,26.601],[93.626,26.594],[93.625,26.579],[93.617,26.571],[93.613,26.57],[93.615,26.58],[93.587,26.572],[93.588,26.577],[93.586,26.588],[93.593,26.601],[93.571,26.607],[93.546,26.607],[93.511,26.597],[93.509,26.599]]]]},"properties":{"code":"IN-AS-karbi-anglong","name":"Karbi Anglong","state":"Assam"}},{"type":"Feature","geometry":{"type":"Polygon","coordinates":[[[92.589,24.864],[92.526,24.861],[92.494,24.877],[92.395,24.855],[92.314,24.908],[92.245,24.91],[92.244,24.849],[92.278,24.83],[92.298,24.737],[92.263,24.689],[92.234,24.562],[92.234,24.5],[92.235,24.497],[92.239,24.49],[92.234,24.485],[92.231,24.465],[92.235,24.456],[92.236,24.454],[92.257,24.436],[92.259,24.414],[92.263,24.405],[92.27,24.395],[92.27,24.391],[92.273,24.386],[92.27,24.382],[92.272,24.378],[92.268,24.373],[92.264,24.362],[92.213,24.249],[92.26,24.25],[92.303,24.253],[92.311,24.251],[92.314,24.253],[92.422,24.253],[92.477,24.325],[92.507,24.44],[92.519,24.569],[92.497,24.676],[92.545,24.801],[92.589,24.864]]]},"properties":{"code":"IN-AS-karimganj","name":"Karimganj","state":"Assam"}},{"type":"Feature","geometry":{"type":"Polygon","coordinates":[[[90.615,26.795],[90.564,26.8],[90.41,26.902],[90.355,26.896],[90.312,26.851],[90.226,26.858],[90.195,26.833],[90.189,26.771],[90.055,26.729],[89.958,26.723],[89.858,26.731],[89.869,26.674],[89.87,26.663],[89.868,26.661],[89.876,26.646],[89.861,26.636],[89.857,26.623],[89.862,26.615],[89.873,26.598],[89.862,26.575],[89.864,26.561],[89.861,26.543],[89.862,26.53],[89.855,26.494],[89.862,26.466],[89.871,26.46],[89.869,26.457],[89.85,26.414],[89.845,26.41],[89.827,26.396],[89.828,26.393],[89.844,26.394],[89.841,26.378],[89.828,26.381],[89.824,26.377],[89.821,26.351],[89.816,26.351],[89.811,26.358],[89.817,26.366],[89.82,26.371],[89.81,26.367],[89.782,26.353],[89.779,26.347],[89.762,26.317],[89.782,26.316],[89.796,26.303],[89.799,26.301],[89.807,26.301],[89.83,26.307],[89.874,26.302],[89.89,26.313],[89.895,26.325],[89.908,26.337],[89.928,26.342],[89.932,26.341],[89.971,26.338],[89.985,26.346],[89.998,26.334],[90.009,26.327],[90.024,26.336],[90.024,26.321],[90.027,26.309],[90.047,26.298],[90.105,26.329],[90.152,26.353],[90.17,26.343],[90.203,26.359],[90.204,26.377],[90.218,26.384],[90.226,26.383],[90.224,26.373],[90.232,26.365],[90.227,26.355],[90.217,26.329],[90.239,26.325],[90.247,26.326],[90.253,26.335],[90.273,26.323],[90.286,26.326],[90.288,26.331],[90.297,26.338],[90.305,26.345],[90.309,26.348],[90.316,26.355],[90.328,26.366],[90.319,26.363],[90.311,26.377],[90.312,26.385],[90.326,26.389],[90.33,26.387],[90.327,26.396],[90.357,26.411],[90.362,26.399],[90.366,26.397],[90.372,26.385],[90.394,26.388],[90.384,26.371],[90.382,26.374],[90.382,26.366],[90.413,26.363],[90.43,26.348],[90.434,26.359],[90.449,26.354],[90.436,26.437],[90.449,26.493],[90.377,26.486],[90.354,26.546],[90.39,26.56],[90.491,26.535],[90.572,26.532],[90.565,26.579],[90.524,26.631],[90.523,26.665],[90.561,26.742],[90.615,26.795]]]},"properties":{"code":"IN-AS-kokrajhar","name":"Kokrajhar","state":"Assam"}},{"type":"Feature","geometry":{"type":"Polygon","coordinates":[[[94.26,27.523],[94.211,27.498],[94.086,27.405],[94.061,27.364],[94,27.335],[93.807,27.15],[93.837,27.078],[93.719,27.019],[93.698,26.995],[93.743,26.961],[93.749,26.897],[93.772,26.847],[93.807,26.826],[93.879,26.859],[93.935,26.933],[93.963,26.93],[94.013,26.931],[94.053,26.983],[94.078,26.964],[94.134,26.973],[94.224,27.036],[94.238,27.077],[94.281,27.099],[94.308,27.076],[94.367,27.102],[94.418,27.095],[94.438,27.123],[94.509,27.125],[94.525,27.163],[94.569,27.183],[94.598,27.286],[94.561,27.326],[94.509,27.348],[94.404,27.334],[94.324,27.353],[94.285,27.386],[94.308,27.434],[94.26,27.523]]]},"properties":{"code":"IN-AS-lakhimpur","name":"Lakhimpur","state":"Assam"}},{"type":"Feature","geometry":{"type":"Polygon","coordinates":[[[92.414,26.517],[92.344,26.504],[92.22,26.418],[92.179,26.424],[92.084,26.338],[92.048,26.282],[91.982,26.276],[91.953,26.255],[91.997,26.206],[92.032,26.209],[92.13,26.18],[92.163,26.15],[92.178,26.08],[92.241,26.063],[92.302,26.076],[92.302,26.077],[92.311,26.076],[92.312,26.083],[92.318,26.093],[92.344,26.109],[92.356,26.112],[92.377,26.134],[92.386,26.142],[92.411,26.138],[92.44,26.192],[92.451,26.264],[92.54,26.296],[92.562,26.392],[92.482,26.368],[92.445,26.401],[92.454,26.459],[92.414,26.517]]]},"properties":{"code":"IN-AS-marigaon","name":"Marigaon","state":"Assam"}},{"type":"Feature","geometry":{"type":"Polygon","coordinates":[[[93.303,26.581],[93.287,26.638],[93.321,26.66],[93.307,26.701],[93.245,26.686],[93.216,26.628],[93.123,26.58],[92.942,26.619],[92.922,26.6],[92.85,26.587],[92.772,26.558],[92.754,26.514],[92.703,26.528],[92.579,26.502],[92.527,26.511],[92.465,26.499],[92.414,26.517],[92.454,26.459],[92.445,26.401],[92.482,26.368],[92.562,26.392],[92.54,26.296],[92.451,26.264],[92.44,26.192],[92.411,26.138],[92.413,26.135],[92.406,26.127],[92.404,26.12],[92.433,26.117],[92.435,26.123],[92.442,26.126],[92.452,26.136],[92.455,26.137],[92.46,26.139],[92.469,26.148],[92.476,26.144],[92.486,26.149],[92.51,26.143],[92.515,26.147],[92.528,26.142],[92.522,26.126],[92.523,26.122],[92.52,26.106],[92.522,26.104],[92.532,26.103],[92.534,26.098],[92.555,26.115],[92.567,26.117],[92.577,26.112],[92.577,26.098],[92.577,26.096],[92.59,26.086],[92.596,26.071],[92.59,26.03],[92.593,26.024],[92.578,26.019],[92.57,26.007],[92.571,26.003],[92.551,25.972],[92.572,25.963],[92.577,25.966],[92.58,25.967],[92.599,25.978],[92.627,25.987],[92.636,25.991],[92.636,25.994],[92.659,26.003],[92.658,26.013],[92.657,26.021],[92.664,26.026],[92.679,26.028],[92.682,26.028],[92.686,26.028],[92.691,26.025],[92.692,26.023],[92.707,26.023],[92.713,26.02],[92.717,26.038],[92.713,26.051],[92.751,26.063],[92.753,26.049],[92.748,26.043],[92.759,26.039],[92.76,26.023],[92.772,26.018],[92.783,26.014],[92.782,26.011],[92.766,26.009],[92.762,26.001],[92.774,26.002],[92.779,25.999],[92.771,25.991],[92.767,25.984],[92.77,25.955],[92.779,25.952],[92.784,25.955],[92.805,25.963],[92.801,25.958],[92.797,25.957],[92.802,25.924],[92.809,25.921],[92.823,25.925],[92.829,25.92],[92.845,25.92],[92.858,25.924],[92.852,25.902],[92.861,25.886],[92.869,25.876],[92.871,25.872],[92.874,25.87],[92.876,25.869],[92.89,25.87],[92.904,25.869],[92.91,25.87],[92.965,25.877],[92.986,25.878],[92.998,25.859],[93.011,25.849],[93.012,25.842],[93.022,25.828],[93.034,25.811],[93.078,25.78],[93.072,25.778],[93.108,25.777],[93.145,25.716],[93.177,25.728],[93.209,25.731],[93.235,25.756],[93.241,25.769],[93.248,25.782],[93.252,25.79],[93.251,25.8],[93.251,25.811],[93.248,25.813],[93.245,25.84],[93.238,25.85],[93.218,25.873],[93.2,25.894],[93.191,25.9],[93.178,25.943],[93.169,25.957],[93.163,25.965],[93.162,25.97],[93.156,25.995],[93.146,26.01],[93.131,26.026],[93.124,26.034],[93.095,26.035],[93.107,26.073],[93.103,26.079],[93.091,26.078],[93.092,26.082],[93.086,26.083],[93.086,26.087],[93.083,26.081],[93.077,26.086],[93.073,26.085],[93.069,26.083],[93.065,26.085],[93.058,26.089],[93.058,26.091],[93.052,26.088],[93.05,26.09],[93.039,26.093],[93.038,26.109],[93.022,26.114],[93.015,26.115],[93.011,26.114],[93.001,26.12],[92.994,26.125],[92.973,26.132],[92.969,26.131],[92.959,26.141],[92.945,26.139],[92.934,26.149],[92.949,26.161],[92.956,26.172],[92.955,26.184],[92.943,26.203],[92.932,26.203],[92.923,26.206],[92.9,26.206],[92.871,26.207],[92.85,26.204],[92.828,26.207],[92.798,26.224],[92.819,26.217],[92.828,26.229],[92.82,26.265],[92.823,26.267],[92.826,26.274],[92.84,26.283],[92.849,26.307],[92.855,26.305],[92.855,26.301],[92.862,26.296],[92.88,26.288],[92.893,26.292],[92.897,26.299],[92.896,26.302],[92.897,26.308],[92.918,26.318],[92.936,26.325],[92.94,26.327],[92.946,26.338],[92.942,26.353],[92.938,26.354],[92.933,26.354],[92.924,26.358],[92.913,26.358],[92.912,26.36],[92.919,26.37],[92.924,26.384],[92.908,26.381],[92.891,26.383],[92.884,26.384],[92.892,26.392],[92.906,26.402],[92.913,26.398],[92.95,26.399],[92.965,26.417],[92.972,26.418],[92.977,26.422],[92.986,26.421],[92.998,26.426],[93.031,26.427],[93.053,26.437],[93.055,26.422],[93.05,26.42],[93.051,26.417],[93.07,26.426],[93.071,26.423],[93.089,26.434],[93.092,26.437],[93.075,26.436],[93.089,26.442],[93.108,26.445],[93.102,26.44],[93.101,26.435],[93.114,26.449],[93.108,26.452],[93.128,26.466],[93.117,26.471],[93.133,26.48],[93.131,26.483],[93.131,26.491],[93.12,26.497],[93.12,26.483],[93.119,26.487],[93.112,26.482],[93.104,26.477],[93.101,26.475],[93.109,26.47],[93.091,26.465],[93.092,26.471],[93.074,26.48],[93.067,26.485],[93.086,26.496],[93.073,26.499],[93.069,26.502],[93.07,26.492],[93.046,26.489],[93.024,26.482],[93.016,26.48],[93.01,26.49],[93.014,26.507],[93.051,26.529],[93.045,26.538],[93.071,26.544],[93.103,26.542],[93.103,26.537],[93.119,26.532],[93.123,26.54],[93.138,26.55],[93.152,26.552],[93.156,26.55],[93.207,26.564],[93.212,26.559],[93.205,26.551],[93.198,26.543],[93.194,26.544],[93.185,26.541],[93.179,26.536],[93.162,26.527],[93.19,26.534],[93.2,26.537],[93.209,26.521],[93.218,26.51],[93.215,26.524],[93.217,26.526],[93.214,26.532],[93.246,26.531],[93.25,26.524],[93.273,26.516],[93.276,26.51],[93.278,26.518],[93.288,26.515],[93.29,26.511],[93.294,26.505],[93.299,26.511],[93.294,26.52],[93.284,26.524],[93.277,26.538],[93.259,26.533],[93.266,26.536],[93.255,26.546],[93.25,26.548],[93.259,26.553],[93.238,26.554],[93.239,26.558],[93.252,26.571],[93.263,26.57],[93.29,26.576],[93.303,26.581]]]},"properties":{"code":"IN-AS-nagaon","name":"Nagaon","state":"Assam"}},{"type":"Feature","geometry":{"type":"Polygon","coordinates":[[[91.704,26.812],[91.624,26.821],[91.591,26.805],[91.478,26.792],[91.408,26.836],[91.336,26.78],[91.295,26.785],[91.288,26.682],[91.243,26.644],[91.25,26.535],[91.266,26.488],[91.238,26.456],[91.234,26.393],[91.277,26.355],[91.219,26.217],[91.233,26.183],[91.254,26.164],[91.356,26.165],[91.413,26.137],[91.417,26.266],[91.45,26.273],[91.456,26.319],[91.525,26.331],[91.525,26.379],[91.564,26.434],[91.556,26.515],[91.61,26.552],[91.613,26.487],[91.67,26.525],[91.67,26.645],[91.695,26.704],[91.707,26.798],[91.704,26.812]]]},"properties":{"code":"IN-AS-nalbari","name":"Nalbari","state":"Assam"}},{"type":"Feature","geometry":{"type":"Polygon","coordinates":[[[93.145,25.716],[93.108,25.777],[93.072,25.778],[93.026,25.799],[93.017,25.793],[93.007,25.809],[92.999,25.823],[92.99,25.825],[92.988,25.822],[92.985,25.809],[92.99,25.798],[92.985,25.786],[92.976,25.79],[92.969,25.787],[92.971,25.793],[92.969,25.796],[92.958,25.808],[92.959,25.811],[92.965,25.82],[92.952,25.813],[92.944,25.808],[92.931,25.81],[92.932,25.806],[92.929,25.784],[92.906,25.767],[92.887,25.761],[92.838,25.752],[92.833,25.747],[92.823,25.744],[92.823,25.731],[92.818,25.715],[92.812,25.705],[92.798,25.691],[92.777,25.68],[92.784,25.671],[92.772,25.642],[92.763,25.631],[92.763,25.629],[92.768,25.622],[92.752,25.615],[92.751,25.606],[92.746,25.6],[92.715,25.602],[92.702,25.602],[92.691,25.596],[92.685,25.581],[92.663,25.578],[92.661,25.582],[92.645,25.537],[92.581,25.495],[92.607,25.419],[92.651,25.432],[92.761,25.335],[92.792,25.287],[92.747,25.208],[92.677,25.182],[92.622,25.118],[92.582,25.132],[92.543,25.1],[92.643,25.119],[92.702,25.111],[92.756,25.141],[92.784,25.089],[92.841,25.056],[92.902,25.082],[93.019,25.098],[93.018,25.064],[93.072,25],[93.171,25],[93.253,24.975],[93.252,24.981],[93.253,24.986],[93.257,24.998],[93.256,25.002],[93.257,25.001],[93.262,25.006],[93.258,25.004],[93.257,25.003],[93.255,25.004],[93.253,25.006],[93.251,25.003],[93.249,25.003],[93.247,25.003],[93.247,25.004],[93.252,25.016],[93.254,25.021],[93.256,25.029],[93.264,25.036],[93.263,25.042],[93.268,25.049],[93.287,25.047],[93.299,25.05],[93.302,25.052],[93.305,25.048],[93.306,25.064],[93.311,25.073],[93.322,25.088],[93.324,25.092],[93.336,25.096],[93.34,25.114],[93.349,25.125],[93.346,25.13],[93.349,25.153],[93.349,25.157],[93.353,25.182],[93.362,25.196],[93.371,25.204],[93.385,25.226],[93.389,25.246],[93.412,25.263],[93.423,25.272],[93.445,25.292],[93.466,25.299],[93.474,25.309],[93.452,25.344],[93.478,25.38],[93.457,25.442],[93.391,25.486],[93.358,25.528],[93.34,25.537],[93.336,25.545],[93.332,25.547],[93.326,25.536],[93.307,25.532],[93.29,25.543],[93.268,25.54],[93.265,25.549],[93.243,25.549],[93.218,25.552],[93.209,25.557],[93.202,25.559],[93.202,25.563],[93.197,25.568],[93.189,25.585],[93.173,25.599],[93.18,25.605],[93.182,25.62],[93.192,25.629],[93.184,25.642],[93.175,25.655],[93.165,25.664],[93.139,25.672],[93.133,25.687],[93.139,25.697],[93.139,25.709],[93.141,25.713],[93.145,25.716]]]},"properties":{"code":"IN-AS-north-cachar-hills","name":"North Cachar Hills","state":"Assam"}},{"type":"Feature","geometry":{"type":"Polygon","coordinates":[[[95.371,27.111],[95.359,27.173],[95.289,27.203],[95.24,27.192],[95.162,27.137],[95.062,27.141],[94.98,27.155],[94.969,27.234],[94.887,27.162],[94.848,27.113],[94.765,27.132],[94.778,27.243],[94.752,27.274],[94.694,27.273],[94.645,27.251],[94.595,27.15],[94.545,27.078],[94.48,27.034],[94.469,27.005],[94.402,26.964],[94.481,26.938],[94.497,26.874],[94.489,26.838],[94.524,26.812],[94.515,26.78],[94.595,26.73],[94.687,26.733],[94.738,26.769],[94.791,26.801],[94.821,26.854],[94.886,26.932],[94.957,26.944],[94.986,26.918],[95.087,26.953],[95.196,27.043],[95.248,27.03],[95.31,27.081],[95.371,27.111]]]},"properties":{"code":"IN-AS-sibsagar","name":"Sibsagar","state":"Assam"}},{"type":"Feature","geometry":{"type":"Polygon","coordinates":[[[93.698,26.995],[93.676,26.971],[93.468,26.939],[93.391,26.96],[93.267,26.956],[93.184,26.939],[93.019,26.917],[92.918,26.964],[92.872,27.008],[92.769,27.033],[92.714,27.026],[92.659,27.039],[92.639,27.019],[92.645,26.987],[92.585,26.962],[92.446,26.961],[92.4,26.926],[92.364,26.933],[92.342,26.887],[92.33,26.807],[92.338,26.715],[92.325,26.593],[92.356,26.573],[92.344,26.504],[92.414,26.517],[92.465,26.499],[92.527,26.511],[92.579,26.502],[92.703,26.528],[92.754,26.514],[92.772,26.558],[92.85,26.587],[92.922,26.6],[92.942,26.619],[93.123,26.58],[93.216,26.628],[93.245,26.686],[93.307,26.701],[93.347,26.734],[93.509,26.763],[93.566,26.727],[93.65,26.708],[93.649,26.781],[93.711,26.821],[93.754,26.809],[93.772,26.847],[93.749,26.897],[93.743,26.961],[93.698,26.995]]]},"properties":{"code":"IN-AS-sonitpur","name":"Sonitpur","state":"Assam"}},{"type":"Feature","geometry":{"type":"Polygon","coordinates":[[[95.952,27.937],[95.977,27.969],[95.826,27.977],[95.607,27.958],[95.597,27.951],[95.581,27.944],[95.544,27.913],[95.542,27.911],[95.544,27.902],[95.526,27.898],[95.515,27.862],[95.495,27.86],[95.485,27.843],[95.478,27.835],[95.462,27.794],[95.451,27.771],[95.42,27.743],[95.409,27.737],[95.392,27.728],[95.297,27.7],[95.276,27.687],[95.291,27.675],[95.297,27.656],[95.321,27.592],[95.308,27.588],[95.298,27.583],[95.29,27.577],[95.276,27.576],[95.278,27.565],[95.284,27.56],[95.252,27.512],[95.229,27.49],[95.23,27.477],[95.244,27.438],[95.251,27.438],[95.26,27.423],[95.266,27.412],[95.277,27.417],[95.295,27.417],[95.34,27.395],[95.35,27.397],[95.38,27.391],[95.397,27.397],[95.419,27.387],[95.431,27.378],[95.45,27.375],[95.474,27.37],[95.46,27.344],[95.468,27.315],[95.451,27.301],[95.465,27.277],[95.446,27.262],[95.473,27.269],[95.477,27.259],[95.487,27.257],[95.491,27.249],[95.511,27.259],[95.516,27.269],[95.52,27.264],[95.53,27.269],[95.535,27.271],[95.563,27.253],[95.578,27.247],[95.599,27.23],[95.607,27.231],[95.634,27.24],[95.637,27.237],[95.695,27.258],[95.715,27.259],[95.732,27.267],[95.785,27.279],[95.806,27.292],[95.838,27.287],[95.861,27.28],[95.878,27.267],[95.894,27.263],[95.901,27.276],[95.904,27.28],[95.902,27.288],[95.912,27.293],[95.941,27.31],[95.966,27.322],[95.968,27.325],[95.984,27.334],[95.974,27.339],[95.977,27.342],[95.995,27.36],[96.013,27.364],[96.015,27.375],[96.011,27.381],[96.002,27.393],[96,27.398],[95.991,27.415],[95.989,27.422],[95.98,27.43],[95.978,27.432],[95.961,27.429],[95.953,27.433],[95.954,27.441],[95.95,27.445],[95.933,27.447],[95.911,27.44],[95.892,27.41],[95.89,27.426],[95.89,27.44],[95.883,27.444],[95.865,27.429],[95.864,27.421],[95.867,27.417],[95.858,27.425],[95.849,27.43],[95.853,27.445],[95.859,27.463],[95.866,27.469],[95.881,27.487],[95.879,27.493],[95.89,27.506],[95.882,27.515],[95.88,27.53],[95.881,27.553],[95.867,27.551],[95.832,27.579],[95.82,27.59],[95.824,27.603],[95.798,27.608],[95.796,27.618],[95.787,27.632],[95.797,27.64],[95.8,27.643],[95.795,27.653],[95.778,27.666],[95.795,27.684],[95.793,27.692],[95.773,27.7],[95.773,27.705],[95.77,27.72],[95.758,27.731],[95.763,27.733],[95.785,27.74],[95.801,27.777],[95.811,27.794],[95.829,27.814],[95.843,27.821],[95.866,27.838],[95.894,27.861],[95.911,27.873],[95.913,27.878],[95.914,27.881],[95.923,27.886],[95.925,27.901],[95.939,27.91],[95.954,27.93],[95.958,27.933],[95.952,27.937]]]},"properties":{"code":"IN-AS-tinsukia","name":"Tinsukia","state":"Assam"}},{"type":"Feature","geometry":{"type":"Polygon","coordinates":[[[87.646,26.393],[87.59,26.392],[87.519,26.431],[87.469,26.44],[87.391,26.419],[87.316,26.367],[87.269,26.405],[87.165,26.404],[87.094,26.45],[87.074,26.585],[87.036,26.557],[87.053,26.466],[87.06,26.462],[87.057,26.449],[87.051,26.441],[87.06,26.42],[87.066,26.411],[87.053,26.41],[87.052,26.398],[87.063,26.339],[87.036,26.322],[87.038,26.313],[87.039,26.306],[87.049,26.299],[87.077,26.191],[87.077,26.188],[87.093,26.139],[87.076,26.136],[87.059,26.104],[87.086,26.096],[87.104,26.097],[87.103,26.083],[87.089,26.074],[87.083,26.063],[87.086,26.055],[87.103,26.041],[87.08,26.021],[87.066,25.999],[87.064,25.975],[87.076,25.97],[87.074,25.966],[87.077,25.962],[87.101,25.967],[87.108,25.956],[87.127,25.955],[87.134,25.948],[87.17,25.942],[87.19,25.95],[87.191,25.952],[87.207,25.958],[87.213,25.955],[87.217,25.943],[87.223,25.947],[87.223,25.951],[87.235,25.965],[87.239,25.965],[87.261,25.984],[87.275,25.978],[87.303,25.979],[87.342,25.977],[87.349,25.979],[87.368,25.968],[87.372,25.967],[87.379,25.958],[87.385,25.955],[87.387,25.956],[87.379,25.962],[87.389,25.961],[87.393,25.967],[87.395,25.985],[87.405,25.986],[87.408,25.988],[87.419,25.991],[87.445,25.982],[87.478,25.974],[87.511,25.971],[87.508,25.977],[87.526,25.98],[87.588,26.015],[87.595,26.022],[87.62,26.046],[87.612,26.056],[87.609,26.06],[87.613,26.06],[87.616,26.066],[87.624,26.075],[87.622,26.081],[87.627,26.086],[87.632,26.085],[87.646,26.089],[87.652,26.085],[87.665,26.083],[87.666,26.091],[87.676,26.101],[87.669,26.108],[87.671,26.111],[87.679,26.192],[87.649,26.277],[87.615,26.323],[87.646,26.393]]]},"properties":{"code":"IN-BI-araria","name":"Araria","state":"Bihar"}},{"type":"Feature","geometry":{"type":"Polygon","coordinates":[[[84.731,25.058],[84.679,25.104],[84.505,25.109],[84.44,25.13],[84.418,25.08],[84.307,25.017],[84.302,25.003],[84.164,24.851],[84.082,24.771],[83.992,24.638],[84.047,24.612],[84.11,24.481],[84.173,24.542],[84.258,24.538],[84.293,24.566],[84.322,24.49],[84.363,24.511],[84.386,24.561],[84.438,24.557],[84.482,24.514],[84.539,24.528],[84.59,24.598],[84.596,24.657],[84.715,24.701],[84.726,24.796],[84.634,24.867],[84.697,24.905],[84.704,24.958],[84.738,24.987],[84.697,25.047],[84.731,25.058]]]},"properties":{"code":"IN-BI-aurangabad","name":"Aurangabad","state":"Bihar"}},{"type":"Feature","geometry":{"type":"Polygon","coordinates":[[[87.174,25.058],[87.165,25.059],[87.133,25.084],[87.128,25.088],[87.116,25.09],[87.098,25.095],[87.089,25.094],[87.065,25.099],[87.056,25.105],[87.046,25.105],[87.04,25.1],[87.034,25.092],[87.026,25.093],[87.025,25.095],[87.019,25.101],[87.005,25.105],[86.994,25.105],[86.976,25.1],[86.958,25.102],[86.942,25.103],[86.936,25.106],[86.923,25.099],[86.916,25.098],[86.91,25.1],[86.91,25.096],[86.894,25.101],[86.89,25.097],[86.88,25.098],[86.869,25.095],[86.852,25.099],[86.85,25.105],[86.823,25.111],[86.818,25.109],[86.799,25.094],[86.797,25.099],[86.801,25.098],[86.801,25.105],[86.791,25.113],[86.78,25.104],[86.767,25.111],[86.738,25.108],[86.731,25.112],[86.713,25.116],[86.703,25.117],[86.698,25.114],[86.699,25.117],[86.687,25.118],[86.649,25.055],[86.637,24.974],[86.595,24.948],[86.499,24.985],[86.481,24.907],[86.529,24.863],[86.521,24.787],[86.551,24.741],[86.545,24.713],[86.607,24.663],[86.609,24.607],[86.668,24.561],[86.792,24.615],[86.809,24.564],[86.876,24.567],[86.911,24.539],[86.898,24.587],[86.936,24.63],[87.01,24.606],[87.044,24.624],[87.082,24.725],[87.077,24.808],[87.106,24.847],[87.147,24.862],[87.154,24.991],[87.174,25.058]]]},"properties":{"code":"IN-BI-banka","name":"Banka","state":"Bihar"}},{"type":"Feature","geometry":{"type":"Polygon","coordinates":[[[86.286,25.64],[86.273,25.632],[86.254,25.635],[86.247,25.647],[86.239,25.653],[86.222,25.656],[86.201,25.658],[86.183,25.668],[86.177,25.689],[86.168,25.719],[86.145,25.729],[86.153,25.734],[86.145,25.743],[86.144,25.748],[86.148,25.754],[86.144,25.766],[86.136,25.766],[86.126,25.76],[86.125,25.762],[86.13,25.768],[86.101,25.776],[86.102,25.759],[86.125,25.752],[86.133,25.746],[86.13,25.736],[86.113,25.74],[86.114,25.738],[86.11,25.737],[86.098,25.745],[86.089,25.745],[86.072,25.737],[86.065,25.728],[86.054,25.725],[86.05,25.73],[86.041,25.731],[86.038,25.721],[86.031,25.728],[86.014,25.726],[86.008,25.72],[86.007,25.712],[86.026,25.69],[86.006,25.667],[86.005,25.661],[86.017,25.666],[86.022,25.662],[86.011,25.649],[86.015,25.633],[86.007,25.591],[85.993,25.6],[85.97,25.616],[85.963,25.621],[85.956,25.633],[85.954,25.638],[85.939,25.653],[85.933,25.652],[85.927,25.649],[85.915,25.647],[85.9,25.643],[85.893,25.646],[85.888,25.654],[85.881,25.652],[85.874,25.648],[85.873,25.652],[85.869,25.667],[85.864,25.662],[85.862,25.662],[85.855,25.645],[85.851,25.646],[85.848,25.642],[85.844,25.646],[85.835,25.64],[85.831,25.633],[85.823,25.623],[85.82,25.618],[85.841,25.594],[85.839,25.587],[85.806,25.579],[85.768,25.589],[85.764,25.584],[85.764,25.579],[85.756,25.57],[85.747,25.564],[85.738,25.559],[85.731,25.539],[85.749,25.545],[85.797,25.547],[85.81,25.54],[85.855,25.51],[85.879,25.502],[85.887,25.475],[85.895,25.468],[85.892,25.461],[85.891,25.462],[85.881,25.468],[85.869,25.469],[85.865,25.442],[85.88,25.423],[85.882,25.425],[85.901,25.432],[85.913,25.42],[85.93,25.412],[85.944,25.415],[85.948,25.412],[85.96,25.405],[86.015,25.359],[86.021,25.359],[86.029,25.366],[86.029,25.374],[86.032,25.388],[86.045,25.391],[86.051,25.366],[86.06,25.355],[86.06,25.335],[86.057,25.334],[86.127,25.275],[86.199,25.25],[86.226,25.258],[86.307,25.317],[86.383,25.381],[86.47,25.399],[86.503,25.429],[86.444,25.452],[86.417,25.498],[86.358,25.501],[86.289,25.527],[86.274,25.597],[86.286,25.64]]]},"properties":{"code":"IN-BI-begusarai","name":"Begusarai","state":"Bihar"}},{"type":"Feature","geometry":{"type":"Polygon","coordinates":[[[83.762,25.388],[83.75,25.392],[83.759,25.401],[83.751,25.405],[83.748,25.404],[83.741,25.4],[83.735,25.409],[83.725,25.398],[83.709,25.395],[83.696,25.396],[83.693,25.394],[83.676,25.382],[83.688,25.374],[83.689,25.371],[83.679,25.367],[83.669,25.364],[83.656,25.364],[83.645,25.358],[83.643,25.341],[83.632,25.342],[83.63,25.343],[83.629,25.338],[83.625,25.335],[83.62,25.329],[83.611,25.333],[83.603,25.332],[83.584,25.325],[83.563,25.31],[83.561,25.316],[83.554,25.314],[83.533,25.313],[83.543,25.309],[83.526,25.3],[83.523,25.3],[83.518,25.302],[83.517,25.301],[83.518,25.293],[83.491,25.287],[83.472,25.265],[83.463,25.256],[83.454,25.251],[83.44,25.259],[83.431,25.245],[83.429,25.244],[83.419,25.253],[83.419,25.246],[83.409,25.249],[83.397,25.225],[83.395,25.217],[83.39,25.212],[83.375,25.203],[83.36,25.196],[83.344,25.187],[83.336,25.184],[83.338,25.18],[83.348,25.179],[83.345,25.167],[83.351,25.153],[83.357,25.124],[83.348,25.111],[83.34,25.112],[83.338,25.088],[83.334,25.085],[83.332,25.082],[83.328,25.061],[83.331,25.06],[83.332,25.051],[83.325,25.056],[83.322,25.056],[83.323,25.048],[83.318,25.017],[83.345,25.003],[83.346,24.992],[83.34,24.979],[83.338,24.964],[83.357,24.955],[83.358,24.946],[83.357,24.919],[83.352,24.908],[83.36,24.892],[83.355,24.887],[83.364,24.879],[83.356,24.869],[83.381,24.843],[83.389,24.836],[83.395,24.82],[83.39,24.802],[83.388,24.792],[83.386,24.787],[83.394,24.779],[83.403,24.777],[83.434,24.757],[83.441,24.744],[83.467,24.735],[83.48,24.738],[83.483,24.723],[83.48,24.716],[83.483,24.703],[83.492,24.705],[83.495,24.703],[83.5,24.695],[83.499,24.668],[83.503,24.649],[83.516,24.643],[83.522,24.645],[83.524,24.642],[83.521,24.63],[83.541,24.626],[83.542,24.625],[83.517,24.603],[83.517,24.599],[83.524,24.588],[83.525,24.58],[83.524,24.575],[83.517,24.549],[83.6,24.542],[83.656,24.556],[83.701,24.543],[83.741,24.578],[83.725,24.648],[83.758,24.729],[83.769,24.795],[83.712,24.834],[83.755,24.874],[83.757,24.914],[83.804,24.961],[83.792,25.012],[83.815,25.038],[83.801,25.115],[83.817,25.154],[83.809,25.201],[83.827,25.245],[83.89,25.264],[83.892,25.295],[83.801,25.372],[83.762,25.388]]]},"properties":{"code":"IN-BI-bhabua","name":"Bhabua","state":"Bihar"}},{"type":"Feature","geometry":{"type":"Polygon","coordinates":[[[87.079,25.455],[87.084,25.476],[87.091,25.479],[87.096,25.501],[87.096,25.514],[87.067,25.469],[86.946,25.475],[86.905,25.492],[86.874,25.463],[86.818,25.444],[86.822,25.435],[86.822,25.433],[86.818,25.421],[86.816,25.414],[86.826,25.405],[86.833,25.396],[86.834,25.385],[86.842,25.379],[86.85,25.363],[86.84,25.358],[86.834,25.355],[86.818,25.338],[86.812,25.333],[86.805,25.328],[86.789,25.33],[86.782,25.319],[86.779,25.311],[86.774,25.3],[86.768,25.289],[86.76,25.268],[86.752,25.267],[86.725,25.254],[86.72,25.249],[86.686,25.243],[86.671,25.24],[86.637,25.242],[86.633,25.238],[86.645,25.221],[86.661,25.214],[86.67,25.206],[86.684,25.189],[86.687,25.19],[86.688,25.202],[86.691,25.199],[86.698,25.188],[86.709,25.187],[86.718,25.187],[86.729,25.184],[86.727,25.181],[86.715,25.171],[86.713,25.17],[86.701,25.171],[86.699,25.17],[86.699,25.162],[86.693,25.148],[86.69,25.143],[86.679,25.14],[86.673,25.13],[86.678,25.123],[86.682,25.121],[86.699,25.117],[86.698,25.114],[86.703,25.117],[86.713,25.116],[86.731,25.112],[86.738,25.108],[86.767,25.111],[86.78,25.104],[86.791,25.113],[86.801,25.105],[86.801,25.098],[86.797,25.099],[86.799,25.094],[86.818,25.109],[86.823,25.111],[86.85,25.105],[86.852,25.099],[86.869,25.095],[86.88,25.098],[86.89,25.097],[86.894,25.101],[86.91,25.096],[86.91,25.1],[86.916,25.098],[86.923,25.099],[86.936,25.106],[86.942,25.103],[86.958,25.102],[86.976,25.1],[86.994,25.105],[87.005,25.105],[87.019,25.101],[87.025,25.095],[87.026,25.093],[87.034,25.092],[87.04,25.1],[87.046,25.105],[87.056,25.105],[87.065,25.099],[87.089,25.094],[87.098,25.095],[87.116,25.09],[87.128,25.088],[87.133,25.084],[87.165,25.059],[87.177,25.064],[87.184,25.067],[87.197,25.074],[87.208,25.083],[87.211,25.085],[87.234,25.086],[87.249,25.105],[87.251,25.106],[87.263,25.101],[87.275,25.092],[87.291,25.089],[87.293,25.105],[87.295,25.114],[87.3,25.135],[87.302,25.141],[87.308,25.15],[87.31,25.154],[87.314,25.163],[87.311,25.17],[87.316,25.193],[87.318,25.201],[87.348,25.213],[87.358,25.211],[87.37,25.205],[87.377,25.223],[87.386,25.226],[87.392,25.228],[87.408,25.219],[87.417,25.215],[87.458,25.198],[87.467,25.196],[87.468,25.193],[87.472,25.222],[87.492,25.271],[87.488,25.278],[87.49,25.305],[87.526,25.281],[87.536,25.28],[87.538,25.296],[87.544,25.323],[87.547,25.331],[87.532,25.335],[87.526,25.351],[87.525,25.355],[87.522,25.347],[87.511,25.351],[87.483,25.367],[87.44,25.361],[87.424,25.375],[87.414,25.378],[87.402,25.384],[87.375,25.403],[87.361,25.408],[87.351,25.415],[87.337,25.415],[87.3,25.402],[87.289,25.398],[87.264,25.352],[87.271,25.369],[87.242,25.379],[87.229,25.379],[87.223,25.385],[87.216,25.39],[87.213,25.397],[87.217,25.4],[87.203,25.427],[87.215,25.431],[87.224,25.443],[87.225,25.451],[87.207,25.451],[87.196,25.446],[87.185,25.441],[87.181,25.441],[87.178,25.448],[87.16,25.447],[87.155,25.438],[87.127,25.436],[87.111,25.436],[87.095,25.439],[87.088,25.446],[87.079,25.455]]]},"properties":{"code":"IN-BI-bhagalpur","name":"Bhagalpur","state":"Bihar"}},{"type":"Feature","geometry":{"type":"Polygon","coordinates":[[[84.846,25.697],[84.772,25.691],[84.739,25.709],[84.623,25.707],[84.596,25.739],[84.559,25.701],[84.552,25.684],[84.531,25.693],[84.528,25.715],[84.516,25.678],[84.499,25.677],[84.467,25.686],[84.46,25.691],[84.459,25.698],[84.455,25.71],[84.449,25.714],[84.432,25.712],[84.424,25.712],[84.411,25.698],[84.397,25.709],[84.395,25.724],[84.394,25.729],[84.381,25.734],[84.321,25.657],[84.344,25.61],[84.324,25.519],[84.355,25.474],[84.267,25.361],[84.328,25.299],[84.313,25.217],[84.35,25.193],[84.4,25.194],[84.458,25.162],[84.524,25.21],[84.62,25.236],[84.668,25.3],[84.697,25.316],[84.707,25.322],[84.725,25.355],[84.77,25.448],[84.748,25.492],[84.757,25.523],[84.763,25.538],[84.811,25.576],[84.821,25.617],[84.815,25.62],[84.818,25.638],[84.835,25.657],[84.827,25.659],[84.817,25.672],[84.822,25.677],[84.846,25.697]]]},"properties":{"code":"IN-BI-bhojpur","name":"Bhojpur","state":"Bihar"}},{"type":"Feature","geometry":{"type":"Polygon","coordinates":[[[83.921,25.562],[83.914,25.554],[83.893,25.525],[83.867,25.493],[83.86,25.489],[83.855,25.485],[83.829,25.461],[83.815,25.468],[83.807,25.459],[83.808,25.453],[83.819,25.453],[83.83,25.451],[83.824,25.433],[83.803,25.433],[83.794,25.432],[83.797,25.408],[83.771,25.4],[83.763,25.399],[83.762,25.388],[83.801,25.372],[83.892,25.295],[84.028,25.269],[84.052,25.309],[84.038,25.376],[84.108,25.359],[84.132,25.373],[84.267,25.361],[84.355,25.474],[84.324,25.519],[84.344,25.61],[84.321,25.657],[84.381,25.734],[84.384,25.738],[84.373,25.742],[84.372,25.738],[84.366,25.738],[84.337,25.745],[84.331,25.745],[84.324,25.733],[84.324,25.704],[84.319,25.672],[84.299,25.672],[84.288,25.676],[84.284,25.677],[84.273,25.662],[84.268,25.663],[84.233,25.664],[84.203,25.67],[84.194,25.703],[84.156,25.726],[84.148,25.726],[84.145,25.721],[84.129,25.717],[84.137,25.724],[84.123,25.724],[84.094,25.72],[84.074,25.684],[84.08,25.653],[84.057,25.632],[84.014,25.616],[83.992,25.601],[83.956,25.575],[83.94,25.565],[83.921,25.562]]]},"properties":{"code":"IN-BI-buxar","name":"Buxar","state":"Bihar"}},{"type":"Feature","geometry":{"type":"Polygon","coordinates":[[[85.71,26.447],[85.702,26.447],[85.701,26.44],[85.699,26.424],[85.683,26.416],[85.682,26.41],[85.703,26.363],[85.71,26.363],[85.708,26.359],[85.682,26.356],[85.677,26.352],[85.693,26.353],[85.708,26.353],[85.716,26.351],[85.724,26.343],[85.721,26.329],[85.717,26.318],[85.696,26.308],[85.692,26.227],[85.719,26.202],[85.721,26.127],[85.707,26.091],[85.711,26.048],[85.859,26.023],[85.866,25.986],[85.974,25.937],[86.032,25.948],[86.102,25.895],[86.205,25.889],[86.26,25.908],[86.304,25.867],[86.315,25.873],[86.325,25.892],[86.327,25.896],[86.34,25.905],[86.342,25.915],[86.348,25.925],[86.352,25.928],[86.355,25.93],[86.358,25.938],[86.367,25.935],[86.373,25.933],[86.375,25.924],[86.397,25.928],[86.396,25.931],[86.394,25.937],[86.386,25.94],[86.382,25.939],[86.381,25.945],[86.373,25.954],[86.379,25.956],[86.378,25.976],[86.374,25.981],[86.374,25.984],[86.377,25.986],[86.372,25.992],[86.377,25.997],[86.373,26.01],[86.365,26.018],[86.365,26.028],[86.37,26.032],[86.366,26.037],[86.371,26.041],[86.37,26.045],[86.362,26.05],[86.359,26.065],[86.336,26.086],[86.315,26.099],[86.312,26.106],[86.309,26.14],[86.318,26.15],[86.282,26.172],[86.264,26.185],[86.26,26.182],[86.254,26.193],[86.231,26.205],[86.234,26.226],[86.233,26.233],[86.197,26.228],[86.172,26.229],[86.164,26.229],[86.104,26.206],[86.048,26.214],[85.995,26.268],[86.003,26.303],[85.97,26.326],[85.924,26.313],[85.917,26.309],[85.91,26.312],[85.906,26.308],[85.909,26.294],[85.909,26.288],[85.897,26.291],[85.875,26.282],[85.873,26.278],[85.865,26.283],[85.856,26.286],[85.847,26.283],[85.828,26.284],[85.805,26.298],[85.805,26.31],[85.809,26.313],[85.81,26.33],[85.824,26.328],[85.829,26.345],[85.828,26.347],[85.811,26.349],[85.811,26.355],[85.822,26.36],[85.823,26.363],[85.82,26.365],[85.817,26.369],[85.813,26.378],[85.814,26.383],[85.816,26.383],[85.824,26.381],[85.825,26.383],[85.813,26.391],[85.807,26.396],[85.809,26.406],[85.808,26.413],[85.798,26.414],[85.766,26.406],[85.755,26.407],[85.75,26.407],[85.756,26.424],[85.761,26.437],[85.73,26.438],[85.71,26.447]]]},"properties":{"code":"IN-BI-darbhanga","name":"Darbhanga","state":"Bihar"}},{"type":"Feature","geometry":{"type":"Polygon","coordinates":[[[85.197,25.054],[85.129,25.05],[85.098,25],[85.05,25.035],[84.935,24.981],[84.892,25.023],[84.899,25.06],[84.805,25.074],[84.731,25.058],[84.697,25.047],[84.738,24.987],[84.704,24.958],[84.697,24.905],[84.634,24.867],[84.726,24.796],[84.715,24.701],[84.596,24.657],[84.59,24.598],[84.539,24.528],[84.482,24.514],[84.438,24.557],[84.386,24.561],[84.363,24.511],[84.322,24.49],[84.293,24.451],[84.33,24.431],[84.336,24.396],[84.455,24.339],[84.494,24.287],[84.572,24.412],[84.658,24.394],[84.679,24.456],[84.742,24.496],[84.819,24.525],[84.827,24.47],[84.863,24.458],[84.903,24.372],[84.969,24.376],[84.99,24.412],[85.032,24.425],[85.081,24.381],[85.169,24.429],[85.153,24.464],[85.224,24.471],[85.279,24.519],[85.383,24.535],[85.311,24.562],[85.289,24.672],[85.326,24.712],[85.269,24.747],[85.319,24.853],[85.376,24.898],[85.389,24.966],[85.378,24.977],[85.374,24.976],[85.383,24.991],[85.367,24.99],[85.358,24.99],[85.356,25.002],[85.355,25.007],[85.344,25.018],[85.335,25.011],[85.323,25.015],[85.317,25.026],[85.276,25.031],[85.269,25.027],[85.264,25.032],[85.256,25.033],[85.256,25.023],[85.255,25.012],[85.242,25.013],[85.235,25.02],[85.216,25.055],[85.214,25.044],[85.211,25.043],[85.203,25.035],[85.195,25.034],[85.197,25.054]]]},"properties":{"code":"IN-BI-gaya","name":"Gaya","state":"Bihar"}},{"type":"Feature","geometry":{"type":"Polygon","coordinates":[[[84.407,26.638],[84.414,26.627],[84.395,26.626],[84.351,26.62],[84.307,26.617],[84.293,26.606],[84.287,26.604],[84.273,26.601],[84.259,26.607],[84.229,26.613],[84.222,26.616],[84.204,26.621],[84.177,26.625],[84.149,26.628],[84.129,26.639],[84.121,26.635],[84.104,26.633],[84.095,26.636],[84.084,26.64],[84.081,26.637],[84.082,26.627],[84.084,26.618],[84.082,26.603],[84.079,26.594],[84.071,26.584],[84.057,26.573],[84.055,26.568],[84.048,26.558],[84.049,26.55],[84.048,26.543],[84.014,26.532],[83.999,26.525],[83.998,26.527],[83.984,26.531],[83.974,26.532],[83.968,26.526],[83.963,26.509],[83.943,26.513],[83.944,26.516],[83.915,26.52],[83.902,26.518],[83.902,26.51],[83.907,26.5],[83.902,26.467],[83.902,26.45],[83.908,26.45],[83.936,26.442],[83.946,26.438],[83.982,26.435],[83.99,26.448],[84.009,26.445],[84.016,26.432],[84.033,26.414],[84.036,26.408],[84.041,26.408],[84.045,26.405],[84.055,26.4],[84.077,26.384],[84.081,26.386],[84.088,26.39],[84.092,26.39],[84.115,26.388],[84.128,26.384],[84.131,26.382],[84.156,26.378],[84.171,26.374],[84.236,26.318],[84.27,26.308],[84.357,26.37],[84.427,26.376],[84.479,26.337],[84.582,26.325],[84.755,26.213],[84.89,26.217],[84.895,26.221],[84.902,26.226],[84.875,26.243],[84.842,26.276],[84.828,26.287],[84.821,26.284],[84.804,26.298],[84.803,26.32],[84.796,26.322],[84.76,26.343],[84.717,26.402],[84.706,26.417],[84.707,26.418],[84.704,26.429],[84.688,26.436],[84.647,26.467],[84.604,26.448],[84.584,26.452],[84.58,26.462],[84.572,26.487],[84.559,26.495],[84.535,26.509],[84.508,26.558],[84.506,26.567],[84.46,26.623],[84.449,26.628],[84.41,26.588],[84.418,26.614],[84.421,26.613],[84.42,26.621],[84.421,26.626],[84.407,26.638]]]},"properties":{"code":"IN-BI-gopalganj","name":"Gopalganj","state":"Bihar"}},{"type":"Feature","geometry":{"type":"Polygon","coordinates":[[[85.881,25.002],[85.831,24.985],[85.821,24.918],[85.859,24.918],[85.891,24.868],[85.971,24.864],[86.025,24.821],[86.051,24.78],[86.106,24.736],[86.134,24.676],[86.126,24.612],[86.166,24.584],[86.293,24.586],[86.312,24.508],[86.294,24.476],[86.319,24.44],[86.354,24.442],[86.416,24.379],[86.452,24.369],[86.489,24.425],[86.49,24.484],[86.524,24.536],[86.583,24.573],[86.609,24.607],[86.607,24.663],[86.545,24.713],[86.551,24.741],[86.521,24.787],[86.529,24.863],[86.481,24.907],[86.499,24.985],[86.457,24.99],[86.431,25.046],[86.39,25.052],[86.385,25.088],[86.412,25.137],[86.365,25.144],[86.31,25.087],[86.235,25.056],[86.239,25.002],[86.139,25.049],[86.126,25.001],[85.993,24.999],[85.936,24.985],[85.881,25.002]]]},"properties":{"code":"IN-BI-jamui","name":"Jamui","state":"Bihar"}},{"type":"Feature","geometry":{"type":"Polygon","coordinates":[[[84.921,25.29],[84.896,25.285],[84.89,25.283],[84.882,25.266],[84.882,25.255],[84.867,25.249],[84.861,25.234],[84.854,25.223],[84.852,25.224],[84.827,25.229],[84.804,25.22],[84.795,25.217],[84.776,25.222],[84.766,25.223],[84.746,25.219],[84.738,25.21],[84.734,25.21],[84.725,25.202],[84.721,25.203],[84.718,25.213],[84.724,25.223],[84.728,25.223],[84.74,25.231],[84.765,25.232],[84.778,25.238],[84.778,25.257],[84.767,25.257],[84.763,25.257],[84.754,25.262],[84.75,25.262],[84.735,25.269],[84.728,25.253],[84.708,25.262],[84.705,25.262],[84.693,25.255],[84.682,25.257],[84.687,25.271],[84.697,25.273],[84.701,25.284],[84.716,25.286],[84.717,25.294],[84.703,25.301],[84.697,25.316],[84.668,25.3],[84.62,25.236],[84.524,25.21],[84.458,25.162],[84.44,25.13],[84.505,25.109],[84.679,25.104],[84.731,25.058],[84.805,25.074],[84.899,25.06],[84.892,25.023],[84.935,24.981],[85.05,25.035],[85.098,25],[85.129,25.05],[85.197,25.054],[85.202,25.056],[85.209,25.064],[85.204,25.078],[85.196,25.092],[85.202,25.1],[85.198,25.102],[85.182,25.106],[85.166,25.125],[85.166,25.138],[85.186,25.148],[85.181,25.162],[85.17,25.172],[85.161,25.166],[85.164,25.181],[85.158,25.195],[85.166,25.207],[85.169,25.209],[85.174,25.212],[85.175,25.219],[85.17,25.226],[85.169,25.248],[85.187,25.254],[85.191,25.259],[85.199,25.266],[85.189,25.265],[85.17,25.273],[85.18,25.292],[85.181,25.299],[85.178,25.304],[85.167,25.309],[85.165,25.308],[85.152,25.312],[85.129,25.317],[85.125,25.309],[85.117,25.298],[85.118,25.282],[85.114,25.273],[85.109,25.273],[85.106,25.28],[85.089,25.289],[85.089,25.284],[85.078,25.276],[85.071,25.284],[85.058,25.284],[85.053,25.285],[85.046,25.282],[85.035,25.273],[85.033,25.273],[85.021,25.267],[85.019,25.293],[85.009,25.306],[85.007,25.318],[85.005,25.321],[84.979,25.31],[84.971,25.292],[84.958,25.29],[84.936,25.287],[84.93,25.273],[84.923,25.269],[84.921,25.29]]]},"properties":{"code":"IN-BI-jehanabad","name":"Jehanabad","state":"Bihar"}},{"type":"Feature","geometry":{"type":"Polygon","coordinates":[[[88.043,25.695],[88.03,25.699],[88.022,25.692],[88.014,25.694],[88.018,25.702],[88.007,25.707],[87.997,25.712],[87.982,25.722],[87.961,25.725],[87.96,25.732],[87.951,25.739],[87.938,25.758],[87.929,25.772],[87.929,25.768],[87.905,25.772],[87.901,25.769],[87.898,25.799],[87.899,25.8],[87.899,25.806],[87.902,25.811],[87.903,25.814],[87.909,25.811],[87.911,25.815],[87.899,25.82],[87.894,25.825],[87.894,25.829],[87.891,25.827],[87.897,25.835],[87.897,25.84],[87.899,25.86],[87.872,25.86],[87.868,25.864],[87.856,25.865],[87.85,25.867],[87.835,25.869],[87.823,25.871],[87.818,25.881],[87.822,25.786],[87.749,25.751],[87.681,25.745],[87.663,25.688],[87.535,25.674],[87.333,25.682],[87.255,25.717],[87.248,25.598],[87.262,25.558],[87.223,25.537],[87.206,25.484],[87.225,25.451],[87.224,25.443],[87.215,25.431],[87.203,25.427],[87.217,25.4],[87.213,25.397],[87.216,25.39],[87.223,25.385],[87.229,25.379],[87.242,25.379],[87.271,25.369],[87.264,25.352],[87.289,25.398],[87.3,25.402],[87.337,25.415],[87.351,25.415],[87.361,25.408],[87.375,25.403],[87.402,25.384],[87.414,25.378],[87.424,25.375],[87.44,25.361],[87.483,25.367],[87.511,25.351],[87.522,25.347],[87.525,25.355],[87.526,25.351],[87.532,25.335],[87.547,25.331],[87.607,25.311],[87.684,25.31],[87.708,25.256],[87.783,25.246],[87.788,25.22],[87.849,25.253],[87.85,25.297],[87.782,25.338],[87.763,25.396],[87.787,25.449],[87.863,25.465],[87.87,25.503],[87.956,25.538],[88.004,25.494],[88.07,25.481],[88.068,25.497],[88.066,25.505],[88.064,25.506],[88.056,25.53],[88.046,25.534],[88.03,25.55],[88.027,25.553],[88.03,25.559],[88.033,25.561],[88.025,25.569],[88.03,25.574],[88.021,25.587],[88.039,25.595],[88.031,25.598],[88.037,25.616],[88.044,25.628],[88.036,25.637],[88.036,25.641],[88.043,25.639],[88.044,25.643],[88.049,25.644],[88.043,25.674],[88.049,25.681],[88.043,25.695]]]},"properties":{"code":"IN-BI-katihar","name":"Katihar","state":"Bihar"}},{"type":"Feature","geometry":{"type":"Polygon","coordinates":[[[86.41,25.729],[86.407,25.722],[86.384,25.716],[86.378,25.712],[86.367,25.707],[86.347,25.696],[86.342,25.692],[86.336,25.679],[86.321,25.659],[86.286,25.64],[86.274,25.597],[86.289,25.527],[86.358,25.501],[86.417,25.498],[86.444,25.452],[86.503,25.429],[86.536,25.493],[86.574,25.486],[86.594,25.426],[86.629,25.405],[86.628,25.306],[86.652,25.271],[86.725,25.254],[86.752,25.267],[86.76,25.268],[86.768,25.289],[86.774,25.3],[86.779,25.311],[86.782,25.319],[86.789,25.33],[86.805,25.328],[86.812,25.333],[86.818,25.338],[86.834,25.355],[86.84,25.358],[86.85,25.363],[86.842,25.379],[86.834,25.385],[86.833,25.396],[86.826,25.405],[86.816,25.414],[86.818,25.421],[86.822,25.433],[86.822,25.435],[86.806,25.457],[86.807,25.458],[86.813,25.469],[86.812,25.472],[86.819,25.474],[86.822,25.491],[86.836,25.517],[86.843,25.565],[86.844,25.574],[86.842,25.581],[86.839,25.584],[86.835,25.587],[86.834,25.619],[86.828,25.621],[86.809,25.632],[86.803,25.636],[86.801,25.638],[86.773,25.623],[86.727,25.661],[86.591,25.621],[86.562,25.602],[86.505,25.611],[86.474,25.638],[86.456,25.689],[86.41,25.729]]]},"properties":{"code":"IN-BI-khagaria","name":"Khagaria","state":"Bihar"}},{"type":"Feature","geometry":{"type":"Polygon","coordinates":[[[88.186,26.5],[88.221,26.546],[88.212,26.542],[88.199,26.539],[88.197,26.544],[88.182,26.543],[88.18,26.534],[88.157,26.519],[88.151,26.517],[88.106,26.536],[88.097,26.437],[88.03,26.382],[87.935,26.418],[87.903,26.477],[87.851,26.436],[87.795,26.469],[87.776,26.419],[87.712,26.427],[87.646,26.393],[87.615,26.323],[87.649,26.277],[87.679,26.192],[87.671,26.111],[87.685,26.112],[87.696,26.117],[87.713,26.123],[87.727,26.113],[87.748,26.116],[87.766,26.112],[87.767,26.098],[87.782,26.104],[87.791,26.109],[87.812,26.107],[87.821,26.106],[87.856,26.113],[87.858,26.108],[87.855,26.104],[87.86,26.093],[87.853,26.08],[87.859,26.078],[87.839,26.059],[87.839,26.049],[87.832,26.022],[87.814,25.977],[87.807,25.959],[87.809,25.947],[87.827,25.932],[87.828,25.941],[87.824,25.946],[87.831,25.962],[87.826,25.984],[87.833,26.001],[87.842,26.032],[87.849,26.045],[87.875,26.056],[87.876,26.066],[87.888,26.072],[87.893,26.08],[87.896,26.08],[87.918,26.088],[87.922,26.077],[87.931,26.069],[87.96,26.084],[87.968,26.081],[87.972,26.085],[87.969,26.092],[87.954,26.103],[87.969,26.109],[87.967,26.125],[87.968,26.132],[87.969,26.139],[87.963,26.149],[87.982,26.159],[87.996,26.142],[88.007,26.143],[88.015,26.143],[88.012,26.155],[88.034,26.17],[88.037,26.178],[88.059,26.174],[88.07,26.176],[88.073,26.185],[88.087,26.194],[88.09,26.203],[88.094,26.207],[88.102,26.212],[88.106,26.216],[88.116,26.223],[88.12,26.228],[88.126,26.227],[88.137,26.244],[88.159,26.257],[88.163,26.258],[88.177,26.262],[88.204,26.28],[88.214,26.282],[88.221,26.288],[88.227,26.297],[88.256,26.33],[88.261,26.338],[88.265,26.336],[88.27,26.333],[88.272,26.331],[88.279,26.346],[88.289,26.351],[88.29,26.357],[88.282,26.36],[88.27,26.379],[88.262,26.38],[88.255,26.374],[88.245,26.376],[88.232,26.385],[88.23,26.394],[88.252,26.434],[88.237,26.449],[88.215,26.466],[88.226,26.472],[88.179,26.491],[88.186,26.5]]]},"properties":{"code":"IN-BI-kishanganj","name":"Kishanganj","state":"Bihar"}},{"type":"Feature","geometry":{"type":"Polygon","coordinates":[[[86.057,25.334],[86.047,25.341],[86.033,25.333],[86.035,25.331],[86.03,25.307],[86.023,25.304],[86.016,25.293],[86.01,25.294],[86.008,25.3],[86.005,25.299],[85.943,25.323],[85.925,25.324],[85.925,25.313],[85.923,25.303],[85.905,25.297],[85.9,25.299],[85.897,25.269],[85.895,25.265],[85.906,25.254],[85.914,25.25],[85.918,25.244],[85.959,25.166],[85.946,25.072],[85.888,25.043],[85.881,25.002],[85.936,24.985],[85.993,24.999],[86.126,25.001],[86.139,25.049],[86.239,25.002],[86.235,25.056],[86.31,25.087],[86.365,25.144],[86.412,25.137],[86.402,25.183],[86.348,25.283],[86.307,25.317],[86.226,25.258],[86.199,25.25],[86.127,25.275],[86.057,25.334]]]},"properties":{"code":"IN-BI-lakhisarai","name":"Lakhisarai","state":"Bihar"}},{"type":"Feature","geometry":{"type":"Polygon","coordinates":[[[87.086,26.055],[87.005,26.077],[86.855,26.094],[86.82,26.111],[86.775,26.094],[86.725,26.12],[86.682,26.036],[86.628,26.029],[86.623,26.017],[86.604,25.997],[86.603,25.992],[86.608,25.971],[86.619,25.967],[86.624,25.967],[86.611,25.947],[86.614,25.944],[86.628,25.93],[86.637,25.926],[86.643,25.923],[86.665,25.93],[86.668,25.936],[86.675,25.938],[86.681,25.907],[86.698,25.89],[86.706,25.867],[86.744,25.858],[86.771,25.861],[86.786,25.864],[86.803,25.875],[86.818,25.869],[86.824,25.87],[86.836,25.871],[86.834,25.868],[86.841,25.849],[86.844,25.845],[86.847,25.837],[86.864,25.818],[86.85,25.798],[86.854,25.79],[86.848,25.781],[86.846,25.776],[86.852,25.762],[86.844,25.75],[86.854,25.746],[86.841,25.745],[86.84,25.736],[86.863,25.73],[86.868,25.722],[86.852,25.696],[86.855,25.685],[86.836,25.678],[86.823,25.665],[86.804,25.657],[86.8,25.658],[86.8,25.649],[86.803,25.641],[86.801,25.638],[86.803,25.636],[86.809,25.632],[86.828,25.621],[86.834,25.619],[86.835,25.587],[86.839,25.584],[86.842,25.581],[86.844,25.574],[86.843,25.565],[86.836,25.517],[86.822,25.491],[86.819,25.474],[86.812,25.472],[86.813,25.469],[86.807,25.458],[86.806,25.457],[86.818,25.444],[86.874,25.463],[86.905,25.492],[86.946,25.475],[87.067,25.469],[87.096,25.514],[87.091,25.524],[87.075,25.521],[87.072,25.519],[87.062,25.526],[87.055,25.523],[87.052,25.532],[87.057,25.565],[87.055,25.58],[87.039,25.608],[87.034,25.629],[87.023,25.651],[87.024,25.664],[87.035,25.667],[87.045,25.682],[87.042,25.7],[87.035,25.71],[87.03,25.714],[87.017,25.721],[87.007,25.761],[87.015,25.792],[87.013,25.809],[87.014,25.814],[87.018,25.817],[87.022,25.814],[87.027,25.814],[87.033,25.832],[87.024,25.861],[87.028,25.874],[87.028,25.877],[87.024,25.896],[87.022,25.898],[87.014,25.892],[87.013,25.896],[86.999,25.912],[86.986,25.934],[86.993,25.943],[87.006,25.944],[87.019,25.952],[87.032,25.958],[87.041,25.953],[87.045,25.951],[87.05,25.953],[87.075,25.961],[87.074,25.966],[87.076,25.97],[87.064,25.975],[87.066,25.999],[87.08,26.021],[87.103,26.041],[87.086,26.055]]]},"properties":{"code":"IN-BI-madhepura","name":"Madhepura","state":"Bihar"}},{"type":"Feature","geometry":{"type":"Polygon","coordinates":[[[86.713,26.436],[86.567,26.501],[86.544,26.538],[86.31,26.62],[86.157,26.61],[86.072,26.657],[86.031,26.666],[85.861,26.569],[85.818,26.604],[85.788,26.499],[85.753,26.492],[85.761,26.437],[85.756,26.424],[85.75,26.407],[85.755,26.407],[85.766,26.406],[85.798,26.414],[85.808,26.413],[85.809,26.406],[85.807,26.396],[85.813,26.391],[85.825,26.383],[85.824,26.381],[85.816,26.383],[85.814,26.383],[85.813,26.378],[85.817,26.369],[85.82,26.365],[85.823,26.363],[85.822,26.36],[85.811,26.355],[85.811,26.349],[85.828,26.347],[85.829,26.345],[85.824,26.328],[85.81,26.33],[85.809,26.313],[85.805,26.31],[85.805,26.298],[85.828,26.284],[85.847,26.283],[85.856,26.286],[85.865,26.283],[85.873,26.278],[85.875,26.282],[85.897,26.291],[85.909,26.288],[85.909,26.294],[85.906,26.308],[85.91,26.312],[85.917,26.309],[85.924,26.313],[85.97,26.326],[86.003,26.303],[85.995,26.268],[86.048,26.214],[86.104,26.206],[86.164,26.229],[86.172,26.229],[86.197,26.228],[86.233,26.233],[86.234,26.226],[86.231,26.205],[86.254,26.193],[86.26,26.182],[86.264,26.185],[86.282,26.172],[86.318,26.15],[86.309,26.14],[86.312,26.106],[86.315,26.099],[86.336,26.086],[86.359,26.065],[86.362,26.05],[86.392,26.045],[86.394,26.048],[86.412,26.059],[86.421,26.076],[86.425,26.081],[86.446,26.113],[86.459,26.129],[86.478,26.132],[86.485,26.129],[86.507,26.133],[86.514,26.14],[86.521,26.155],[86.517,26.161],[86.507,26.165],[86.498,26.171],[86.484,26.163],[86.471,26.155],[86.456,26.156],[86.456,26.159],[86.444,26.176],[86.438,26.176],[86.425,26.163],[86.422,26.166],[86.419,26.171],[86.417,26.168],[86.406,26.166],[86.392,26.185],[86.398,26.19],[86.396,26.199],[86.394,26.211],[86.398,26.203],[86.418,26.202],[86.426,26.211],[86.424,26.217],[86.426,26.224],[86.438,26.219],[86.478,26.221],[86.485,26.226],[86.501,26.226],[86.504,26.249],[86.502,26.255],[86.489,26.269],[86.494,26.282],[86.506,26.284],[86.527,26.31],[86.644,26.371],[86.687,26.373],[86.713,26.436]]]},"properties":{"code":"IN-BI-madhubani","name":"Madhubani","state":"Bihar"}},{"type":"Feature","geometry":{"type":"Polygon","coordinates":[[[86.503,25.429],[86.47,25.399],[86.383,25.381],[86.307,25.317],[86.348,25.283],[86.402,25.183],[86.412,25.137],[86.385,25.088],[86.39,25.052],[86.431,25.046],[86.457,24.99],[86.499,24.985],[86.595,24.948],[86.637,24.974],[86.649,25.055],[86.687,25.118],[86.682,25.121],[86.678,25.123],[86.673,25.13],[86.679,25.14],[86.69,25.143],[86.693,25.148],[86.699,25.162],[86.699,25.17],[86.701,25.171],[86.713,25.17],[86.715,25.171],[86.727,25.181],[86.729,25.184],[86.718,25.187],[86.709,25.187],[86.698,25.188],[86.691,25.199],[86.688,25.202],[86.687,25.19],[86.684,25.189],[86.67,25.206],[86.661,25.214],[86.645,25.221],[86.633,25.238],[86.637,25.242],[86.671,25.24],[86.686,25.243],[86.72,25.249],[86.725,25.254],[86.652,25.271],[86.628,25.306],[86.629,25.405],[86.594,25.426],[86.574,25.486],[86.536,25.493],[86.503,25.429]]]},"properties":{"code":"IN-BI-munger","name":"Munger","state":"Bihar"}},{"type":"Feature","geometry":{"type":"Polygon","coordinates":[[[85.571,26.374],[85.562,26.391],[85.547,26.382],[85.53,26.374],[85.527,26.373],[85.524,26.38],[85.514,26.377],[85.487,26.357],[85.478,26.356],[85.476,26.35],[85.472,26.338],[85.462,26.336],[85.464,26.329],[85.457,26.317],[85.45,26.302],[85.43,26.274],[85.432,26.284],[85.415,26.274],[85.421,26.293],[85.415,26.289],[85.404,26.272],[85.402,26.277],[85.399,26.284],[85.397,26.291],[85.388,26.281],[85.389,26.296],[85.397,26.298],[85.392,26.303],[85.409,26.306],[85.394,26.32],[85.385,26.324],[85.384,26.315],[85.381,26.31],[85.372,26.314],[85.369,26.327],[85.354,26.349],[85.346,26.339],[85.338,26.346],[85.334,26.343],[85.33,26.331],[85.323,26.333],[85.32,26.351],[85.291,26.346],[85.276,26.348],[85.275,26.351],[85.263,26.353],[85.248,26.351],[85.237,26.369],[85.229,26.37],[85.214,26.356],[85.219,26.352],[85.226,26.355],[85.232,26.352],[85.234,26.348],[85.265,26.336],[85.259,26.331],[85.256,26.333],[85.249,26.31],[85.252,26.305],[85.254,26.299],[85.251,26.299],[85.244,26.3],[85.23,26.308],[85.224,26.309],[85.227,26.304],[85.205,26.298],[85.196,26.287],[85.194,26.289],[85.201,26.303],[85.192,26.296],[85.196,26.32],[85.194,26.312],[85.186,26.326],[85.186,26.315],[85.183,26.323],[85.18,26.335],[85.17,26.341],[85.164,26.335],[85.131,26.319],[85.127,26.313],[85.124,26.317],[85.119,26.318],[85.09,26.322],[85.08,26.326],[85.066,26.331],[85.056,26.343],[85.028,26.333],[85.016,26.319],[85.009,26.324],[85.002,26.332],[84.949,26.327],[84.902,26.321],[84.876,26.276],[84.875,26.243],[84.902,26.226],[84.895,26.221],[84.89,26.217],[84.904,26.195],[84.91,26.181],[84.911,26.166],[84.907,26.155],[84.913,26.138],[84.92,26.134],[84.941,26.107],[84.933,26.097],[84.939,26.094],[84.942,26.074],[84.94,26.055],[84.927,26.043],[84.931,26.029],[84.952,26.01],[84.955,26],[84.957,25.998],[84.958,25.997],[84.966,25.995],[84.968,25.995],[84.969,25.996],[84.971,25.998],[84.971,25.999],[84.972,25.999],[84.972,26.001],[84.98,26.006],[84.992,26.014],[85.003,26],[85.046,25.991],[85.052,25.983],[85.071,25.97],[85.09,25.974],[85.095,25.978],[85.102,25.982],[85.099,25.988],[85.134,25.99],[85.141,25.987],[85.149,26.008],[85.151,26.009],[85.157,26.01],[85.198,26.007],[85.203,26.003],[85.208,26.003],[85.22,26.006],[85.228,26.007],[85.241,26.013],[85.262,26.015],[85.27,26.011],[85.283,25.995],[85.285,25.979],[85.285,25.97],[85.28,25.953],[85.277,25.952],[85.293,25.945],[85.308,25.942],[85.326,25.95],[85.356,25.939],[85.362,25.93],[85.384,25.934],[85.398,25.939],[85.399,25.943],[85.422,25.935],[85.427,25.93],[85.438,25.924],[85.448,25.924],[85.464,25.929],[85.506,25.906],[85.546,25.906],[85.553,25.919],[85.566,25.921],[85.571,25.918],[85.587,25.923],[85.598,25.925],[85.611,25.923],[85.626,25.924],[85.619,26.006],[85.673,26.028],[85.707,26.091],[85.721,26.127],[85.719,26.202],[85.692,26.227],[85.696,26.308],[85.694,26.31],[85.684,26.32],[85.67,26.322],[85.656,26.32],[85.65,26.322],[85.632,26.321],[85.627,26.328],[85.609,26.348],[85.597,26.354],[85.59,26.356],[85.58,26.361],[85.567,26.366],[85.571,26.374]]]},"properties":{"code":"IN-BI-muzaffarpur","name":"Muzaffarpur","state":"Bihar"}},{"type":"Feature","geometry":{"type":"Polygon","coordinates":[[[85.898,25.294],[85.804,25.292],[85.747,25.318],[85.708,25.356],[85.643,25.34],[85.621,25.382],[85.583,25.385],[85.571,25.425],[85.491,25.429],[85.399,25.462],[85.354,25.403],[85.3,25.396],[85.181,25.403],[85.174,25.31],[85.178,25.304],[85.181,25.299],[85.18,25.292],[85.17,25.273],[85.189,25.265],[85.199,25.266],[85.191,25.259],[85.187,25.254],[85.169,25.248],[85.17,25.226],[85.175,25.219],[85.174,25.212],[85.169,25.209],[85.166,25.207],[85.158,25.195],[85.164,25.181],[85.161,25.166],[85.17,25.172],[85.181,25.162],[85.186,25.148],[85.166,25.138],[85.166,25.125],[85.182,25.106],[85.198,25.102],[85.202,25.1],[85.196,25.092],[85.204,25.078],[85.209,25.064],[85.202,25.056],[85.195,25.034],[85.203,25.035],[85.211,25.043],[85.214,25.044],[85.216,25.055],[85.235,25.02],[85.242,25.013],[85.255,25.012],[85.256,25.023],[85.256,25.033],[85.264,25.032],[85.269,25.027],[85.276,25.031],[85.317,25.026],[85.323,25.015],[85.335,25.011],[85.344,25.018],[85.355,25.007],[85.356,25.002],[85.358,24.99],[85.367,24.99],[85.383,24.991],[85.374,24.976],[85.378,24.977],[85.4,24.974],[85.424,24.977],[85.486,25.005],[85.521,25.007],[85.532,25.014],[85.548,24.99],[85.559,24.994],[85.563,24.995],[85.565,25.004],[85.56,25.005],[85.548,25.025],[85.552,25.034],[85.556,25.035],[85.564,25.03],[85.593,25.03],[85.602,25.037],[85.619,25.051],[85.63,25.059],[85.644,25.063],[85.643,25.085],[85.634,25.099],[85.614,25.116],[85.605,25.114],[85.602,25.109],[85.599,25.129],[85.625,25.132],[85.648,25.124],[85.662,25.126],[85.685,25.16],[85.695,25.172],[85.688,25.18],[85.698,25.19],[85.709,25.19],[85.714,25.195],[85.722,25.201],[85.717,25.219],[85.693,25.233],[85.695,25.27],[85.717,25.276],[85.73,25.264],[85.739,25.262],[85.755,25.265],[85.764,25.245],[85.785,25.251],[85.78,25.235],[85.78,25.218],[85.806,25.226],[85.813,25.22],[85.827,25.223],[85.832,25.233],[85.847,25.242],[85.853,25.242],[85.867,25.239],[85.878,25.23],[85.899,25.232],[85.918,25.244],[85.914,25.25],[85.906,25.254],[85.895,25.265],[85.897,25.269],[85.898,25.294]]]},"properties":{"code":"IN-BI-nalanda","name":"Nalanda","state":"Bihar"}},{"type":"Feature","geometry":{"type":"Polygon","coordinates":[[[85.634,25.099],[85.643,25.085],[85.644,25.063],[85.63,25.059],[85.619,25.051],[85.602,25.037],[85.593,25.03],[85.564,25.03],[85.556,25.035],[85.552,25.034],[85.548,25.025],[85.56,25.005],[85.565,25.004],[85.563,24.995],[85.559,24.994],[85.548,24.99],[85.532,25.014],[85.521,25.007],[85.486,25.005],[85.424,24.977],[85.4,24.974],[85.389,24.966],[85.376,24.898],[85.319,24.853],[85.269,24.747],[85.326,24.712],[85.289,24.672],[85.311,24.562],[85.383,24.535],[85.442,24.539],[85.494,24.551],[85.534,24.532],[85.609,24.585],[85.665,24.582],[85.66,24.675],[85.705,24.729],[85.704,24.757],[85.737,24.823],[85.777,24.799],[85.878,24.8],[85.905,24.761],[85.97,24.734],[86.051,24.78],[86.025,24.821],[85.971,24.864],[85.891,24.868],[85.859,24.918],[85.821,24.918],[85.831,24.985],[85.788,24.98],[85.76,25.029],[85.77,25.094],[85.717,25.093],[85.679,25.113],[85.634,25.099]]]},"properties":{"code":"IN-BI-nawada","name":"Nawada","state":"Bihar"}},{"type":"Feature","geometry":{"type":"Polygon","coordinates":[[[84.754,27.005],[84.645,27.047],[84.678,27.103],[84.692,27.222],[84.624,27.336],[84.443,27.37],[84.394,27.368],[84.293,27.385],[84.256,27.452],[84.151,27.486],[84.111,27.522],[84.054,27.443],[83.948,27.441],[83.87,27.429],[83.89,27.358],[83.859,27.351],[83.829,27.327],[83.829,27.323],[83.831,27.321],[83.843,27.321],[83.847,27.317],[83.851,27.312],[83.908,27.33],[83.904,27.281],[83.896,27.277],[83.902,27.252],[83.908,27.248],[83.956,27.234],[83.962,27.228],[83.963,27.221],[83.96,27.217],[83.965,27.211],[83.977,27.203],[83.967,27.161],[83.951,27.141],[83.952,27.129],[83.951,27.126],[83.941,27.12],[83.94,27.102],[83.941,27.09],[83.948,27.086],[83.978,27.093],[83.981,27.094],[83.993,27.1],[84.005,27.104],[84.021,27.095],[84.019,27.093],[84.017,27.084],[83.991,27.071],[84.036,27.047],[84.04,27.035],[84.05,26.991],[84.036,26.984],[84.043,26.98],[84.044,26.961],[84.041,26.957],[84.035,26.949],[84.032,26.949],[84.025,26.943],[84.03,26.94],[84.037,26.933],[84.042,26.909],[84.045,26.905],[84.049,26.9],[84.059,26.891],[84.088,26.882],[84.093,26.878],[84.101,26.894],[84.101,26.901],[84.109,26.894],[84.13,26.885],[84.132,26.856],[84.169,26.835],[84.175,26.846],[84.176,26.853],[84.181,26.857],[84.19,26.86],[84.209,26.871],[84.222,26.87],[84.229,26.87],[84.246,26.859],[84.252,26.845],[84.243,26.822],[84.249,26.821],[84.252,26.809],[84.248,26.793],[84.225,26.757],[84.234,26.74],[84.254,26.734],[84.259,26.741],[84.279,26.751],[84.298,26.753],[84.306,26.738],[84.319,26.716],[84.323,26.688],[84.337,26.681],[84.35,26.681],[84.402,26.671],[84.407,26.638],[84.421,26.626],[84.42,26.621],[84.421,26.613],[84.418,26.614],[84.41,26.588],[84.449,26.628],[84.46,26.623],[84.483,26.605],[84.542,26.658],[84.56,26.666],[84.583,26.671],[84.584,26.675],[84.594,26.684],[84.62,26.695],[84.631,26.684],[84.687,26.717],[84.695,26.718],[84.719,26.798],[84.727,26.798],[84.736,26.813],[84.726,26.826],[84.681,26.882],[84.675,26.893],[84.672,26.917],[84.689,26.919],[84.69,26.939],[84.703,26.948],[84.709,26.953],[84.754,27.005]]]},"properties":{"code":"IN-BI-pashchim-champaran","name":"Pashchim Champaran","state":"Bihar"}},{"type":"Feature","geometry":{"type":"Polygon","coordinates":[[[84.999,25.733],[84.977,25.727],[84.971,25.722],[84.939,25.705],[84.922,25.706],[84.916,25.707],[84.9,25.71],[84.891,25.717],[84.875,25.713],[84.863,25.717],[84.851,25.699],[84.822,25.677],[84.817,25.672],[84.827,25.659],[84.835,25.657],[84.818,25.638],[84.815,25.62],[84.821,25.617],[84.811,25.576],[84.763,25.538],[84.757,25.523],[84.748,25.492],[84.77,25.448],[84.725,25.355],[84.707,25.322],[84.703,25.301],[84.717,25.294],[84.716,25.286],[84.701,25.284],[84.697,25.273],[84.687,25.271],[84.682,25.257],[84.693,25.255],[84.705,25.262],[84.708,25.262],[84.728,25.253],[84.735,25.269],[84.75,25.262],[84.754,25.262],[84.763,25.257],[84.767,25.257],[84.778,25.257],[84.778,25.238],[84.765,25.232],[84.74,25.231],[84.728,25.223],[84.724,25.223],[84.718,25.213],[84.721,25.203],[84.725,25.202],[84.734,25.21],[84.738,25.21],[84.746,25.219],[84.766,25.223],[84.776,25.222],[84.795,25.217],[84.804,25.22],[84.827,25.229],[84.852,25.224],[84.854,25.223],[84.861,25.234],[84.867,25.249],[84.882,25.255],[84.882,25.266],[84.89,25.283],[84.896,25.285],[84.921,25.29],[84.923,25.269],[84.93,25.273],[84.936,25.287],[84.958,25.29],[84.971,25.292],[84.979,25.31],[85.005,25.321],[85.007,25.318],[85.009,25.306],[85.019,25.293],[85.021,25.267],[85.033,25.273],[85.035,25.273],[85.046,25.282],[85.053,25.285],[85.058,25.284],[85.071,25.284],[85.078,25.276],[85.089,25.284],[85.089,25.289],[85.106,25.28],[85.109,25.273],[85.114,25.273],[85.118,25.282],[85.117,25.298],[85.125,25.309],[85.129,25.317],[85.152,25.312],[85.165,25.308],[85.167,25.309],[85.174,25.31],[85.181,25.403],[85.3,25.396],[85.354,25.403],[85.399,25.462],[85.491,25.429],[85.571,25.425],[85.583,25.385],[85.621,25.382],[85.643,25.34],[85.708,25.356],[85.747,25.318],[85.804,25.292],[85.898,25.294],[85.9,25.299],[85.905,25.297],[85.923,25.303],[85.925,25.313],[85.925,25.324],[85.943,25.323],[86.005,25.299],[86.008,25.3],[86.01,25.294],[86.016,25.293],[86.023,25.304],[86.03,25.307],[86.035,25.331],[86.033,25.333],[86.047,25.341],[86.057,25.334],[86.06,25.335],[86.06,25.355],[86.051,25.366],[86.045,25.391],[86.032,25.388],[86.029,25.374],[86.029,25.366],[86.021,25.359],[86.015,25.359],[85.96,25.405],[85.948,25.412],[85.944,25.415],[85.93,25.412],[85.913,25.42],[85.901,25.432],[85.882,25.425],[85.88,25.423],[85.865,25.442],[85.869,25.469],[85.881,25.468],[85.891,25.462],[85.892,25.461],[85.895,25.468],[85.887,25.475],[85.879,25.502],[85.855,25.51],[85.81,25.54],[85.797,25.547],[85.749,25.545],[85.728,25.527],[85.675,25.48],[85.632,25.464],[85.532,25.49],[85.531,25.506],[85.509,25.504],[85.503,25.495],[85.498,25.485],[85.492,25.489],[85.489,25.495],[85.468,25.499],[85.459,25.501],[85.386,25.507],[85.374,25.507],[85.336,25.513],[85.311,25.514],[85.299,25.52],[85.255,25.582],[85.183,25.626],[85.154,25.627],[85.134,25.627],[85.12,25.637],[85.109,25.649],[85.107,25.654],[85.097,25.68],[85.08,25.712],[85.062,25.715],[85.052,25.718],[85.023,25.733],[84.999,25.733]]]},"properties":{"code":"IN-BI-patna","name":"Patna","state":"Bihar"}},{"type":"Feature","geometry":{"type":"Polygon","coordinates":[[[85.26,26.756],[85.2,26.769],[85.179,26.815],[85.191,26.87],[85.113,26.872],[85.046,26.851],[85.046,26.891],[84.973,26.917],[84.964,26.96],[84.861,26.988],[84.82,27.02],[84.754,27.005],[84.709,26.953],[84.703,26.948],[84.69,26.939],[84.689,26.919],[84.672,26.917],[84.675,26.893],[84.681,26.882],[84.726,26.826],[84.736,26.813],[84.727,26.798],[84.719,26.798],[84.695,26.718],[84.687,26.717],[84.631,26.684],[84.62,26.695],[84.594,26.684],[84.584,26.675],[84.583,26.671],[84.56,26.666],[84.542,26.658],[84.483,26.605],[84.506,26.567],[84.508,26.558],[84.535,26.509],[84.559,26.495],[84.572,26.487],[84.58,26.462],[84.584,26.452],[84.604,26.448],[84.647,26.467],[84.688,26.436],[84.704,26.429],[84.707,26.418],[84.706,26.417],[84.717,26.402],[84.76,26.343],[84.796,26.322],[84.803,26.32],[84.804,26.298],[84.821,26.284],[84.828,26.287],[84.842,26.276],[84.876,26.276],[84.902,26.321],[84.949,26.327],[85.002,26.332],[85.009,26.324],[85.016,26.319],[85.028,26.333],[85.056,26.343],[85.066,26.331],[85.08,26.326],[85.09,26.322],[85.119,26.318],[85.124,26.317],[85.127,26.313],[85.131,26.319],[85.164,26.335],[85.17,26.341],[85.18,26.335],[85.183,26.323],[85.186,26.315],[85.186,26.326],[85.194,26.312],[85.196,26.32],[85.192,26.296],[85.201,26.303],[85.194,26.289],[85.196,26.287],[85.205,26.298],[85.227,26.304],[85.224,26.309],[85.23,26.308],[85.244,26.3],[85.251,26.299],[85.254,26.299],[85.252,26.305],[85.249,26.31],[85.256,26.333],[85.259,26.331],[85.265,26.336],[85.234,26.348],[85.232,26.352],[85.226,26.355],[85.219,26.352],[85.214,26.356],[85.229,26.37],[85.237,26.369],[85.248,26.351],[85.263,26.353],[85.275,26.351],[85.276,26.356],[85.275,26.37],[85.284,26.38],[85.281,26.382],[85.277,26.39],[85.27,26.389],[85.258,26.395],[85.253,26.413],[85.254,26.415],[85.239,26.42],[85.227,26.424],[85.222,26.418],[85.218,26.427],[85.201,26.448],[85.208,26.449],[85.193,26.469],[85.184,26.475],[85.173,26.49],[85.176,26.495],[85.21,26.503],[85.213,26.521],[85.216,26.533],[85.215,26.55],[85.216,26.552],[85.232,26.563],[85.242,26.578],[85.26,26.644],[85.26,26.756]]]},"properties":{"code":"IN-BI-purba-champaran","name":"Purba Champaran","state":"Bihar"}},{"type":"Feature","geometry":{"type":"Polygon","coordinates":[[[87.685,26.112],[87.669,26.108],[87.676,26.101],[87.666,26.091],[87.665,26.083],[87.652,26.085],[87.646,26.089],[87.632,26.085],[87.627,26.086],[87.622,26.081],[87.624,26.075],[87.616,26.066],[87.613,26.06],[87.609,26.06],[87.612,26.056],[87.62,26.046],[87.595,26.022],[87.588,26.015],[87.526,25.98],[87.508,25.977],[87.511,25.971],[87.478,25.974],[87.445,25.982],[87.419,25.991],[87.408,25.988],[87.405,25.986],[87.395,25.985],[87.393,25.967],[87.389,25.961],[87.379,25.962],[87.387,25.956],[87.385,25.955],[87.379,25.958],[87.372,25.967],[87.368,25.968],[87.349,25.979],[87.342,25.977],[87.303,25.979],[87.275,25.978],[87.261,25.984],[87.239,25.965],[87.235,25.965],[87.223,25.951],[87.223,25.947],[87.217,25.943],[87.213,25.955],[87.207,25.958],[87.191,25.952],[87.19,25.95],[87.17,25.942],[87.134,25.948],[87.127,25.955],[87.108,25.956],[87.101,25.967],[87.077,25.962],[87.075,25.961],[87.05,25.953],[87.045,25.951],[87.041,25.953],[87.032,25.958],[87.019,25.952],[87.006,25.944],[86.993,25.943],[86.986,25.934],[86.999,25.912],[87.013,25.896],[87.014,25.892],[87.022,25.898],[87.024,25.896],[87.028,25.877],[87.028,25.874],[87.024,25.861],[87.033,25.832],[87.027,25.814],[87.022,25.814],[87.018,25.817],[87.014,25.814],[87.013,25.809],[87.015,25.792],[87.007,25.761],[87.017,25.721],[87.03,25.714],[87.035,25.71],[87.042,25.7],[87.045,25.682],[87.035,25.667],[87.024,25.664],[87.023,25.651],[87.034,25.629],[87.039,25.608],[87.055,25.58],[87.057,25.565],[87.052,25.532],[87.055,25.523],[87.062,25.526],[87.072,25.519],[87.075,25.521],[87.091,25.524],[87.096,25.514],[87.096,25.501],[87.091,25.479],[87.084,25.476],[87.079,25.455],[87.088,25.446],[87.095,25.439],[87.111,25.436],[87.127,25.436],[87.155,25.438],[87.16,25.447],[87.178,25.448],[87.181,25.441],[87.185,25.441],[87.196,25.446],[87.207,25.451],[87.225,25.451],[87.206,25.484],[87.223,25.537],[87.262,25.558],[87.248,25.598],[87.255,25.717],[87.333,25.682],[87.535,25.674],[87.663,25.688],[87.681,25.745],[87.749,25.751],[87.822,25.786],[87.818,25.881],[87.817,25.883],[87.817,25.905],[87.811,25.914],[87.804,25.912],[87.807,25.918],[87.806,25.928],[87.818,25.933],[87.809,25.947],[87.807,25.959],[87.814,25.977],[87.832,26.022],[87.839,26.049],[87.839,26.059],[87.859,26.078],[87.853,26.08],[87.86,26.093],[87.855,26.104],[87.858,26.108],[87.856,26.113],[87.821,26.106],[87.812,26.107],[87.791,26.109],[87.782,26.104],[87.767,26.098],[87.766,26.112],[87.748,26.116],[87.727,26.113],[87.713,26.123],[87.696,26.117],[87.685,26.112]]]},"properties":{"code":"IN-BI-purnia","name":"Purnia","state":"Bihar"}},{"type":"Feature","geometry":{"type":"Polygon","coordinates":[[[84.267,25.361],[84.132,25.373],[84.108,25.359],[84.038,25.376],[84.052,25.309],[84.028,25.269],[83.892,25.295],[83.89,25.264],[83.827,25.245],[83.809,25.201],[83.817,25.154],[83.801,25.115],[83.815,25.038],[83.792,25.012],[83.804,24.961],[83.757,24.914],[83.755,24.874],[83.712,24.834],[83.769,24.795],[83.758,24.729],[83.725,24.648],[83.741,24.578],[83.701,24.543],[83.656,24.556],[83.6,24.542],[83.517,24.549],[83.493,24.542],[83.498,24.527],[83.717,24.505],[83.799,24.53],[83.868,24.533],[83.928,24.548],[83.992,24.638],[84.082,24.771],[84.164,24.851],[84.302,25.003],[84.307,25.017],[84.418,25.08],[84.44,25.13],[84.458,25.162],[84.4,25.194],[84.35,25.193],[84.313,25.217],[84.328,25.299],[84.267,25.361]]]},"properties":{"code":"IN-BI-rohtas","name":"Rohtas","state":"Bihar"}},{"type":"Feature","geometry":{"type":"Polygon","coordinates":[[[86.421,26.076],[86.412,26.059],[86.394,26.048],[86.392,26.045],[86.37,26.045],[86.371,26.041],[86.366,26.037],[86.37,26.032],[86.365,26.028],[86.365,26.018],[86.373,26.01],[86.377,25.997],[86.372,25.992],[86.377,25.986],[86.374,25.984],[86.374,25.981],[86.378,25.976],[86.379,25.956],[86.373,25.954],[86.381,25.945],[86.382,25.939],[86.386,25.94],[86.394,25.937],[86.396,25.931],[86.397,25.928],[86.375,25.924],[86.373,25.933],[86.367,25.935],[86.358,25.938],[86.355,25.93],[86.352,25.928],[86.348,25.925],[86.342,25.915],[86.34,25.905],[86.327,25.896],[86.325,25.892],[86.315,25.873],[86.323,25.856],[86.326,25.86],[86.333,25.861],[86.34,25.862],[86.346,25.856],[86.361,25.851],[86.364,25.851],[86.362,25.843],[86.363,25.84],[86.365,25.836],[86.371,25.831],[86.377,25.828],[86.376,25.819],[86.372,25.815],[86.387,25.813],[86.396,25.81],[86.393,25.804],[86.407,25.797],[86.405,25.792],[86.404,25.788],[86.406,25.784],[86.4,25.784],[86.397,25.776],[86.405,25.773],[86.402,25.769],[86.406,25.766],[86.398,25.735],[86.41,25.729],[86.456,25.689],[86.474,25.638],[86.505,25.611],[86.562,25.602],[86.591,25.621],[86.727,25.661],[86.773,25.623],[86.801,25.638],[86.803,25.641],[86.8,25.649],[86.8,25.658],[86.804,25.657],[86.823,25.665],[86.836,25.678],[86.855,25.685],[86.852,25.696],[86.868,25.722],[86.863,25.73],[86.84,25.736],[86.841,25.745],[86.854,25.746],[86.844,25.75],[86.852,25.762],[86.846,25.776],[86.848,25.781],[86.854,25.79],[86.85,25.798],[86.864,25.818],[86.847,25.837],[86.844,25.845],[86.841,25.849],[86.834,25.868],[86.836,25.871],[86.824,25.87],[86.818,25.869],[86.803,25.875],[86.786,25.864],[86.771,25.861],[86.744,25.858],[86.706,25.867],[86.698,25.89],[86.681,25.907],[86.675,25.938],[86.668,25.936],[86.665,25.93],[86.643,25.923],[86.637,25.926],[86.628,25.93],[86.614,25.944],[86.611,25.947],[86.624,25.967],[86.619,25.967],[86.608,25.971],[86.603,25.992],[86.604,25.997],[86.623,26.017],[86.611,26.03],[86.596,26.022],[86.56,26.031],[86.545,26.035],[86.541,26.034],[86.521,26.014],[86.506,26.002],[86.494,26.045],[86.485,26.061],[86.481,26.055],[86.455,26.059],[86.452,26.075],[86.45,26.078],[86.43,26.079],[86.421,26.076]]]},"properties":{"code":"IN-BI-saharsa","name":"Saharsa","state":"Bihar"}},{"type":"Feature","geometry":{"type":"Polygon","coordinates":[[[85.707,26.091],[85.673,26.028],[85.619,26.006],[85.626,25.924],[85.62,25.905],[85.619,25.89],[85.619,25.887],[85.614,25.876],[85.601,25.867],[85.601,25.85],[85.594,25.843],[85.6,25.842],[85.607,25.834],[85.601,25.828],[85.606,25.817],[85.598,25.798],[85.604,25.791],[85.602,25.785],[85.62,25.773],[85.618,25.759],[85.613,25.757],[85.604,25.729],[85.607,25.726],[85.605,25.708],[85.592,25.7],[85.577,25.688],[85.571,25.684],[85.564,25.685],[85.555,25.657],[85.55,25.639],[85.544,25.618],[85.527,25.602],[85.533,25.575],[85.546,25.572],[85.547,25.562],[85.549,25.559],[85.546,25.538],[85.525,25.545],[85.531,25.506],[85.532,25.49],[85.632,25.464],[85.675,25.48],[85.728,25.527],[85.731,25.539],[85.738,25.559],[85.747,25.564],[85.756,25.57],[85.764,25.579],[85.764,25.584],[85.768,25.589],[85.806,25.579],[85.839,25.587],[85.841,25.594],[85.82,25.618],[85.823,25.623],[85.831,25.633],[85.835,25.64],[85.844,25.646],[85.848,25.642],[85.851,25.646],[85.855,25.645],[85.862,25.662],[85.864,25.662],[85.869,25.667],[85.873,25.652],[85.874,25.648],[85.881,25.652],[85.888,25.654],[85.893,25.646],[85.9,25.643],[85.915,25.647],[85.927,25.649],[85.933,25.652],[85.939,25.653],[85.954,25.638],[85.956,25.633],[85.963,25.621],[85.97,25.616],[85.993,25.6],[86.007,25.591],[86.015,25.633],[86.011,25.649],[86.022,25.662],[86.017,25.666],[86.005,25.661],[86.006,25.667],[86.026,25.69],[86.007,25.712],[86.008,25.72],[86.014,25.726],[86.031,25.728],[86.038,25.721],[86.041,25.731],[86.05,25.73],[86.054,25.725],[86.065,25.728],[86.072,25.737],[86.089,25.745],[86.098,25.745],[86.11,25.737],[86.114,25.738],[86.113,25.74],[86.13,25.736],[86.133,25.746],[86.125,25.752],[86.102,25.759],[86.101,25.776],[86.13,25.768],[86.125,25.762],[86.126,25.76],[86.136,25.766],[86.144,25.766],[86.148,25.754],[86.144,25.748],[86.145,25.743],[86.153,25.734],[86.145,25.729],[86.168,25.719],[86.177,25.689],[86.183,25.668],[86.201,25.658],[86.222,25.656],[86.239,25.653],[86.247,25.647],[86.254,25.635],[86.273,25.632],[86.286,25.64],[86.321,25.659],[86.336,25.679],[86.342,25.692],[86.347,25.696],[86.367,25.707],[86.378,25.712],[86.384,25.716],[86.407,25.722],[86.41,25.729],[86.398,25.735],[86.406,25.766],[86.402,25.769],[86.405,25.773],[86.397,25.776],[86.4,25.784],[86.406,25.784],[86.404,25.788],[86.405,25.792],[86.407,25.797],[86.393,25.804],[86.396,25.81],[86.387,25.813],[86.372,25.815],[86.376,25.819],[86.377,25.828],[86.371,25.831],[86.365,25.836],[86.363,25.84],[86.362,25.843],[86.364,25.851],[86.361,25.851],[86.346,25.856],[86.34,25.862],[86.333,25.861],[86.326,25.86],[86.323,25.856],[86.304,25.867],[86.26,25.908],[86.205,25.889],[86.102,25.895],[86.032,25.948],[85.974,25.937],[85.866,25.986],[85.859,26.023],[85.711,26.048],[85.707,26.091]]]},"properties":{"code":"IN-BI-samastipur","name":"Samastipur","state":"Bihar"}},{"type":"Feature","geometry":{"type":"Polygon","coordinates":[[[84.89,26.217],[84.755,26.213],[84.772,26.178],[84.711,26.122],[84.699,26.084],[84.607,26.085],[84.564,26.035],[84.408,26.034],[84.432,25.963],[84.454,25.95],[84.451,25.89],[84.479,25.888],[84.507,25.872],[84.532,25.873],[84.54,25.86],[84.52,25.861],[84.527,25.834],[84.533,25.832],[84.571,25.83],[84.598,25.81],[84.62,25.794],[84.619,25.789],[84.61,25.777],[84.603,25.772],[84.615,25.753],[84.622,25.747],[84.596,25.739],[84.623,25.707],[84.739,25.709],[84.772,25.691],[84.846,25.697],[84.851,25.699],[84.863,25.717],[84.875,25.713],[84.891,25.717],[84.9,25.71],[84.916,25.707],[84.922,25.706],[84.939,25.705],[84.971,25.722],[84.977,25.727],[84.999,25.733],[85.023,25.733],[85.052,25.718],[85.062,25.715],[85.08,25.712],[85.097,25.68],[85.107,25.654],[85.109,25.649],[85.12,25.637],[85.134,25.627],[85.154,25.627],[85.183,25.626],[85.187,25.625],[85.192,25.676],[85.168,25.755],[85.159,25.834],[85.117,25.854],[85.075,25.926],[85.061,25.973],[85.052,25.983],[85.046,25.991],[85.003,26],[84.992,26.014],[84.98,26.006],[84.972,26.001],[84.972,25.999],[84.971,25.999],[84.971,25.998],[84.969,25.996],[84.968,25.995],[84.966,25.995],[84.958,25.997],[84.957,25.998],[84.955,26],[84.952,26.01],[84.931,26.029],[84.927,26.043],[84.94,26.055],[84.942,26.074],[84.939,26.094],[84.933,26.097],[84.941,26.107],[84.92,26.134],[84.913,26.138],[84.907,26.155],[84.911,26.166],[84.91,26.181],[84.904,26.195],[84.89,26.217]]]},"properties":{"code":"IN-BI-saran","name":"Saran","state":"Bihar"}},{"type":"Feature","geometry":{"type":"Polygon","coordinates":[[[85.918,25.244],[85.899,25.232],[85.878,25.23],[85.867,25.239],[85.853,25.242],[85.847,25.242],[85.832,25.233],[85.827,25.223],[85.813,25.22],[85.806,25.226],[85.78,25.218],[85.78,25.235],[85.785,25.251],[85.764,25.245],[85.755,25.265],[85.739,25.262],[85.73,25.264],[85.717,25.276],[85.695,25.27],[85.693,25.233],[85.717,25.219],[85.722,25.201],[85.714,25.195],[85.709,25.19],[85.698,25.19],[85.688,25.18],[85.695,25.172],[85.685,25.16],[85.662,25.126],[85.648,25.124],[85.625,25.132],[85.599,25.129],[85.602,25.109],[85.605,25.114],[85.614,25.116],[85.634,25.099],[85.679,25.113],[85.717,25.093],[85.77,25.094],[85.76,25.029],[85.788,24.98],[85.831,24.985],[85.881,25.002],[85.888,25.043],[85.946,25.072],[85.959,25.166],[85.918,25.244]]]},"properties":{"code":"IN-BI-sheikhpura","name":"Sheikhpura","state":"Bihar"}},{"type":"Feature","geometry":{"type":"Polygon","coordinates":[[[85.276,26.356],[85.276,26.348],[85.291,26.346],[85.32,26.351],[85.323,26.333],[85.33,26.331],[85.334,26.343],[85.338,26.346],[85.346,26.339],[85.354,26.349],[85.369,26.327],[85.385,26.353],[85.379,26.365],[85.381,26.372],[85.427,26.377],[85.453,26.411],[85.453,26.414],[85.444,26.422],[85.425,26.456],[85.469,26.491],[85.426,26.518],[85.417,26.516],[85.396,26.519],[85.369,26.538],[85.351,26.636],[85.306,26.645],[85.269,26.633],[85.242,26.578],[85.232,26.563],[85.216,26.552],[85.215,26.55],[85.216,26.533],[85.213,26.521],[85.21,26.503],[85.176,26.495],[85.173,26.49],[85.184,26.475],[85.193,26.469],[85.208,26.449],[85.201,26.448],[85.218,26.427],[85.222,26.418],[85.227,26.424],[85.239,26.42],[85.254,26.415],[85.253,26.413],[85.258,26.395],[85.27,26.389],[85.277,26.39],[85.281,26.382],[85.284,26.38],[85.275,26.37],[85.276,26.356]]]},"properties":{"code":"IN-BI-sheohar","name":"Sheohar","state":"Bihar"}},{"type":"Feature","geometry":{"type":"Polygon","coordinates":[[[85.818,26.604],[85.749,26.64],[85.726,26.674],[85.737,26.796],[85.683,26.843],[85.609,26.857],[85.545,26.838],[85.455,26.782],[85.41,26.791],[85.336,26.741],[85.26,26.756],[85.26,26.644],[85.306,26.645],[85.351,26.636],[85.369,26.538],[85.396,26.519],[85.417,26.516],[85.426,26.518],[85.469,26.491],[85.425,26.456],[85.444,26.422],[85.453,26.414],[85.453,26.411],[85.427,26.377],[85.381,26.372],[85.379,26.365],[85.385,26.353],[85.372,26.314],[85.381,26.31],[85.384,26.315],[85.385,26.324],[85.394,26.32],[85.409,26.306],[85.392,26.303],[85.397,26.298],[85.389,26.296],[85.388,26.281],[85.397,26.291],[85.399,26.284],[85.402,26.277],[85.404,26.272],[85.415,26.289],[85.421,26.293],[85.415,26.274],[85.432,26.284],[85.43,26.274],[85.45,26.302],[85.457,26.317],[85.464,26.329],[85.462,26.336],[85.472,26.338],[85.476,26.35],[85.478,26.356],[85.487,26.357],[85.514,26.377],[85.524,26.38],[85.527,26.373],[85.53,26.374],[85.547,26.382],[85.562,26.391],[85.571,26.374],[85.567,26.366],[85.58,26.361],[85.59,26.356],[85.597,26.354],[85.609,26.348],[85.627,26.328],[85.632,26.321],[85.65,26.322],[85.656,26.32],[85.67,26.322],[85.684,26.32],[85.694,26.31],[85.696,26.308],[85.717,26.318],[85.721,26.329],[85.724,26.343],[85.716,26.351],[85.708,26.353],[85.693,26.353],[85.677,26.352],[85.682,26.356],[85.708,26.359],[85.71,26.363],[85.703,26.363],[85.682,26.41],[85.683,26.416],[85.699,26.424],[85.701,26.44],[85.702,26.447],[85.71,26.447],[85.73,26.438],[85.761,26.437],[85.753,26.492],[85.788,26.499],[85.818,26.604]]]},"properties":{"code":"IN-BI-sitamarhi","name":"Sitamarhi","state":"Bihar"}},{"type":"Feature","geometry":{"type":"Polygon","coordinates":[[[84.755,26.213],[84.582,26.325],[84.479,26.337],[84.427,26.376],[84.357,26.37],[84.27,26.308],[84.236,26.318],[84.171,26.374],[84.182,26.317],[84.169,26.293],[84.171,26.287],[84.168,26.274],[84.171,26.268],[84.164,26.261],[84.155,26.258],[84.156,26.253],[84.157,26.244],[84.124,26.259],[84.112,26.257],[84.113,26.25],[84.101,26.243],[84.092,26.24],[84.08,26.232],[84.082,26.227],[84.074,26.225],[84.058,26.227],[84.047,26.23],[84.034,26.232],[84.024,26.24],[84.018,26.239],[84.012,26.241],[84.01,26.239],[84.006,26.234],[84.008,26.225],[84.017,26.222],[84.02,26.224],[84.019,26.209],[84.023,26.204],[84.024,26.201],[84.015,26.197],[84.003,26.178],[84.02,26.164],[84.023,26.165],[84.028,26.16],[84.024,26.154],[84.034,26.137],[84.042,26.132],[84.044,26.117],[84.045,26.106],[84.048,26.104],[84.069,26.099],[84.107,26.082],[84.128,26.056],[84.159,26.032],[84.166,26.003],[84.176,25.998],[84.195,25.991],[84.214,25.996],[84.235,25.986],[84.24,25.983],[84.275,25.961],[84.296,25.947],[84.349,25.96],[84.409,25.924],[84.422,25.902],[84.451,25.89],[84.454,25.95],[84.432,25.963],[84.408,26.034],[84.564,26.035],[84.607,26.085],[84.699,26.084],[84.711,26.122],[84.772,26.178],[84.755,26.213]]]},"properties":{"code":"IN-BI-siwan","name":"Siwan","state":"Bihar"}},{"type":"Feature","geometry":{"type":"Polygon","coordinates":[[[87.053,26.466],[87.036,26.557],[87.018,26.532],[86.935,26.516],[86.932,26.489],[86.836,26.439],[86.772,26.459],[86.713,26.436],[86.687,26.373],[86.644,26.371],[86.527,26.31],[86.506,26.284],[86.494,26.282],[86.489,26.269],[86.502,26.255],[86.504,26.249],[86.501,26.226],[86.485,26.226],[86.478,26.221],[86.438,26.219],[86.426,26.224],[86.424,26.217],[86.426,26.211],[86.418,26.202],[86.398,26.203],[86.394,26.211],[86.396,26.199],[86.398,26.19],[86.392,26.185],[86.406,26.166],[86.417,26.168],[86.419,26.171],[86.422,26.166],[86.425,26.163],[86.438,26.176],[86.444,26.176],[86.456,26.159],[86.456,26.156],[86.471,26.155],[86.484,26.163],[86.498,26.171],[86.507,26.165],[86.517,26.161],[86.521,26.155],[86.514,26.14],[86.507,26.133],[86.485,26.129],[86.478,26.132],[86.459,26.129],[86.446,26.113],[86.425,26.081],[86.421,26.076],[86.43,26.079],[86.45,26.078],[86.452,26.075],[86.455,26.059],[86.481,26.055],[86.485,26.061],[86.494,26.045],[86.506,26.002],[86.521,26.014],[86.541,26.034],[86.545,26.035],[86.56,26.031],[86.596,26.022],[86.611,26.03],[86.628,26.029],[86.682,26.036],[86.725,26.12],[86.775,26.094],[86.82,26.111],[86.855,26.094],[87.005,26.077],[87.086,26.055],[87.083,26.063],[87.089,26.074],[87.103,26.083],[87.104,26.097],[87.086,26.096],[87.059,26.104],[87.076,26.136],[87.093,26.139],[87.077,26.188],[87.077,26.191],[87.049,26.299],[87.039,26.306],[87.038,26.313],[87.036,26.322],[87.063,26.339],[87.052,26.398],[87.053,26.41],[87.066,26.411],[87.06,26.42],[87.051,26.441],[87.057,26.449],[87.06,26.462],[87.053,26.466]]]},"properties":{"code":"IN-BI-supaul","name":"Supaul","state":"Bihar"}},{"type":"Feature","geometry":{"type":"Polygon","coordinates":[[[85.061,25.973],[85.075,25.926],[85.117,25.854],[85.159,25.834],[85.168,25.755],[85.192,25.676],[85.187,25.625],[85.255,25.582],[85.299,25.52],[85.311,25.514],[85.336,25.513],[85.374,25.507],[85.386,25.507],[85.459,25.501],[85.468,25.499],[85.489,25.495],[85.492,25.489],[85.498,25.485],[85.503,25.495],[85.509,25.504],[85.531,25.506],[85.525,25.545],[85.546,25.538],[85.549,25.559],[85.547,25.562],[85.546,25.572],[85.533,25.575],[85.527,25.602],[85.544,25.618],[85.55,25.639],[85.555,25.657],[85.564,25.685],[85.571,25.684],[85.577,25.688],[85.592,25.7],[85.605,25.708],[85.607,25.726],[85.604,25.729],[85.613,25.757],[85.618,25.759],[85.62,25.773],[85.602,25.785],[85.604,25.791],[85.598,25.798],[85.606,25.817],[85.601,25.828],[85.607,25.834],[85.6,25.842],[85.594,25.843],[85.601,25.85],[85.601,25.867],[85.614,25.876],[85.619,25.887],[85.619,25.89],[85.62,25.905],[85.626,25.924],[85.611,25.923],[85.598,25.925],[85.587,25.923],[85.571,25.918],[85.566,25.921],[85.553,25.919],[85.546,25.906],[85.506,25.906],[85.464,25.929],[85.448,25.924],[85.438,25.924],[85.427,25.93],[85.422,25.935],[85.399,25.943],[85.398,25.939],[85.384,25.934],[85.362,25.93],[85.356,25.939],[85.326,25.95],[85.308,25.942],[85.293,25.945],[85.277,25.952],[85.28,25.953],[85.285,25.97],[85.285,25.979],[85.283,25.995],[85.27,26.011],[85.262,26.015],[85.241,26.013],[85.228,26.007],[85.22,26.006],[85.208,26.003],[85.203,26.003],[85.198,26.007],[85.157,26.01],[85.151,26.009],[85.149,26.008],[85.141,25.987],[85.134,25.99],[85.099,25.988],[85.102,25.982],[85.095,25.978],[85.09,25.974],[85.071,25.97],[85.061,25.973]]]},"properties":{"code":"IN-BI-vaishali","name":"Vaishali","state":"Bihar"}},{"type":"Feature","geometry":{"type":"Polygon","coordinates":[[[76.82,30.686],[76.828,30.764],[76.793,30.767],[76.803,30.778],[76.802,30.782],[76.796,30.786],[76.781,30.774],[76.773,30.783],[76.776,30.784],[76.768,30.795],[76.751,30.797],[76.746,30.795],[76.74,30.791],[76.738,30.79],[76.735,30.783],[76.729,30.776],[76.718,30.769],[76.691,30.76],[76.693,30.757],[76.71,30.735],[76.715,30.715],[76.715,30.713],[76.727,30.708],[76.725,30.704],[76.733,30.697],[76.738,30.689],[76.794,30.669],[76.806,30.68],[76.811,30.685],[76.82,30.686]]]},"properties":{"code":"IN-CH-chandigarh","name":"Chandigarh","state":"Chandigarh"}},{"type":"Feature","geometry":{"type":"Polygon","coordinates":[[[81.809,20.165],[81.679,20.126],[81.609,20.155],[81.582,20.19],[81.446,20.142],[81.414,20.152],[81.382,20.042],[81.286,20.013],[81.323,19.932],[81.394,19.879],[81.37,19.848],[81.366,19.741],[81.286,19.741],[81.252,19.76],[81.204,19.752],[81.189,19.7],[81.081,19.722],[81.003,19.786],[81.003,19.83],[81.04,19.901],[81.036,19.938],[80.931,19.943],[80.917,19.923],[80.856,19.939],[80.827,19.902],[80.753,19.864],[80.715,19.828],[80.76,19.801],[80.708,19.771],[80.716,19.702],[80.665,19.691],[80.662,19.609],[80.721,19.608],[80.785,19.56],[80.82,19.565],[80.879,19.519],[80.892,19.466],[80.867,19.443],[80.788,19.427],[80.826,19.348],[80.947,19.313],[80.968,19.247],[80.993,19.227],[81.066,19.227],[81.063,19.265],[81.173,19.26],[81.218,19.212],[81.259,19.23],[81.303,19.192],[81.334,19.135],[81.364,19.167],[81.408,19.169],[81.453,19.133],[81.487,19.131],[81.486,19.079],[81.515,19.01],[81.463,18.999],[81.471,18.937],[81.547,18.905],[81.541,18.881],[81.597,18.845],[81.612,18.813],[81.654,18.792],[81.675,18.815],[81.748,18.805],[81.767,18.765],[81.742,18.732],[81.732,18.677],[81.651,18.646],[81.65,18.602],[81.78,18.6],[81.885,18.65],[81.895,18.652],[81.905,18.646],[81.916,18.636],[81.947,18.629],[81.948,18.633],[81.946,18.646],[81.968,18.691],[82.039,18.717],[82.049,18.718],[82.058,18.713],[82.085,18.733],[82.091,18.756],[82.145,18.773],[82.171,18.892],[82.24,18.91],[82.209,19.079],[82.168,19.134],[82.161,19.208],[82.151,19.258],[82.169,19.291],[82.17,19.302],[82.174,19.316],[82.18,19.332],[82.177,19.332],[82.169,19.337],[82.151,19.37],[82.178,19.406],[82.183,19.418],[82.17,19.429],[82.119,19.424],[82.092,19.51],[82.03,19.514],[82.041,19.526],[82.043,19.558],[82.038,19.577],[82.034,19.591],[82.037,19.598],[82.045,19.611],[82.048,19.616],[82.051,19.632],[82.038,19.693],[82.042,19.708],[82.044,19.714],[82.044,19.729],[82.044,19.738],[82.055,19.761],[82.06,19.783],[82.052,19.791],[82.003,19.799],[81.999,19.798],[81.97,19.813],[81.957,19.836],[81.939,19.865],[81.846,19.915],[81.849,19.939],[81.839,19.945],[81.84,19.955],[81.852,19.996],[81.858,20.009],[81.865,20.034],[81.866,20.035],[81.868,20.051],[81.867,20.054],[81.865,20.084],[81.846,20.101],[81.84,20.141],[81.839,20.161],[81.809,20.165]]]},"properties":{"code":"IN-CH-bastar","name":"Bastar","state":"Chhattisgarh"}},{"type":"Feature","geometry":{"type":"Polygon","coordinates":[[[82.208,22.943],[82.174,22.968],[82.171,23.041],[82.116,23.104],[82.086,23.109],[82.069,23.115],[82.061,23.116],[82.046,23.099],[82.028,23.082],[82.016,23.079],[82.002,23.078],[81.99,23.085],[81.982,23.086],[81.969,23.079],[81.953,23.076],[81.938,23.078],[81.926,23.062],[81.919,23.037],[81.932,23.017],[81.937,23.003],[81.939,23.001],[81.941,22.985],[81.942,22.975],[81.94,22.957],[81.923,22.951],[81.906,22.94],[81.901,22.933],[81.887,22.925],[81.875,22.913],[81.86,22.915],[81.861,22.894],[81.826,22.882],[81.786,22.877],[81.761,22.834],[81.784,22.767],[81.747,22.726],[81.766,22.676],[81.723,22.676],[81.72,22.67],[81.714,22.656],[81.655,22.622],[81.644,22.614],[81.642,22.592],[81.644,22.583],[81.649,22.569],[81.638,22.562],[81.624,22.564],[81.619,22.553],[81.622,22.544],[81.616,22.539],[81.6,22.536],[81.583,22.545],[81.563,22.551],[81.547,22.531],[81.536,22.533],[81.519,22.54],[81.515,22.537],[81.49,22.508],[81.48,22.493],[81.485,22.411],[81.541,22.349],[81.515,22.314],[81.544,22.27],[81.533,22.193],[81.508,22.139],[81.517,22.082],[81.497,22.013],[81.618,21.984],[81.723,21.942],[81.8,21.941],[81.891,21.873],[81.893,21.843],[81.935,21.814],[81.951,21.845],[82.021,21.861],[82.031,21.883],[82.118,21.832],[82.182,21.835],[82.186,21.772],[82.21,21.755],[82.284,21.749],[82.325,21.711],[82.404,21.714],[82.434,21.738],[82.378,21.757],[82.348,21.85],[82.311,21.879],[82.306,21.931],[82.325,21.959],[82.329,22.102],[82.366,22.135],[82.42,22.136],[82.455,22.212],[82.39,22.261],[82.413,22.282],[82.349,22.324],[82.279,22.286],[82.261,22.334],[82.201,22.315],[82.136,22.329],[82.175,22.407],[82.139,22.451],[82.171,22.556],[82.228,22.592],[82.237,22.656],[82.171,22.665],[82.147,22.739],[82.15,22.838],[82.132,22.852],[82.208,22.943]]]},"properties":{"code":"IN-CH-bilaspur","name":"Bilaspur","state":"Chhattisgarh"}},{"type":"Feature","geometry":{"type":"Polygon","coordinates":[[[80.826,19.348],[80.749,19.287],[80.684,19.287],[80.664,19.327],[80.604,19.312],[80.584,19.377],[80.559,19.398],[80.514,19.348],[80.47,19.329],[80.445,19.27],[80.388,19.243],[80.381,19.181],[80.345,19.163],[80.332,19.101],[80.268,18.987],[80.264,18.941],[80.336,18.856],[80.346,18.811],[80.299,18.794],[80.241,18.749],[80.268,18.718],[80.296,18.686],[80.337,18.591],[80.382,18.594],[80.45,18.626],[80.488,18.627],[80.532,18.586],[80.633,18.519],[80.651,18.472],[80.713,18.406],[80.723,18.361],[80.784,18.243],[80.733,18.219],[80.735,18.172],[80.798,18.166],[80.849,18.2],[80.862,18.133],[80.949,18.123],[80.985,17.923],[81.004,17.838],[81.032,17.79],[81.074,17.786],[81.098,17.817],[81.16,17.853],[81.254,17.812],[81.385,17.807],[81.383,17.821],[81.384,17.826],[81.397,17.844],[81.398,17.847],[81.39,17.862],[81.396,17.888],[81.399,17.888],[81.412,17.885],[81.43,17.875],[81.436,17.875],[81.437,17.876],[81.443,17.885],[81.444,17.893],[81.446,17.91],[81.446,17.917],[81.445,17.925],[81.455,17.947],[81.476,17.967],[81.477,17.97],[81.473,17.983],[81.478,17.994],[81.495,18.063],[81.497,18.073],[81.516,18.14],[81.523,18.157],[81.505,18.184],[81.509,18.193],[81.523,18.227],[81.548,18.262],[81.574,18.281],[81.586,18.292],[81.592,18.297],[81.597,18.302],[81.616,18.301],[81.628,18.305],[81.659,18.311],[81.66,18.316],[81.649,18.331],[81.658,18.339],[81.699,18.344],[81.737,18.344],[81.746,18.352],[81.76,18.4],[81.85,18.489],[81.853,18.507],[81.863,18.517],[81.871,18.518],[81.875,18.521],[81.883,18.529],[81.897,18.528],[81.899,18.536],[81.9,18.549],[81.909,18.564],[81.913,18.561],[81.92,18.557],[81.925,18.558],[81.936,18.558],[81.947,18.559],[81.955,18.587],[81.938,18.592],[81.93,18.596],[81.913,18.613],[81.888,18.621],[81.888,18.632],[81.889,18.641],[81.885,18.65],[81.78,18.6],[81.65,18.602],[81.651,18.646],[81.732,18.677],[81.742,18.732],[81.767,18.765],[81.748,18.805],[81.675,18.815],[81.654,18.792],[81.612,18.813],[81.597,18.845],[81.541,18.881],[81.547,18.905],[81.471,18.937],[81.463,18.999],[81.515,19.01],[81.486,19.079],[81.487,19.131],[81.453,19.133],[81.408,19.169],[81.364,19.167],[81.334,19.135],[81.303,19.192],[81.259,19.23],[81.218,19.212],[81.173,19.26],[81.063,19.265],[81.066,19.227],[80.993,19.227],[80.968,19.247],[80.947,19.313],[80.826,19.348]]]},"properties":{"code":"IN-CH-dantewada","name":"Dantewada","state":"Chhattisgarh"}},{"type":"Feature","geometry":{"type":"Polygon","coordinates":[[[81.607,21.024],[81.613,20.999],[81.617,20.987],[81.606,20.978],[81.606,20.96],[81.604,20.957],[81.568,20.935],[81.534,20.925],[81.514,20.892],[81.493,20.89],[81.469,20.868],[81.473,20.853],[81.492,20.845],[81.496,20.827],[81.503,20.827],[81.508,20.827],[81.511,20.813],[81.501,20.795],[81.476,20.771],[81.478,20.732],[81.478,20.722],[81.484,20.713],[81.49,20.71],[81.498,20.714],[81.51,20.71],[81.507,20.687],[81.508,20.671],[81.504,20.662],[81.489,20.656],[81.49,20.626],[81.486,20.623],[81.486,20.617],[81.493,20.608],[81.503,20.617],[81.507,20.61],[81.486,20.599],[81.483,20.6],[81.487,20.59],[81.492,20.591],[81.507,20.593],[81.502,20.585],[81.484,20.58],[81.481,20.581],[81.467,20.587],[81.464,20.586],[81.439,20.587],[81.431,20.563],[81.426,20.56],[81.418,20.549],[81.405,20.55],[81.418,20.516],[81.452,20.512],[81.492,20.517],[81.501,20.503],[81.504,20.497],[81.53,20.495],[81.538,20.512],[81.579,20.515],[81.597,20.514],[81.605,20.51],[81.635,20.502],[81.643,20.493],[81.653,20.495],[81.668,20.487],[81.688,20.479],[81.696,20.479],[81.73,20.479],[81.729,20.468],[81.736,20.462],[81.729,20.435],[81.732,20.417],[81.761,20.372],[81.758,20.356],[81.762,20.35],[81.775,20.353],[81.778,20.353],[81.789,20.318],[81.777,20.317],[81.758,20.304],[81.758,20.281],[81.786,20.28],[81.796,20.255],[81.793,20.253],[81.777,20.243],[81.77,20.229],[81.781,20.207],[81.795,20.21],[81.807,20.174],[81.809,20.165],[81.839,20.161],[81.84,20.141],[81.846,20.101],[81.865,20.084],[81.867,20.054],[81.868,20.051],[81.874,20.046],[81.934,20.099],[82.01,20.045],[82.017,20.05],[82.017,20.059],[82.028,20.094],[82.059,20.102],[82.072,20.098],[82.095,20.1],[82.103,20.111],[82.107,20.129],[82.111,20.132],[82.114,20.134],[82.129,20.143],[82.126,20.151],[82.128,20.181],[82.141,20.215],[82.148,20.218],[82.153,20.224],[82.155,20.233],[82.166,20.251],[82.167,20.255],[82.15,20.264],[82.135,20.283],[82.108,20.283],[82.089,20.316],[82.079,20.331],[82.076,20.4],[82.068,20.425],[82.058,20.433],[82.056,20.443],[82.047,20.46],[82.049,20.469],[82.044,20.484],[82.043,20.494],[82.034,20.502],[82.03,20.508],[82.013,20.542],[82.011,20.554],[82.005,20.588],[81.993,20.622],[81.99,20.624],[81.989,20.632],[81.997,20.646],[82.007,20.666],[82.006,20.672],[81.978,20.715],[81.973,20.723],[81.927,20.738],[81.919,20.763],[81.91,20.779],[81.917,20.804],[81.917,20.816],[81.901,20.83],[81.885,20.869],[81.886,20.882],[81.882,20.903],[81.871,20.927],[81.857,20.955],[81.842,20.937],[81.811,20.943],[81.809,20.947],[81.808,20.957],[81.791,20.962],[81.768,20.979],[81.759,20.982],[81.754,20.995],[81.713,21.007],[81.704,21.015],[81.682,20.999],[81.675,20.996],[81.655,20.997],[81.649,20.999],[81.626,21.009],[81.618,21.015],[81.607,21.024]]]},"properties":{"code":"IN-CH-dhamtari","name":"Dhamtari","state":"Chhattisgarh"}},{"type":"Feature","geometry":{"type":"Polygon","coordinates":[[[81.935,21.814],[81.893,21.843],[81.891,21.873],[81.8,21.941],[81.723,21.942],[81.618,21.984],[81.497,22.013],[81.476,21.993],[81.452,21.916],[81.387,21.88],[81.397,21.834],[81.33,21.838],[81.331,21.764],[81.29,21.767],[81.169,21.703],[81.17,21.596],[81.135,21.556],[81.189,21.513],[81.166,21.436],[81.186,21.389],[81.18,21.318],[81.156,21.286],[81.157,21.235],[81.189,21.22],[81.209,21.17],[81.199,21.101],[81.154,21.1],[81.113,21.006],[80.951,20.989],[80.959,20.911],[80.988,20.878],[80.945,20.842],[80.93,20.779],[80.863,20.786],[80.819,20.762],[80.807,20.694],[80.982,20.608],[80.986,20.574],[80.946,20.544],[80.937,20.506],[80.965,20.47],[80.939,20.438],[80.993,20.456],[81.146,20.375],[81.216,20.414],[81.309,20.548],[81.382,20.532],[81.405,20.55],[81.418,20.549],[81.426,20.56],[81.431,20.563],[81.439,20.587],[81.464,20.586],[81.467,20.587],[81.481,20.581],[81.484,20.58],[81.502,20.585],[81.507,20.593],[81.492,20.591],[81.487,20.59],[81.483,20.6],[81.486,20.599],[81.507,20.61],[81.503,20.617],[81.493,20.608],[81.486,20.617],[81.486,20.623],[81.49,20.626],[81.489,20.656],[81.504,20.662],[81.508,20.671],[81.507,20.687],[81.51,20.71],[81.498,20.714],[81.49,20.71],[81.484,20.713],[81.478,20.722],[81.478,20.732],[81.476,20.771],[81.501,20.795],[81.511,20.813],[81.508,20.827],[81.503,20.827],[81.496,20.827],[81.492,20.845],[81.473,20.853],[81.469,20.868],[81.493,20.89],[81.514,20.892],[81.534,20.925],[81.568,20.935],[81.604,20.957],[81.606,20.96],[81.606,20.978],[81.617,20.987],[81.613,20.999],[81.607,21.024],[81.577,21.07],[81.577,21.122],[81.599,21.158],[81.596,21.204],[81.539,21.243],[81.528,21.296],[81.578,21.334],[81.632,21.403],[81.625,21.505],[81.662,21.544],[81.692,21.616],[81.657,21.645],[81.718,21.709],[81.692,21.749],[81.8,21.769],[81.842,21.757],[81.935,21.814]]]},"properties":{"code":"IN-CH-durg","name":"Durg","state":"Chhattisgarh"}},{"type":"Feature","geometry":{"type":"Polygon","coordinates":[[[82.934,22.12],[82.864,22.17],[82.755,22.118],[82.723,22.085],[82.666,22.08],[82.629,22.122],[82.653,22.187],[82.637,22.237],[82.587,22.257],[82.571,22.221],[82.535,22.207],[82.513,22.251],[82.455,22.212],[82.42,22.136],[82.366,22.135],[82.329,22.102],[82.325,21.959],[82.306,21.931],[82.311,21.879],[82.348,21.85],[82.378,21.757],[82.434,21.738],[82.474,21.724],[82.534,21.736],[82.593,21.711],[82.651,21.708],[82.696,21.725],[82.788,21.721],[82.859,21.686],[82.944,21.719],[83.021,21.735],[83.082,21.711],[83.263,21.71],[83.233,21.787],[83.177,21.843],[83.212,21.881],[83.195,21.915],[83.11,21.929],[83.086,21.971],[83.001,21.962],[83.017,22.006],[83.008,22.072],[82.934,22.12]]]},"properties":{"code":"IN-CH-janjgir-champa","name":"Janjgir-Champa","state":"Chhattisgarh"}},{"type":"Feature","geometry":{"type":"Polygon","coordinates":[[[84.034,23.168],[84.014,23.187],[83.942,23.162],[83.888,23.182],[83.825,23.233],[83.743,23.237],[83.716,23.207],[83.664,23.226],[83.619,23.216],[83.597,23.18],[83.547,23.166],[83.553,23.132],[83.504,23.088],[83.544,23.029],[83.502,22.955],[83.572,22.872],[83.641,22.821],[83.646,22.738],[83.632,22.701],[83.644,22.654],[83.554,22.699],[83.474,22.668],[83.432,22.673],[83.407,22.639],[83.399,22.552],[83.463,22.505],[83.589,22.531],[83.578,22.454],[83.687,22.376],[83.734,22.376],[83.761,22.322],[83.798,22.289],[83.861,22.344],[84.001,22.37],[84.04,22.433],[84.042,22.464],[83.976,22.502],[84.003,22.521],[84.005,22.53],[84.004,22.555],[84.011,22.575],[84.02,22.583],[84.021,22.587],[84.042,22.592],[84.048,22.594],[84.059,22.607],[84.098,22.633],[84.107,22.637],[84.157,22.641],[84.192,22.66],[84.202,22.665],[84.21,22.663],[84.221,22.669],[84.228,22.698],[84.229,22.705],[84.242,22.748],[84.252,22.758],[84.254,22.763],[84.26,22.765],[84.285,22.763],[84.288,22.771],[84.303,22.798],[84.318,22.817],[84.348,22.863],[84.37,22.865],[84.37,22.869],[84.376,22.881],[84.378,22.888],[84.377,22.898],[84.371,22.902],[84.389,22.939],[84.378,22.952],[84.348,22.976],[84.332,22.979],[84.325,22.979],[84.314,22.972],[84.289,22.962],[84.272,22.971],[84.271,22.989],[84.262,22.98],[84.255,22.974],[84.237,22.98],[84.217,22.976],[84.215,22.977],[84.197,23.004],[84.198,23.019],[84.177,23.021],[84.173,23.007],[84.173,22.999],[84.171,22.977],[84.148,22.964],[84.145,22.983],[84.138,22.998],[84.137,23.006],[84.127,23.026],[84.123,23.045],[84.129,23.082],[84.088,23.109],[84.067,23.107],[84.059,23.113],[84.045,23.131],[84.033,23.143],[84.03,23.149],[84.034,23.168]]]},"properties":{"code":"IN-CH-jashpur","name":"Jashpur","state":"Chhattisgarh"}},{"type":"Feature","geometry":{"type":"Polygon","coordinates":[[[81.405,20.55],[81.382,20.532],[81.309,20.548],[81.216,20.414],[81.146,20.375],[80.993,20.456],[80.939,20.438],[80.879,20.383],[80.859,20.383],[80.824,20.306],[80.723,20.265],[80.722,20.2],[80.684,20.189],[80.661,20.219],[80.578,20.173],[80.54,20.11],[80.544,19.982],[80.52,19.931],[80.444,19.953],[80.403,19.91],[80.49,19.894],[80.46,19.828],[80.518,19.829],[80.54,19.775],[80.582,19.738],[80.665,19.691],[80.716,19.702],[80.708,19.771],[80.76,19.801],[80.715,19.828],[80.753,19.864],[80.827,19.902],[80.856,19.939],[80.917,19.923],[80.931,19.943],[81.036,19.938],[81.04,19.901],[81.003,19.83],[81.003,19.786],[81.081,19.722],[81.189,19.7],[81.204,19.752],[81.252,19.76],[81.286,19.741],[81.366,19.741],[81.37,19.848],[81.394,19.879],[81.323,19.932],[81.286,20.013],[81.382,20.042],[81.414,20.152],[81.446,20.142],[81.582,20.19],[81.609,20.155],[81.679,20.126],[81.809,20.165],[81.807,20.174],[81.795,20.21],[81.781,20.207],[81.77,20.229],[81.777,20.243],[81.793,20.253],[81.796,20.255],[81.786,20.28],[81.758,20.281],[81.758,20.304],[81.777,20.317],[81.789,20.318],[81.778,20.353],[81.775,20.353],[81.762,20.35],[81.758,20.356],[81.761,20.372],[81.732,20.417],[81.729,20.435],[81.736,20.462],[81.729,20.468],[81.73,20.479],[81.696,20.479],[81.688,20.479],[81.668,20.487],[81.653,20.495],[81.643,20.493],[81.635,20.502],[81.605,20.51],[81.597,20.514],[81.579,20.515],[81.538,20.512],[81.53,20.495],[81.504,20.497],[81.501,20.503],[81.492,20.517],[81.452,20.512],[81.418,20.516],[81.405,20.55]]]},"properties":{"code":"IN-CH-kanker","name":"Kanker","state":"Chhattisgarh"}},{"type":"Feature","geometry":{"type":"Polygon","coordinates":[[[81.367,22.514],[81.332,22.522],[81.319,22.52],[81.316,22.49],[81.304,22.482],[81.28,22.499],[81.271,22.496],[81.24,22.459],[81.218,22.452],[81.193,22.482],[81.18,22.49],[81.148,22.456],[81.123,22.448],[81.11,22.441],[81.103,22.422],[81.105,22.411],[81.111,22.353],[81.112,22.335],[81.115,22.313],[81.115,22.303],[81.097,22.277],[81.085,22.247],[81.073,22.242],[81.063,22.247],[81.04,22.241],[80.999,22.062],[80.963,22.058],[80.951,22.113],[80.917,22.121],[80.879,22.061],[80.869,22.011],[80.833,21.947],[80.825,21.887],[80.837,21.832],[80.919,21.825],[80.947,21.765],[80.993,21.725],[81.095,21.731],[81.169,21.703],[81.29,21.767],[81.331,21.764],[81.33,21.838],[81.397,21.834],[81.387,21.88],[81.452,21.916],[81.476,21.993],[81.497,22.013],[81.517,22.082],[81.508,22.139],[81.533,22.193],[81.544,22.27],[81.515,22.314],[81.541,22.349],[81.485,22.411],[81.48,22.493],[81.476,22.492],[81.47,22.494],[81.446,22.496],[81.438,22.494],[81.444,22.487],[81.439,22.479],[81.443,22.472],[81.448,22.467],[81.436,22.469],[81.424,22.479],[81.419,22.454],[81.386,22.451],[81.385,22.478],[81.379,22.505],[81.367,22.514]]]},"properties":{"code":"IN-CH-kawardha","name":"Kawardha","state":"Chhattisgarh"}},{"type":"Feature","geometry":{"type":"Polygon","coordinates":[[[82.568,22.965],[82.535,22.974],[82.438,22.967],[82.365,22.997],[82.253,22.938],[82.208,22.943],[82.132,22.852],[82.15,22.838],[82.147,22.739],[82.171,22.665],[82.237,22.656],[82.228,22.592],[82.171,22.556],[82.139,22.451],[82.175,22.407],[82.136,22.329],[82.201,22.315],[82.261,22.334],[82.279,22.286],[82.349,22.324],[82.413,22.282],[82.39,22.261],[82.455,22.212],[82.513,22.251],[82.535,22.207],[82.571,22.221],[82.587,22.257],[82.637,22.237],[82.653,22.187],[82.629,22.122],[82.666,22.08],[82.723,22.085],[82.755,22.118],[82.864,22.17],[82.934,22.12],[82.962,22.161],[83.023,22.167],[83.046,22.197],[83.031,22.248],[83.104,22.363],[83.107,22.422],[83.082,22.472],[83.102,22.51],[83.087,22.575],[83.107,22.676],[83.053,22.666],[83.012,22.639],[82.939,22.673],[82.861,22.746],[82.827,22.743],[82.77,22.769],[82.717,22.828],[82.651,22.809],[82.553,22.844],[82.573,22.894],[82.568,22.965]]]},"properties":{"code":"IN-CH-korba","name":"Korba","state":"Chhattisgarh"}},{"type":"Feature","geometry":{"type":"Polygon","coordinates":[[[82.492,23.786],[82.464,23.811],[82.388,23.801],[82.298,23.808],[82.199,23.832],[82.134,23.818],[82.045,23.821],[82.001,23.863],[81.894,23.844],[81.812,23.809],[81.773,23.814],[81.703,23.863],[81.662,23.926],[81.597,23.889],[81.598,23.854],[81.643,23.805],[81.638,23.778],[81.687,23.721],[81.643,23.66],[81.613,23.661],[81.603,23.6],[81.605,23.511],[81.655,23.532],[81.693,23.523],[81.729,23.565],[81.798,23.549],[81.827,23.511],[81.916,23.532],[81.949,23.497],[81.974,23.418],[81.976,23.413],[81.992,23.419],[82,23.413],[82.016,23.424],[82.018,23.421],[82.02,23.401],[82.014,23.39],[82.015,23.388],[82.046,23.378],[82.053,23.385],[82.057,23.394],[82.063,23.392],[82.095,23.399],[82.099,23.395],[82.101,23.391],[82.105,23.383],[82.108,23.358],[82.114,23.354],[82.129,23.361],[82.143,23.354],[82.156,23.335],[82.158,23.333],[82.179,23.327],[82.188,23.322],[82.19,23.303],[82.184,23.275],[82.174,23.272],[82.168,23.267],[82.167,23.261],[82.147,23.232],[82.142,23.228],[82.138,23.188],[82.14,23.164],[82.151,23.161],[82.131,23.129],[82.129,23.114],[82.116,23.104],[82.171,23.041],[82.174,22.968],[82.208,22.943],[82.253,22.938],[82.365,22.997],[82.438,22.967],[82.535,22.974],[82.568,22.965],[82.602,23.022],[82.575,23.058],[82.577,23.13],[82.636,23.145],[82.69,23.242],[82.737,23.253],[82.751,23.331],[82.738,23.358],[82.645,23.385],[82.647,23.462],[82.634,23.499],[82.574,23.543],[82.568,23.618],[82.596,23.667],[82.542,23.754],[82.492,23.786]]]},"properties":{"code":"IN-CH-koriya","name":"Koriya","state":"Chhattisgarh"}},{"type":"Feature","geometry":{"type":"Polygon","coordinates":[[[82.927,21.492],[82.869,21.548],[82.831,21.534],[82.821,21.499],[82.765,21.517],[82.683,21.479],[82.697,21.369],[82.692,21.327],[82.587,21.333],[82.559,21.311],[82.458,21.32],[82.39,21.286],[82.387,21.263],[82.253,21.307],[82.239,21.362],[82.27,21.398],[82.234,21.431],[82.159,21.325],[82.061,21.269],[82.012,21.217],[82.009,21.159],[81.984,21.082],[82.078,21.031],[82.157,21.011],[82.192,20.938],[82.264,20.936],[82.277,20.901],[82.341,20.868],[82.359,20.883],[82.359,20.867],[82.402,20.858],[82.407,20.843],[82.406,20.837],[82.416,20.826],[82.437,20.83],[82.441,20.824],[82.448,20.822],[82.462,20.828],[82.463,20.84],[82.481,20.861],[82.485,20.88],[82.483,20.9],[82.494,20.909],[82.503,20.914],[82.553,20.941],[82.578,20.979],[82.582,20.987],[82.604,21.006],[82.622,21.037],[82.609,21.064],[82.615,21.075],[82.632,21.087],[82.636,21.149],[82.758,21.159],[82.782,21.141],[82.84,21.163],[82.98,21.157],[83.041,21.119],[83.12,21.101],[83.193,21.139],[83.242,21.276],[83.27,21.375],[83.176,21.397],[83.141,21.36],[83.104,21.424],[82.993,21.455],[82.927,21.492]]]},"properties":{"code":"IN-CH-mahasamund","name":"Mahasamund","state":"Chhattisgarh"}},{"type":"Feature","geometry":{"type":"Polygon","coordinates":[[[83.407,22.639],[83.381,22.657],[83.395,22.725],[83.378,22.742],[83.246,22.768],[83.23,22.785],[83.158,22.772],[83.115,22.727],[83.107,22.676],[83.087,22.575],[83.102,22.51],[83.082,22.472],[83.107,22.422],[83.104,22.363],[83.031,22.248],[83.046,22.197],[83.023,22.167],[82.962,22.161],[82.934,22.12],[83.008,22.072],[83.017,22.006],[83.001,21.962],[83.086,21.971],[83.11,21.929],[83.195,21.915],[83.212,21.881],[83.177,21.843],[83.233,21.787],[83.263,21.71],[83.082,21.711],[83.021,21.735],[82.944,21.719],[82.977,21.639],[82.923,21.554],[82.927,21.492],[82.993,21.455],[83.104,21.424],[83.141,21.36],[83.176,21.397],[83.27,21.375],[83.375,21.34],[83.394,21.399],[83.35,21.444],[83.342,21.485],[83.381,21.613],[83.441,21.649],[83.463,21.606],[83.483,21.64],[83.475,21.641],[83.441,21.655],[83.435,21.663],[83.42,21.675],[83.425,21.689],[83.428,21.692],[83.45,21.691],[83.458,21.7],[83.462,21.706],[83.478,21.728],[83.475,21.753],[83.478,21.765],[83.476,21.774],[83.474,21.786],[83.485,21.803],[83.491,21.815],[83.506,21.8],[83.522,21.794],[83.537,21.794],[83.539,21.801],[83.536,21.818],[83.531,21.832],[83.549,21.835],[83.557,21.834],[83.574,21.83],[83.572,21.872],[83.6,21.911],[83.535,21.964],[83.549,22.007],[83.538,22.055],[83.557,22.1],[83.606,22.158],[83.646,22.225],[83.693,22.246],[83.746,22.241],[83.798,22.289],[83.761,22.322],[83.734,22.376],[83.687,22.376],[83.578,22.454],[83.589,22.531],[83.463,22.505],[83.399,22.552],[83.407,22.639]]]},"properties":{"code":"IN-CH-raigarh","name":"Raigarh","state":"Chhattisgarh"}},{"type":"Feature","geometry":{"type":"Polygon","coordinates":[[[82.434,21.738],[82.404,21.714],[82.325,21.711],[82.284,21.749],[82.21,21.755],[82.186,21.772],[82.182,21.835],[82.118,21.832],[82.031,21.883],[82.021,21.861],[81.951,21.845],[81.935,21.814],[81.842,21.757],[81.8,21.769],[81.692,21.749],[81.718,21.709],[81.657,21.645],[81.692,21.616],[81.662,21.544],[81.625,21.505],[81.632,21.403],[81.578,21.334],[81.528,21.296],[81.539,21.243],[81.596,21.204],[81.599,21.158],[81.577,21.122],[81.577,21.07],[81.607,21.024],[81.618,21.015],[81.626,21.009],[81.649,20.999],[81.655,20.997],[81.675,20.996],[81.682,20.999],[81.704,21.015],[81.713,21.007],[81.754,20.995],[81.759,20.982],[81.768,20.979],[81.791,20.962],[81.808,20.957],[81.809,20.947],[81.811,20.943],[81.842,20.937],[81.857,20.955],[81.871,20.927],[81.882,20.903],[81.886,20.882],[81.885,20.869],[81.901,20.83],[81.917,20.816],[81.917,20.804],[81.91,20.779],[81.919,20.763],[81.927,20.738],[81.973,20.723],[81.978,20.715],[82.006,20.672],[82.007,20.666],[81.997,20.646],[81.989,20.632],[81.99,20.624],[81.993,20.622],[82.005,20.588],[82.011,20.554],[82.013,20.542],[82.03,20.508],[82.034,20.502],[82.043,20.494],[82.044,20.484],[82.049,20.469],[82.047,20.46],[82.056,20.443],[82.058,20.433],[82.068,20.425],[82.076,20.4],[82.079,20.331],[82.089,20.316],[82.108,20.283],[82.135,20.283],[82.15,20.264],[82.167,20.255],[82.166,20.251],[82.155,20.233],[82.153,20.224],[82.148,20.218],[82.141,20.215],[82.128,20.181],[82.126,20.151],[82.129,20.143],[82.114,20.134],[82.111,20.132],[82.107,20.129],[82.103,20.111],[82.095,20.1],[82.072,20.098],[82.059,20.102],[82.028,20.094],[82.017,20.059],[82.017,20.05],[82.014,20.036],[82.015,20.02],[82.032,20.017],[82.031,20.023],[82.049,20.035],[82.058,20.05],[82.076,20.044],[82.083,20.033],[82.093,20.033],[82.098,20.023],[82.103,20.021],[82.116,20.01],[82.121,20.01],[82.132,20.013],[82.184,19.981],[82.211,19.991],[82.219,19.993],[82.233,19.996],[82.262,19.972],[82.283,19.918],[82.298,19.883],[82.321,19.852],[82.357,19.85],[82.368,19.854],[82.378,19.869],[82.389,19.882],[82.421,19.898],[82.442,19.903],[82.468,19.899],[82.498,19.885],[82.512,19.884],[82.518,19.876],[82.536,19.877],[82.544,19.869],[82.551,19.875],[82.567,19.872],[82.593,19.865],[82.581,19.84],[82.574,19.832],[82.571,19.822],[82.572,19.808],[82.572,19.802],[82.579,19.797],[82.578,19.788],[82.579,19.785],[82.581,19.773],[82.585,19.771],[82.646,19.825],[82.711,19.849],[82.698,19.993],[82.692,19.992],[82.681,19.995],[82.636,19.998],[82.619,19.992],[82.598,19.986],[82.579,19.996],[82.544,20.012],[82.524,20.01],[82.502,20.014],[82.476,20.03],[82.432,20.039],[82.425,20.044],[82.406,20.046],[82.39,20.064],[82.393,20.108],[82.391,20.119],[82.387,20.133],[82.379,20.145],[82.383,20.16],[82.408,20.194],[82.408,20.221],[82.408,20.242],[82.412,20.27],[82.429,20.283],[82.394,20.336],[82.398,20.347],[82.411,20.382],[82.41,20.403],[82.423,20.418],[82.418,20.438],[82.419,20.457],[82.416,20.466],[82.406,20.466],[82.39,20.465],[82.386,20.476],[82.381,20.502],[82.37,20.514],[82.359,20.516],[82.336,20.543],[82.326,20.557],[82.328,20.562],[82.337,20.565],[82.338,20.591],[82.339,20.594],[82.348,20.602],[82.356,20.603],[82.366,20.62],[82.361,20.672],[82.346,20.695],[82.339,20.726],[82.34,20.747],[82.337,20.779],[82.333,20.82],[82.341,20.868],[82.277,20.901],[82.264,20.936],[82.192,20.938],[82.157,21.011],[82.078,21.031],[81.984,21.082],[82.009,21.159],[82.012,21.217],[82.061,21.269],[82.159,21.325],[82.234,21.431],[82.27,21.398],[82.239,21.362],[82.253,21.307],[82.387,21.263],[82.39,21.286],[82.458,21.32],[82.559,21.311],[82.587,21.333],[82.692,21.327],[82.697,21.369],[82.683,21.479],[82.765,21.517],[82.821,21.499],[82.831,21.534],[82.869,21.548],[82.927,21.492],[82.923,21.554],[82.977,21.639],[82.944,21.719],[82.859,21.686],[82.788,21.721],[82.696,21.725],[82.651,21.708],[82.593,21.711],[82.534,21.736],[82.474,21.724],[82.434,21.738]]]},"properties":{"code":"IN-CH-raipur","name":"Raipur","state":"Chhattisgarh"}},{"type":"Feature","geometry":{"type":"Polygon","coordinates":[[[81.169,21.703],[81.095,21.731],[80.993,21.725],[80.947,21.765],[80.919,21.825],[80.837,21.832],[80.811,21.747],[80.74,21.756],[80.707,21.672],[80.709,21.604],[80.731,21.539],[80.73,21.472],[80.657,21.331],[80.673,21.311],[80.639,21.255],[80.561,21.206],[80.457,21.173],[80.433,21.097],[80.449,21.05],[80.424,21.01],[80.459,20.928],[80.535,20.931],[80.556,20.82],[80.543,20.792],[80.578,20.679],[80.519,20.662],[80.482,20.617],[80.52,20.585],[80.579,20.614],[80.613,20.591],[80.603,20.433],[80.586,20.392],[80.617,20.326],[80.542,20.307],[80.511,20.27],[80.456,20.269],[80.383,20.242],[80.413,20.188],[80.394,20.144],[80.451,20.145],[80.54,20.11],[80.578,20.173],[80.661,20.219],[80.684,20.189],[80.722,20.2],[80.723,20.265],[80.824,20.306],[80.859,20.383],[80.879,20.383],[80.939,20.438],[80.965,20.47],[80.937,20.506],[80.946,20.544],[80.986,20.574],[80.982,20.608],[80.807,20.694],[80.819,20.762],[80.863,20.786],[80.93,20.779],[80.945,20.842],[80.988,20.878],[80.959,20.911],[80.951,20.989],[81.113,21.006],[81.154,21.1],[81.199,21.101],[81.209,21.17],[81.189,21.22],[81.157,21.235],[81.156,21.286],[81.18,21.318],[81.186,21.389],[81.166,21.436],[81.189,21.513],[81.135,21.556],[81.17,21.596],[81.169,21.703]]]},"properties":{"code":"IN-CH-raj-nandgaon","name":"Raj Nandgaon","state":"Chhattisgarh"}},{"type":"Feature","geometry":{"type":"Polygon","coordinates":[[[83.328,24.1],[83.324,24.101],[83.292,24.077],[83.276,24.023],[83.216,23.989],[83.19,23.921],[83.127,23.89],[82.954,23.873],[82.881,23.91],[82.808,23.963],[82.748,23.922],[82.655,23.906],[82.66,23.87],[82.63,23.839],[82.545,23.794],[82.492,23.786],[82.542,23.754],[82.596,23.667],[82.568,23.618],[82.574,23.543],[82.634,23.499],[82.647,23.462],[82.645,23.385],[82.738,23.358],[82.751,23.331],[82.737,23.253],[82.69,23.242],[82.636,23.145],[82.577,23.13],[82.575,23.058],[82.602,23.022],[82.568,22.965],[82.573,22.894],[82.553,22.844],[82.651,22.809],[82.717,22.828],[82.77,22.769],[82.827,22.743],[82.861,22.746],[82.939,22.673],[83.012,22.639],[83.053,22.666],[83.107,22.676],[83.115,22.727],[83.158,22.772],[83.23,22.785],[83.246,22.768],[83.378,22.742],[83.395,22.725],[83.381,22.657],[83.407,22.639],[83.432,22.673],[83.474,22.668],[83.554,22.699],[83.644,22.654],[83.632,22.701],[83.646,22.738],[83.641,22.821],[83.572,22.872],[83.502,22.955],[83.544,23.029],[83.504,23.088],[83.553,23.132],[83.547,23.166],[83.597,23.18],[83.619,23.216],[83.664,23.226],[83.716,23.207],[83.743,23.237],[83.825,23.233],[83.888,23.182],[83.942,23.162],[84.014,23.187],[84.034,23.168],[84.044,23.185],[84.051,23.19],[84.058,23.204],[84.054,23.213],[84.052,23.221],[84.051,23.247],[84.059,23.282],[84.059,23.304],[84.07,23.33],[84.049,23.354],[84.043,23.37],[84.038,23.376],[84.011,23.363],[83.983,23.36],[83.97,23.369],[83.966,23.381],[83.976,23.408],[83.978,23.414],[83.978,23.431],[83.97,23.448],[83.985,23.476],[83.993,23.485],[84.009,23.5],[84.023,23.544],[84.025,23.566],[84.022,23.592],[84.013,23.605],[84.004,23.626],[84.007,23.632],[83.975,23.631],[83.963,23.626],[83.938,23.622],[83.93,23.594],[83.915,23.569],[83.898,23.571],[83.86,23.578],[83.838,23.581],[83.821,23.585],[83.8,23.583],[83.786,23.598],[83.775,23.6],[83.766,23.618],[83.748,23.627],[83.743,23.64],[83.744,23.659],[83.721,23.674],[83.732,23.705],[83.732,23.724],[83.729,23.732],[83.729,23.755],[83.712,23.772],[83.708,23.795],[83.696,23.808],[83.672,23.82],[83.658,23.828],[83.65,23.848],[83.601,23.853],[83.572,23.863],[83.576,23.884],[83.549,23.893],[83.512,23.967],[83.508,23.979],[83.508,24.001],[83.501,24.031],[83.468,24.041],[83.448,24.042],[83.429,24.062],[83.431,24.069],[83.425,24.084],[83.421,24.084],[83.401,24.082],[83.362,24.102],[83.328,24.1]]]},"properties":{"code":"IN-CH-surguja","name":"Surguja","state":"Chhattisgarh"}},{"type":"Feature","geometry":{"type":"Polygon","coordinates":[[[72.99,20.292],[72.988,20.275],[72.98,20.271],[72.97,20.275],[72.951,20.292],[72.938,20.288],[72.925,20.279],[72.922,20.274],[72.944,20.245],[72.965,20.237],[72.974,20.215],[72.97,20.212],[72.986,20.158],[72.973,20.131],[72.985,20.113],[73.004,20.118],[73.008,20.129],[73.008,20.132],[73.017,20.135],[73.017,20.13],[73.045,20.072],[73.059,20.068],[73.058,20.097],[73.088,20.094],[73.105,20.087],[73.11,20.085],[73.112,20.083],[73.123,20.078],[73.128,20.078],[73.137,20.085],[73.144,20.078],[73.17,20.066],[73.175,20.058],[73.184,20.052],[73.186,20.053],[73.214,20.091],[73.218,20.106],[73.211,20.124],[73.196,20.14],[73.195,20.151],[73.199,20.162],[73.227,20.176],[73.229,20.184],[73.21,20.197],[73.204,20.198],[73.189,20.201],[73.18,20.209],[73.154,20.202],[73.153,20.203],[73.15,20.206],[73.142,20.204],[73.146,20.187],[73.148,20.185],[73.125,20.157],[73.117,20.159],[73.109,20.159],[73.099,20.173],[73.098,20.173],[73.09,20.17],[73.086,20.157],[73.076,20.16],[73.07,20.197],[73.067,20.198],[73.077,20.23],[73.088,20.234],[73.102,20.229],[73.109,20.239],[73.113,20.244],[73.137,20.26],[73.143,20.269],[73.146,20.281],[73.147,20.281],[73.154,20.277],[73.155,20.285],[73.158,20.29],[73.161,20.292],[73.167,20.283],[73.18,20.29],[73.177,20.308],[73.178,20.311],[73.177,20.312],[73.147,20.317],[73.139,20.31],[73.116,20.304],[73.122,20.333],[73.118,20.343],[73.114,20.353],[73.111,20.356],[73.105,20.361],[73.102,20.358],[73.097,20.335],[73.086,20.326],[73.075,20.33],[73.067,20.326],[73.055,20.325],[73.044,20.291],[73.037,20.291],[73.02,20.317],[72.99,20.292]]]},"properties":{"code":"IN-DN-dadra-and-nagar-haveli","name":"Dadra and Nagar Haveli","state":"Dadra and Nagar Haveli"}},{"type":"Feature","geometry":{"type":"Polygon","coordinates":[[[72.822,20.371],[72.843,20.399],[72.843,20.403],[72.87,20.391],[72.876,20.381],[72.869,20.404],[72.846,20.415],[72.839,20.439],[72.849,20.453],[72.851,20.455],[72.843,20.458],[72.828,20.434],[72.822,20.371]]]},"properties":{"code":"IN-DD-daman","name":"Daman","state":"Daman and Diu"}},{"type":"Feature","geometry":{"type":"MultiPolygon","coordinates":[[[[70.949,20.734],[70.93,20.732],[70.905,20.727],[70.892,20.708],[70.963,20.729],[70.949,20.734]]],[[[70.768,20.962],[70.756,20.974],[70.742,20.99],[70.734,20.988],[70.731,20.96],[70.718,20.912],[70.694,20.883],[70.676,20.819],[70.682,20.801],[70.683,20.784],[70.675,20.77],[70.677,20.769],[70.744,20.72],[70.869,20.706],[70.87,20.719],[70.855,20.752],[70.854,20.753],[70.894,20.795],[70.884,20.873],[70.89,20.936],[70.88,20.955],[70.862,20.961],[70.851,20.963],[70.846,20.971],[70.825,20.96],[70.808,20.964],[70.794,20.959],[70.779,20.967],[70.773,20.961],[70.768,20.962]]]]},"properties":{"code":"IN-DD-junagadh","name":"Junagadh","state":"Daman and Diu"}},{"type":"Feature","geometry":{"type":"Polygon","coordinates":[[[77.217,28.835],[77.187,28.867],[77.184,28.862],[77.165,28.861],[77.151,28.848],[77.136,28.853],[77.129,28.865],[77.11,28.866],[77.099,28.872],[77.083,28.875],[77.05,28.873],[77.038,28.853],[76.983,28.839],[76.98,28.837],[76.958,28.83],[76.948,28.818],[76.947,28.774],[76.938,28.76],[76.95,28.747],[76.941,28.717],[76.95,28.694],[76.947,28.677],[76.943,28.675],[76.918,28.653],[76.91,28.638],[76.894,28.633],[76.878,28.638],[76.855,28.592],[76.835,28.591],[76.833,28.583],[76.859,28.542],[76.879,28.524],[76.879,28.509],[76.894,28.516],[76.908,28.515],[76.933,28.516],[76.977,28.524],[77.006,28.514],[77,28.542],[77.016,28.533],[77.02,28.533],[77.072,28.52],[77.09,28.505],[77.108,28.494],[77.103,28.483],[77.113,28.45],[77.131,28.439],[77.152,28.428],[77.166,28.408],[77.195,28.413],[77.215,28.416],[77.241,28.429],[77.243,28.447],[77.226,28.464],[77.232,28.476],[77.254,28.486],[77.278,28.498],[77.301,28.49],[77.315,28.495],[77.329,28.508],[77.337,28.516],[77.331,28.524],[77.315,28.541],[77.303,28.55],[77.294,28.58],[77.295,28.582],[77.31,28.599],[77.328,28.605],[77.318,28.672],[77.327,28.685],[77.322,28.712],[77.317,28.717],[77.296,28.713],[77.293,28.71],[77.284,28.719],[77.271,28.738],[77.266,28.739],[77.256,28.74],[77.253,28.753],[77.246,28.757],[77.229,28.772],[77.221,28.778],[77.225,28.788],[77.213,28.786],[77.208,28.787],[77.197,28.795],[77.194,28.802],[77.217,28.835]]]},"properties":{"code":"IN-DE-delhi","name":"Delhi","state":"Delhi"}},{"type":"Feature","geometry":{"type":"Polygon","coordinates":[[[74.126,15.65],[74.081,15.626],[74.002,15.609],[73.976,15.629],[73.971,15.687],[73.945,15.742],[73.909,15.742],[73.865,15.798],[73.82,15.74],[73.786,15.723],[73.719,15.722],[73.707,15.722],[73.692,15.727],[73.68,15.724],[73.733,15.618],[73.768,15.491],[73.801,15.461],[73.89,15.426],[73.904,15.416],[73.919,15.421],[73.927,15.423],[73.929,15.424],[73.931,15.428],[73.936,15.432],[73.942,15.434],[73.945,15.432],[73.936,15.421],[73.936,15.42],[73.935,15.413],[73.936,15.411],[73.947,15.407],[73.949,15.405],[73.939,15.403],[73.932,15.402],[73.958,15.397],[73.963,15.387],[73.968,15.369],[74.013,15.345],[74.019,15.306],[74.078,15.29],[74.111,15.366],[74.08,15.409],[74.134,15.435],[74.193,15.443],[74.256,15.49],[74.284,15.519],[74.254,15.566],[74.267,15.617],[74.255,15.654],[74.126,15.65]]]},"properties":{"code":"IN-GO-north-goa","name":"North Goa","state":"Goa"}},{"type":"Feature","geometry":{"type":"Polygon","coordinates":[[[73.89,15.426],[73.883,15.398],[73.817,15.404],[73.842,15.36],[73.873,15.37],[73.909,15.29],[73.948,15.147],[73.923,15.11],[73.967,15.066],[73.993,15.018],[74.033,14.999],[74.043,14.918],[74.104,14.904],[74.133,14.916],[74.146,14.917],[74.175,14.909],[74.175,14.916],[74.166,14.937],[74.17,14.942],[74.17,14.947],[74.197,14.943],[74.204,14.938],[74.203,14.927],[74.219,14.931],[74.244,14.957],[74.251,14.961],[74.262,14.958],[74.267,14.967],[74.274,14.975],[74.272,14.998],[74.271,14.999],[74.282,15.016],[74.29,15.022],[74.289,15.03],[74.29,15.143],[74.322,15.184],[74.277,15.274],[74.342,15.293],[74.328,15.367],[74.29,15.381],[74.283,15.443],[74.256,15.49],[74.193,15.443],[74.134,15.435],[74.08,15.409],[74.111,15.366],[74.078,15.29],[74.019,15.306],[74.013,15.345],[73.968,15.369],[73.963,15.387],[73.958,15.397],[73.932,15.402],[73.939,15.403],[73.949,15.405],[73.947,15.407],[73.936,15.411],[73.935,15.413],[73.936,15.42],[73.936,15.421],[73.945,15.432],[73.942,15.434],[73.936,15.432],[73.931,15.428],[73.929,15.424],[73.927,15.423],[73.919,15.421],[73.904,15.416],[73.89,15.426]]]},"properties":{"code":"IN-GO-south-goa","name":"South Goa","state":"Goa"}},{"type":"Feature","geometry":{"type":"Polygon","coordinates":[[[72.345,23.106],[72.294,23.073],[72.269,23.103],[72.196,23.142],[72.179,23.193],[72.187,23.272],[72.273,23.344],[72.306,23.412],[72.27,23.458],[72.218,23.429],[72.107,23.457],[72.062,23.441],[72.043,23.503],[72.009,23.501],[71.977,23.457],[71.969,23.391],[71.884,23.381],[71.905,23.33],[71.885,23.276],[71.996,23.254],[72,23.213],[71.92,23.178],[71.911,23.108],[71.962,23.052],[72.023,23.057],[72.03,22.99],[72,22.947],[72.013,22.921],[71.994,22.853],[72.027,22.791],[72.061,22.781],[72.056,22.766],[72.067,22.745],[72.082,22.73],[72.117,22.719],[72.1,22.674],[72.083,22.673],[72.04,22.679],[72.047,22.668],[72.107,22.603],[72.179,22.568],[72.198,22.543],[72.181,22.533],[72.16,22.519],[72.16,22.497],[72.172,22.478],[72.095,22.435],[72.061,22.442],[72.042,22.504],[71.933,22.519],[71.934,22.447],[71.863,22.387],[71.792,22.383],[71.746,22.358],[71.715,22.393],[71.633,22.377],[71.62,22.335],[71.631,22.276],[71.669,22.213],[71.747,22.179],[71.771,22.13],[71.853,22.128],[71.863,22.093],[71.918,22.122],[71.993,22.103],[72.044,22.122],[72.066,22.103],[72.072,22.103],[72.089,22.059],[72.099,22.055],[72.144,22.05],[72.161,22.022],[72.175,22.015],[72.179,22.014],[72.18,22.015],[72.175,22.023],[72.17,22.027],[72.17,22.028],[72.173,22.032],[72.162,22.033],[72.158,22.041],[72.16,22.045],[72.165,22.047],[72.169,22.047],[72.171,22.05],[72.165,22.055],[72.156,22.067],[72.155,22.068],[72.144,22.081],[72.16,22.07],[72.18,22.049],[72.185,22.042],[72.188,22.047],[72.194,22.067],[72.2,22.083],[72.192,22.089],[72.196,22.092],[72.2,22.089],[72.204,22.09],[72.2,22.064],[72.199,22.037],[72.211,22.015],[72.217,22.012],[72.22,22.017],[72.219,22.028],[72.206,22.026],[72.218,22.04],[72.216,22.06],[72.221,22.076],[72.222,22.09],[72.223,22.091],[72.226,22.08],[72.23,22.074],[72.241,22.069],[72.244,22.069],[72.246,22.067],[72.247,22.065],[72.241,22.108],[72.252,22.115],[72.259,22.132],[72.265,22.139],[72.278,22.141],[72.28,22.143],[72.272,22.181],[72.265,22.208],[72.272,22.211],[72.279,22.203],[72.308,22.236],[72.314,22.232],[72.317,22.23],[72.322,22.23],[72.34,22.249],[72.342,22.251],[72.34,22.26],[72.346,22.285],[72.348,22.303],[72.337,22.3],[72.337,22.308],[72.345,22.308],[72.347,22.308],[72.356,22.311],[72.363,22.307],[72.365,22.305],[72.37,22.315],[72.404,22.352],[72.362,22.376],[72.387,22.471],[72.45,22.503],[72.434,22.559],[72.517,22.614],[72.516,22.624],[72.524,22.631],[72.531,22.63],[72.545,22.63],[72.542,22.643],[72.553,22.654],[72.558,22.671],[72.54,22.681],[72.551,22.688],[72.533,22.696],[72.528,22.703],[72.533,22.71],[72.548,22.71],[72.536,22.728],[72.541,22.746],[72.533,22.752],[72.537,22.759],[72.538,22.765],[72.539,22.772],[72.529,22.779],[72.531,22.787],[72.547,22.803],[72.559,22.806],[72.57,22.818],[72.591,22.82],[72.619,22.816],[72.612,22.838],[72.616,22.884],[72.641,22.882],[72.645,22.886],[72.667,22.894],[72.68,22.884],[72.701,22.879],[72.74,22.913],[72.754,22.907],[72.781,22.909],[72.807,22.918],[72.808,22.93],[72.818,22.942],[72.836,22.953],[72.848,22.993],[72.84,23.001],[72.83,23.012],[72.835,23.016],[72.82,23.022],[72.817,23.037],[72.804,23.053],[72.79,23.058],[72.773,23.062],[72.786,23.075],[72.772,23.093],[72.75,23.095],[72.742,23.098],[72.728,23.095],[72.722,23.101],[72.715,23.109],[72.694,23.099],[72.683,23.104],[72.678,23.094],[72.606,23.094],[72.598,23.097],[72.576,23.107],[72.576,23.126],[72.553,23.131],[72.55,23.144],[72.513,23.149],[72.505,23.142],[72.496,23.143],[72.507,23.098],[72.467,23.081],[72.481,23.07],[72.481,23.063],[72.457,23.058],[72.446,23.042],[72.391,23.06],[72.345,23.106]]]},"properties":{"code":"IN-GU-ahmadabad","name":"Ahmadabad","state":"Gujarat"}},{"type":"Feature","geometry":{"type":"Polygon","coordinates":[[[71.407,21.974],[71.359,21.981],[71.322,22.038],[71.289,22.013],[71.312,21.97],[71.28,21.953],[71.263,22.005],[71.216,21.969],[71.075,21.899],[71.063,21.751],[70.994,21.725],[70.911,21.758],[70.903,21.729],[70.843,21.738],[70.811,21.66],[70.88,21.595],[70.911,21.53],[70.869,21.526],[70.85,21.487],[70.905,21.436],[70.942,21.457],[70.966,21.392],[70.888,21.369],[70.884,21.31],[70.82,21.319],[70.823,21.226],[70.843,21.191],[71.022,21.164],[71.143,21.072],[71.165,21.027],[71.151,20.982],[71.145,20.959],[71.194,20.962],[71.207,20.964],[71.241,20.953],[71.213,20.896],[71.251,20.814],[71.323,20.846],[71.437,20.868],[71.477,20.89],[71.51,20.944],[71.637,20.973],[71.689,21.008],[71.655,21.029],[71.64,21.105],[71.604,21.142],[71.535,21.179],[71.538,21.185],[71.542,21.194],[71.536,21.212],[71.568,21.281],[71.584,21.284],[71.605,21.311],[71.655,21.317],[71.693,21.33],[71.71,21.382],[71.645,21.384],[71.614,21.439],[71.546,21.439],[71.493,21.48],[71.514,21.54],[71.552,21.55],[71.566,21.612],[71.592,21.629],[71.611,21.723],[71.577,21.736],[71.506,21.798],[71.483,21.795],[71.467,21.862],[71.479,21.92],[71.407,21.974]]]},"properties":{"code":"IN-GU-amreli","name":"Amreli","state":"Gujarat"}},{"type":"Feature","geometry":{"type":"MultiPolygon","coordinates":[[[[72.377,22.229],[72.417,22.227],[72.416,22.285],[72.387,22.299],[72.377,22.229]]],[[[73.237,22.634],[73.211,22.682],[73.168,22.681],[73.138,22.722],[73.012,22.715],[72.995,22.657],[72.941,22.625],[72.929,22.594],[72.882,22.581],[72.804,22.639],[72.698,22.625],[72.665,22.499],[72.658,22.506],[72.648,22.502],[72.636,22.506],[72.62,22.509],[72.595,22.499],[72.581,22.521],[72.576,22.54],[72.567,22.541],[72.564,22.565],[72.522,22.612],[72.517,22.614],[72.434,22.559],[72.45,22.503],[72.387,22.471],[72.362,22.376],[72.412,22.358],[72.388,22.313],[72.435,22.301],[72.471,22.243],[72.508,22.232],[72.637,22.284],[72.692,22.237],[72.759,22.232],[72.853,22.282],[72.867,22.243],[72.919,22.267],[73.008,22.258],[73.07,22.314],[73.057,22.365],[73.075,22.426],[73.101,22.458],[73.103,22.51],[73.146,22.527],[73.169,22.59],[73.237,22.634]]]]},"properties":{"code":"IN-GU-anand","name":"Anand","state":"Gujarat"}},{"type":"Feature","geometry":{"type":"Polygon","coordinates":[[[72.34,24.623],[72.315,24.609],[72.23,24.633],[72.186,24.609],[72.085,24.653],[72.085,24.697],[72.052,24.706],[71.993,24.657],[71.935,24.627],[71.926,24.662],[71.871,24.672],[71.869,24.623],[71.812,24.622],[71.785,24.669],[71.662,24.633],[71.617,24.671],[71.488,24.674],[71.381,24.621],[71.357,24.654],[71.298,24.608],[71.314,24.588],[71.323,24.579],[71.32,24.554],[71.312,24.547],[71.303,24.546],[71.301,24.542],[71.27,24.53],[71.269,24.507],[71.277,24.504],[71.321,24.514],[71.358,24.494],[71.349,24.481],[71.355,24.475],[71.353,24.467],[71.359,24.43],[71.357,24.428],[71.353,24.42],[71.339,24.399],[71.34,24.39],[71.36,24.389],[71.379,24.386],[71.4,24.36],[71.404,24.347],[71.389,24.331],[71.378,24.326],[71.374,24.323],[71.358,24.324],[71.335,24.316],[71.33,24.312],[71.315,24.299],[71.32,24.281],[71.319,24.276],[71.319,24.249],[71.323,24.234],[71.313,24.234],[71.309,24.231],[71.322,24.225],[71.334,24.198],[71.351,24.177],[71.358,24.185],[71.366,24.185],[71.379,24.186],[71.38,24.182],[71.378,24.17],[71.371,24.171],[71.366,24.166],[71.363,24.163],[71.343,24.158],[71.346,24.15],[71.333,24.143],[71.323,24.151],[71.315,24.162],[71.303,24.169],[71.297,24.171],[71.286,24.157],[71.3,24.148],[71.296,24.144],[71.289,24.133],[71.312,24.129],[71.325,24.13],[71.328,24.126],[71.346,24.129],[71.354,24.106],[71.337,24.086],[71.327,24.068],[71.327,24.065],[71.336,24.05],[71.298,23.986],[71.309,23.982],[71.323,23.982],[71.326,23.977],[71.455,23.937],[71.453,23.979],[71.548,23.976],[71.611,23.94],[71.678,23.967],[71.726,23.923],[71.718,23.878],[71.762,23.838],[71.981,23.89],[71.937,23.95],[71.971,23.991],[72.044,23.98],[72.105,24.046],[72.133,24.038],[72.172,24.073],[72.161,24.112],[72.223,24.102],[72.238,24.063],[72.361,24.023],[72.373,23.969],[72.434,23.978],[72.478,23.959],[72.485,23.929],[72.572,23.931],[72.593,23.971],[72.634,23.99],[72.629,24.04],[72.741,24.084],[72.797,24.081],[72.827,24.035],[72.87,24.016],[72.908,24.022],[72.953,24.098],[73.034,24.281],[72.973,24.303],[72.965,24.351],[72.924,24.326],[72.868,24.366],[72.733,24.361],[72.659,24.456],[72.589,24.473],[72.542,24.505],[72.465,24.407],[72.437,24.461],[72.448,24.493],[72.386,24.501],[72.358,24.553],[72.295,24.538],[72.34,24.623]]]},"properties":{"code":"IN-GU-banas-kantha","name":"Banas Kantha","state":"Gujarat"}},{"type":"Feature","geometry":{"type":"Polygon","coordinates":[[[72.874,22.224],[72.818,22.248],[72.758,22.174],[72.7,22.185],[72.648,22.217],[72.601,22.213],[72.547,22.15],[72.507,21.994],[72.502,21.935],[72.523,21.85],[72.568,21.824],[72.543,21.743],[72.52,21.713],[72.547,21.658],[72.597,21.681],[72.711,21.678],[72.673,21.628],[72.628,21.617],[72.598,21.544],[72.652,21.462],[72.686,21.445],[72.749,21.469],[72.796,21.423],[72.864,21.45],[72.928,21.446],[72.933,21.459],[72.952,21.51],[73.048,21.524],[73.129,21.482],[73.222,21.502],[73.263,21.493],[73.458,21.523],[73.458,21.57],[73.491,21.611],[73.483,21.656],[73.496,21.704],[73.418,21.71],[73.416,21.747],[73.375,21.801],[73.346,21.809],[73.307,21.89],[73.275,21.93],[73.234,21.916],[73.259,21.863],[73.218,21.82],[73.131,21.876],[73.071,21.881],[73.077,21.923],[73.06,21.976],[72.999,22.027],[72.944,22.039],[72.916,22.066],[72.877,22.155],[72.895,22.173],[72.874,22.224]]]},"properties":{"code":"IN-GU-bharuch","name":"Bharuch","state":"Gujarat"}},{"type":"Feature","geometry":{"type":"MultiPolygon","coordinates":[[[[72.387,22.299],[72.37,22.315],[72.365,22.305],[72.363,22.307],[72.356,22.311],[72.347,22.308],[72.345,22.308],[72.337,22.308],[72.337,22.3],[72.348,22.303],[72.346,22.285],[72.34,22.26],[72.342,22.251],[72.34,22.249],[72.322,22.23],[72.317,22.23],[72.314,22.232],[72.308,22.236],[72.279,22.203],[72.272,22.211],[72.265,22.208],[72.272,22.181],[72.28,22.143],[72.278,22.141],[72.265,22.139],[72.259,22.132],[72.252,22.115],[72.241,22.108],[72.247,22.065],[72.246,22.067],[72.244,22.069],[72.241,22.069],[72.23,22.074],[72.226,22.08],[72.223,22.091],[72.222,22.09],[72.221,22.076],[72.216,22.06],[72.218,22.04],[72.206,22.026],[72.219,22.028],[72.22,22.017],[72.28,21.967],[72.323,22.123],[72.387,22.16],[72.377,22.229],[72.387,22.299]]],[[[72.044,22.122],[71.993,22.103],[71.918,22.122],[71.863,22.093],[71.853,22.128],[71.771,22.13],[71.747,22.179],[71.669,22.213],[71.631,22.276],[71.62,22.335],[71.543,22.34],[71.509,22.304],[71.453,22.285],[71.447,22.257],[71.493,22.181],[71.484,22.133],[71.514,22.108],[71.518,22.05],[71.474,22.003],[71.407,21.974],[71.479,21.92],[71.467,21.862],[71.483,21.795],[71.506,21.798],[71.577,21.736],[71.611,21.723],[71.592,21.629],[71.566,21.612],[71.552,21.55],[71.514,21.54],[71.493,21.48],[71.546,21.439],[71.614,21.439],[71.645,21.384],[71.71,21.382],[71.693,21.33],[71.655,21.317],[71.605,21.311],[71.584,21.284],[71.568,21.281],[71.536,21.212],[71.542,21.194],[71.538,21.185],[71.535,21.179],[71.604,21.142],[71.64,21.105],[71.655,21.029],[71.689,21.008],[71.764,21.021],[71.797,21.058],[71.916,21.112],[72.048,21.161],[72.115,21.202],[72.082,21.246],[72.171,21.39],[72.224,21.44],[72.251,21.494],[72.268,21.572],[72.306,21.628],[72.248,21.751],[72.26,21.784],[72.256,21.89],[72.22,21.948],[72.217,22.012],[72.211,22.015],[72.199,22.037],[72.2,22.064],[72.204,22.09],[72.2,22.089],[72.196,22.092],[72.192,22.089],[72.2,22.083],[72.194,22.067],[72.188,22.047],[72.185,22.042],[72.18,22.049],[72.16,22.07],[72.144,22.081],[72.155,22.068],[72.156,22.067],[72.165,22.055],[72.171,22.05],[72.169,22.047],[72.165,22.047],[72.16,22.045],[72.158,22.041],[72.162,22.033],[72.173,22.032],[72.17,22.028],[72.17,22.027],[72.175,22.023],[72.18,22.015],[72.179,22.014],[72.175,22.015],[72.161,22.022],[72.144,22.05],[72.099,22.055],[72.089,22.059],[72.072,22.103],[72.066,22.103],[72.044,22.122]]]]},"properties":{"code":"IN-GU-bhavnagar","name":"Bhavnagar","state":"Gujarat"}},{"type":"Feature","geometry":{"type":"Polygon","coordinates":[[[73.962,23.381],[73.939,23.341],[73.894,23.337],[73.827,23.447],[73.726,23.413],[73.699,23.392],[73.697,23.328],[73.756,23.236],[73.699,23.153],[73.638,23.045],[73.647,23.02],[73.778,23.077],[73.808,23.109],[73.864,23.061],[73.91,23.049],[73.911,22.936],[73.869,22.841],[73.831,22.79],[73.756,22.781],[73.738,22.755],[73.747,22.707],[73.691,22.716],[73.695,22.666],[73.64,22.647],[73.621,22.597],[73.577,22.568],[73.596,22.486],[73.68,22.498],[73.687,22.466],[73.734,22.456],[73.737,22.516],[73.763,22.547],[73.82,22.547],[73.871,22.506],[73.913,22.509],[74.024,22.573],[74.067,22.551],[74.128,22.524],[74.214,22.567],[74.237,22.614],[74.278,22.648],[74.384,22.644],[74.403,22.731],[74.465,22.815],[74.479,22.859],[74.463,22.913],[74.382,22.91],[74.342,22.965],[74.371,22.98],[74.323,23.063],[74.25,23.178],[74.208,23.192],[74.183,23.152],[74.127,23.179],[74.136,23.265],[74.107,23.294],[74.049,23.295],[74.033,23.332],[73.991,23.338],[73.962,23.381]]]},"properties":{"code":"IN-GU-dahod","name":"Dahod","state":"Gujarat"}},{"type":"Feature","geometry":{"type":"Polygon","coordinates":[[[72.733,23.386],[72.675,23.391],[72.648,23.371],[72.609,23.41],[72.532,23.419],[72.474,23.299],[72.423,23.28],[72.448,23.204],[72.394,23.167],[72.413,23.129],[72.345,23.106],[72.391,23.06],[72.446,23.042],[72.457,23.058],[72.481,23.063],[72.481,23.07],[72.467,23.081],[72.507,23.098],[72.496,23.143],[72.505,23.142],[72.513,23.149],[72.55,23.144],[72.553,23.131],[72.576,23.126],[72.576,23.107],[72.598,23.097],[72.606,23.094],[72.678,23.094],[72.683,23.104],[72.694,23.099],[72.715,23.109],[72.722,23.101],[72.728,23.095],[72.742,23.098],[72.75,23.095],[72.772,23.093],[72.786,23.075],[72.773,23.062],[72.79,23.058],[72.804,23.053],[72.817,23.037],[72.82,23.022],[72.835,23.016],[72.83,23.012],[72.84,23.001],[72.848,22.993],[72.904,23.021],[72.935,23.077],[72.969,23.074],[72.987,23.129],[73.021,23.161],[72.98,23.167],[73.003,23.258],[72.965,23.243],[72.927,23.264],[72.913,23.321],[72.732,23.326],[72.733,23.386]]]},"properties":{"code":"IN-GU-gandhinagar","name":"Gandhinagar","state":"Gujarat"}},{"type":"Feature","geometry":{"type":"Polygon","coordinates":[[[70.507,22.958],[70.476,22.959],[70.468,22.958],[70.455,22.96],[70.437,22.964],[70.342,22.848],[70.301,22.758],[70.255,22.726],[70.245,22.67],[70.199,22.617],[70.163,22.552],[70.047,22.555],[69.946,22.528],[69.911,22.468],[69.841,22.456],[69.793,22.403],[69.741,22.457],[69.691,22.451],[69.699,22.396],[69.655,22.359],[69.6,22.349],[69.521,22.379],[69.423,22.317],[69.34,22.33],[69.291,22.276],[69.207,22.264],[69.16,22.307],[69.191,22.422],[69.148,22.403],[69.069,22.396],[69.008,22.44],[68.957,22.367],[68.936,22.312],[68.953,22.248],[69.058,22.126],[69.259,21.918],[69.396,21.802],[69.416,21.855],[69.512,21.883],[69.56,21.881],[69.568,21.912],[69.641,21.93],[69.652,21.912],[69.657,21.908],[69.68,21.912],[69.675,21.944],[69.739,21.964],[69.732,21.922],[69.731,21.917],[69.705,21.915],[69.694,21.914],[69.691,21.882],[69.671,21.86],[69.656,21.859],[69.65,21.858],[69.635,21.853],[69.633,21.825],[69.637,21.82],[69.637,21.797],[69.64,21.792],[69.657,21.797],[69.661,21.822],[69.681,21.824],[69.7,21.809],[69.711,21.809],[69.719,21.798],[69.73,21.785],[69.737,21.783],[69.749,21.809],[69.758,21.818],[69.763,21.822],[69.79,21.811],[69.822,21.814],[69.838,21.813],[69.833,21.758],[69.84,21.735],[69.869,21.721],[69.883,21.723],[69.886,21.726],[69.89,21.745],[70.012,21.799],[70.032,21.792],[70.043,21.699],[70.097,21.724],[70.052,21.783],[70.111,21.792],[70.119,21.839],[70.148,21.857],[70.165,21.933],[70.199,21.886],[70.236,21.9],[70.236,21.957],[70.346,22.01],[70.348,22.041],[70.434,22.022],[70.473,22.044],[70.566,22.041],[70.579,22.137],[70.603,22.161],[70.593,22.232],[70.54,22.239],[70.51,22.29],[70.546,22.334],[70.492,22.369],[70.521,22.42],[70.513,22.468],[70.603,22.479],[70.554,22.522],[70.591,22.625],[70.631,22.646],[70.631,22.758],[70.664,22.78],[70.662,22.853],[70.595,22.908],[70.55,22.924],[70.551,22.955],[70.527,22.954],[70.507,22.958]]]},"properties":{"code":"IN-GU-jamnagar","name":"Jamnagar","state":"Gujarat"}},{"type":"Feature","geometry":{"type":"Polygon","coordinates":[[[70.169,21.654],[70.055,21.627],[70.068,21.586],[70.015,21.57],[70.004,21.522],[70.023,21.464],[69.973,21.374],[69.977,21.34],[69.98,21.334],[69.997,21.328],[70.005,21.285],[70.023,21.283],[70.032,21.273],[70.051,21.267],[70.035,21.253],[70.025,21.233],[70.01,21.224],[69.999,21.207],[70.1,21.105],[70.258,20.973],[70.425,20.863],[70.585,20.782],[70.677,20.769],[70.675,20.77],[70.683,20.784],[70.682,20.801],[70.676,20.819],[70.694,20.883],[70.718,20.912],[70.731,20.96],[70.734,20.988],[70.742,20.99],[70.756,20.974],[70.768,20.962],[70.773,20.961],[70.779,20.967],[70.794,20.959],[70.808,20.964],[70.825,20.96],[70.846,20.971],[70.851,20.963],[70.862,20.961],[70.88,20.955],[70.89,20.936],[70.884,20.873],[70.894,20.795],[70.854,20.753],[70.874,20.727],[70.874,20.71],[70.889,20.709],[70.892,20.708],[70.905,20.727],[70.93,20.732],[70.949,20.734],[70.963,20.729],[70.991,20.746],[71.051,20.732],[71.086,20.756],[71.149,20.757],[71.161,20.781],[71.251,20.814],[71.213,20.896],[71.241,20.953],[71.207,20.964],[71.194,20.962],[71.145,20.959],[71.151,20.982],[71.165,21.027],[71.143,21.072],[71.022,21.164],[70.843,21.191],[70.823,21.226],[70.82,21.319],[70.884,21.31],[70.888,21.369],[70.966,21.392],[70.942,21.457],[70.905,21.436],[70.85,21.487],[70.869,21.526],[70.911,21.53],[70.88,21.595],[70.811,21.66],[70.75,21.635],[70.739,21.605],[70.66,21.645],[70.63,21.618],[70.563,21.638],[70.457,21.652],[70.388,21.63],[70.387,21.591],[70.322,21.58],[70.315,21.539],[70.266,21.558],[70.283,21.606],[70.239,21.628],[70.184,21.604],[70.169,21.654]]]},"properties":{"code":"IN-GU-junagadh","name":"Junagadh","state":"Gujarat"}},{"type":"Feature","geometry":{"type":"MultiPolygon","coordinates":[[[[68.558,23.314],[68.54,23.267],[68.615,23.274],[68.558,23.314]]],[[[68.358,23.805],[68.339,23.733],[68.269,23.65],[68.207,23.642],[68.22,23.591],[68.264,23.602],[68.295,23.579],[68.347,23.598],[68.391,23.655],[68.418,23.729],[68.398,23.785],[68.358,23.805]]],[[[68.308,23.824],[68.295,23.819],[68.298,23.804],[68.278,23.797],[68.264,23.76],[68.268,23.705],[68.324,23.734],[68.322,23.803],[68.313,23.822],[68.308,23.824]]],[[[68.497,23.831],[68.448,23.806],[68.488,23.737],[68.517,23.755],[68.523,23.804],[68.497,23.831]]],[[[68.396,23.878],[68.343,23.837],[68.4,23.79],[68.439,23.834],[68.396,23.878]]],[[[68.449,23.938],[68.386,23.906],[68.427,23.865],[68.452,23.882],[68.449,23.938]]],[[[68.535,23.946],[68.53,23.917],[68.487,23.891],[68.521,23.857],[68.588,23.922],[68.562,23.923],[68.558,23.923],[68.559,23.928],[68.557,23.932],[68.542,23.934],[68.535,23.946]]],[[[68.482,23.993],[68.448,23.981],[68.454,23.882],[68.518,23.924],[68.482,23.993]]],[[[68.43,23.995],[68.4,23.968],[68.348,23.963],[68.342,23.925],[68.283,23.92],[68.209,23.811],[68.226,23.763],[68.193,23.731],[68.238,23.681],[68.274,23.797],[68.294,23.821],[68.306,23.825],[68.315,23.824],[68.338,23.819],[68.35,23.908],[68.403,23.921],[68.432,23.96],[68.43,23.995]]],[[[71.312,24.547],[71.32,24.554],[71.323,24.579],[71.314,24.588],[71.298,24.608],[71.261,24.621],[71.242,24.627],[71.207,24.64],[71.172,24.649],[71.107,24.681],[71.02,24.631],[71.001,24.599],[71.015,24.523],[71.008,24.442],[71.093,24.436],[71.134,24.414],[71.047,24.347],[70.998,24.361],[70.96,24.346],[70.885,24.291],[70.894,24.257],[70.806,24.223],[70.655,24.225],[70.594,24.24],[70.572,24.345],[70.611,24.402],[70.575,24.42],[70.37,24.353],[70.11,24.285],[70.077,24.216],[70.024,24.169],[69.912,24.164],[69.725,24.175],[69.601,24.278],[69.501,24.255],[69.432,24.274],[69.362,24.266],[69.31,24.277],[69.2,24.235],[69.085,24.268],[69.014,24.229],[68.922,24.259],[68.898,24.199],[68.848,24.208],[68.826,24.308],[68.764,24.284],[68.76,24.036],[68.749,23.962],[68.547,23.963],[68.538,23.945],[68.545,23.935],[68.558,23.933],[68.56,23.93],[68.56,23.924],[68.58,23.924],[68.588,23.922],[68.613,23.903],[68.572,23.88],[68.523,23.817],[68.535,23.757],[68.597,23.84],[68.685,23.82],[68.631,23.759],[68.557,23.717],[68.489,23.635],[68.49,23.54],[68.507,23.463],[68.559,23.42],[68.567,23.378],[68.637,23.344],[68.641,23.267],[68.585,23.222],[68.652,23.155],[68.762,23.079],[68.812,23.061],[68.988,22.956],[69.045,22.93],[69.197,22.838],[69.267,22.824],[69.319,22.832],[69.389,22.814],[69.474,22.773],[69.523,22.79],[69.597,22.76],[69.622,22.767],[69.711,22.738],[69.753,22.82],[69.798,22.85],[69.866,22.873],[69.906,22.866],[69.951,22.893],[70.106,22.909],[70.139,22.941],[70.209,22.952],[70.229,22.977],[70.345,22.93],[70.393,22.963],[70.397,23.026],[70.429,23.057],[70.493,23.075],[70.472,23.012],[70.437,22.964],[70.455,22.96],[70.468,22.958],[70.476,22.959],[70.507,22.958],[70.527,22.954],[70.551,22.955],[70.558,22.968],[70.563,22.999],[70.569,23.016],[70.577,23.029],[70.62,23.058],[70.638,23.06],[70.643,23.063],[70.647,23.071],[70.656,23.077],[70.693,23.093],[70.699,23.097],[70.7,23.097],[70.7,23.099],[70.712,23.108],[70.716,23.11],[70.721,23.115],[70.72,23.117],[70.747,23.131],[70.766,23.138],[70.771,23.133],[70.778,23.146],[70.786,23.161],[70.797,23.155],[70.805,23.155],[70.804,23.144],[70.814,23.153],[70.831,23.152],[70.826,23.141],[70.829,23.13],[70.844,23.123],[70.838,23.103],[70.841,23.097],[70.838,23.09],[70.837,23.079],[70.842,23.073],[70.85,23.092],[70.848,23.104],[70.851,23.105],[70.855,23.104],[70.842,23.143],[70.849,23.145],[70.878,23.132],[70.889,23.132],[70.885,23.117],[70.893,23.116],[70.894,23.12],[70.897,23.128],[70.904,23.125],[70.909,23.124],[70.902,23.135],[70.904,23.144],[70.904,23.153],[70.943,23.154],[70.954,23.149],[70.944,23.13],[70.958,23.131],[70.963,23.127],[70.965,23.133],[70.969,23.131],[70.977,23.134],[70.966,23.138],[70.97,23.144],[70.963,23.151],[70.964,23.161],[70.976,23.168],[70.975,23.161],[70.974,23.151],[70.984,23.156],[70.991,23.156],[70.997,23.167],[71.003,23.168],[71.014,23.166],[71.036,23.17],[71.058,23.166],[71.087,23.178],[71.12,23.196],[71.126,23.198],[71.137,23.198],[71.159,23.197],[71.171,23.178],[71.206,23.186],[71.227,23.152],[71.25,23.151],[71.286,23.157],[71.294,23.151],[71.292,23.164],[71.301,23.168],[71.314,23.178],[71.317,23.167],[71.333,23.183],[71.347,23.169],[71.353,23.165],[71.358,23.171],[71.381,23.161],[71.4,23.154],[71.41,23.152],[71.46,23.144],[71.48,23.142],[71.507,23.152],[71.523,23.155],[71.595,23.137],[71.605,23.134],[71.636,23.142],[71.638,23.147],[71.632,23.159],[71.642,23.166],[71.668,23.162],[71.699,23.15],[71.721,23.147],[71.727,23.164],[71.725,23.174],[71.708,23.181],[71.695,23.169],[71.68,23.173],[71.657,23.18],[71.637,23.201],[71.643,23.252],[71.669,23.279],[71.676,23.281],[71.674,23.291],[71.652,23.315],[71.655,23.329],[71.652,23.335],[71.635,23.354],[71.628,23.359],[71.614,23.354],[71.595,23.386],[71.604,23.411],[71.605,23.434],[71.597,23.449],[71.594,23.452],[71.574,23.463],[71.542,23.463],[71.539,23.467],[71.543,23.478],[71.521,23.482],[71.527,23.498],[71.53,23.504],[71.531,23.519],[71.521,23.52],[71.49,23.493],[71.464,23.469],[71.467,23.558],[71.433,23.563],[71.43,23.567],[71.43,23.581],[71.432,23.594],[71.433,23.623],[71.404,23.6],[71.393,23.631],[71.354,23.65],[71.315,23.642],[71.284,23.646],[71.265,23.648],[71.234,23.656],[71.232,23.668],[71.231,23.681],[71.235,23.689],[71.231,23.7],[71.235,23.708],[71.221,23.727],[71.213,23.73],[71.2,23.733],[71.171,23.724],[71.158,23.721],[71.159,23.712],[71.174,23.714],[71.186,23.708],[71.186,23.7],[71.169,23.686],[71.162,23.672],[71.153,23.661],[71.149,23.635],[71.086,23.597],[71.075,23.61],[71.072,23.614],[71.05,23.631],[71.049,23.66],[71.08,23.68],[71.079,23.688],[71.071,23.703],[71.076,23.715],[71.076,23.722],[71.081,23.728],[71.073,23.735],[71.067,23.746],[71.069,23.798],[71.077,23.806],[71.079,23.812],[71.08,23.818],[71.076,23.834],[71.083,23.84],[71.111,23.895],[71.141,23.902],[71.155,23.904],[71.192,23.919],[71.203,23.914],[71.217,23.923],[71.259,23.924],[71.271,23.92],[71.275,23.917],[71.283,23.918],[71.301,23.921],[71.309,23.924],[71.31,23.928],[71.301,23.944],[71.313,23.948],[71.323,23.982],[71.309,23.982],[71.298,23.986],[71.336,24.05],[71.327,24.065],[71.327,24.068],[71.337,24.086],[71.354,24.106],[71.346,24.129],[71.328,24.126],[71.325,24.13],[71.312,24.129],[71.289,24.133],[71.296,24.144],[71.3,24.148],[71.286,24.157],[71.297,24.171],[71.303,24.169],[71.315,24.162],[71.323,24.151],[71.333,24.143],[71.346,24.15],[71.343,24.158],[71.363,24.163],[71.366,24.166],[71.371,24.171],[71.378,24.17],[71.38,24.182],[71.379,24.186],[71.366,24.185],[71.358,24.185],[71.351,24.177],[71.334,24.198],[71.322,24.225],[71.309,24.231],[71.313,24.234],[71.323,24.234],[71.319,24.249],[71.319,24.276],[71.32,24.281],[71.315,24.299],[71.33,24.312],[71.335,24.316],[71.358,24.324],[71.374,24.323],[71.378,24.326],[71.389,24.331],[71.404,24.347],[71.4,24.36],[71.379,24.386],[71.36,24.389],[71.34,24.39],[71.339,24.399],[71.353,24.42],[71.357,24.428],[71.359,24.43],[71.353,24.467],[71.355,24.475],[71.349,24.481],[71.358,24.494],[71.321,24.514],[71.277,24.504],[71.269,24.507],[71.27,24.53],[71.301,24.542],[71.303,24.546],[71.312,24.547]]]]},"properties":{"code":"IN-GU-kachchh","name":"Kachchh","state":"Gujarat"}},{"type":"Feature","geometry":{"type":"Polygon","coordinates":[[[73.531,23.287],[73.458,23.284],[73.38,23.238],[73.349,23.202],[73.381,23.174],[73.346,23.13],[73.334,23.083],[73.279,23.059],[73.179,23.142],[73.163,23.19],[73.075,23.161],[73.021,23.161],[72.987,23.129],[72.969,23.074],[72.935,23.077],[72.904,23.021],[72.848,22.993],[72.836,22.953],[72.818,22.942],[72.808,22.93],[72.807,22.918],[72.781,22.909],[72.754,22.907],[72.74,22.913],[72.701,22.879],[72.68,22.884],[72.667,22.894],[72.645,22.886],[72.641,22.882],[72.616,22.884],[72.612,22.838],[72.619,22.816],[72.591,22.82],[72.57,22.818],[72.559,22.806],[72.547,22.803],[72.531,22.787],[72.529,22.779],[72.539,22.772],[72.538,22.765],[72.537,22.759],[72.533,22.752],[72.541,22.746],[72.536,22.728],[72.548,22.71],[72.533,22.71],[72.528,22.703],[72.533,22.696],[72.551,22.688],[72.54,22.681],[72.558,22.671],[72.553,22.654],[72.542,22.643],[72.545,22.63],[72.531,22.63],[72.524,22.631],[72.516,22.624],[72.522,22.612],[72.564,22.565],[72.567,22.541],[72.576,22.54],[72.581,22.521],[72.595,22.499],[72.62,22.509],[72.636,22.506],[72.648,22.502],[72.658,22.506],[72.665,22.499],[72.698,22.625],[72.804,22.639],[72.882,22.581],[72.929,22.594],[72.941,22.625],[72.995,22.657],[73.012,22.715],[73.138,22.722],[73.168,22.681],[73.211,22.682],[73.237,22.634],[73.275,22.675],[73.26,22.716],[73.287,22.78],[73.357,22.79],[73.393,22.852],[73.378,22.9],[73.457,22.969],[73.42,23.03],[73.429,23.1],[73.388,23.134],[73.435,23.157],[73.503,23.153],[73.549,23.193],[73.581,23.25],[73.531,23.287]]]},"properties":{"code":"IN-GU-kheda","name":"Kheda","state":"Gujarat"}},{"type":"Feature","geometry":{"type":"Polygon","coordinates":[[[72.87,24.016],[72.827,24.035],[72.797,24.081],[72.741,24.084],[72.629,24.04],[72.634,23.99],[72.593,23.971],[72.572,23.931],[72.485,23.929],[72.488,23.854],[72.534,23.849],[72.5,23.766],[72.44,23.77],[72.433,23.732],[72.353,23.733],[72.33,23.707],[72.308,23.633],[72.239,23.626],[72.201,23.607],[72.189,23.674],[72.149,23.65],[72.149,23.602],[72.104,23.569],[72.054,23.612],[71.967,23.574],[71.979,23.529],[72.009,23.501],[72.043,23.503],[72.062,23.441],[72.107,23.457],[72.218,23.429],[72.27,23.458],[72.306,23.412],[72.273,23.344],[72.187,23.272],[72.179,23.193],[72.196,23.142],[72.269,23.103],[72.294,23.073],[72.345,23.106],[72.413,23.129],[72.394,23.167],[72.448,23.204],[72.423,23.28],[72.474,23.299],[72.532,23.419],[72.609,23.41],[72.648,23.371],[72.675,23.391],[72.733,23.386],[72.803,23.423],[72.825,23.461],[72.836,23.54],[72.813,23.582],[72.839,23.669],[72.803,23.739],[72.814,23.792],[72.794,23.833],[72.821,23.944],[72.87,24.016]]]},"properties":{"code":"IN-GU-mahesana","name":"Mahesana","state":"Gujarat"}},{"type":"Feature","geometry":{"type":"Polygon","coordinates":[[[73.949,21.87],[73.864,21.951],[73.814,21.928],[73.729,21.981],[73.681,21.966],[73.69,21.916],[73.628,21.909],[73.554,21.979],[73.514,21.964],[73.458,21.977],[73.44,21.915],[73.374,21.928],[73.361,21.883],[73.307,21.89],[73.346,21.809],[73.375,21.801],[73.416,21.747],[73.418,21.71],[73.496,21.704],[73.483,21.656],[73.491,21.611],[73.458,21.57],[73.458,21.523],[73.487,21.494],[73.569,21.473],[73.683,21.474],[73.703,21.398],[73.789,21.413],[73.824,21.401],[73.891,21.451],[73.977,21.462],[73.988,21.522],[73.938,21.521],[73.861,21.496],[73.825,21.598],[73.788,21.625],[73.886,21.645],[73.89,21.711],[73.846,21.742],[73.828,21.812],[73.949,21.87]]]},"properties":{"code":"IN-GU-narmada","name":"Narmada","state":"Gujarat"}},{"type":"Feature","geometry":{"type":"Polygon","coordinates":[[[73.507,20.819],[73.496,20.815],[73.483,20.818],[73.463,20.813],[73.393,20.825],[73.32,20.882],[73.311,20.817],[73.266,20.818],[73.258,20.849],[73.207,20.86],[73.174,20.901],[73.103,20.936],[73.052,21.005],[73.027,21.058],[72.902,21.059],[72.853,21.027],[72.742,21.049],[72.724,21.036],[72.754,20.943],[72.792,20.897],[72.874,20.734],[72.906,20.735],[72.965,20.719],[72.974,20.724],[72.978,20.742],[72.983,20.742],[73.01,20.727],[73.046,20.703],[73.084,20.6],[73.225,20.604],[73.269,20.581],[73.416,20.626],[73.475,20.722],[73.475,20.741],[73.483,20.748],[73.498,20.755],[73.501,20.76],[73.496,20.783],[73.5,20.803],[73.504,20.81],[73.507,20.819]]]},"properties":{"code":"IN-GU-navsari","name":"Navsari","state":"Gujarat"}},{"type":"Feature","geometry":{"type":"Polygon","coordinates":[[[73.726,23.413],[73.704,23.456],[73.633,23.452],[73.619,23.392],[73.571,23.348],[73.531,23.287],[73.581,23.25],[73.549,23.193],[73.503,23.153],[73.435,23.157],[73.388,23.134],[73.429,23.1],[73.42,23.03],[73.457,22.969],[73.378,22.9],[73.393,22.852],[73.357,22.79],[73.392,22.808],[73.433,22.759],[73.392,22.739],[73.398,22.685],[73.422,22.66],[73.392,22.623],[73.379,22.554],[73.426,22.548],[73.413,22.507],[73.437,22.457],[73.429,22.427],[73.491,22.347],[73.636,22.324],[73.705,22.287],[73.759,22.347],[73.734,22.456],[73.687,22.466],[73.68,22.498],[73.596,22.486],[73.577,22.568],[73.621,22.597],[73.64,22.647],[73.695,22.666],[73.691,22.716],[73.747,22.707],[73.738,22.755],[73.756,22.781],[73.831,22.79],[73.869,22.841],[73.911,22.936],[73.91,23.049],[73.864,23.061],[73.808,23.109],[73.778,23.077],[73.647,23.02],[73.638,23.045],[73.699,23.153],[73.756,23.236],[73.697,23.328],[73.699,23.392],[73.726,23.413]]]},"properties":{"code":"IN-GU-panch-mahals","name":"Panch Mahals","state":"Gujarat"}},{"type":"Feature","geometry":{"type":"Polygon","coordinates":[[[72.485,23.929],[72.478,23.959],[72.434,23.978],[72.373,23.969],[72.361,24.023],[72.238,24.063],[72.223,24.102],[72.161,24.112],[72.172,24.073],[72.133,24.038],[72.105,24.046],[72.044,23.98],[71.971,23.991],[71.937,23.95],[71.981,23.89],[71.762,23.838],[71.718,23.878],[71.726,23.923],[71.678,23.967],[71.611,23.94],[71.548,23.976],[71.453,23.979],[71.455,23.937],[71.326,23.977],[71.313,23.948],[71.301,23.944],[71.31,23.928],[71.309,23.924],[71.301,23.921],[71.283,23.918],[71.275,23.917],[71.271,23.92],[71.259,23.924],[71.217,23.923],[71.203,23.914],[71.192,23.919],[71.155,23.904],[71.141,23.902],[71.111,23.895],[71.083,23.84],[71.076,23.834],[71.08,23.818],[71.079,23.812],[71.077,23.806],[71.069,23.798],[71.067,23.746],[71.073,23.735],[71.081,23.728],[71.076,23.722],[71.076,23.715],[71.071,23.703],[71.079,23.688],[71.08,23.68],[71.049,23.66],[71.05,23.631],[71.072,23.614],[71.075,23.61],[71.086,23.597],[71.149,23.635],[71.153,23.661],[71.162,23.672],[71.169,23.686],[71.186,23.7],[71.186,23.708],[71.174,23.714],[71.159,23.712],[71.158,23.721],[71.171,23.724],[71.2,23.733],[71.213,23.73],[71.221,23.727],[71.235,23.708],[71.231,23.7],[71.235,23.689],[71.231,23.681],[71.232,23.668],[71.234,23.656],[71.265,23.648],[71.284,23.646],[71.315,23.642],[71.354,23.65],[71.393,23.631],[71.404,23.6],[71.433,23.623],[71.432,23.594],[71.43,23.581],[71.43,23.567],[71.433,23.563],[71.467,23.558],[71.464,23.469],[71.49,23.493],[71.521,23.52],[71.531,23.519],[71.53,23.504],[71.527,23.498],[71.521,23.482],[71.543,23.478],[71.621,23.5],[71.778,23.468],[71.77,23.415],[71.808,23.397],[71.845,23.419],[71.873,23.472],[71.951,23.504],[71.979,23.529],[71.967,23.574],[72.054,23.612],[72.104,23.569],[72.149,23.602],[72.149,23.65],[72.189,23.674],[72.201,23.607],[72.239,23.626],[72.308,23.633],[72.33,23.707],[72.353,23.733],[72.433,23.732],[72.44,23.77],[72.5,23.766],[72.534,23.849],[72.488,23.854],[72.485,23.929]]]},"properties":{"code":"IN-GU-patan","name":"Patan","state":"Gujarat"}},{"type":"Feature","geometry":{"type":"Polygon","coordinates":[[[69.731,21.917],[69.732,21.922],[69.739,21.964],[69.675,21.944],[69.68,21.912],[69.657,21.908],[69.652,21.912],[69.641,21.93],[69.568,21.912],[69.56,21.881],[69.512,21.883],[69.416,21.855],[69.396,21.802],[69.584,21.638],[69.602,21.637],[69.706,21.539],[69.705,21.59],[69.744,21.636],[69.764,21.579],[69.713,21.528],[69.999,21.207],[70.01,21.224],[70.025,21.233],[70.035,21.253],[70.051,21.267],[70.032,21.273],[70.023,21.283],[70.005,21.285],[69.997,21.328],[69.98,21.334],[69.977,21.34],[69.973,21.374],[70.023,21.464],[70.004,21.522],[70.015,21.57],[70.068,21.586],[70.055,21.627],[70.169,21.654],[70.141,21.697],[70.097,21.724],[70.043,21.699],[70.032,21.792],[70.012,21.799],[69.89,21.745],[69.886,21.726],[69.883,21.723],[69.869,21.721],[69.84,21.735],[69.833,21.758],[69.838,21.813],[69.822,21.814],[69.79,21.811],[69.763,21.822],[69.758,21.818],[69.749,21.809],[69.737,21.783],[69.73,21.785],[69.719,21.798],[69.711,21.809],[69.7,21.809],[69.681,21.824],[69.661,21.822],[69.657,21.797],[69.64,21.792],[69.637,21.797],[69.637,21.82],[69.633,21.825],[69.635,21.853],[69.65,21.858],[69.656,21.859],[69.671,21.86],[69.691,21.882],[69.694,21.914],[69.705,21.915],[69.731,21.917]]]},"properties":{"code":"IN-GU-porbandar","name":"Porbandar","state":"Gujarat"}},{"type":"Feature","geometry":{"type":"Polygon","coordinates":[[[71.058,23.166],[71.036,23.17],[71.014,23.166],[71.003,23.168],[70.997,23.167],[70.991,23.156],[70.984,23.156],[70.974,23.151],[70.975,23.161],[70.976,23.168],[70.964,23.161],[70.963,23.151],[70.97,23.144],[70.966,23.138],[70.977,23.134],[70.969,23.131],[70.965,23.133],[70.963,23.127],[70.958,23.131],[70.944,23.13],[70.954,23.149],[70.943,23.154],[70.904,23.153],[70.904,23.144],[70.902,23.135],[70.909,23.124],[70.904,23.125],[70.897,23.128],[70.894,23.12],[70.893,23.116],[70.885,23.117],[70.889,23.132],[70.878,23.132],[70.849,23.145],[70.842,23.143],[70.855,23.104],[70.851,23.105],[70.848,23.104],[70.85,23.092],[70.842,23.073],[70.837,23.079],[70.838,23.09],[70.841,23.097],[70.838,23.103],[70.844,23.123],[70.829,23.13],[70.826,23.141],[70.831,23.152],[70.814,23.153],[70.804,23.144],[70.805,23.155],[70.797,23.155],[70.786,23.161],[70.778,23.146],[70.771,23.133],[70.766,23.138],[70.747,23.131],[70.72,23.117],[70.721,23.115],[70.716,23.11],[70.712,23.108],[70.7,23.099],[70.7,23.097],[70.699,23.097],[70.693,23.093],[70.656,23.077],[70.647,23.071],[70.643,23.063],[70.638,23.06],[70.62,23.058],[70.577,23.029],[70.569,23.016],[70.563,22.999],[70.558,22.968],[70.551,22.955],[70.55,22.924],[70.595,22.908],[70.662,22.853],[70.664,22.78],[70.631,22.758],[70.631,22.646],[70.591,22.625],[70.554,22.522],[70.603,22.479],[70.513,22.468],[70.521,22.42],[70.492,22.369],[70.546,22.334],[70.51,22.29],[70.54,22.239],[70.593,22.232],[70.603,22.161],[70.579,22.137],[70.566,22.041],[70.473,22.044],[70.434,22.022],[70.348,22.041],[70.346,22.01],[70.236,21.957],[70.236,21.9],[70.199,21.886],[70.165,21.933],[70.148,21.857],[70.119,21.839],[70.111,21.792],[70.052,21.783],[70.097,21.724],[70.141,21.697],[70.169,21.654],[70.184,21.604],[70.239,21.628],[70.283,21.606],[70.266,21.558],[70.315,21.539],[70.322,21.58],[70.387,21.591],[70.388,21.63],[70.457,21.652],[70.563,21.638],[70.63,21.618],[70.66,21.645],[70.739,21.605],[70.75,21.635],[70.811,21.66],[70.843,21.738],[70.903,21.729],[70.911,21.758],[70.994,21.725],[71.063,21.751],[71.075,21.899],[71.216,21.969],[71.263,22.005],[71.28,21.953],[71.312,21.97],[71.289,22.013],[71.322,22.038],[71.359,21.981],[71.407,21.974],[71.474,22.003],[71.518,22.05],[71.514,22.108],[71.484,22.133],[71.493,22.181],[71.447,22.257],[71.402,22.272],[71.356,22.255],[71.321,22.277],[71.247,22.272],[71.233,22.217],[71.297,22.206],[71.304,22.16],[71.203,22.169],[71.171,22.162],[71.12,22.243],[71.076,22.273],[71.038,22.324],[71.027,22.405],[71.071,22.431],[71.092,22.399],[71.137,22.431],[71.146,22.474],[71.178,22.496],[71.149,22.537],[71.116,22.508],[71.09,22.552],[71.125,22.635],[71.176,22.676],[71.138,22.751],[71.002,22.787],[70.993,22.841],[71.032,22.868],[70.973,23.018],[71.014,23.098],[71.077,23.09],[71.058,23.166]]]},"properties":{"code":"IN-GU-rajkot","name":"Rajkot","state":"Gujarat"}},{"type":"Feature","geometry":{"type":"Polygon","coordinates":[[[73.37,23.814],[73.36,23.855],[73.386,23.906],[73.42,23.923],[73.414,24.051],[73.335,24.115],[73.327,24.063],[73.253,24.011],[73.201,24.045],[73.224,24.098],[73.123,24.14],[73.083,24.185],[73.116,24.263],[73.173,24.301],[73.18,24.351],[73.085,24.394],[73.106,24.42],[73.094,24.495],[73.051,24.465],[73.013,24.482],[72.981,24.451],[72.965,24.351],[72.973,24.303],[73.034,24.281],[72.953,24.098],[72.908,24.022],[72.87,24.016],[72.821,23.944],[72.794,23.833],[72.814,23.792],[72.803,23.739],[72.839,23.669],[72.813,23.582],[72.836,23.54],[72.825,23.461],[72.803,23.423],[72.733,23.386],[72.732,23.326],[72.913,23.321],[72.927,23.264],[72.965,23.243],[73.003,23.258],[72.98,23.167],[73.021,23.161],[73.075,23.161],[73.163,23.19],[73.179,23.142],[73.279,23.059],[73.334,23.083],[73.346,23.13],[73.381,23.174],[73.349,23.202],[73.38,23.238],[73.458,23.284],[73.531,23.287],[73.571,23.348],[73.619,23.392],[73.633,23.452],[73.637,23.531],[73.661,23.623],[73.619,23.651],[73.571,23.654],[73.527,23.611],[73.501,23.635],[73.51,23.697],[73.37,23.814]]]},"properties":{"code":"IN-GU-sabar-kantha","name":"Sabar Kantha","state":"Gujarat"}},{"type":"Feature","geometry":{"type":"Polygon","coordinates":[[[73.857,20.998],[73.816,20.996],[73.748,21.04],[73.736,21.103],[73.693,21.101],[73.636,21.133],[73.742,21.167],[73.823,21.172],[73.832,21.267],[73.892,21.262],[73.948,21.298],[73.962,21.393],[74.052,21.426],[74.057,21.456],[74.121,21.45],[74.186,21.467],[74.223,21.459],[74.308,21.48],[74.336,21.54],[74.292,21.559],[74.026,21.553],[73.988,21.522],[73.977,21.462],[73.891,21.451],[73.824,21.401],[73.789,21.413],[73.703,21.398],[73.683,21.474],[73.569,21.473],[73.487,21.494],[73.458,21.523],[73.263,21.493],[73.222,21.502],[73.129,21.482],[73.048,21.524],[72.952,21.51],[72.933,21.459],[72.928,21.446],[72.864,21.45],[72.796,21.423],[72.749,21.469],[72.686,21.445],[72.623,21.375],[72.593,21.312],[72.597,21.25],[72.619,21.223],[72.626,21.09],[72.66,21.139],[72.716,21.141],[72.706,21.073],[72.742,21.049],[72.853,21.027],[72.902,21.059],[73.027,21.058],[73.052,21.005],[73.103,20.936],[73.174,20.901],[73.207,20.86],[73.258,20.849],[73.266,20.818],[73.311,20.817],[73.32,20.882],[73.393,20.825],[73.463,20.813],[73.483,20.818],[73.496,20.815],[73.507,20.819],[73.509,20.83],[73.509,20.834],[73.51,20.848],[73.506,20.861],[73.506,20.873],[73.501,20.889],[73.501,20.913],[73.51,20.923],[73.539,20.937],[73.551,20.973],[73.554,21.001],[73.564,21.012],[73.577,21.012],[73.601,20.998],[73.593,20.969],[73.62,20.982],[73.624,20.995],[73.639,20.978],[73.649,20.974],[73.656,20.992],[73.667,21.006],[73.67,21.007],[73.681,21.001],[73.694,21.005],[73.738,21.004],[73.744,21.001],[73.753,21.005],[73.757,21.005],[73.767,20.997],[73.795,20.987],[73.799,20.979],[73.803,20.959],[73.821,20.95],[73.864,20.948],[73.882,20.928],[73.896,20.933],[73.906,20.983],[73.857,20.998]]]},"properties":{"code":"IN-GU-surat","name":"Surat","state":"Gujarat"}},{"type":"Feature","geometry":{"type":"Polygon","coordinates":[[[72.009,23.501],[71.979,23.529],[71.951,23.504],[71.873,23.472],[71.845,23.419],[71.808,23.397],[71.77,23.415],[71.778,23.468],[71.621,23.5],[71.543,23.478],[71.539,23.467],[71.542,23.463],[71.574,23.463],[71.594,23.452],[71.597,23.449],[71.605,23.434],[71.604,23.411],[71.595,23.386],[71.614,23.354],[71.628,23.359],[71.635,23.354],[71.652,23.335],[71.655,23.329],[71.652,23.315],[71.674,23.291],[71.676,23.281],[71.669,23.279],[71.643,23.252],[71.637,23.201],[71.657,23.18],[71.68,23.173],[71.695,23.169],[71.708,23.181],[71.725,23.174],[71.727,23.164],[71.721,23.147],[71.699,23.15],[71.668,23.162],[71.642,23.166],[71.632,23.159],[71.638,23.147],[71.636,23.142],[71.605,23.134],[71.595,23.137],[71.523,23.155],[71.507,23.152],[71.48,23.142],[71.46,23.144],[71.41,23.152],[71.4,23.154],[71.381,23.161],[71.358,23.171],[71.353,23.165],[71.347,23.169],[71.333,23.183],[71.317,23.167],[71.314,23.178],[71.301,23.168],[71.292,23.164],[71.294,23.151],[71.286,23.157],[71.25,23.151],[71.227,23.152],[71.206,23.186],[71.171,23.178],[71.159,23.197],[71.137,23.198],[71.126,23.198],[71.12,23.196],[71.087,23.178],[71.058,23.166],[71.077,23.09],[71.014,23.098],[70.973,23.018],[71.032,22.868],[70.993,22.841],[71.002,22.787],[71.138,22.751],[71.176,22.676],[71.125,22.635],[71.09,22.552],[71.116,22.508],[71.149,22.537],[71.178,22.496],[71.146,22.474],[71.137,22.431],[71.092,22.399],[71.071,22.431],[71.027,22.405],[71.038,22.324],[71.076,22.273],[71.12,22.243],[71.171,22.162],[71.203,22.169],[71.304,22.16],[71.297,22.206],[71.233,22.217],[71.247,22.272],[71.321,22.277],[71.356,22.255],[71.402,22.272],[71.447,22.257],[71.453,22.285],[71.509,22.304],[71.543,22.34],[71.62,22.335],[71.633,22.377],[71.715,22.393],[71.746,22.358],[71.792,22.383],[71.863,22.387],[71.934,22.447],[71.933,22.519],[72.042,22.504],[72.061,22.442],[72.095,22.435],[72.172,22.478],[72.16,22.497],[72.16,22.519],[72.181,22.533],[72.198,22.543],[72.179,22.568],[72.107,22.603],[72.047,22.668],[72.04,22.679],[72.083,22.673],[72.1,22.674],[72.117,22.719],[72.082,22.73],[72.067,22.745],[72.056,22.766],[72.061,22.781],[72.027,22.791],[71.994,22.853],[72.013,22.921],[72,22.947],[72.03,22.99],[72.023,23.057],[71.962,23.052],[71.911,23.108],[71.92,23.178],[72,23.213],[71.996,23.254],[71.885,23.276],[71.905,23.33],[71.884,23.381],[71.969,23.391],[71.977,23.457],[72.009,23.501]]]},"properties":{"code":"IN-GU-surendranagar","name":"Surendranagar","state":"Gujarat"}},{"type":"Feature","geometry":{"type":"Polygon","coordinates":[[[73.896,20.933],[73.882,20.928],[73.864,20.948],[73.821,20.95],[73.803,20.959],[73.799,20.979],[73.795,20.987],[73.767,20.997],[73.757,21.005],[73.753,21.005],[73.744,21.001],[73.738,21.004],[73.694,21.005],[73.681,21.001],[73.67,21.007],[73.667,21.006],[73.656,20.992],[73.649,20.974],[73.639,20.978],[73.624,20.995],[73.62,20.982],[73.593,20.969],[73.601,20.998],[73.577,21.012],[73.564,21.012],[73.554,21.001],[73.551,20.973],[73.539,20.937],[73.51,20.923],[73.501,20.913],[73.501,20.889],[73.506,20.873],[73.506,20.861],[73.51,20.848],[73.509,20.834],[73.509,20.83],[73.507,20.819],[73.504,20.81],[73.5,20.803],[73.496,20.783],[73.501,20.76],[73.498,20.755],[73.483,20.748],[73.475,20.741],[73.475,20.722],[73.484,20.709],[73.493,20.694],[73.487,20.676],[73.49,20.67],[73.493,20.666],[73.501,20.653],[73.512,20.663],[73.525,20.667],[73.538,20.674],[73.563,20.647],[73.574,20.651],[73.591,20.645],[73.607,20.636],[73.629,20.612],[73.637,20.579],[73.643,20.577],[73.647,20.577],[73.662,20.566],[73.671,20.562],[73.681,20.568],[73.71,20.575],[73.724,20.576],[73.738,20.574],[73.78,20.592],[73.787,20.602],[73.806,20.602],[73.825,20.614],[73.834,20.614],[73.843,20.65],[73.825,20.674],[73.829,20.696],[73.843,20.702],[73.874,20.708],[73.877,20.721],[73.909,20.725],[73.935,20.735],[73.948,20.747],[73.948,20.752],[73.938,20.761],[73.938,20.79],[73.94,20.809],[73.948,20.825],[73.945,20.84],[73.934,20.845],[73.932,20.865],[73.931,20.877],[73.931,20.886],[73.924,20.903],[73.912,20.918],[73.896,20.933]]]},"properties":{"code":"IN-GU-the-dangs","name":"The Dangs","state":"Gujarat"}},{"type":"Feature","geometry":{"type":"Polygon","coordinates":[[[73.734,22.456],[73.759,22.347],[73.705,22.287],[73.636,22.324],[73.491,22.347],[73.429,22.427],[73.437,22.457],[73.413,22.507],[73.426,22.548],[73.379,22.554],[73.392,22.623],[73.422,22.66],[73.398,22.685],[73.392,22.739],[73.433,22.759],[73.392,22.808],[73.357,22.79],[73.287,22.78],[73.26,22.716],[73.275,22.675],[73.237,22.634],[73.169,22.59],[73.146,22.527],[73.103,22.51],[73.101,22.458],[73.075,22.426],[73.057,22.365],[73.07,22.314],[73.008,22.258],[72.919,22.267],[72.874,22.224],[72.895,22.173],[72.877,22.155],[72.916,22.066],[72.944,22.039],[72.999,22.027],[73.06,21.976],[73.077,21.923],[73.071,21.881],[73.131,21.876],[73.218,21.82],[73.259,21.863],[73.234,21.916],[73.275,21.93],[73.307,21.89],[73.361,21.883],[73.374,21.928],[73.44,21.915],[73.458,21.977],[73.514,21.964],[73.554,21.979],[73.628,21.909],[73.69,21.916],[73.681,21.966],[73.729,21.981],[73.814,21.928],[73.864,21.951],[73.949,21.87],[74.047,21.923],[74.146,21.954],[74.154,21.986],[74.1,22.002],[74.138,22.054],[74.123,22.213],[74.076,22.222],[74.059,22.286],[74.072,22.36],[74.112,22.372],[74.134,22.332],[74.198,22.343],[74.274,22.393],[74.237,22.439],[74.105,22.433],[74.067,22.551],[74.024,22.573],[73.913,22.509],[73.871,22.506],[73.82,22.547],[73.763,22.547],[73.737,22.516],[73.734,22.456]]]},"properties":{"code":"IN-GU-vadodara","name":"Vadodara","state":"Gujarat"}},{"type":"Feature","geometry":{"type":"Polygon","coordinates":[[[72.874,20.734],[72.855,20.721],[72.887,20.642],[72.898,20.574],[72.884,20.498],[72.851,20.455],[72.849,20.453],[72.839,20.439],[72.846,20.415],[72.869,20.404],[72.876,20.381],[72.87,20.391],[72.843,20.403],[72.843,20.399],[72.822,20.371],[72.776,20.333],[72.741,20.245],[72.738,20.137],[72.788,20.13],[72.829,20.157],[72.85,20.208],[72.884,20.227],[72.97,20.212],[72.974,20.215],[72.965,20.237],[72.944,20.245],[72.922,20.274],[72.925,20.279],[72.938,20.288],[72.951,20.292],[72.97,20.275],[72.98,20.271],[72.988,20.275],[72.99,20.292],[73.02,20.317],[73.037,20.291],[73.044,20.291],[73.055,20.325],[73.067,20.326],[73.075,20.33],[73.086,20.326],[73.097,20.335],[73.102,20.358],[73.105,20.361],[73.111,20.356],[73.114,20.353],[73.118,20.343],[73.122,20.333],[73.116,20.304],[73.139,20.31],[73.147,20.317],[73.177,20.312],[73.178,20.311],[73.177,20.308],[73.18,20.29],[73.167,20.283],[73.161,20.292],[73.158,20.29],[73.155,20.285],[73.154,20.277],[73.147,20.281],[73.146,20.281],[73.143,20.269],[73.137,20.26],[73.113,20.244],[73.109,20.239],[73.102,20.229],[73.088,20.234],[73.077,20.23],[73.067,20.198],[73.07,20.197],[73.076,20.16],[73.086,20.157],[73.09,20.17],[73.098,20.173],[73.099,20.173],[73.109,20.159],[73.117,20.159],[73.125,20.157],[73.148,20.185],[73.146,20.187],[73.142,20.204],[73.15,20.206],[73.153,20.203],[73.154,20.202],[73.18,20.209],[73.189,20.201],[73.204,20.198],[73.21,20.197],[73.229,20.184],[73.227,20.176],[73.199,20.162],[73.195,20.151],[73.196,20.14],[73.211,20.124],[73.216,20.122],[73.259,20.125],[73.294,20.154],[73.311,20.207],[73.376,20.195],[73.427,20.202],[73.42,20.257],[73.437,20.282],[73.415,20.382],[73.449,20.467],[73.476,20.495],[73.481,20.584],[73.416,20.626],[73.269,20.581],[73.225,20.604],[73.084,20.6],[73.046,20.703],[73.01,20.727],[72.983,20.742],[72.978,20.742],[72.974,20.724],[72.965,20.719],[72.906,20.735],[72.874,20.734]]]},"properties":{"code":"IN-GU-valsad","name":"Valsad","state":"Gujarat"}},{"type":"Feature","geometry":{"type":"Polygon","coordinates":[[[77.124,30.573],[77.068,30.586],[77.045,30.611],[77.034,30.624],[77.023,30.637],[77.02,30.624],[77.013,30.615],[76.999,30.605],[76.993,30.595],[76.967,30.569],[76.95,30.536],[76.92,30.525],[76.894,30.49],[76.89,30.437],[76.927,30.389],[76.898,30.363],[76.832,30.434],[76.808,30.412],[76.749,30.427],[76.7,30.394],[76.739,30.36],[76.671,30.319],[76.59,30.254],[76.639,30.206],[76.628,30.155],[76.674,30.189],[76.795,30.216],[76.819,30.253],[76.89,30.193],[76.949,30.158],[76.988,30.169],[77.053,30.127],[77.066,30.171],[77.099,30.18],[77.096,30.187],[77.088,30.192],[77.071,30.197],[77.063,30.202],[77.072,30.22],[77.092,30.229],[77.099,30.229],[77.117,30.234],[77.131,30.224],[77.141,30.249],[77.124,30.247],[77.123,30.274],[77.15,30.298],[77.157,30.302],[77.174,30.322],[77.17,30.328],[77.185,30.333],[77.203,30.356],[77.23,30.357],[77.259,30.375],[77.27,30.392],[77.269,30.403],[77.266,30.412],[77.28,30.426],[77.285,30.432],[77.301,30.437],[77.311,30.454],[77.252,30.484],[77.203,30.48],[77.185,30.526],[77.122,30.548],[77.124,30.573]]]},"properties":{"code":"IN-HA-ambala","name":"Ambala","state":"Haryana"}},{"type":"Feature","geometry":{"type":"Polygon","coordinates":[[[76.223,28.991],[76.188,29.061],[76.136,29.047],[76.043,29.065],[75.96,29.057],[75.947,29.004],[75.906,29.026],[75.849,28.966],[75.823,28.917],[75.759,28.905],[75.671,28.916],[75.593,28.996],[75.517,28.975],[75.469,28.938],[75.488,28.86],[75.513,28.837],[75.499,28.788],[75.531,28.733],[75.54,28.649],[75.556,28.615],[75.609,28.606],[75.629,28.546],[75.664,28.521],[75.778,28.458],[75.803,28.414],[75.889,28.394],[75.898,28.434],[75.991,28.444],[76.013,28.395],[76.07,28.399],[76.108,28.455],[76.146,28.467],[76.178,28.436],[76.282,28.439],[76.278,28.489],[76.318,28.498],[76.344,28.616],[76.397,28.599],[76.455,28.616],[76.441,28.664],[76.397,28.686],[76.371,28.714],[76.396,28.756],[76.325,28.817],[76.285,28.813],[76.291,28.909],[76.23,28.916],[76.209,28.963],[76.223,28.991]]]},"properties":{"code":"IN-HA-bhiwani","name":"Bhiwani","state":"Haryana"}},{"type":"Feature","geometry":{"type":"Polygon","coordinates":[[[77.47,28.084],[77.499,28.123],[77.499,28.163],[77.538,28.191],[77.466,28.341],[77.494,28.358],[77.436,28.432],[77.338,28.509],[77.329,28.508],[77.315,28.495],[77.301,28.49],[77.278,28.498],[77.254,28.486],[77.232,28.476],[77.226,28.464],[77.243,28.447],[77.241,28.429],[77.215,28.416],[77.195,28.413],[77.166,28.408],[77.142,28.392],[77.145,28.322],[77.216,28.295],[77.171,28.217],[77.093,28.011],[77.066,27.992],[77.152,27.948],[77.186,27.946],[77.25,27.883],[77.313,27.881],[77.329,27.852],[77.422,27.894],[77.47,27.895],[77.469,27.933],[77.519,27.932],[77.535,27.993],[77.478,28.049],[77.47,28.084]]]},"properties":{"code":"IN-HA-faridabad","name":"Faridabad","state":"Haryana"}},{"type":"Feature","geometry":{"type":"Polygon","coordinates":[[[75.939,29.734],[75.864,29.752],[75.82,29.815],[75.772,29.825],[75.726,29.812],[75.71,29.812],[75.697,29.755],[75.678,29.757],[75.666,29.773],[75.623,29.754],[75.563,29.744],[75.53,29.773],[75.506,29.774],[75.435,29.78],[75.397,29.761],[75.391,29.739],[75.382,29.727],[75.379,29.711],[75.359,29.706],[75.341,29.695],[75.346,29.671],[75.347,29.659],[75.33,29.672],[75.318,29.671],[75.312,29.649],[75.288,29.62],[75.28,29.603],[75.303,29.579],[75.291,29.562],[75.275,29.465],[75.291,29.444],[75.215,29.401],[75.257,29.356],[75.217,29.327],[75.235,29.252],[75.277,29.273],[75.296,29.323],[75.339,29.308],[75.388,29.322],[75.377,29.381],[75.407,29.416],[75.501,29.405],[75.522,29.365],[75.589,29.345],[75.623,29.423],[75.694,29.429],[75.773,29.528],[75.819,29.516],[75.883,29.54],[75.923,29.583],[75.949,29.569],[75.927,29.687],[75.939,29.734]]]},"properties":{"code":"IN-HA-fatehabad","name":"Fatehabad","state":"Haryana"}},{"type":"Feature","geometry":{"type":"Polygon","coordinates":[[[77.072,28.52],[77.02,28.533],[77.016,28.533],[77,28.542],[77.006,28.514],[76.977,28.524],[76.933,28.516],[76.908,28.515],[76.894,28.516],[76.879,28.509],[76.82,28.508],[76.763,28.48],[76.671,28.456],[76.636,28.415],[76.658,28.386],[76.653,28.323],[76.673,28.268],[76.761,28.246],[76.823,28.249],[76.854,28.225],[76.884,28.192],[76.962,28.144],[76.919,27.998],[76.927,27.834],[76.908,27.836],[76.889,27.72],[76.97,27.657],[76.994,27.742],[77.032,27.748],[77.038,27.82],[77.101,27.785],[77.15,27.812],[77.235,27.786],[77.276,27.807],[77.329,27.852],[77.313,27.881],[77.25,27.883],[77.186,27.946],[77.152,27.948],[77.066,27.992],[77.093,28.011],[77.171,28.217],[77.216,28.295],[77.145,28.322],[77.142,28.392],[77.166,28.408],[77.152,28.428],[77.131,28.439],[77.113,28.45],[77.103,28.483],[77.108,28.494],[77.09,28.505],[77.072,28.52]]]},"properties":{"code":"IN-HA-gurgaon","name":"Gurgaon","state":"Haryana"}},{"type":"Feature","geometry":{"type":"Polygon","coordinates":[[[75.949,29.569],[75.923,29.583],[75.883,29.54],[75.819,29.516],[75.773,29.528],[75.694,29.429],[75.623,29.423],[75.589,29.345],[75.522,29.365],[75.501,29.405],[75.407,29.416],[75.377,29.381],[75.388,29.322],[75.339,29.308],[75.296,29.323],[75.277,29.273],[75.315,29.236],[75.38,29.264],[75.401,29.189],[75.361,29.143],[75.381,29.07],[75.43,29.065],[75.435,29.017],[75.511,29.011],[75.517,28.975],[75.593,28.996],[75.671,28.916],[75.759,28.905],[75.823,28.917],[75.849,28.966],[75.906,29.026],[75.947,29.004],[75.96,29.057],[76.043,29.065],[76.136,29.047],[76.188,29.061],[76.223,28.991],[76.23,29.06],[76.292,29.091],[76.308,29.121],[76.282,29.213],[76.22,29.224],[76.182,29.301],[76.176,29.355],[76.192,29.407],[76.128,29.394],[75.983,29.456],[75.986,29.486],[75.931,29.502],[75.949,29.569]]]},"properties":{"code":"IN-HA-hisar","name":"Hisar","state":"Haryana"}},{"type":"Feature","geometry":{"type":"Polygon","coordinates":[[[76.942,28.821],[76.893,28.867],[76.773,28.747],[76.663,28.799],[76.588,28.783],[76.57,28.739],[76.441,28.741],[76.397,28.686],[76.441,28.664],[76.455,28.616],[76.397,28.599],[76.344,28.616],[76.318,28.498],[76.278,28.489],[76.282,28.439],[76.292,28.387],[76.381,28.369],[76.454,28.35],[76.488,28.382],[76.542,28.35],[76.636,28.415],[76.671,28.456],[76.763,28.48],[76.82,28.508],[76.879,28.509],[76.879,28.524],[76.859,28.542],[76.833,28.583],[76.835,28.591],[76.855,28.592],[76.878,28.638],[76.894,28.633],[76.91,28.638],[76.918,28.653],[76.943,28.675],[76.947,28.677],[76.95,28.694],[76.941,28.717],[76.95,28.747],[76.938,28.76],[76.947,28.774],[76.942,28.821]]]},"properties":{"code":"IN-HA-jhajjar","name":"Jhajjar","state":"Haryana"}},{"type":"Feature","geometry":{"type":"Polygon","coordinates":[[[76.211,29.843],[76.116,29.796],[76.091,29.811],[76.041,29.749],[75.939,29.734],[75.927,29.687],[75.949,29.569],[75.931,29.502],[75.986,29.486],[75.983,29.456],[76.128,29.394],[76.192,29.407],[76.176,29.355],[76.182,29.301],[76.22,29.224],[76.282,29.213],[76.308,29.121],[76.292,29.091],[76.395,29.085],[76.436,29.064],[76.469,29.101],[76.492,29.186],[76.477,29.246],[76.556,29.235],[76.551,29.287],[76.601,29.295],[76.671,29.275],[76.642,29.292],[76.636,29.343],[76.637,29.361],[76.637,29.368],[76.646,29.376],[76.657,29.378],[76.671,29.382],[76.699,29.388],[76.717,29.394],[76.723,29.403],[76.726,29.411],[76.732,29.438],[76.738,29.448],[76.745,29.472],[76.647,29.498],[76.631,29.477],[76.546,29.463],[76.482,29.519],[76.423,29.539],[76.368,29.537],[76.356,29.581],[76.313,29.587],[76.279,29.542],[76.202,29.614],[76.166,29.682],[76.21,29.749],[76.211,29.843]]]},"properties":{"code":"IN-HA-jind","name":"Jind","state":"Haryana"}},{"type":"Feature","geometry":{"type":"Polygon","coordinates":[[[76.452,30.101],[76.426,30.148],[76.328,30.11],[76.251,30.119],[76.189,30.004],[76.204,29.944],[76.183,29.894],[76.211,29.843],[76.21,29.749],[76.166,29.682],[76.202,29.614],[76.279,29.542],[76.313,29.587],[76.356,29.581],[76.368,29.537],[76.423,29.539],[76.482,29.519],[76.514,29.544],[76.555,29.634],[76.592,29.633],[76.641,29.674],[76.689,29.674],[76.676,29.762],[76.683,29.897],[76.718,29.889],[76.744,29.929],[76.679,29.921],[76.656,29.961],[76.606,29.923],[76.585,29.881],[76.543,29.862],[76.511,29.901],[76.459,29.916],[76.471,29.96],[76.412,30.048],[76.452,30.101]]]},"properties":{"code":"IN-HA-kaithal","name":"Kaithal","state":"Haryana"}},{"type":"Feature","geometry":{"type":"Polygon","coordinates":[[[77.211,29.941],[77.155,29.973],[77.104,29.982],[77.082,29.954],[77.011,29.95],[76.99,29.969],[76.934,29.927],[76.8,29.935],[76.744,29.929],[76.718,29.889],[76.683,29.897],[76.676,29.762],[76.689,29.674],[76.641,29.674],[76.592,29.633],[76.555,29.634],[76.514,29.544],[76.482,29.519],[76.546,29.463],[76.631,29.477],[76.647,29.498],[76.745,29.472],[76.773,29.472],[76.782,29.474],[76.826,29.474],[76.845,29.483],[76.858,29.495],[76.883,29.484],[76.887,29.478],[76.895,29.473],[76.91,29.486],[76.952,29.463],[76.968,29.472],[76.989,29.456],[77.005,29.452],[77.124,29.453],[77.123,29.486],[77.085,29.534],[77.11,29.553],[77.086,29.601],[77.132,29.699],[77.113,29.749],[77.152,29.793],[77.211,29.941]]]},"properties":{"code":"IN-HA-karnal","name":"Karnal","state":"Haryana"}},{"type":"Feature","geometry":{"type":"Polygon","coordinates":[[[77.099,30.18],[77.066,30.171],[77.053,30.127],[76.988,30.169],[76.949,30.158],[76.89,30.193],[76.819,30.253],[76.795,30.216],[76.674,30.189],[76.628,30.155],[76.628,30.11],[76.59,30.079],[76.555,30.099],[76.501,30.077],[76.452,30.101],[76.412,30.048],[76.471,29.96],[76.459,29.916],[76.511,29.901],[76.543,29.862],[76.585,29.881],[76.606,29.923],[76.656,29.961],[76.679,29.921],[76.744,29.929],[76.8,29.935],[76.934,29.927],[76.99,29.969],[77.011,29.95],[77.082,29.954],[77.104,29.982],[77.155,29.973],[77.211,29.941],[77.25,29.988],[77.27,30.048],[77.265,30.05],[77.245,30.047],[77.228,30.048],[77.223,30.048],[77.217,30.053],[77.208,30.055],[77.187,30.056],[77.171,30.065],[77.17,30.079],[77.163,30.097],[77.17,30.107],[77.173,30.129],[77.152,30.142],[77.147,30.143],[77.145,30.152],[77.146,30.155],[77.137,30.16],[77.126,30.165],[77.116,30.167],[77.101,30.178],[77.099,30.18]]]},"properties":{"code":"IN-HA-kurukshetra","name":"Kurukshetra","state":"Haryana"}},{"type":"Feature","geometry":{"type":"Polygon","coordinates":[[[76.282,28.439],[76.178,28.436],[76.146,28.467],[76.108,28.455],[76.07,28.399],[76.013,28.395],[75.991,28.444],[75.898,28.434],[75.889,28.394],[76.019,28.281],[76.011,28.242],[76.053,28.224],[76.075,28.172],[76.028,28.173],[75.936,28.094],[75.977,28.084],[75.955,27.989],[75.963,27.937],[75.924,27.933],[75.977,27.909],[75.975,27.865],[76.08,27.851],[76.173,27.807],[76.223,27.841],[76.17,27.91],[76.179,27.973],[76.154,27.993],[76.177,28.059],[76.251,28.071],[76.337,28.03],[76.353,28.066],[76.332,28.107],[76.356,28.128],[76.309,28.183],[76.337,28.228],[76.381,28.369],[76.292,28.387],[76.282,28.439]]]},"properties":{"code":"IN-HA-mahendragarh","name":"Mahendragarh","state":"Haryana"}},{"type":"Feature","geometry":{"type":"Polygon","coordinates":[[[76.81,30.907],[76.81,30.93],[76.799,30.925],[76.763,30.893],[76.769,30.877],[76.785,30.861],[76.807,30.84],[76.828,30.833],[76.834,30.805],[76.841,30.799],[76.831,30.768],[76.828,30.764],[76.82,30.686],[76.835,30.664],[76.835,30.656],[76.855,30.673],[76.859,30.641],[76.873,30.64],[76.881,30.633],[76.895,30.623],[76.913,30.6],[76.907,30.591],[76.904,30.575],[76.904,30.562],[76.902,30.551],[76.888,30.538],[76.92,30.525],[76.95,30.536],[76.967,30.569],[76.993,30.595],[76.999,30.605],[77.013,30.615],[77.02,30.624],[77.023,30.637],[77.034,30.624],[77.045,30.611],[77.068,30.586],[77.124,30.573],[77.126,30.574],[77.151,30.593],[77.154,30.596],[77.158,30.607],[77.16,30.631],[77.16,30.642],[77.151,30.681],[77.154,30.689],[77.14,30.698],[77.125,30.707],[77.122,30.712],[77.11,30.723],[77.103,30.72],[77.096,30.735],[77.077,30.745],[77.07,30.747],[77.03,30.752],[77.024,30.742],[77.006,30.75],[77.005,30.752],[77.005,30.757],[77.006,30.762],[77.002,30.768],[76.991,30.773],[76.995,30.785],[77,30.789],[77,30.798],[76.996,30.817],[76.988,30.815],[76.985,30.81],[76.983,30.804],[76.948,30.823],[76.928,30.837],[76.928,30.848],[76.902,30.897],[76.87,30.878],[76.816,30.896],[76.81,30.907]]]},"properties":{"code":"IN-HA-panchkula","name":"Panchkula","state":"Haryana"}},{"type":"Feature","geometry":{"type":"Polygon","coordinates":[[[76.858,29.495],[76.845,29.483],[76.826,29.474],[76.782,29.474],[76.773,29.472],[76.738,29.448],[76.732,29.438],[76.726,29.411],[76.723,29.403],[76.717,29.394],[76.699,29.388],[76.671,29.382],[76.657,29.378],[76.646,29.376],[76.637,29.368],[76.637,29.361],[76.636,29.343],[76.642,29.292],[76.671,29.275],[76.69,29.268],[76.775,29.278],[76.786,29.246],[76.817,29.214],[76.857,29.209],[76.867,29.199],[76.873,29.198],[76.905,29.224],[76.947,29.219],[76.955,29.224],[76.99,29.224],[77,29.2],[77.009,29.193],[77.029,29.189],[77.038,29.193],[77.073,29.187],[77.082,29.18],[77.103,29.175],[77.132,29.172],[77.129,29.273],[77.142,29.302],[77.154,29.317],[77.151,29.326],[77.128,29.344],[77.118,29.357],[77.117,29.373],[77.117,29.377],[77.131,29.381],[77.139,29.384],[77.126,29.411],[77.136,29.432],[77.124,29.453],[77.005,29.452],[76.989,29.456],[76.968,29.472],[76.952,29.463],[76.91,29.486],[76.895,29.473],[76.887,29.478],[76.883,29.484],[76.858,29.495]]]},"properties":{"code":"IN-HA-panipat","name":"Panipat","state":"Haryana"}},{"type":"Feature","geometry":{"type":"Polygon","coordinates":[[[76.854,28.225],[76.823,28.249],[76.761,28.246],[76.673,28.268],[76.653,28.323],[76.658,28.386],[76.636,28.415],[76.542,28.35],[76.488,28.382],[76.454,28.35],[76.381,28.369],[76.337,28.228],[76.309,28.183],[76.36,28.143],[76.472,28.15],[76.498,28.107],[76.456,28.046],[76.539,28.039],[76.531,27.979],[76.599,28.01],[76.66,28.019],[76.648,28.092],[76.682,28.098],[76.791,28.157],[76.79,28.194],[76.854,28.225]]]},"properties":{"code":"IN-HA-rewari","name":"Rewari","state":"Haryana"}},{"type":"Feature","geometry":{"type":"Polygon","coordinates":[[[76.893,28.867],[76.802,28.87],[76.817,28.908],[76.748,28.968],[76.661,28.989],[76.629,29.063],[76.557,29.071],[76.469,29.101],[76.436,29.064],[76.395,29.085],[76.292,29.091],[76.23,29.06],[76.223,28.991],[76.209,28.963],[76.23,28.916],[76.291,28.909],[76.285,28.813],[76.325,28.817],[76.396,28.756],[76.371,28.714],[76.397,28.686],[76.441,28.741],[76.57,28.739],[76.588,28.783],[76.663,28.799],[76.773,28.747],[76.893,28.867]]]},"properties":{"code":"IN-HA-rohtak","name":"Rohtak","state":"Haryana"}},{"type":"Feature","geometry":{"type":"Polygon","coordinates":[[[75.179,29.837],[75.102,29.803],[75.065,29.879],[74.99,29.856],[74.924,29.942],[74.85,29.959],[74.801,29.993],[74.724,29.962],[74.697,29.971],[74.696,29.972],[74.691,29.969],[74.666,29.942],[74.64,29.922],[74.64,29.904],[74.622,29.908],[74.562,29.929],[74.552,29.929],[74.525,29.952],[74.519,29.943],[74.554,29.866],[74.492,29.827],[74.465,29.788],[74.472,29.744],[74.605,29.753],[74.579,29.655],[74.572,29.556],[74.611,29.531],[74.579,29.459],[74.57,29.406],[74.6,29.354],[74.65,29.372],[74.776,29.36],[74.81,29.398],[74.85,29.403],[74.927,29.365],[74.953,29.282],[75.024,29.292],[75.078,29.232],[75.235,29.252],[75.217,29.327],[75.257,29.356],[75.215,29.401],[75.291,29.444],[75.275,29.465],[75.291,29.562],[75.275,29.561],[75.223,29.546],[75.222,29.57],[75.223,29.599],[75.199,29.623],[75.173,29.63],[75.173,29.649],[75.163,29.658],[75.159,29.669],[75.168,29.673],[75.189,29.681],[75.195,29.688],[75.192,29.7],[75.187,29.712],[75.198,29.731],[75.206,29.735],[75.217,29.73],[75.221,29.733],[75.227,29.756],[75.217,29.771],[75.205,29.79],[75.198,29.813],[75.179,29.837]]]},"properties":{"code":"IN-HA-sirsa","name":"Sirsa","state":"Haryana"}},{"type":"Feature","geometry":{"type":"Polygon","coordinates":[[[76.671,29.275],[76.601,29.295],[76.551,29.287],[76.556,29.235],[76.477,29.246],[76.492,29.186],[76.469,29.101],[76.557,29.071],[76.629,29.063],[76.661,28.989],[76.748,28.968],[76.817,28.908],[76.802,28.87],[76.893,28.867],[76.942,28.821],[76.948,28.818],[76.958,28.83],[76.98,28.837],[76.983,28.839],[77.038,28.853],[77.05,28.873],[77.083,28.875],[77.099,28.872],[77.11,28.866],[77.129,28.865],[77.136,28.853],[77.151,28.848],[77.165,28.861],[77.184,28.862],[77.178,28.886],[77.199,28.893],[77.217,28.9],[77.19,28.956],[77.191,28.962],[77.208,28.991],[77.192,29.021],[77.162,29.052],[77.132,29.095],[77.124,29.101],[77.136,29.128],[77.127,29.154],[77.103,29.175],[77.082,29.18],[77.073,29.187],[77.038,29.193],[77.029,29.189],[77.009,29.193],[77,29.2],[76.99,29.224],[76.955,29.224],[76.947,29.219],[76.905,29.224],[76.873,29.198],[76.867,29.199],[76.857,29.209],[76.817,29.214],[76.786,29.246],[76.775,29.278],[76.69,29.268],[76.671,29.275]]]},"properties":{"code":"IN-HA-sonepat","name":"Sonepat","state":"Haryana"}},{"type":"Feature","geometry":{"type":"Polygon","coordinates":[[[77.376,30.446],[77.37,30.446],[77.346,30.462],[77.326,30.463],[77.317,30.458],[77.311,30.454],[77.301,30.437],[77.285,30.432],[77.28,30.426],[77.266,30.412],[77.269,30.403],[77.27,30.392],[77.259,30.375],[77.23,30.357],[77.203,30.356],[77.185,30.333],[77.17,30.328],[77.174,30.322],[77.157,30.302],[77.15,30.298],[77.123,30.274],[77.124,30.247],[77.141,30.249],[77.131,30.224],[77.117,30.234],[77.099,30.229],[77.092,30.229],[77.072,30.22],[77.063,30.202],[77.071,30.197],[77.088,30.192],[77.096,30.187],[77.099,30.18],[77.101,30.178],[77.116,30.167],[77.126,30.165],[77.137,30.16],[77.146,30.155],[77.145,30.152],[77.147,30.143],[77.152,30.142],[77.173,30.129],[77.17,30.107],[77.163,30.097],[77.17,30.079],[77.171,30.065],[77.187,30.056],[77.208,30.055],[77.217,30.053],[77.223,30.048],[77.228,30.048],[77.245,30.047],[77.265,30.05],[77.28,30.053],[77.292,30.058],[77.303,30.061],[77.325,30.062],[77.368,30.092],[77.38,30.093],[77.397,30.096],[77.41,30.111],[77.409,30.123],[77.416,30.133],[77.411,30.15],[77.415,30.157],[77.484,30.21],[77.494,30.227],[77.52,30.26],[77.525,30.278],[77.532,30.287],[77.545,30.294],[77.556,30.303],[77.57,30.332],[77.57,30.337],[77.583,30.358],[77.575,30.385],[77.558,30.39],[77.539,30.402],[77.529,30.414],[77.518,30.431],[77.51,30.449],[77.493,30.433],[77.491,30.417],[77.483,30.415],[77.468,30.412],[77.416,30.413],[77.426,30.42],[77.453,30.44],[77.454,30.446],[77.426,30.441],[77.382,30.439],[77.376,30.446]]]},"properties":{"code":"IN-HA-yamuna-nagar","name":"Yamuna Nagar","state":"Haryana"}},{"type":"Feature","geometry":{"type":"Polygon","coordinates":[[[76.715,31.588],[76.691,31.602],[76.607,31.576],[76.6,31.422],[76.503,31.471],[76.445,31.489],[76.458,31.427],[76.382,31.411],[76.428,31.325],[76.546,31.256],[76.571,31.28],[76.635,31.213],[76.719,31.243],[76.765,31.224],[76.824,31.235],[76.914,31.306],[76.861,31.358],[76.866,31.415],[76.79,31.426],[76.783,31.479],[76.726,31.521],[76.715,31.588]]]},"properties":{"code":"IN-HP-bilaspur","name":"Bilaspur","state":"Himachal Pradesh"}},{"type":"Feature","geometry":{"type":"Polygon","coordinates":[[[76.568,33.207],[76.547,33.21],[76.466,33.18],[76.45,33.183],[76.422,33.182],[76.401,33.187],[76.366,33.168],[76.361,33.163],[76.356,33.155],[76.336,33.146],[76.316,33.13],[76.288,33.113],[76.275,33.104],[76.271,33.096],[76.237,33.033],[76.229,33.03],[76.144,33.016],[76.12,33.01],[76.107,33.008],[76.091,32.993],[76.082,32.969],[76.066,32.958],[76.024,32.932],[76.021,32.924],[76.014,32.916],[75.998,32.909],[75.983,32.9],[75.934,32.884],[75.914,32.906],[75.9,32.916],[75.867,32.93],[75.828,32.934],[75.821,32.933],[75.798,32.902],[75.795,32.869],[75.808,32.853],[75.821,32.843],[75.837,32.837],[75.855,32.826],[75.9,32.77],[75.899,32.681],[75.925,32.654],[75.908,32.619],[75.873,32.576],[75.855,32.5],[75.935,32.425],[75.911,32.409],[75.959,32.391],[76.004,32.339],[76.001,32.292],[76.071,32.272],[76.128,32.227],[76.165,32.247],[76.145,32.319],[76.154,32.352],[76.207,32.397],[76.243,32.394],[76.279,32.341],[76.34,32.328],[76.409,32.266],[76.489,32.235],[76.574,32.223],[76.658,32.181],[76.721,32.19],[76.757,32.229],[76.757,32.362],[76.771,32.408],[76.849,32.463],[76.849,32.535],[76.633,32.582],[76.577,32.644],[76.5,32.668],[76.448,32.654],[76.41,32.689],[76.359,32.798],[76.36,32.821],[76.439,32.853],[76.456,32.806],[76.53,32.814],[76.595,32.855],[76.668,32.855],[76.702,32.924],[76.746,32.931],[76.756,33.011],[76.72,33.076],[76.73,33.179],[76.714,33.177],[76.669,33.173],[76.659,33.171],[76.627,33.162],[76.598,33.177],[76.597,33.188],[76.588,33.19],[76.584,33.193],[76.586,33.204],[76.568,33.207]]]},"properties":{"code":"IN-HP-chamba","name":"Chamba","state":"Himachal Pradesh"}},{"type":"Feature","geometry":{"type":"Polygon","coordinates":[[[76.715,31.588],[76.659,31.735],[76.622,31.752],[76.606,31.793],[76.625,31.877],[76.553,31.892],[76.446,31.808],[76.338,31.795],[76.288,31.778],[76.299,31.724],[76.38,31.622],[76.445,31.489],[76.503,31.471],[76.6,31.422],[76.607,31.576],[76.691,31.602],[76.715,31.588]]]},"properties":{"code":"IN-HP-hamirpur","name":"Hamirpur","state":"Himachal Pradesh"}},{"type":"Feature","geometry":{"type":"Polygon","coordinates":[[[77.058,32.399],[77.042,32.432],[76.936,32.405],[76.849,32.463],[76.771,32.408],[76.757,32.362],[76.757,32.229],[76.721,32.19],[76.658,32.181],[76.574,32.223],[76.489,32.235],[76.409,32.266],[76.34,32.328],[76.279,32.341],[76.243,32.394],[76.207,32.397],[76.154,32.352],[76.145,32.319],[76.165,32.247],[76.128,32.227],[76.071,32.272],[76.001,32.292],[76.004,32.339],[75.959,32.391],[75.911,32.409],[75.844,32.379],[75.736,32.274],[75.676,32.264],[75.623,32.235],[75.62,32.185],[75.655,32.146],[75.579,32.082],[75.649,32.077],[75.734,32.037],[75.795,31.989],[75.895,31.95],[75.944,31.858],[76.033,31.863],[76.1,31.807],[76.189,31.775],[76.275,31.689],[76.299,31.724],[76.288,31.778],[76.338,31.795],[76.446,31.808],[76.553,31.892],[76.625,31.877],[76.679,31.935],[76.647,32.033],[76.723,32.032],[76.771,32.076],[76.827,32.044],[76.924,32.065],[76.93,32.115],[76.971,32.157],[77.015,32.25],[77.014,32.309],[77.058,32.399]]]},"properties":{"code":"IN-HP-kangra","name":"Kangra","state":"Himachal Pradesh"}},{"type":"Feature","geometry":{"type":"Polygon","coordinates":[[[78.907,31.259],[78.829,31.33],[78.827,31.381],[78.776,31.402],[78.795,31.453],[78.744,31.49],[78.721,31.541],[78.797,31.576],[78.827,31.628],[78.734,31.692],[78.691,31.793],[78.721,31.835],[78.725,31.885],[78.771,32],[78.737,32.004],[78.651,32.093],[78.589,32.057],[78.526,32.068],[78.427,32.057],[78.404,31.994],[78.338,31.945],[78.186,31.937],[78.173,31.876],[78.108,31.872],[78.068,31.792],[78.017,31.765],[77.93,31.789],[77.921,31.753],[77.851,31.787],[77.813,31.764],[77.737,31.755],[77.735,31.718],[77.809,31.642],[77.83,31.532],[77.887,31.447],[77.949,31.407],[78.009,31.405],[78.073,31.427],[78.151,31.383],[78.156,31.349],[78.205,31.331],[78.277,31.329],[78.298,31.288],[78.369,31.288],[78.419,31.26],[78.47,31.204],[78.537,31.207],[78.601,31.236],[78.651,31.198],[78.749,31.194],[78.795,31.205],[78.819,31.147],[78.88,31.104],[78.997,31.118],[78.972,31.182],[78.946,31.194],[78.907,31.259]]]},"properties":{"code":"IN-HP-kinnaur","name":"Kinnaur","state":"Himachal Pradesh"}},{"type":"Feature","geometry":{"type":"Polygon","coordinates":[[[77.851,31.787],[77.823,31.853],[77.843,31.888],[77.791,31.899],[77.754,31.947],[77.785,31.985],[77.728,32.095],[77.672,32.109],[77.636,32.151],[77.55,32.199],[77.407,32.198],[77.329,32.257],[77.319,32.311],[77.292,32.339],[77.18,32.404],[77.134,32.419],[77.058,32.399],[77.014,32.309],[77.015,32.25],[76.971,32.157],[76.93,32.115],[76.924,32.065],[76.961,32.026],[76.963,31.986],[77.046,31.859],[77.044,31.838],[77.152,31.841],[77.172,31.825],[77.198,31.735],[77.258,31.705],[77.291,31.665],[77.287,31.561],[77.322,31.453],[77.366,31.422],[77.372,31.365],[77.415,31.346],[77.517,31.357],[77.533,31.386],[77.619,31.402],[77.617,31.454],[77.694,31.507],[77.684,31.546],[77.641,31.582],[77.632,31.662],[77.67,31.707],[77.735,31.718],[77.737,31.755],[77.813,31.764],[77.851,31.787]]]},"properties":{"code":"IN-HP-kullu","name":"Kullu","state":"Himachal Pradesh"}},{"type":"Feature","geometry":{"type":"Polygon","coordinates":[[[76.803,33.237],[76.785,33.254],[76.778,33.256],[76.76,33.253],[76.755,33.247],[76.756,33.22],[76.746,33.204],[76.742,33.197],[76.73,33.179],[76.72,33.076],[76.756,33.011],[76.746,32.931],[76.702,32.924],[76.668,32.855],[76.595,32.855],[76.53,32.814],[76.456,32.806],[76.439,32.853],[76.36,32.821],[76.359,32.798],[76.41,32.689],[76.448,32.654],[76.5,32.668],[76.577,32.644],[76.633,32.582],[76.849,32.535],[76.849,32.463],[76.936,32.405],[77.042,32.432],[77.058,32.399],[77.134,32.419],[77.18,32.404],[77.292,32.339],[77.319,32.311],[77.329,32.257],[77.407,32.198],[77.55,32.199],[77.636,32.151],[77.672,32.109],[77.728,32.095],[77.785,31.985],[77.754,31.947],[77.791,31.899],[77.843,31.888],[77.823,31.853],[77.851,31.787],[77.921,31.753],[77.93,31.789],[78.017,31.765],[78.068,31.792],[78.108,31.872],[78.173,31.876],[78.186,31.937],[78.338,31.945],[78.404,31.994],[78.427,32.057],[78.526,32.068],[78.589,32.057],[78.651,32.093],[78.596,32.123],[78.574,32.159],[78.593,32.219],[78.543,32.249],[78.439,32.246],[78.464,32.278],[78.461,32.337],[78.519,32.418],[78.438,32.456],[78.449,32.49],[78.411,32.512],[78.409,32.513],[78.405,32.514],[78.401,32.518],[78.399,32.526],[78.398,32.527],[78.382,32.53],[78.377,32.526],[78.306,32.478],[78.279,32.508],[78.318,32.58],[78.377,32.615],[78.363,32.672],[78.368,32.7],[78.371,32.734],[78.371,32.762],[78.288,32.738],[78.299,32.72],[78.273,32.703],[78.195,32.667],[78.18,32.67],[78.144,32.677],[78.107,32.65],[78.093,32.662],[78.079,32.653],[78.044,32.629],[78.033,32.634],[78.032,32.628],[78.042,32.599],[78.036,32.592],[77.987,32.588],[77.975,32.596],[77.962,32.614],[77.954,32.626],[77.955,32.635],[77.932,32.656],[77.926,32.667],[77.911,32.688],[77.902,32.698],[77.908,32.716],[77.909,32.721],[77.918,32.731],[77.916,32.734],[77.914,32.745],[77.917,32.752],[77.917,32.763],[77.912,32.767],[77.903,32.773],[77.899,32.775],[77.881,32.775],[77.872,32.786],[77.869,32.8],[77.864,32.811],[77.855,32.821],[77.848,32.828],[77.825,32.84],[77.788,32.85],[77.781,32.854],[77.768,32.858],[77.766,32.88],[77.787,32.892],[77.793,32.898],[77.747,32.941],[77.745,32.946],[77.736,32.948],[77.734,32.95],[77.712,32.972],[77.691,32.979],[77.679,32.978],[77.663,32.976],[77.643,32.958],[77.638,32.956],[77.617,32.944],[77.611,32.942],[77.606,32.942],[77.584,32.944],[77.58,32.932],[77.527,32.892],[77.523,32.89],[77.52,32.887],[77.506,32.883],[77.473,32.879],[77.436,32.866],[77.432,32.87],[77.426,32.884],[77.403,32.881],[77.379,32.881],[77.363,32.864],[77.36,32.852],[77.356,32.825],[77.34,32.821],[77.328,32.82],[77.322,32.822],[77.317,32.83],[77.311,32.838],[77.305,32.854],[77.289,32.853],[77.27,32.866],[77.248,32.865],[77.238,32.869],[77.228,32.877],[77.224,32.883],[77.229,32.887],[77.218,32.897],[77.174,32.931],[77.16,32.916],[77.147,32.934],[77.136,32.958],[77.134,32.969],[77.136,32.98],[77.097,32.978],[77.058,32.986],[77.035,33],[76.998,32.99],[76.987,32.996],[76.967,33.007],[76.962,33.014],[76.933,33.028],[76.913,33.044],[76.91,33.05],[76.896,33.076],[76.885,33.097],[76.869,33.12],[76.853,33.112],[76.837,33.126],[76.817,33.142],[76.809,33.149],[76.802,33.166],[76.799,33.169],[76.805,33.182],[76.807,33.185],[76.819,33.206],[76.811,33.215],[76.828,33.246],[76.824,33.248],[76.817,33.249],[76.809,33.244],[76.806,33.236],[76.803,33.237]]]},"properties":{"code":"IN-HP-lahul-and-spiti","name":"Lahul and Spiti","state":"Himachal Pradesh"}},{"type":"Feature","geometry":{"type":"Polygon","coordinates":[[[76.924,32.065],[76.827,32.044],[76.771,32.076],[76.723,32.032],[76.647,32.033],[76.679,31.935],[76.625,31.877],[76.606,31.793],[76.622,31.752],[76.659,31.735],[76.715,31.588],[76.726,31.521],[76.783,31.479],[76.79,31.426],[76.866,31.415],[76.861,31.358],[76.906,31.37],[76.929,31.338],[76.989,31.301],[77.118,31.232],[77.176,31.259],[77.291,31.275],[77.372,31.365],[77.366,31.422],[77.322,31.453],[77.287,31.561],[77.291,31.665],[77.258,31.705],[77.198,31.735],[77.172,31.825],[77.152,31.841],[77.044,31.838],[77.046,31.859],[76.963,31.986],[76.961,32.026],[76.924,32.065]]]},"properties":{"code":"IN-HP-mandi","name":"Mandi","state":"Himachal Pradesh"}},{"type":"Feature","geometry":{"type":"Polygon","coordinates":[[[78.298,31.288],[78.277,31.329],[78.205,31.331],[78.156,31.349],[78.151,31.383],[78.073,31.427],[78.009,31.405],[77.949,31.407],[77.887,31.447],[77.83,31.532],[77.809,31.642],[77.735,31.718],[77.67,31.707],[77.632,31.662],[77.641,31.582],[77.684,31.546],[77.694,31.507],[77.617,31.454],[77.619,31.402],[77.533,31.386],[77.517,31.357],[77.415,31.346],[77.372,31.365],[77.291,31.275],[77.176,31.259],[77.118,31.232],[76.989,31.301],[77.006,31.222],[76.992,31.185],[77.013,31.096],[77.064,31.089],[77.073,31.047],[77.172,31.013],[77.221,30.964],[77.232,30.923],[77.36,31.026],[77.427,30.98],[77.397,30.931],[77.438,30.867],[77.464,30.869],[77.479,30.799],[77.573,30.781],[77.61,30.813],[77.651,30.806],[77.688,30.769],[77.784,30.872],[77.791,30.926],[77.746,30.922],[77.754,30.977],[77.796,30.97],[77.825,31.005],[77.805,31.054],[77.902,31.159],[77.955,31.179],[78.008,31.157],[78.03,31.185],[78.092,31.193],[78.148,31.232],[78.233,31.235],[78.298,31.288]]]},"properties":{"code":"IN-HP-shimla","name":"Shimla","state":"Himachal Pradesh"}},{"type":"Feature","geometry":{"type":"Polygon","coordinates":[[[77.688,30.769],[77.651,30.806],[77.61,30.813],[77.573,30.781],[77.479,30.799],[77.464,30.869],[77.438,30.867],[77.397,30.931],[77.427,30.98],[77.36,31.026],[77.232,30.923],[77.153,30.849],[77.106,30.858],[77.071,30.799],[77.056,30.786],[77.018,30.763],[77.015,30.752],[77.005,30.752],[77.006,30.75],[77.024,30.742],[77.03,30.752],[77.07,30.747],[77.077,30.745],[77.096,30.735],[77.103,30.72],[77.11,30.723],[77.122,30.712],[77.125,30.707],[77.14,30.698],[77.154,30.689],[77.151,30.681],[77.16,30.642],[77.16,30.631],[77.158,30.607],[77.154,30.596],[77.151,30.593],[77.126,30.574],[77.124,30.573],[77.122,30.548],[77.185,30.526],[77.203,30.48],[77.252,30.484],[77.311,30.454],[77.317,30.458],[77.326,30.463],[77.346,30.462],[77.37,30.446],[77.376,30.446],[77.382,30.439],[77.426,30.441],[77.454,30.446],[77.453,30.44],[77.426,30.42],[77.416,30.413],[77.468,30.412],[77.483,30.415],[77.491,30.417],[77.493,30.433],[77.51,30.449],[77.518,30.431],[77.529,30.414],[77.539,30.402],[77.558,30.39],[77.575,30.385],[77.563,30.404],[77.604,30.437],[77.662,30.449],[77.799,30.511],[77.806,30.561],[77.754,30.57],[77.732,30.607],[77.775,30.641],[77.733,30.686],[77.741,30.711],[77.688,30.769]]]},"properties":{"code":"IN-HP-sirmaur","name":"Sirmaur","state":"Himachal Pradesh"}},{"type":"Feature","geometry":{"type":"Polygon","coordinates":[[[76.989,31.301],[76.929,31.338],[76.906,31.37],[76.861,31.358],[76.914,31.306],[76.824,31.235],[76.765,31.224],[76.719,31.243],[76.635,31.213],[76.59,31.183],[76.589,31.128],[76.626,31.11],[76.599,31.054],[76.61,31.004],[76.668,30.97],[76.713,30.963],[76.77,30.906],[76.799,30.925],[76.81,30.93],[76.81,30.907],[76.816,30.896],[76.87,30.878],[76.902,30.897],[76.928,30.848],[76.928,30.837],[76.948,30.823],[76.983,30.804],[76.985,30.81],[76.988,30.815],[76.996,30.817],[77,30.798],[77,30.789],[76.995,30.785],[76.991,30.773],[77.002,30.768],[77.006,30.762],[77.005,30.757],[77.005,30.752],[77.015,30.752],[77.018,30.763],[77.056,30.786],[77.071,30.799],[77.106,30.858],[77.153,30.849],[77.232,30.923],[77.221,30.964],[77.172,31.013],[77.073,31.047],[77.064,31.089],[77.013,31.096],[76.992,31.185],[77.006,31.222],[76.989,31.301]]]},"properties":{"code":"IN-HP-solan","name":"Solan","state":"Himachal Pradesh"}},{"type":"Feature","geometry":{"type":"Polygon","coordinates":[[[76.299,31.724],[76.275,31.689],[76.189,31.775],[76.1,31.807],[76.033,31.863],[75.944,31.858],[75.945,31.781],[76.003,31.647],[76.084,31.537],[76.157,31.405],[76.134,31.383],[76.173,31.307],[76.277,31.31],[76.33,31.345],[76.316,31.402],[76.382,31.411],[76.458,31.427],[76.445,31.489],[76.38,31.622],[76.299,31.724]]]},"properties":{"code":"IN-HP-una","name":"Una","state":"Himachal Pradesh"}},{"type":"Feature","geometry":{"type":"Polygon","coordinates":[[[75.743,34.192],[75.634,34.231],[75.478,34.374],[75.416,34.324],[75.384,34.255],[75.306,34.221],[75.252,34.149],[75.258,34.088],[75.243,34.048],[75.22,33.991],[75.215,33.816],[75.128,33.758],[75.057,33.741],[74.979,33.681],[74.876,33.64],[74.81,33.646],[74.724,33.686],[74.694,33.632],[74.695,33.588],[74.728,33.504],[74.753,33.508],[74.84,33.525],[74.914,33.515],[74.97,33.48],[75.04,33.487],[75.094,33.489],[75.131,33.473],[75.157,33.467],[75.185,33.465],[75.195,33.5],[75.241,33.513],[75.235,33.569],[75.282,33.599],[75.314,33.583],[75.291,33.528],[75.403,33.461],[75.462,33.398],[75.544,33.369],[75.572,33.393],[75.619,33.526],[75.662,33.62],[75.622,33.675],[75.631,33.75],[75.618,33.784],[75.525,33.934],[75.54,33.977],[75.599,34.044],[75.659,34.066],[75.698,34.139],[75.743,34.192]]]},"properties":{"code":"IN-JK-anantnag-kashmir-south","name":"Anantnag (Kashmir South)","state":"Jammu and Kashmir"}},{"type":"Feature","geometry":{"type":"Polygon","coordinates":[[[74.997,34.042],[74.886,34.153],[74.838,34.114],[74.772,34.12],[74.654,34.074],[74.631,34.051],[74.53,34.028],[74.591,33.971],[74.611,33.932],[74.626,33.842],[74.724,33.686],[74.735,33.715],[74.861,33.81],[74.954,33.837],[74.98,33.88],[75.008,33.976],[74.997,34.042]]]},"properties":{"code":"IN-JK-bagdam","name":"Bagdam","state":"Jammu and Kashmir"}},{"type":"Feature","geometry":{"type":"Polygon","coordinates":[[[74.648,34.723],[74.612,34.71],[74.586,34.65],[74.503,34.586],[74.526,34.526],[74.522,34.474],[74.458,34.448],[74.443,34.377],[74.402,34.317],[74.334,34.302],[74.253,34.328],[74.166,34.339],[74.136,34.305],[74.095,34.305],[74.053,34.339],[73.913,34.348],[73.976,34.265],[73.977,34.212],[73.904,34.122],[73.884,34.061],[73.948,34.105],[74.123,34.095],[74.205,34.078],[74.281,34.005],[74.465,34.001],[74.53,34.028],[74.631,34.051],[74.654,34.074],[74.772,34.12],[74.838,34.114],[74.886,34.153],[74.814,34.219],[74.787,34.27],[74.796,34.34],[74.837,34.353],[74.933,34.334],[75.042,34.386],[75.053,34.458],[75.106,34.464],[75.264,34.368],[75.305,34.358],[75.353,34.395],[75.425,34.372],[75.478,34.374],[75.482,34.392],[75.441,34.487],[75.465,34.543],[75.351,34.562],[75.262,34.611],[75.266,34.64],[75.142,34.662],[75.019,34.641],[74.894,34.684],[74.836,34.678],[74.671,34.701],[74.648,34.723]]]},"properties":{"code":"IN-JK-baramula-kashmir-north","name":"Baramula (Kashmir North)","state":"Jammu and Kashmir"}},{"type":"Feature","geometry":{"type":"Polygon","coordinates":[[[75.743,34.192],[75.698,34.139],[75.659,34.066],[75.599,34.044],[75.54,33.977],[75.525,33.934],[75.618,33.784],[75.631,33.75],[75.622,33.675],[75.662,33.62],[75.619,33.526],[75.572,33.393],[75.544,33.369],[75.462,33.398],[75.403,33.461],[75.291,33.528],[75.314,33.583],[75.282,33.599],[75.235,33.569],[75.241,33.513],[75.195,33.5],[75.185,33.465],[75.174,33.458],[75.171,33.415],[75.181,33.38],[75.232,33.348],[75.283,33.289],[75.28,33.253],[75.232,33.175],[75.226,33.15],[75.292,33.125],[75.459,33.057],[75.512,33.031],[75.588,32.97],[75.666,32.938],[75.798,32.902],[75.821,32.933],[75.828,32.934],[75.867,32.93],[75.9,32.916],[75.914,32.906],[75.934,32.884],[75.983,32.9],[75.998,32.909],[76.014,32.916],[76.021,32.924],[76.024,32.932],[76.066,32.958],[76.082,32.969],[76.091,32.993],[76.107,33.008],[76.12,33.01],[76.144,33.016],[76.229,33.03],[76.237,33.033],[76.271,33.096],[76.275,33.104],[76.288,33.113],[76.316,33.13],[76.336,33.146],[76.356,33.155],[76.361,33.163],[76.366,33.168],[76.401,33.187],[76.422,33.182],[76.45,33.183],[76.466,33.18],[76.547,33.21],[76.568,33.207],[76.586,33.204],[76.584,33.193],[76.588,33.19],[76.597,33.188],[76.598,33.177],[76.627,33.162],[76.659,33.171],[76.669,33.173],[76.714,33.177],[76.742,33.197],[76.746,33.204],[76.756,33.22],[76.755,33.247],[76.76,33.253],[76.778,33.256],[76.785,33.254],[76.803,33.237],[76.806,33.236],[76.808,33.242],[76.774,33.28],[76.777,33.312],[76.715,33.357],[76.687,33.422],[76.635,33.44],[76.534,33.535],[76.473,33.534],[76.421,33.592],[76.307,33.562],[76.335,33.693],[76.326,33.729],[76.228,33.864],[76.197,33.883],[76.132,33.964],[76.097,33.986],[75.999,33.962],[75.938,33.981],[75.883,34.024],[75.808,34.107],[75.793,34.149],[75.743,34.192]]]},"properties":{"code":"IN-JK-doda","name":"Doda","state":"Jammu and Kashmir"}},{"type":"Feature","geometry":{"type":"Polygon","coordinates":[[[74.676,33.001],[74.615,32.997],[74.565,32.959],[74.533,32.959],[74.449,33],[74.399,32.946],[74.335,32.955],[74.318,32.92],[74.414,32.904],[74.43,32.845],[74.466,32.781],[74.532,32.741],[74.614,32.758],[74.642,32.823],[74.7,32.827],[74.65,32.718],[74.676,32.666],[74.642,32.611],[74.652,32.56],[74.698,32.485],[74.856,32.493],[74.9,32.466],[74.988,32.45],[75.03,32.492],[75.083,32.48],[75.148,32.413],[75.197,32.404],[75.215,32.496],[75.297,32.553],[75.375,32.562],[75.431,32.609],[75.421,32.624],[75.42,32.627],[75.378,32.635],[75.341,32.642],[75.289,32.668],[75.239,32.702],[75.255,32.772],[75.241,32.817],[75.187,32.854],[75.144,32.874],[75.083,32.883],[75.016,32.93],[74.971,32.917],[74.958,32.931],[74.961,33.021],[74.951,33.038],[74.903,33.051],[74.817,33.042],[74.798,33.025],[74.794,32.99],[74.775,32.97],[74.676,33.001]]]},"properties":{"code":"IN-JK-jammu","name":"Jammu","state":"Jammu and Kashmir"}},{"type":"Feature","geometry":{"type":"Polygon","coordinates":[[[75.465,34.543],[75.441,34.487],[75.482,34.392],[75.478,34.374],[75.634,34.231],[75.743,34.192],[75.793,34.149],[75.808,34.107],[75.883,34.024],[75.938,33.981],[75.999,33.962],[76.097,33.986],[76.132,33.964],[76.197,33.883],[76.228,33.864],[76.326,33.729],[76.335,33.693],[76.307,33.562],[76.421,33.592],[76.473,33.534],[76.534,33.535],[76.635,33.44],[76.687,33.422],[76.715,33.357],[76.777,33.312],[76.774,33.28],[76.808,33.242],[76.809,33.244],[76.817,33.249],[76.824,33.248],[76.828,33.246],[76.811,33.215],[76.819,33.206],[76.807,33.185],[76.805,33.182],[76.799,33.169],[76.802,33.166],[76.809,33.149],[76.817,33.142],[76.837,33.126],[76.853,33.112],[76.869,33.12],[76.885,33.097],[76.896,33.076],[76.91,33.05],[76.913,33.044],[76.933,33.028],[76.962,33.014],[76.967,33.007],[76.987,32.996],[76.998,32.99],[77.035,33],[77.058,32.986],[77.097,32.978],[77.136,32.98],[77.134,32.969],[77.136,32.958],[77.147,32.934],[77.16,32.916],[77.174,32.931],[77.218,32.897],[77.229,32.887],[77.224,32.883],[77.228,32.877],[77.238,32.869],[77.248,32.865],[77.27,32.866],[77.289,32.853],[77.305,32.854],[77.311,32.838],[77.317,32.83],[77.322,32.822],[77.328,32.82],[77.34,32.821],[77.356,32.825],[77.36,32.852],[77.363,32.864],[77.379,32.881],[77.403,32.881],[77.426,32.884],[77.432,32.87],[77.436,32.866],[77.473,32.879],[77.506,32.883],[77.52,32.887],[77.523,32.89],[77.484,33.014],[77.378,33.192],[77.364,33.274],[77.412,33.351],[77.47,33.361],[77.522,33.433],[77.561,33.529],[77.508,33.63],[77.431,33.722],[77.311,33.779],[77.253,33.784],[77.142,33.847],[77.036,33.881],[76.969,33.885],[76.892,33.914],[76.825,33.958],[76.752,34.078],[76.651,34.155],[76.531,34.198],[76.42,34.256],[76.367,34.347],[76.367,34.511],[76.343,34.559],[76.329,34.733],[76.275,34.694],[76.158,34.643],[76.086,34.671],[76.036,34.67],[76,34.636],[75.932,34.624],[75.749,34.516],[75.592,34.54],[75.465,34.543]]]},"properties":{"code":"IN-JK-kargil","name":"Kargil","state":"Jammu and Kashmir"}},{"type":"Feature","geometry":{"type":"Polygon","coordinates":[[[75.873,32.576],[75.908,32.619],[75.925,32.654],[75.899,32.681],[75.9,32.77],[75.855,32.826],[75.837,32.837],[75.821,32.843],[75.808,32.853],[75.789,32.864],[75.786,32.814],[75.779,32.797],[75.707,32.758],[75.639,32.756],[75.619,32.72],[75.622,32.679],[75.6,32.67],[75.557,32.663],[75.533,32.663],[75.463,32.643],[75.431,32.609],[75.375,32.562],[75.297,32.553],[75.215,32.496],[75.197,32.404],[75.232,32.399],[75.324,32.342],[75.344,32.34],[75.359,32.335],[75.379,32.329],[75.397,32.326],[75.415,32.324],[75.433,32.327],[75.452,32.332],[75.472,32.34],[75.474,32.339],[75.471,32.315],[75.48,32.31],[75.49,32.31],[75.495,32.277],[75.501,32.276],[75.506,32.281],[75.524,32.34],[75.557,32.367],[75.567,32.372],[75.637,32.387],[75.663,32.394],[75.698,32.41],[75.72,32.43],[75.73,32.445],[75.772,32.475],[75.79,32.479],[75.816,32.499],[75.825,32.509],[75.838,32.538],[75.873,32.576]]]},"properties":{"code":"IN-JK-kathua","name":"Kathua","state":"Jammu and Kashmir"}},{"type":"Feature","geometry":{"type":"Polygon","coordinates":[[[74.648,34.723],[74.58,34.77],[74.376,34.803],[74.303,34.798],[74.27,34.763],[74.203,34.737],[74.149,34.695],[74.042,34.687],[74.013,34.71],[73.96,34.697],[73.927,34.646],[73.948,34.573],[73.895,34.547],[73.899,34.496],[73.777,34.416],[73.763,34.36],[73.842,34.338],[73.913,34.348],[74.053,34.339],[74.095,34.305],[74.136,34.305],[74.166,34.339],[74.253,34.328],[74.334,34.302],[74.402,34.317],[74.443,34.377],[74.458,34.448],[74.522,34.474],[74.526,34.526],[74.503,34.586],[74.586,34.65],[74.612,34.71],[74.648,34.723]]]},"properties":{"code":"IN-JK-kupwara-muzaffarabad","name":"Kupwara (Muzaffarabad)","state":"Jammu and Kashmir"}},{"type":"Feature","geometry":{"type":"Polygon","coordinates":[[[78.411,32.512],[78.412,32.556],[78.486,32.573],[78.526,32.606],[78.632,32.611],[78.654,32.649],[78.736,32.696],[78.76,32.684],[78.78,32.598],[78.765,32.575],[78.781,32.475],[78.836,32.425],[78.875,32.415],[78.915,32.367],[78.971,32.344],[79.068,32.385],[79.104,32.372],[79.118,32.45],[79.203,32.511],[79.27,32.518],[79.32,32.491],[79.347,32.527],[79.464,32.593],[79.545,32.607],[79.564,32.671],[79.541,32.749],[79.465,32.817],[79.457,32.871],[79.365,32.957],[79.35,32.996],[79.366,33.06],[79.411,33.136],[79.41,33.179],[79.141,33.2],[79.075,33.229],[79.067,33.296],[78.921,33.399],[78.823,33.483],[78.73,33.618],[78.709,33.68],[78.775,33.746],[78.775,33.801],[78.717,33.89],[78.716,33.965],[78.764,34.002],[78.761,34.036],[78.712,34.05],[78.729,34.096],[78.871,34.157],[78.956,34.218],[78.993,34.289],[78.981,34.333],[78.923,34.375],[78.838,34.407],[78.73,34.497],[78.66,34.53],[78.569,34.612],[78.418,34.605],[78.387,34.652],[78.284,34.667],[78.248,34.695],[78.207,34.766],[78.185,34.882],[78.133,34.971],[78.083,35.082],[78.116,35.145],[78.058,35.185],[78.002,35.295],[77.99,35.379],[78.021,35.417],[78.097,35.456],[78.079,35.492],[77.991,35.487],[77.889,35.429],[77.847,35.501],[77.736,35.434],[77.651,35.367],[77.443,35.234],[77.281,35.138],[77.157,35.055],[77.068,35.024],[77.014,35.035],[77.01,34.956],[76.95,34.941],[76.863,34.971],[76.811,34.935],[76.762,34.933],[76.739,34.902],[76.745,34.845],[76.672,34.757],[76.562,34.758],[76.469,34.792],[76.386,34.736],[76.329,34.733],[76.343,34.559],[76.367,34.511],[76.367,34.347],[76.42,34.256],[76.531,34.198],[76.651,34.155],[76.752,34.078],[76.825,33.958],[76.892,33.914],[76.969,33.885],[77.036,33.881],[77.142,33.847],[77.253,33.784],[77.311,33.779],[77.431,33.722],[77.508,33.63],[77.561,33.529],[77.522,33.433],[77.47,33.361],[77.412,33.351],[77.364,33.274],[77.378,33.192],[77.484,33.014],[77.523,32.89],[77.527,32.892],[77.58,32.932],[77.584,32.944],[77.606,32.942],[77.611,32.942],[77.617,32.944],[77.638,32.956],[77.643,32.958],[77.663,32.976],[77.679,32.978],[77.691,32.979],[77.712,32.972],[77.734,32.95],[77.736,32.948],[77.745,32.946],[77.747,32.941],[77.793,32.898],[77.787,32.892],[77.766,32.88],[77.768,32.858],[77.781,32.854],[77.788,32.85],[77.825,32.84],[77.848,32.828],[77.855,32.821],[77.864,32.811],[77.869,32.8],[77.872,32.786],[77.881,32.775],[77.899,32.775],[77.903,32.773],[77.912,32.767],[77.917,32.763],[77.917,32.752],[77.914,32.745],[77.916,32.734],[77.918,32.731],[77.909,32.721],[77.908,32.716],[77.902,32.698],[77.911,32.688],[77.926,32.667],[77.932,32.656],[77.955,32.635],[77.954,32.626],[77.962,32.614],[77.975,32.596],[77.987,32.588],[78.036,32.592],[78.042,32.599],[78.032,32.628],[78.033,32.634],[78.044,32.629],[78.079,32.653],[78.093,32.662],[78.107,32.65],[78.144,32.677],[78.18,32.67],[78.195,32.667],[78.273,32.703],[78.299,32.72],[78.288,32.738],[78.371,32.762],[78.371,32.734],[78.368,32.7],[78.363,32.672],[78.377,32.615],[78.318,32.58],[78.279,32.508],[78.306,32.478],[78.377,32.526],[78.382,32.53],[78.398,32.527],[78.399,32.526],[78.401,32.518],[78.405,32.514],[78.409,32.513],[78.411,32.512]]]},"properties":{"code":"IN-JK-ladakh-leh","name":"Ladakh (Leh)","state":"Jammu and Kashmir"}},{"type":"Feature","geometry":{"type":"Polygon","coordinates":[[[75.243,34.048],[75.174,34.037],[75.057,34.054],[74.997,34.042],[75.008,33.976],[74.98,33.88],[74.954,33.837],[74.861,33.81],[74.735,33.715],[74.724,33.686],[74.81,33.646],[74.876,33.64],[74.979,33.681],[75.057,33.741],[75.128,33.758],[75.215,33.816],[75.22,33.991],[75.243,34.048]]]},"properties":{"code":"IN-JK-pulwama","name":"Pulwama","state":"Jammu and Kashmir"}},{"type":"Feature","geometry":{"type":"Polygon","coordinates":[[[73.884,34.061],[73.898,34.033],[74.087,34.038],[74.115,34.054],[74.215,34.039],[74.249,34.014],[74.261,33.925],[74.22,33.867],[74.17,33.84],[74.049,33.809],[74.028,33.776],[73.966,33.74],[74,33.624],[74.028,33.575],[74.088,33.573],[74.165,33.496],[74.24,33.511],[74.278,33.443],[74.346,33.381],[74.396,33.463],[74.411,33.516],[74.452,33.566],[74.55,33.579],[74.607,33.562],[74.707,33.494],[74.728,33.504],[74.695,33.588],[74.694,33.632],[74.724,33.686],[74.626,33.842],[74.611,33.932],[74.591,33.971],[74.53,34.028],[74.465,34.001],[74.281,34.005],[74.205,34.078],[74.123,34.095],[73.948,34.105],[73.884,34.061]]]},"properties":{"code":"IN-JK-punch","name":"Punch","state":"Jammu and Kashmir"}},{"type":"Feature","geometry":{"type":"Polygon","coordinates":[[[74.753,33.508],[74.728,33.504],[74.707,33.494],[74.607,33.562],[74.55,33.579],[74.452,33.566],[74.411,33.516],[74.396,33.463],[74.346,33.381],[74.278,33.443],[74.24,33.511],[74.165,33.496],[74.187,33.456],[74.185,33.384],[74.167,33.344],[74.103,33.271],[74.024,33.262],[74.014,33.198],[74.083,33.181],[74.176,33.107],[74.205,33.043],[74.255,33.049],[74.352,33.013],[74.335,32.955],[74.399,32.946],[74.449,33],[74.533,32.959],[74.565,32.959],[74.615,32.997],[74.676,33.001],[74.699,33.031],[74.726,33.107],[74.738,33.154],[74.702,33.189],[74.685,33.214],[74.704,33.235],[74.805,33.236],[74.805,33.247],[74.794,33.279],[74.778,33.33],[74.805,33.399],[74.798,33.42],[74.775,33.45],[74.762,33.473],[74.753,33.508]]]},"properties":{"code":"IN-JK-rajauri","name":"Rajauri","state":"Jammu and Kashmir"}},{"type":"Feature","geometry":{"type":"Polygon","coordinates":[[[75.478,34.374],[75.425,34.372],[75.353,34.395],[75.305,34.358],[75.264,34.368],[75.106,34.464],[75.053,34.458],[75.042,34.386],[74.933,34.334],[74.837,34.353],[74.796,34.34],[74.787,34.27],[74.814,34.219],[74.886,34.153],[74.997,34.042],[75.057,34.054],[75.174,34.037],[75.243,34.048],[75.258,34.088],[75.252,34.149],[75.306,34.221],[75.384,34.255],[75.416,34.324],[75.478,34.374]]]},"properties":{"code":"IN-JK-srinagar","name":"Srinagar","state":"Jammu and Kashmir"}},{"type":"Feature","geometry":{"type":"Polygon","coordinates":[[[75.04,33.487],[74.97,33.48],[74.914,33.515],[74.84,33.525],[74.762,33.473],[74.775,33.45],[74.805,33.399],[74.78,33.355],[74.778,33.33],[74.794,33.279],[74.805,33.247],[74.805,33.236],[74.704,33.235],[74.685,33.214],[74.702,33.189],[74.738,33.154],[74.726,33.107],[74.699,33.031],[74.676,33.001],[74.775,32.97],[74.794,32.99],[74.798,33.025],[74.817,33.042],[74.903,33.051],[74.951,33.038],[74.961,33.021],[74.958,32.931],[74.971,32.917],[75.016,32.93],[75.083,32.883],[75.144,32.874],[75.187,32.854],[75.241,32.817],[75.255,32.772],[75.239,32.702],[75.289,32.668],[75.341,32.642],[75.378,32.635],[75.42,32.627],[75.421,32.624],[75.431,32.609],[75.463,32.643],[75.533,32.663],[75.557,32.663],[75.6,32.67],[75.622,32.679],[75.619,32.72],[75.639,32.756],[75.707,32.758],[75.779,32.797],[75.786,32.814],[75.789,32.864],[75.795,32.869],[75.798,32.902],[75.666,32.938],[75.588,32.97],[75.512,33.031],[75.459,33.057],[75.292,33.125],[75.226,33.15],[75.232,33.175],[75.28,33.253],[75.283,33.289],[75.232,33.348],[75.181,33.38],[75.171,33.415],[75.174,33.458],[75.157,33.467],[75.131,33.473],[75.094,33.489],[75.04,33.487]]]},"properties":{"code":"IN-JK-udhampur","name":"Udhampur","state":"Jammu and Kashmir"}},{"type":"Feature","geometry":{"type":"Polygon","coordinates":[[[85.685,23.965],[85.673,23.967],[85.663,23.958],[85.666,23.954],[85.655,23.938],[85.64,23.935],[85.643,23.928],[85.651,23.921],[85.652,23.915],[85.643,23.908],[85.616,23.893],[85.606,23.872],[85.612,23.86],[85.608,23.853],[85.577,23.834],[85.586,23.827],[85.593,23.813],[85.588,23.807],[85.597,23.793],[85.604,23.787],[85.611,23.777],[85.62,23.782],[85.635,23.804],[85.64,23.804],[85.647,23.804],[85.643,23.772],[85.636,23.767],[85.628,23.759],[85.626,23.756],[85.61,23.748],[85.614,23.726],[85.615,23.704],[85.604,23.685],[85.609,23.621],[85.61,23.614],[85.626,23.603],[85.642,23.591],[85.657,23.599],[85.658,23.609],[85.665,23.616],[85.674,23.622],[85.674,23.629],[85.681,23.628],[85.705,23.617],[85.708,23.616],[85.717,23.625],[85.755,23.671],[85.767,23.659],[85.766,23.638],[85.776,23.632],[85.779,23.625],[85.783,23.613],[85.787,23.604],[85.791,23.606],[85.798,23.598],[85.809,23.561],[85.817,23.561],[85.837,23.548],[85.832,23.54],[85.817,23.534],[85.835,23.519],[85.833,23.509],[85.833,23.505],[85.836,23.499],[85.847,23.498],[85.855,23.502],[85.858,23.502],[85.871,23.495],[85.877,23.49],[85.883,23.481],[85.878,23.476],[85.906,23.472],[85.938,23.455],[85.953,23.46],[85.968,23.465],[85.99,23.476],[86.001,23.479],[86.015,23.485],[86.026,23.488],[86.041,23.49],[86.052,23.499],[86.019,23.542],[86.021,23.545],[86.035,23.575],[86.037,23.583],[86.051,23.579],[86.071,23.578],[86.094,23.57],[86.119,23.574],[86.132,23.566],[86.145,23.568],[86.146,23.559],[86.153,23.552],[86.155,23.504],[86.145,23.494],[86.143,23.477],[86.153,23.477],[86.172,23.479],[86.179,23.475],[86.181,23.467],[86.2,23.464],[86.221,23.456],[86.223,23.465],[86.235,23.456],[86.227,23.45],[86.225,23.436],[86.24,23.432],[86.239,23.426],[86.243,23.42],[86.251,23.422],[86.248,23.431],[86.252,23.437],[86.266,23.438],[86.267,23.44],[86.278,23.441],[86.281,23.435],[86.3,23.42],[86.314,23.428],[86.312,23.437],[86.306,23.436],[86.3,23.444],[86.312,23.449],[86.329,23.455],[86.331,23.447],[86.338,23.457],[86.338,23.461],[86.352,23.464],[86.349,23.472],[86.364,23.482],[86.359,23.49],[86.357,23.51],[86.367,23.519],[86.368,23.523],[86.364,23.528],[86.36,23.531],[86.36,23.538],[86.36,23.546],[86.364,23.551],[86.365,23.557],[86.382,23.576],[86.4,23.589],[86.41,23.598],[86.418,23.603],[86.427,23.61],[86.44,23.609],[86.438,23.624],[86.445,23.632],[86.466,23.63],[86.447,23.641],[86.421,23.646],[86.408,23.66],[86.389,23.659],[86.366,23.703],[86.326,23.697],[86.274,23.743],[86.182,23.732],[86.18,23.766],[86.109,23.887],[86.121,23.904],[86.078,23.915],[85.994,23.906],[85.974,23.892],[85.969,23.886],[85.967,23.888],[85.961,23.894],[85.958,23.904],[85.946,23.914],[85.931,23.917],[85.924,23.936],[85.908,23.944],[85.897,23.952],[85.878,23.94],[85.879,23.937],[85.882,23.93],[85.882,23.925],[85.88,23.913],[85.884,23.905],[85.864,23.867],[85.862,23.86],[85.86,23.853],[85.837,23.836],[85.832,23.828],[85.811,23.837],[85.801,23.845],[85.803,23.858],[85.799,23.862],[85.798,23.867],[85.797,23.878],[85.796,23.88],[85.782,23.885],[85.78,23.896],[85.761,23.909],[85.761,23.925],[85.743,23.929],[85.738,23.932],[85.728,23.921],[85.717,23.903],[85.713,23.904],[85.711,23.915],[85.706,23.915],[85.682,23.943],[85.689,23.957],[85.695,23.96],[85.685,23.965]]]},"properties":{"code":"IN-JH-bokaro","name":"Bokaro","state":"Jharkhand"}},{"type":"Feature","geometry":{"type":"Polygon","coordinates":[[[85.081,24.381],[85.032,24.425],[84.99,24.412],[84.969,24.376],[84.903,24.372],[84.863,24.458],[84.827,24.47],[84.819,24.525],[84.742,24.496],[84.679,24.456],[84.658,24.394],[84.572,24.412],[84.494,24.287],[84.449,24.261],[84.466,24.21],[84.521,24.191],[84.573,24.141],[84.547,24.103],[84.568,24.07],[84.547,24.016],[84.578,23.986],[84.625,23.981],[84.703,24.039],[84.736,24.048],[84.763,24.008],[84.752,23.967],[84.839,23.964],[84.916,23.95],[84.943,23.874],[84.934,23.726],[84.957,23.713],[84.969,23.707],[84.972,23.705],[84.985,23.688],[84.991,23.68],[85.005,23.686],[85.009,23.69],[85.011,23.686],[85.032,23.692],[85.04,23.705],[85.047,23.712],[85.038,23.799],[85.046,23.844],[85.011,23.902],[85.038,23.918],[85.03,23.986],[85.117,23.976],[85.181,23.949],[85.244,24.027],[85.234,24.077],[85.168,24.108],[85.133,24.21],[85.153,24.24],[85.232,24.231],[85.296,24.211],[85.316,24.315],[85.292,24.346],[85.235,24.35],[85.194,24.334],[85.157,24.355],[85.103,24.34],[85.081,24.381]]]},"properties":{"code":"IN-JH-chatra","name":"Chatra","state":"Jharkhand"}},{"type":"Feature","geometry":{"type":"Polygon","coordinates":[[[86.609,24.607],[86.583,24.573],[86.524,24.536],[86.49,24.484],[86.489,24.425],[86.452,24.369],[86.473,24.301],[86.501,24.281],[86.512,24.222],[86.483,24.151],[86.57,24.139],[86.652,24.132],[86.792,24.087],[86.828,24.055],[86.876,24.073],[86.938,24.043],[86.968,24.061],[86.974,24.108],[86.928,24.142],[86.989,24.216],[87.032,24.201],[87.039,24.261],[87.02,24.325],[86.957,24.316],[86.881,24.446],[86.906,24.489],[86.911,24.539],[86.876,24.567],[86.809,24.564],[86.792,24.615],[86.668,24.561],[86.609,24.607]]]},"properties":{"code":"IN-JH-deoghar","name":"Deoghar","state":"Jharkhand"}},{"type":"Feature","geometry":{"type":"Polygon","coordinates":[[[86.385,24.053],[86.376,24.058],[86.363,24.049],[86.338,24.053],[86.33,24.041],[86.316,24.036],[86.327,24.027],[86.336,24.025],[86.33,24.017],[86.322,24.012],[86.309,23.996],[86.297,23.983],[86.297,23.973],[86.284,23.944],[86.263,23.928],[86.253,23.93],[86.199,23.946],[86.192,23.947],[86.175,23.944],[86.154,23.936],[86.131,23.935],[86.124,23.917],[86.122,23.909],[86.121,23.904],[86.109,23.887],[86.18,23.766],[86.182,23.732],[86.274,23.743],[86.326,23.697],[86.366,23.703],[86.389,23.659],[86.408,23.66],[86.421,23.646],[86.447,23.641],[86.466,23.63],[86.472,23.631],[86.481,23.635],[86.529,23.629],[86.552,23.64],[86.591,23.662],[86.588,23.669],[86.616,23.672],[86.633,23.676],[86.669,23.686],[86.732,23.694],[86.737,23.689],[86.738,23.678],[86.792,23.687],[86.796,23.693],[86.817,23.776],[86.793,23.831],[86.781,23.856],[86.777,23.861],[86.76,23.877],[86.743,23.882],[86.728,23.873],[86.719,23.882],[86.707,23.915],[86.594,23.973],[86.568,24],[86.536,24.004],[86.499,24.006],[86.492,24.011],[86.489,24.013],[86.487,24.012],[86.482,24.01],[86.477,24.009],[86.465,24.017],[86.452,24.021],[86.445,24.026],[86.435,24.03],[86.422,24.028],[86.4,24.037],[86.385,24.053]]]},"properties":{"code":"IN-JH-dhanbad","name":"Dhanbad","state":"Jharkhand"}},{"type":"Feature","geometry":{"type":"Polygon","coordinates":[[[87.044,24.624],[87.01,24.606],[86.936,24.63],[86.898,24.587],[86.911,24.539],[86.906,24.489],[86.881,24.446],[86.957,24.316],[87.02,24.325],[87.039,24.261],[87.032,24.201],[86.989,24.216],[86.928,24.142],[86.974,24.108],[87.024,24.142],[87.1,24.093],[87.115,24.059],[87.165,24.031],[87.233,24.025],[87.244,24.042],[87.258,24.035],[87.269,24.033],[87.274,24.032],[87.29,24.03],[87.304,24.029],[87.326,24.03],[87.336,24.024],[87.332,24.018],[87.318,24.007],[87.316,24.007],[87.318,24.002],[87.32,23.999],[87.328,23.996],[87.351,23.999],[87.394,23.999],[87.415,23.991],[87.422,23.991],[87.429,23.982],[87.434,23.982],[87.439,23.978],[87.454,23.983],[87.458,23.993],[87.45,24],[87.441,24.003],[87.447,24.008],[87.444,24.009],[87.438,24.009],[87.437,24.008],[87.439,24.013],[87.446,24.014],[87.452,24.015],[87.455,24.015],[87.462,24.013],[87.464,24.013],[87.469,24.012],[87.473,24.011],[87.486,24.016],[87.495,24.024],[87.496,24.023],[87.501,24.026],[87.504,24.03],[87.511,24.04],[87.508,24.043],[87.504,24.046],[87.495,24.05],[87.494,24.063],[87.493,24.065],[87.489,24.07],[87.5,24.073],[87.503,24.075],[87.504,24.078],[87.506,24.082],[87.493,24.085],[87.489,24.088],[87.49,24.09],[87.493,24.095],[87.494,24.097],[87.495,24.105],[87.493,24.112],[87.507,24.111],[87.517,24.111],[87.521,24.104],[87.527,24.104],[87.531,24.099],[87.534,24.091],[87.544,24.087],[87.553,24.085],[87.563,24.085],[87.567,24.086],[87.573,24.086],[87.574,24.09],[87.569,24.107],[87.575,24.109],[87.58,24.12],[87.593,24.124],[87.595,24.125],[87.608,24.129],[87.601,24.135],[87.576,24.153],[87.569,24.156],[87.584,24.161],[87.59,24.16],[87.61,24.165],[87.622,24.164],[87.628,24.163],[87.636,24.157],[87.651,24.155],[87.69,24.15],[87.694,24.159],[87.696,24.171],[87.693,24.186],[87.684,24.189],[87.678,24.191],[87.671,24.206],[87.659,24.207],[87.645,24.208],[87.638,24.216],[87.643,24.225],[87.642,24.25],[87.579,24.257],[87.584,24.323],[87.568,24.379],[87.569,24.504],[87.495,24.524],[87.4,24.505],[87.383,24.501],[87.309,24.596],[87.214,24.587],[87.166,24.614],[87.065,24.641],[87.044,24.624]]]},"properties":{"code":"IN-JH-dumka","name":"Dumka","state":"Jharkhand"}},{"type":"Feature","geometry":{"type":"Polygon","coordinates":[[[83.868,24.533],[83.799,24.53],[83.717,24.505],[83.498,24.527],[83.462,24.518],[83.393,24.501],[83.392,24.497],[83.394,24.489],[83.393,24.48],[83.387,24.465],[83.39,24.438],[83.401,24.437],[83.412,24.41],[83.426,24.406],[83.43,24.404],[83.433,24.394],[83.439,24.389],[83.44,24.38],[83.443,24.373],[83.448,24.368],[83.451,24.365],[83.446,24.363],[83.43,24.345],[83.427,24.34],[83.411,24.34],[83.403,24.337],[83.376,24.313],[83.387,24.298],[83.401,24.285],[83.393,24.247],[83.381,24.24],[83.379,24.22],[83.378,24.217],[83.378,24.201],[83.369,24.181],[83.356,24.148],[83.35,24.137],[83.339,24.11],[83.328,24.1],[83.362,24.102],[83.401,24.082],[83.421,24.084],[83.425,24.084],[83.431,24.069],[83.429,24.062],[83.448,24.042],[83.468,24.041],[83.501,24.031],[83.508,24.001],[83.508,23.979],[83.512,23.967],[83.549,23.893],[83.576,23.884],[83.572,23.863],[83.601,23.853],[83.65,23.848],[83.658,23.828],[83.672,23.82],[83.696,23.808],[83.708,23.795],[83.712,23.772],[83.729,23.755],[83.729,23.732],[83.732,23.724],[83.732,23.705],[83.721,23.674],[83.744,23.659],[83.743,23.64],[83.748,23.627],[83.766,23.618],[83.775,23.6],[83.786,23.598],[83.8,23.583],[83.821,23.585],[83.838,23.581],[83.86,23.578],[83.898,23.571],[83.915,23.569],[83.93,23.594],[83.938,23.622],[83.963,23.626],[83.975,23.631],[84.007,23.632],[84.059,23.694],[83.987,23.709],[83.993,23.742],[83.972,23.846],[83.819,24.001],[83.859,24.07],[83.97,24.124],[83.962,24.152],[83.882,24.2],[83.811,24.292],[83.825,24.323],[83.813,24.379],[83.848,24.408],[83.847,24.494],[83.868,24.533]]]},"properties":{"code":"IN-JH-garhwa","name":"Garhwa","state":"Jharkhand"}},{"type":"Feature","geometry":{"type":"Polygon","coordinates":[[[86.051,24.78],[85.97,24.734],[85.905,24.761],[85.815,24.729],[85.827,24.685],[85.783,24.665],[85.758,24.626],[85.79,24.603],[85.803,24.552],[85.861,24.526],[85.847,24.468],[85.838,24.352],[85.851,24.286],[85.827,24.263],[85.838,24.223],[85.725,24.205],[85.672,24.182],[85.663,24.155],[85.751,24.102],[85.818,24.076],[85.885,24.031],[85.908,23.944],[85.924,23.936],[85.931,23.917],[85.946,23.914],[85.958,23.904],[85.961,23.894],[85.967,23.888],[85.969,23.886],[85.974,23.892],[85.994,23.906],[86.078,23.915],[86.121,23.904],[86.122,23.909],[86.124,23.917],[86.131,23.935],[86.154,23.936],[86.175,23.944],[86.192,23.947],[86.199,23.946],[86.253,23.93],[86.263,23.928],[86.284,23.944],[86.297,23.973],[86.297,23.983],[86.309,23.996],[86.322,24.012],[86.33,24.017],[86.336,24.025],[86.327,24.027],[86.316,24.036],[86.33,24.041],[86.338,24.053],[86.363,24.049],[86.376,24.058],[86.385,24.053],[86.4,24.037],[86.422,24.028],[86.435,24.03],[86.445,24.026],[86.452,24.021],[86.465,24.017],[86.527,24.055],[86.57,24.139],[86.483,24.151],[86.512,24.222],[86.501,24.281],[86.473,24.301],[86.452,24.369],[86.416,24.379],[86.354,24.442],[86.319,24.44],[86.294,24.476],[86.312,24.508],[86.293,24.586],[86.166,24.584],[86.126,24.612],[86.134,24.676],[86.106,24.736],[86.051,24.78]]]},"properties":{"code":"IN-JH-giridih","name":"Giridih","state":"Jharkhand"}},{"type":"Feature","geometry":{"type":"Polygon","coordinates":[[[87.472,25.195],[87.468,25.193],[87.467,25.196],[87.458,25.198],[87.417,25.215],[87.408,25.219],[87.392,25.228],[87.386,25.226],[87.377,25.223],[87.37,25.205],[87.358,25.211],[87.348,25.213],[87.318,25.201],[87.316,25.193],[87.311,25.17],[87.314,25.163],[87.31,25.154],[87.308,25.15],[87.302,25.141],[87.3,25.135],[87.295,25.114],[87.293,25.105],[87.291,25.089],[87.275,25.092],[87.263,25.101],[87.251,25.106],[87.249,25.105],[87.234,25.086],[87.211,25.085],[87.208,25.083],[87.197,25.074],[87.184,25.067],[87.177,25.064],[87.174,25.058],[87.154,24.991],[87.147,24.862],[87.106,24.847],[87.077,24.808],[87.082,24.725],[87.044,24.624],[87.065,24.641],[87.166,24.614],[87.214,24.587],[87.309,24.596],[87.383,24.501],[87.4,24.505],[87.387,24.544],[87.461,24.569],[87.444,24.625],[87.468,24.658],[87.454,24.731],[87.433,24.76],[87.456,24.792],[87.506,24.797],[87.481,24.817],[87.453,24.932],[87.513,25.057],[87.471,25.105],[87.494,25.137],[87.472,25.195]]]},"properties":{"code":"IN-JH-godda","name":"Godda","state":"Jharkhand"}},{"type":"Feature","geometry":{"type":"Polygon","coordinates":[[[84.392,23.603],[84.352,23.608],[84.312,23.578],[84.321,23.527],[84.245,23.451],[84.254,23.377],[84.237,23.348],[84.187,23.323],[84.112,23.349],[84.07,23.33],[84.059,23.304],[84.059,23.282],[84.051,23.247],[84.052,23.221],[84.054,23.213],[84.058,23.204],[84.051,23.19],[84.044,23.185],[84.03,23.149],[84.033,23.143],[84.045,23.131],[84.059,23.113],[84.067,23.107],[84.088,23.109],[84.129,23.082],[84.123,23.045],[84.127,23.026],[84.137,23.006],[84.138,22.998],[84.145,22.983],[84.148,22.964],[84.171,22.977],[84.173,22.999],[84.173,23.007],[84.177,23.021],[84.198,23.019],[84.197,23.004],[84.215,22.977],[84.217,22.976],[84.237,22.98],[84.255,22.974],[84.262,22.98],[84.271,22.989],[84.272,22.971],[84.289,22.962],[84.314,22.972],[84.325,22.979],[84.332,22.979],[84.348,22.976],[84.378,22.952],[84.389,22.939],[84.371,22.902],[84.377,22.898],[84.378,22.888],[84.376,22.881],[84.37,22.869],[84.37,22.865],[84.348,22.863],[84.318,22.817],[84.303,22.798],[84.288,22.771],[84.333,22.744],[84.412,22.763],[84.444,22.829],[84.498,22.819],[84.544,22.789],[84.553,22.727],[84.659,22.726],[84.69,22.74],[84.726,22.799],[84.788,22.752],[84.854,22.761],[84.877,22.739],[84.927,22.788],[84.972,22.783],[84.978,22.797],[84.995,22.8],[84.999,22.826],[84.996,22.837],[84.981,22.867],[84.984,22.894],[84.975,22.895],[84.989,22.922],[85.003,22.916],[85.009,22.921],[85.009,22.929],[85.009,22.941],[84.999,22.943],[84.985,22.959],[84.966,22.965],[84.946,22.961],[84.938,22.972],[84.932,23.014],[84.937,23.023],[84.927,23.033],[84.911,23.027],[84.897,23.053],[84.87,23.075],[84.864,23.088],[84.883,23.098],[84.893,23.107],[84.883,23.118],[84.881,23.132],[84.914,23.167],[84.908,23.19],[84.93,23.201],[84.933,23.207],[84.944,23.227],[84.938,23.229],[84.925,23.236],[84.906,23.249],[84.908,23.253],[84.892,23.265],[84.896,23.284],[84.919,23.307],[84.914,23.319],[84.91,23.319],[84.891,23.319],[84.845,23.314],[84.806,23.282],[84.78,23.32],[84.729,23.33],[84.705,23.311],[84.622,23.308],[84.531,23.347],[84.506,23.383],[84.417,23.425],[84.468,23.487],[84.464,23.575],[84.392,23.603]]]},"properties":{"code":"IN-JH-gumla","name":"Gumla","state":"Jharkhand"}},{"type":"Feature","geometry":{"type":"Polygon","coordinates":[[[85.442,24.539],[85.383,24.535],[85.279,24.519],[85.224,24.471],[85.153,24.464],[85.169,24.429],[85.081,24.381],[85.103,24.34],[85.157,24.355],[85.194,24.334],[85.235,24.35],[85.292,24.346],[85.316,24.315],[85.296,24.211],[85.232,24.231],[85.153,24.24],[85.133,24.21],[85.168,24.108],[85.234,24.077],[85.244,24.027],[85.181,23.949],[85.117,23.976],[85.03,23.986],[85.038,23.918],[85.011,23.902],[85.046,23.844],[85.038,23.799],[85.047,23.712],[85.06,23.696],[85.051,23.691],[85.058,23.682],[85.071,23.668],[85.118,23.665],[85.159,23.665],[85.166,23.677],[85.182,23.709],[85.212,23.7],[85.219,23.684],[85.231,23.682],[85.221,23.675],[85.215,23.665],[85.214,23.657],[85.207,23.654],[85.199,23.642],[85.198,23.632],[85.208,23.618],[85.226,23.618],[85.23,23.615],[85.238,23.601],[85.238,23.595],[85.26,23.58],[85.262,23.579],[85.275,23.578],[85.304,23.571],[85.343,23.56],[85.379,23.549],[85.388,23.556],[85.398,23.554],[85.408,23.56],[85.446,23.548],[85.466,23.563],[85.466,23.57],[85.482,23.547],[85.496,23.543],[85.509,23.543],[85.505,23.561],[85.511,23.575],[85.518,23.574],[85.521,23.564],[85.518,23.535],[85.524,23.531],[85.534,23.538],[85.54,23.538],[85.564,23.513],[85.572,23.508],[85.587,23.493],[85.6,23.488],[85.607,23.477],[85.632,23.465],[85.657,23.46],[85.701,23.443],[85.719,23.445],[85.731,23.446],[85.741,23.451],[85.752,23.458],[85.768,23.457],[85.776,23.453],[85.789,23.453],[85.797,23.447],[85.81,23.452],[85.824,23.436],[85.837,23.426],[85.844,23.42],[85.85,23.422],[85.854,23.422],[85.861,23.428],[85.878,23.476],[85.883,23.481],[85.877,23.49],[85.871,23.495],[85.858,23.502],[85.855,23.502],[85.847,23.498],[85.836,23.499],[85.833,23.505],[85.833,23.509],[85.835,23.519],[85.817,23.534],[85.832,23.54],[85.837,23.548],[85.817,23.561],[85.809,23.561],[85.798,23.598],[85.791,23.606],[85.787,23.604],[85.783,23.613],[85.779,23.625],[85.776,23.632],[85.766,23.638],[85.767,23.659],[85.755,23.671],[85.717,23.625],[85.708,23.616],[85.705,23.617],[85.681,23.628],[85.674,23.629],[85.674,23.622],[85.665,23.616],[85.658,23.609],[85.657,23.599],[85.642,23.591],[85.626,23.603],[85.61,23.614],[85.609,23.621],[85.604,23.685],[85.615,23.704],[85.614,23.726],[85.61,23.748],[85.626,23.756],[85.628,23.759],[85.636,23.767],[85.643,23.772],[85.647,23.804],[85.64,23.804],[85.635,23.804],[85.62,23.782],[85.611,23.777],[85.604,23.787],[85.597,23.793],[85.588,23.807],[85.593,23.813],[85.586,23.827],[85.577,23.834],[85.608,23.853],[85.612,23.86],[85.606,23.872],[85.616,23.893],[85.643,23.908],[85.652,23.915],[85.651,23.921],[85.643,23.928],[85.64,23.935],[85.655,23.938],[85.666,23.954],[85.663,23.958],[85.673,23.967],[85.685,23.965],[85.695,23.96],[85.689,23.957],[85.682,23.943],[85.706,23.915],[85.711,23.915],[85.713,23.904],[85.717,23.903],[85.728,23.921],[85.738,23.932],[85.743,23.929],[85.761,23.925],[85.761,23.909],[85.78,23.896],[85.782,23.885],[85.796,23.88],[85.797,23.878],[85.798,23.867],[85.799,23.862],[85.803,23.858],[85.801,23.845],[85.811,23.837],[85.832,23.828],[85.837,23.836],[85.86,23.853],[85.862,23.86],[85.864,23.867],[85.884,23.905],[85.88,23.913],[85.882,23.925],[85.882,23.93],[85.879,23.937],[85.878,23.94],[85.897,23.952],[85.908,23.944],[85.885,24.031],[85.818,24.076],[85.751,24.102],[85.663,24.155],[85.672,24.182],[85.725,24.205],[85.838,24.223],[85.827,24.263],[85.851,24.286],[85.787,24.311],[85.723,24.311],[85.583,24.339],[85.521,24.386],[85.511,24.454],[85.442,24.539]]]},"properties":{"code":"IN-JH-hazaribag","name":"Hazaribag","state":"Jharkhand"}},{"type":"Feature","geometry":{"type":"Polygon","coordinates":[[[86.974,24.108],[86.968,24.061],[86.938,24.043],[86.876,24.073],[86.828,24.055],[86.792,24.087],[86.652,24.132],[86.57,24.139],[86.527,24.055],[86.465,24.017],[86.477,24.009],[86.482,24.01],[86.487,24.012],[86.489,24.013],[86.492,24.011],[86.499,24.006],[86.536,24.004],[86.568,24],[86.594,23.973],[86.707,23.915],[86.719,23.882],[86.728,23.873],[86.743,23.882],[86.76,23.877],[86.777,23.861],[86.781,23.856],[86.797,23.832],[86.826,23.813],[86.844,23.822],[86.854,23.832],[86.873,23.834],[86.882,23.814],[86.888,23.822],[86.885,23.83],[86.88,23.842],[86.885,23.873],[86.924,23.866],[86.951,23.846],[86.963,23.865],[87.034,23.837],[87.064,23.813],[87.077,23.809],[87.085,23.805],[87.091,23.81],[87.106,23.8],[87.113,23.806],[87.11,23.799],[87.166,23.82],[87.159,23.828],[87.154,23.826],[87.13,23.851],[87.128,23.862],[87.136,23.868],[87.153,23.866],[87.169,23.858],[87.177,23.852],[87.184,23.853],[87.187,23.857],[87.189,23.846],[87.192,23.84],[87.199,23.847],[87.232,23.845],[87.222,23.835],[87.22,23.827],[87.229,23.823],[87.239,23.825],[87.255,23.839],[87.252,23.848],[87.249,23.866],[87.245,23.881],[87.246,23.895],[87.248,23.907],[87.257,23.908],[87.262,23.878],[87.278,23.882],[87.293,23.89],[87.295,23.899],[87.288,23.926],[87.29,23.947],[87.269,23.965],[87.262,23.966],[87.26,23.97],[87.266,23.982],[87.268,23.985],[87.256,23.999],[87.256,23.998],[87.255,23.997],[87.253,23.996],[87.252,23.996],[87.25,23.996],[87.249,23.996],[87.248,23.996],[87.248,23.997],[87.247,23.997],[87.246,23.998],[87.244,24.001],[87.241,24.006],[87.239,24.015],[87.233,24.025],[87.165,24.031],[87.115,24.059],[87.1,24.093],[87.024,24.142],[86.974,24.108]]]},"properties":{"code":"IN-JH-jamtara","name":"Jamtara","state":"Jharkhand"}},{"type":"Feature","geometry":{"type":"Polygon","coordinates":[[[85.905,24.761],[85.878,24.8],[85.777,24.799],[85.737,24.823],[85.704,24.757],[85.705,24.729],[85.66,24.675],[85.665,24.582],[85.609,24.585],[85.534,24.532],[85.494,24.551],[85.442,24.539],[85.511,24.454],[85.521,24.386],[85.583,24.339],[85.723,24.311],[85.787,24.311],[85.851,24.286],[85.838,24.352],[85.847,24.468],[85.861,24.526],[85.803,24.552],[85.79,24.603],[85.758,24.626],[85.783,24.665],[85.827,24.685],[85.815,24.729],[85.905,24.761]]]},"properties":{"code":"IN-JH-koderma","name":"Koderma","state":"Jharkhand"}},{"type":"Feature","geometry":{"type":"Polygon","coordinates":[[[84.578,23.986],[84.564,23.933],[84.518,23.9],[84.477,23.894],[84.471,23.937],[84.44,23.96],[84.394,23.933],[84.337,23.951],[84.327,23.91],[84.207,23.906],[84.133,23.943],[84.131,23.9],[84.063,23.857],[84.047,23.813],[84.015,23.799],[83.993,23.742],[83.987,23.709],[84.059,23.694],[84.007,23.632],[84.004,23.626],[84.013,23.605],[84.022,23.592],[84.025,23.566],[84.023,23.544],[84.009,23.5],[83.993,23.485],[83.985,23.476],[83.97,23.448],[83.978,23.431],[83.978,23.414],[83.976,23.408],[83.966,23.381],[83.97,23.369],[83.983,23.36],[84.011,23.363],[84.038,23.376],[84.043,23.37],[84.049,23.354],[84.07,23.33],[84.112,23.349],[84.187,23.323],[84.237,23.348],[84.254,23.377],[84.245,23.451],[84.321,23.527],[84.312,23.578],[84.352,23.608],[84.392,23.603],[84.413,23.633],[84.502,23.675],[84.637,23.665],[84.674,23.603],[84.751,23.604],[84.774,23.553],[84.847,23.532],[84.879,23.556],[84.886,23.556],[84.902,23.577],[84.902,23.571],[84.917,23.552],[84.929,23.562],[84.936,23.631],[84.912,23.652],[84.929,23.68],[84.935,23.693],[84.942,23.7],[84.95,23.696],[84.958,23.701],[84.957,23.713],[84.934,23.726],[84.943,23.874],[84.916,23.95],[84.839,23.964],[84.752,23.967],[84.763,24.008],[84.736,24.048],[84.703,24.039],[84.625,23.981],[84.578,23.986]]]},"properties":{"code":"IN-JH-latehar","name":"Latehar","state":"Jharkhand"}},{"type":"Feature","geometry":{"type":"Polygon","coordinates":[[[84.392,23.603],[84.464,23.575],[84.468,23.487],[84.417,23.425],[84.506,23.383],[84.531,23.347],[84.622,23.308],[84.705,23.311],[84.729,23.33],[84.78,23.32],[84.806,23.282],[84.845,23.314],[84.891,23.319],[84.9,23.341],[84.898,23.363],[84.881,23.369],[84.888,23.385],[84.879,23.401],[84.888,23.409],[84.892,23.414],[84.889,23.424],[84.904,23.45],[84.923,23.471],[84.929,23.481],[84.938,23.499],[84.933,23.508],[84.92,23.524],[84.879,23.551],[84.879,23.556],[84.847,23.532],[84.774,23.553],[84.751,23.604],[84.674,23.603],[84.637,23.665],[84.502,23.675],[84.413,23.633],[84.392,23.603]]]},"properties":{"code":"IN-JH-lohardaga","name":"Lohardaga","state":"Jharkhand"}},{"type":"Feature","geometry":{"type":"Polygon","coordinates":[[[87.84,24.738],[87.816,24.722],[87.734,24.762],[87.709,24.737],[87.589,24.79],[87.548,24.827],[87.506,24.797],[87.456,24.792],[87.433,24.76],[87.454,24.731],[87.468,24.658],[87.444,24.625],[87.461,24.569],[87.387,24.544],[87.4,24.505],[87.495,24.524],[87.569,24.504],[87.568,24.379],[87.584,24.323],[87.579,24.257],[87.642,24.25],[87.649,24.247],[87.65,24.244],[87.654,24.237],[87.659,24.238],[87.662,24.245],[87.671,24.244],[87.678,24.246],[87.685,24.253],[87.693,24.257],[87.697,24.26],[87.705,24.264],[87.706,24.268],[87.705,24.275],[87.708,24.28],[87.71,24.292],[87.72,24.288],[87.73,24.288],[87.736,24.289],[87.74,24.293],[87.743,24.298],[87.748,24.301],[87.758,24.308],[87.759,24.317],[87.76,24.32],[87.764,24.325],[87.761,24.333],[87.765,24.339],[87.779,24.357],[87.785,24.368],[87.794,24.381],[87.798,24.382],[87.798,24.391],[87.797,24.392],[87.793,24.393],[87.793,24.396],[87.802,24.402],[87.807,24.404],[87.808,24.412],[87.805,24.418],[87.799,24.411],[87.786,24.419],[87.79,24.422],[87.792,24.427],[87.79,24.435],[87.796,24.439],[87.8,24.444],[87.801,24.447],[87.807,24.453],[87.815,24.454],[87.817,24.459],[87.817,24.465],[87.814,24.473],[87.809,24.477],[87.817,24.486],[87.821,24.488],[87.822,24.492],[87.822,24.496],[87.82,24.493],[87.819,24.492],[87.812,24.499],[87.808,24.509],[87.807,24.511],[87.803,24.502],[87.801,24.495],[87.794,24.5],[87.8,24.504],[87.801,24.515],[87.799,24.521],[87.797,24.53],[87.797,24.539],[87.804,24.54],[87.803,24.554],[87.792,24.566],[87.778,24.571],[87.768,24.576],[87.78,24.582],[87.802,24.578],[87.817,24.57],[87.823,24.567],[87.835,24.556],[87.845,24.553],[87.849,24.557],[87.854,24.556],[87.86,24.555],[87.864,24.559],[87.869,24.561],[87.877,24.561],[87.887,24.563],[87.896,24.581],[87.903,24.582],[87.905,24.584],[87.909,24.591],[87.908,24.604],[87.908,24.608],[87.899,24.608],[87.889,24.608],[87.878,24.609],[87.875,24.61],[87.873,24.611],[87.879,24.615],[87.896,24.612],[87.902,24.613],[87.902,24.617],[87.902,24.623],[87.887,24.624],[87.889,24.631],[87.897,24.63],[87.902,24.629],[87.904,24.63],[87.908,24.642],[87.91,24.655],[87.912,24.662],[87.903,24.667],[87.89,24.67],[87.889,24.682],[87.898,24.695],[87.899,24.7],[87.901,24.711],[87.903,24.712],[87.891,24.723],[87.885,24.729],[87.878,24.739],[87.875,24.735],[87.861,24.731],[87.852,24.735],[87.84,24.738]]]},"properties":{"code":"IN-JH-pakur","name":"Pakur","state":"Jharkhand"}},{"type":"Feature","geometry":{"type":"Polygon","coordinates":[[[83.868,24.533],[83.847,24.494],[83.848,24.408],[83.813,24.379],[83.825,24.323],[83.811,24.292],[83.882,24.2],[83.962,24.152],[83.97,24.124],[83.859,24.07],[83.819,24.001],[83.972,23.846],[83.993,23.742],[84.015,23.799],[84.047,23.813],[84.063,23.857],[84.131,23.9],[84.133,23.943],[84.207,23.906],[84.327,23.91],[84.337,23.951],[84.394,23.933],[84.44,23.96],[84.471,23.937],[84.477,23.894],[84.518,23.9],[84.564,23.933],[84.578,23.986],[84.547,24.016],[84.568,24.07],[84.547,24.103],[84.573,24.141],[84.521,24.191],[84.466,24.21],[84.449,24.261],[84.494,24.287],[84.455,24.339],[84.336,24.396],[84.33,24.431],[84.293,24.451],[84.322,24.49],[84.293,24.566],[84.258,24.538],[84.173,24.542],[84.11,24.481],[84.047,24.612],[83.992,24.638],[83.928,24.548],[83.868,24.533]]]},"properties":{"code":"IN-JH-palamu","name":"Palamu","state":"Jharkhand"}},{"type":"Feature","geometry":{"type":"Polygon","coordinates":[[[85.511,22.806],[85.452,22.799],[85.426,22.833],[85.384,22.839],[85.336,22.883],[85.304,22.88],[85.19,22.81],[85.162,22.832],[85.134,22.775],[85.136,22.735],[85.109,22.655],[85.071,22.611],[85.074,22.568],[85.07,22.564],[85.063,22.539],[85.071,22.498],[85.062,22.478],[85.057,22.445],[85.083,22.378],[85.074,22.349],[85.105,22.291],[85.071,22.272],[85.069,22.231],[85.025,22.154],[85.024,22.112],[85.099,22.096],[85.211,22.043],[85.231,22],[85.274,22.08],[85.363,22.155],[85.41,22.156],[85.486,22.116],[85.591,22.074],[85.645,22.09],[85.672,22.051],[85.722,22.058],[85.802,22.111],[85.779,22.036],[85.756,22.008],[85.784,21.979],[85.894,21.978],[85.943,22.019],[86.003,22.113],[86.027,22.185],[85.97,22.243],[86.018,22.305],[85.993,22.338],[86.021,22.382],[85.954,22.456],[85.961,22.479],[85.922,22.496],[85.906,22.509],[85.893,22.523],[85.898,22.545],[85.878,22.553],[85.885,22.574],[85.895,22.577],[85.904,22.6],[85.894,22.604],[85.878,22.616],[85.862,22.618],[85.867,22.628],[85.865,22.639],[85.862,22.651],[85.857,22.659],[85.862,22.677],[85.862,22.689],[85.855,22.695],[85.86,22.703],[85.86,22.708],[85.853,22.717],[85.839,22.706],[85.819,22.717],[85.812,22.713],[85.791,22.714],[85.787,22.71],[85.79,22.707],[85.772,22.706],[85.759,22.698],[85.738,22.69],[85.731,22.687],[85.721,22.682],[85.711,22.689],[85.698,22.693],[85.692,22.709],[85.687,22.713],[85.705,22.74],[85.713,22.753],[85.699,22.759],[85.696,22.766],[85.691,22.785],[85.693,22.799],[85.677,22.815],[85.657,22.831],[85.652,22.839],[85.648,22.839],[85.639,22.847],[85.607,22.827],[85.588,22.825],[85.563,22.829],[85.535,22.817],[85.525,22.805],[85.511,22.806]]]},"properties":{"code":"IN-JH-pashchim-singhbhum","name":"Pashchim Singhbhum","state":"Jharkhand"}},{"type":"Feature","geometry":{"type":"Polygon","coordinates":[[[86.555,22.708],[86.479,22.722],[86.416,22.777],[86.432,22.916],[86.512,22.966],[86.497,22.99],[86.416,22.995],[86.393,22.974],[86.279,23.011],[86.234,22.993],[86.192,22.966],[86.191,22.815],[86.154,22.745],[86.151,22.633],[86.062,22.549],[86.092,22.509],[86.101,22.49],[86.145,22.475],[86.156,22.479],[86.197,22.468],[86.202,22.47],[86.209,22.463],[86.217,22.465],[86.218,22.468],[86.217,22.464],[86.212,22.46],[86.228,22.45],[86.26,22.441],[86.28,22.446],[86.301,22.415],[86.31,22.397],[86.32,22.38],[86.339,22.366],[86.353,22.352],[86.391,22.325],[86.401,22.319],[86.422,22.314],[86.424,22.306],[86.439,22.316],[86.45,22.323],[86.46,22.326],[86.475,22.334],[86.501,22.331],[86.52,22.321],[86.525,22.312],[86.523,22.308],[86.546,22.299],[86.574,22.294],[86.582,22.291],[86.586,22.291],[86.59,22.282],[86.603,22.278],[86.616,22.276],[86.627,22.267],[86.637,22.266],[86.641,22.264],[86.648,22.253],[86.651,22.233],[86.66,22.234],[86.665,22.239],[86.67,22.237],[86.682,22.22],[86.721,22.217],[86.748,22.208],[86.755,22.208],[86.775,22.223],[86.772,22.228],[86.776,22.232],[86.78,22.232],[86.791,22.22],[86.783,22.225],[86.776,22.214],[86.8,22.214],[86.81,22.238],[86.798,22.234],[86.79,22.263],[86.796,22.25],[86.797,22.245],[86.802,22.242],[86.809,22.246],[86.809,22.254],[86.812,22.264],[86.813,22.259],[86.816,22.249],[86.823,22.261],[86.834,22.26],[86.85,22.259],[86.865,22.253],[86.886,22.252],[86.886,22.263],[86.887,22.287],[86.881,22.296],[86.873,22.299],[86.868,22.305],[86.841,22.314],[86.829,22.329],[86.829,22.342],[86.841,22.369],[86.84,22.384],[86.844,22.396],[86.789,22.418],[86.764,22.423],[86.757,22.442],[86.757,22.446],[86.749,22.46],[86.783,22.477],[86.796,22.48],[86.797,22.489],[86.791,22.494],[86.789,22.51],[86.791,22.517],[86.783,22.524],[86.783,22.536],[86.771,22.546],[86.765,22.551],[86.767,22.556],[86.763,22.565],[86.674,22.573],[86.661,22.574],[86.657,22.573],[86.651,22.584],[86.639,22.594],[86.634,22.604],[86.632,22.61],[86.637,22.655],[86.622,22.666],[86.61,22.677],[86.603,22.68],[86.581,22.689],[86.555,22.708]]]},"properties":{"code":"IN-JH-purba-singhbhum","name":"Purba Singhbhum","state":"Jharkhand"}},{"type":"Feature","geometry":{"type":"Polygon","coordinates":[[[84.985,23.688],[84.972,23.705],[84.969,23.707],[84.957,23.713],[84.958,23.701],[84.95,23.696],[84.942,23.7],[84.935,23.693],[84.929,23.68],[84.912,23.652],[84.936,23.631],[84.929,23.562],[84.917,23.552],[84.902,23.571],[84.902,23.577],[84.886,23.556],[84.879,23.556],[84.879,23.551],[84.92,23.524],[84.933,23.508],[84.938,23.499],[84.929,23.481],[84.923,23.471],[84.904,23.45],[84.889,23.424],[84.892,23.414],[84.888,23.409],[84.879,23.401],[84.888,23.385],[84.881,23.369],[84.898,23.363],[84.9,23.341],[84.91,23.319],[84.914,23.319],[84.919,23.307],[84.896,23.284],[84.892,23.265],[84.908,23.253],[84.906,23.249],[84.925,23.236],[84.938,23.229],[84.944,23.227],[84.933,23.207],[84.93,23.201],[84.908,23.19],[84.914,23.167],[84.881,23.132],[84.883,23.118],[84.893,23.107],[84.883,23.098],[84.864,23.088],[84.87,23.075],[84.897,23.053],[84.911,23.027],[84.927,23.033],[84.937,23.023],[84.932,23.014],[84.938,22.972],[84.946,22.961],[84.966,22.965],[84.985,22.959],[84.999,22.943],[85.009,22.941],[85.009,22.929],[85.009,22.921],[85.003,22.916],[84.989,22.922],[84.975,22.895],[84.984,22.894],[84.981,22.867],[84.996,22.837],[84.999,22.826],[84.995,22.8],[84.978,22.797],[84.985,22.783],[85.042,22.75],[85.048,22.738],[85.052,22.725],[85.047,22.706],[85.037,22.678],[85.051,22.665],[85.05,22.648],[85.05,22.608],[85.063,22.602],[85.067,22.599],[85.066,22.582],[85.074,22.568],[85.071,22.611],[85.109,22.655],[85.136,22.735],[85.134,22.775],[85.162,22.832],[85.19,22.81],[85.304,22.88],[85.336,22.883],[85.384,22.839],[85.426,22.833],[85.452,22.799],[85.511,22.806],[85.509,22.826],[85.517,22.841],[85.522,22.842],[85.528,22.863],[85.535,22.863],[85.543,22.872],[85.555,22.872],[85.574,22.863],[85.585,22.883],[85.597,22.893],[85.585,22.896],[85.576,22.897],[85.575,22.903],[85.587,22.919],[85.609,22.921],[85.628,22.916],[85.646,22.919],[85.652,22.935],[85.677,22.932],[85.725,22.939],[85.757,22.931],[85.776,22.919],[85.796,22.908],[85.812,22.904],[85.831,22.899],[85.845,22.882],[85.857,22.884],[85.851,22.898],[85.867,22.924],[85.869,22.93],[85.863,22.936],[85.859,22.94],[85.846,22.945],[85.842,22.977],[85.837,22.985],[85.821,22.994],[85.818,23],[85.808,23.031],[85.806,23.041],[85.793,23.057],[85.799,23.064],[85.816,23.083],[85.824,23.089],[85.83,23.1],[85.836,23.104],[85.842,23.116],[85.854,23.127],[85.866,23.126],[85.866,23.132],[85.87,23.146],[85.881,23.15],[85.889,23.152],[85.877,23.161],[85.877,23.173],[85.86,23.192],[85.844,23.194],[85.835,23.192],[85.832,23.195],[85.834,23.202],[85.831,23.211],[85.826,23.263],[85.852,23.294],[85.861,23.315],[85.878,23.324],[85.871,23.353],[85.867,23.361],[85.885,23.374],[85.894,23.38],[85.882,23.384],[85.885,23.387],[85.878,23.402],[85.882,23.404],[85.872,23.409],[85.863,23.41],[85.854,23.422],[85.85,23.422],[85.844,23.42],[85.837,23.426],[85.824,23.436],[85.81,23.452],[85.797,23.447],[85.789,23.453],[85.776,23.453],[85.768,23.457],[85.752,23.458],[85.741,23.451],[85.731,23.446],[85.719,23.445],[85.701,23.443],[85.657,23.46],[85.632,23.465],[85.607,23.477],[85.6,23.488],[85.587,23.493],[85.572,23.508],[85.564,23.513],[85.54,23.538],[85.534,23.538],[85.524,23.531],[85.518,23.535],[85.521,23.564],[85.518,23.574],[85.511,23.575],[85.505,23.561],[85.509,23.543],[85.496,23.543],[85.482,23.547],[85.466,23.57],[85.466,23.563],[85.446,23.548],[85.408,23.56],[85.398,23.554],[85.388,23.556],[85.379,23.549],[85.343,23.56],[85.304,23.571],[85.275,23.578],[85.262,23.579],[85.26,23.58],[85.238,23.595],[85.238,23.601],[85.23,23.615],[85.226,23.618],[85.208,23.618],[85.198,23.632],[85.199,23.642],[85.207,23.654],[85.214,23.657],[85.215,23.665],[85.221,23.675],[85.231,23.682],[85.219,23.684],[85.212,23.7],[85.182,23.709],[85.166,23.677],[85.159,23.665],[85.118,23.665],[85.071,23.668],[85.058,23.682],[85.051,23.691],[85.06,23.696],[85.047,23.712],[85.04,23.705],[85.032,23.692],[85.011,23.686],[85.009,23.69],[85.005,23.686],[84.991,23.68],[84.985,23.688]]]},"properties":{"code":"IN-JH-ranchi","name":"Ranchi","state":"Jharkhand"}},{"type":"Feature","geometry":{"type":"Polygon","coordinates":[[[87.788,25.22],[87.783,25.246],[87.708,25.256],[87.684,25.31],[87.607,25.311],[87.547,25.331],[87.544,25.323],[87.538,25.296],[87.536,25.28],[87.526,25.281],[87.49,25.305],[87.488,25.278],[87.492,25.271],[87.472,25.222],[87.472,25.195],[87.494,25.137],[87.471,25.105],[87.513,25.057],[87.453,24.932],[87.481,24.817],[87.506,24.797],[87.548,24.827],[87.589,24.79],[87.709,24.737],[87.734,24.762],[87.816,24.722],[87.84,24.738],[87.825,24.752],[87.814,24.753],[87.822,24.767],[87.828,24.772],[87.83,24.783],[87.839,24.78],[87.837,24.777],[87.834,24.766],[87.839,24.765],[87.85,24.761],[87.855,24.764],[87.865,24.774],[87.867,24.776],[87.867,24.782],[87.868,24.787],[87.875,24.79],[87.878,24.798],[87.873,24.805],[87.872,24.812],[87.868,24.823],[87.887,24.82],[87.898,24.825],[87.894,24.829],[87.897,24.842],[87.895,24.848],[87.891,24.848],[87.897,24.854],[87.967,24.881],[87.962,24.936],[87.864,25.04],[87.773,25.099],[87.788,25.22]]]},"properties":{"code":"IN-JH-sahibganj","name":"Sahibganj","state":"Jharkhand"}},{"type":"Feature","geometry":{"type":"Polygon","coordinates":[[[86.234,22.993],[86.176,23.013],[86.116,23.094],[86.044,23.112],[86.037,23.144],[85.982,23.146],[85.915,23.13],[85.889,23.152],[85.881,23.15],[85.87,23.146],[85.866,23.132],[85.866,23.126],[85.854,23.127],[85.842,23.116],[85.836,23.104],[85.83,23.1],[85.824,23.089],[85.816,23.083],[85.799,23.064],[85.793,23.057],[85.806,23.041],[85.808,23.031],[85.818,23],[85.821,22.994],[85.837,22.985],[85.842,22.977],[85.846,22.945],[85.859,22.94],[85.863,22.936],[85.869,22.93],[85.867,22.924],[85.851,22.898],[85.857,22.884],[85.845,22.882],[85.831,22.899],[85.812,22.904],[85.796,22.908],[85.776,22.919],[85.757,22.931],[85.725,22.939],[85.677,22.932],[85.652,22.935],[85.646,22.919],[85.628,22.916],[85.609,22.921],[85.587,22.919],[85.575,22.903],[85.576,22.897],[85.585,22.896],[85.597,22.893],[85.585,22.883],[85.574,22.863],[85.555,22.872],[85.543,22.872],[85.535,22.863],[85.528,22.863],[85.522,22.842],[85.517,22.841],[85.509,22.826],[85.525,22.805],[85.535,22.817],[85.563,22.829],[85.588,22.825],[85.607,22.827],[85.639,22.847],[85.648,22.839],[85.652,22.839],[85.657,22.831],[85.677,22.815],[85.693,22.799],[85.691,22.785],[85.696,22.766],[85.699,22.759],[85.713,22.753],[85.705,22.74],[85.687,22.713],[85.692,22.709],[85.698,22.693],[85.711,22.689],[85.721,22.682],[85.731,22.687],[85.738,22.69],[85.759,22.698],[85.772,22.706],[85.79,22.707],[85.787,22.71],[85.791,22.714],[85.812,22.713],[85.819,22.717],[85.839,22.706],[85.853,22.717],[85.86,22.708],[85.86,22.703],[85.855,22.695],[85.862,22.689],[85.862,22.677],[85.857,22.659],[85.862,22.651],[85.865,22.639],[85.867,22.628],[85.862,22.618],[85.878,22.616],[85.894,22.604],[85.904,22.6],[85.895,22.577],[85.885,22.574],[85.878,22.553],[85.898,22.545],[85.893,22.523],[85.906,22.509],[85.922,22.496],[85.967,22.486],[85.981,22.51],[85.993,22.509],[85.996,22.509],[86.009,22.519],[86.015,22.524],[86.028,22.534],[86.018,22.544],[86.047,22.558],[86.053,22.555],[86.062,22.549],[86.151,22.633],[86.154,22.745],[86.191,22.815],[86.192,22.966],[86.234,22.993]]]},"properties":{"code":"IN-JH-saraikela-kharsawan","name":"Saraikela Kharsawan","state":"Jharkhand"}},{"type":"Feature","geometry":{"type":"Polygon","coordinates":[[[84.972,22.783],[84.927,22.788],[84.877,22.739],[84.854,22.761],[84.788,22.752],[84.726,22.799],[84.69,22.74],[84.659,22.726],[84.553,22.727],[84.544,22.789],[84.498,22.819],[84.444,22.829],[84.412,22.763],[84.333,22.744],[84.288,22.771],[84.285,22.763],[84.26,22.765],[84.254,22.763],[84.252,22.758],[84.242,22.748],[84.229,22.705],[84.228,22.698],[84.221,22.669],[84.21,22.663],[84.202,22.665],[84.192,22.66],[84.157,22.641],[84.107,22.637],[84.098,22.633],[84.059,22.607],[84.048,22.594],[84.042,22.592],[84.021,22.587],[84.02,22.583],[84.011,22.575],[84.004,22.555],[84.005,22.53],[84.019,22.521],[84.033,22.512],[84.058,22.51],[84.067,22.502],[84.067,22.498],[84.079,22.489],[84.102,22.477],[84.126,22.474],[84.135,22.471],[84.138,22.457],[84.142,22.415],[84.175,22.389],[84.183,22.384],[84.247,22.374],[84.261,22.354],[84.289,22.337],[84.359,22.345],[84.367,22.35],[84.378,22.346],[84.394,22.344],[84.426,22.349],[84.431,22.36],[84.456,22.375],[84.478,22.384],[84.48,22.387],[84.476,22.394],[84.474,22.402],[84.502,22.415],[84.506,22.416],[84.527,22.42],[84.572,22.423],[84.614,22.428],[84.662,22.414],[84.682,22.415],[84.711,22.414],[84.744,22.415],[84.753,22.442],[84.801,22.444],[84.813,22.432],[84.828,22.429],[84.833,22.426],[84.836,22.428],[84.864,22.435],[84.875,22.441],[84.879,22.432],[84.88,22.418],[84.908,22.42],[84.92,22.426],[84.918,22.429],[84.931,22.44],[84.941,22.447],[84.953,22.446],[85.022,22.467],[85.032,22.47],[85.035,22.477],[85.042,22.477],[85.051,22.479],[85.071,22.498],[85.063,22.539],[85.07,22.564],[85.074,22.568],[85.066,22.582],[85.067,22.599],[85.063,22.602],[85.05,22.608],[85.05,22.648],[85.051,22.665],[85.037,22.678],[85.047,22.706],[85.052,22.725],[85.048,22.738],[85.042,22.75],[84.985,22.783],[84.972,22.783]]]},"properties":{"code":"IN-JH-simdega","name":"Simdega","state":"Jharkhand"}},{"type":"Feature","geometry":{"type":"Polygon","coordinates":[[[76.24,16.162],[76.141,16.177],[76.063,16.207],[76.066,16.256],[76.013,16.299],[75.959,16.295],[75.783,16.377],[75.725,16.388],[75.645,16.438],[75.611,16.444],[75.573,16.407],[75.554,16.454],[75.501,16.449],[75.495,16.417],[75.437,16.435],[75.488,16.507],[75.492,16.598],[75.463,16.619],[75.441,16.695],[75.486,16.691],[75.494,16.743],[75.43,16.765],[75.39,16.76],[75.366,16.712],[75.291,16.71],[75.266,16.676],[75.27,16.634],[75.173,16.599],[75.161,16.528],[75.111,16.507],[75.069,16.538],[75.012,16.536],[74.999,16.456],[75.076,16.401],[75.037,16.384],[75.037,16.335],[75.139,16.32],[75.13,16.286],[75.234,16.257],[75.241,16.204],[75.294,16.167],[75.278,16.116],[75.417,16.106],[75.418,16.049],[75.441,15.998],[75.427,15.918],[75.457,15.884],[75.502,15.867],[75.541,15.83],[75.664,15.834],[75.746,15.81],[75.779,15.847],[75.846,15.835],[75.825,15.898],[75.852,15.932],[75.903,15.92],[75.945,15.862],[75.977,15.864],[75.975,15.979],[75.994,16.001],[76.085,15.989],[76.059,15.901],[76.117,15.882],[76.227,15.936],[76.284,15.898],[76.327,15.927],[76.301,15.966],[76.311,15.994],[76.302,16.069],[76.245,16.108],[76.24,16.162]]]},"properties":{"code":"IN-KA-bagalkot","name":"Bagalkot","state":"Karnataka"}},{"type":"Feature","geometry":{"type":"Polygon","coordinates":[[[77.379,13.492],[77.343,13.445],[77.332,13.322],[77.301,13.303],[77.224,13.303],[77.216,13.261],[77.149,13.184],[77.066,13.117],[77.066,13.038],[77.13,12.988],[77.161,12.922],[77.136,12.908],[77.125,12.85],[77.149,12.817],[77.141,12.775],[77.092,12.767],[77.073,12.738],[77.069,12.671],[77.092,12.659],[77.107,12.545],[77.139,12.454],[77.205,12.478],[77.26,12.457],[77.278,12.384],[77.324,12.345],[77.313,12.299],[77.331,12.274],[77.426,12.273],[77.463,12.236],[77.518,12.27],[77.604,12.354],[77.625,12.477],[77.579,12.507],[77.57,12.558],[77.589,12.648],[77.609,12.697],[77.469,12.745],[77.471,12.797],[77.404,12.867],[77.37,12.845],[77.329,12.901],[77.337,12.962],[77.372,12.986],[77.397,13.105],[77.421,13.155],[77.453,13.152],[77.471,13.213],[77.539,13.223],[77.562,13.193],[77.612,13.196],[77.72,13.179],[77.732,13.113],[77.774,13.037],[77.758,12.929],[77.814,12.898],[77.826,12.859],[77.859,12.858],[77.845,12.883],[77.893,13.09],[77.948,13.115],[77.957,13.234],[77.863,13.223],[77.802,13.253],[77.819,13.317],[77.746,13.353],[77.691,13.327],[77.655,13.37],[77.584,13.413],[77.547,13.409],[77.498,13.449],[77.438,13.454],[77.379,13.492]]]},"properties":{"code":"IN-KA-bangalore-rural","name":"Bangalore Rural","state":"Karnataka"}},{"type":"Feature","geometry":{"type":"Polygon","coordinates":[[[77.826,12.859],[77.814,12.898],[77.758,12.929],[77.774,13.037],[77.732,13.113],[77.72,13.179],[77.612,13.196],[77.562,13.193],[77.539,13.223],[77.471,13.213],[77.453,13.152],[77.421,13.155],[77.397,13.105],[77.372,12.986],[77.337,12.962],[77.329,12.901],[77.37,12.845],[77.404,12.867],[77.471,12.797],[77.469,12.745],[77.609,12.697],[77.589,12.648],[77.654,12.674],[77.668,12.651],[77.75,12.687],[77.758,12.729],[77.826,12.859]]]},"properties":{"code":"IN-KA-bangalore-urban","name":"Bangalore Urban","state":"Karnataka"}},{"type":"Feature","geometry":{"type":"Polygon","coordinates":[[[75.345,16.953],[75.285,16.954],[75.283,16.874],[75.23,16.841],[75.172,16.865],[75.095,16.921],[75.004,16.946],[74.953,16.906],[74.912,16.856],[74.916,16.786],[74.85,16.76],[74.779,16.749],[74.737,16.716],[74.698,16.715],[74.696,16.675],[74.661,16.638],[74.694,16.615],[74.574,16.552],[74.55,16.592],[74.551,16.633],[74.496,16.628],[74.472,16.605],[74.403,16.579],[74.385,16.527],[74.332,16.554],[74.277,16.521],[74.295,16.474],[74.339,16.452],[74.343,16.4],[74.324,16.354],[74.349,16.291],[74.38,16.294],[74.423,16.257],[74.484,16.247],[74.508,16.223],[74.489,16.087],[74.435,16.111],[74.371,16.06],[74.39,16.035],[74.44,16.057],[74.468,16.047],[74.435,15.951],[74.37,15.876],[74.387,15.847],[74.351,15.763],[74.292,15.739],[74.244,15.744],[74.217,15.779],[74.135,15.722],[74.126,15.65],[74.255,15.654],[74.267,15.617],[74.254,15.566],[74.284,15.519],[74.346,15.516],[74.426,15.46],[74.429,15.414],[74.485,15.393],[74.54,15.417],[74.619,15.356],[74.704,15.407],[74.747,15.409],[74.749,15.459],[74.781,15.457],[74.817,15.501],[74.802,15.543],[74.844,15.572],[74.846,15.604],[74.894,15.627],[74.967,15.623],[74.971,15.649],[75.101,15.624],[75.11,15.669],[75.205,15.647],[75.205,15.679],[75.281,15.686],[75.316,15.729],[75.306,15.808],[75.367,15.802],[75.379,15.84],[75.429,15.84],[75.457,15.884],[75.427,15.918],[75.441,15.998],[75.418,16.049],[75.417,16.106],[75.278,16.116],[75.294,16.167],[75.241,16.204],[75.234,16.257],[75.13,16.286],[75.139,16.32],[75.037,16.335],[75.037,16.384],[75.076,16.401],[74.999,16.456],[75.012,16.536],[75.069,16.538],[75.111,16.507],[75.161,16.528],[75.173,16.599],[75.27,16.634],[75.266,16.676],[75.291,16.71],[75.366,16.712],[75.39,16.76],[75.38,16.807],[75.397,16.859],[75.337,16.866],[75.345,16.953]]]},"properties":{"code":"IN-KA-belgaum","name":"Belgaum","state":"Karnataka"}},{"type":"Feature","geometry":{"type":"Polygon","coordinates":[[[77.153,15.132],[77.164,15.168],[77.141,15.218],[77.148,15.286],[77.11,15.327],[77.069,15.319],[77.038,15.359],[77.027,15.435],[76.97,15.491],[77.027,15.5],[77.027,15.629],[77.081,15.653],[77.047,15.725],[77.064,15.823],[77.024,15.829],[76.924,15.73],[76.915,15.695],[76.831,15.611],[76.832,15.557],[76.811,15.542],[76.778,15.488],[76.7,15.481],[76.666,15.446],[76.609,15.437],[76.589,15.408],[76.488,15.338],[76.361,15.321],[76.332,15.259],[76.309,15.256],[76.247,15.187],[76.186,15.231],[76.109,15.188],[76.1,15.163],[76.027,15.139],[75.977,15.149],[75.95,15.133],[75.905,15.128],[75.885,15.093],[75.906,15.054],[75.84,15.037],[75.786,14.996],[75.743,14.94],[75.702,14.944],[75.697,14.888],[75.666,14.804],[75.757,14.734],[75.836,14.802],[75.803,14.87],[75.827,14.894],[75.886,14.865],[75.971,14.903],[76.051,14.914],[76.073,14.864],[76.126,14.865],[76.189,14.843],[76.143,14.805],[76.2,14.746],[76.185,14.696],[76.229,14.644],[76.247,14.689],[76.321,14.688],[76.374,14.659],[76.422,14.576],[76.508,14.556],[76.534,14.561],[76.597,14.617],[76.608,14.682],[76.649,14.721],[76.647,14.752],[76.699,14.811],[76.711,14.857],[76.675,14.887],[76.714,14.968],[76.67,15.014],[76.73,15.028],[76.757,14.983],[76.785,15.017],[76.773,15.065],[76.797,15.091],[76.861,15.057],[76.877,15.029],[76.967,15.013],[77.047,15.029],[77.079,15],[77.11,15.029],[77.128,15.094],[77.153,15.132]]]},"properties":{"code":"IN-KA-bellary","name":"Bellary","state":"Karnataka"}},{"type":"Feature","geometry":{"type":"Polygon","coordinates":[[[77.55,18.291],[77.465,18.26],[77.408,18.3],[77.393,18.341],[77.4,18.398],[77.364,18.43],[77.313,18.439],[77.265,18.418],[77.24,18.409],[77.206,18.278],[77.178,18.282],[77.139,18.207],[77.096,18.195],[77.109,18.153],[77.058,18.152],[76.954,18.185],[76.923,18.116],[76.953,18.11],[76.952,18.038],[76.918,18.033],[76.913,17.937],[76.881,17.893],[76.775,17.877],[76.741,17.898],[76.737,17.857],[76.788,17.826],[76.739,17.779],[76.692,17.705],[76.691,17.68],[76.769,17.645],[76.835,17.649],[76.927,17.633],[76.978,17.648],[76.993,17.693],[77.036,17.666],[77.086,17.658],[77.114,17.683],[77.152,17.626],[77.188,17.613],[77.274,17.624],[77.298,17.595],[77.375,17.581],[77.44,17.581],[77.458,17.699],[77.539,17.725],[77.554,17.761],[77.504,17.783],[77.526,17.827],[77.617,17.903],[77.62,17.944],[77.653,17.969],[77.607,18.018],[77.553,18.035],[77.597,18.084],[77.598,18.152],[77.57,18.189],[77.573,18.241],[77.599,18.273],[77.55,18.291]]]},"properties":{"code":"IN-KA-bidar","name":"Bidar","state":"Karnataka"}},{"type":"Feature","geometry":{"type":"Polygon","coordinates":[[[76.073,17.332],[76.063,17.352],[75.931,17.324],[75.894,17.354],[75.894,17.406],[75.822,17.42],[75.811,17.37],[75.737,17.422],[75.691,17.413],[75.681,17.454],[75.636,17.478],[75.606,17.303],[75.657,17.271],[75.664,17.214],[75.631,17.16],[75.674,17.114],[75.681,17.071],[75.669,16.983],[75.645,16.951],[75.57,17.006],[75.57,16.964],[75.493,16.945],[75.468,16.985],[75.431,16.963],[75.395,16.976],[75.345,16.953],[75.337,16.866],[75.397,16.859],[75.38,16.807],[75.39,16.76],[75.43,16.765],[75.494,16.743],[75.486,16.691],[75.441,16.695],[75.463,16.619],[75.492,16.598],[75.488,16.507],[75.437,16.435],[75.495,16.417],[75.501,16.449],[75.554,16.454],[75.573,16.407],[75.611,16.444],[75.645,16.438],[75.725,16.388],[75.783,16.377],[75.959,16.295],[76.013,16.299],[76.066,16.256],[76.063,16.207],[76.141,16.177],[76.24,16.162],[76.28,16.147],[76.328,16.188],[76.353,16.223],[76.347,16.271],[76.301,16.28],[76.333,16.387],[76.333,16.421],[76.436,16.432],[76.416,16.596],[76.404,16.645],[76.437,16.704],[76.434,16.76],[76.371,16.765],[76.354,16.816],[76.374,16.856],[76.437,16.865],[76.429,17.097],[76.397,17.069],[76.363,17.114],[76.365,17.174],[76.282,17.163],[76.244,17.147],[76.125,17.243],[76.067,17.308],[76.073,17.332]]]},"properties":{"code":"IN-KA-bijapur","name":"Bijapur","state":"Karnataka"}},{"type":"Feature","geometry":{"type":"Polygon","coordinates":[[[77.313,12.299],[77.157,12.301],[77.161,12.251],[77.104,12.234],[77.125,12.2],[77.037,12.161],[77.011,12.127],[76.978,12.133],[76.938,12.09],[76.866,12.108],[76.863,12.049],[76.931,12.019],[76.896,11.988],[76.815,12.003],[76.759,11.989],[76.645,11.998],[76.631,11.973],[76.576,11.975],[76.569,11.914],[76.526,11.864],[76.483,11.851],[76.484,11.814],[76.454,11.783],[76.416,11.798],[76.408,11.753],[76.402,11.683],[76.423,11.659],[76.451,11.655],[76.504,11.698],[76.54,11.671],[76.554,11.613],[76.608,11.6],[76.751,11.607],[76.817,11.597],[76.837,11.574],[76.851,11.602],[76.83,11.649],[76.881,11.725],[76.9,11.783],[76.944,11.781],[77.004,11.803],[77.041,11.778],[77.076,11.724],[77.114,11.762],[77.242,11.802],[77.285,11.798],[77.326,11.759],[77.355,11.778],[77.431,11.772],[77.49,11.93],[77.573,11.924],[77.665,11.94],[77.689,12.01],[77.746,12.069],[77.767,12.109],[77.726,12.167],[77.604,12.195],[77.511,12.184],[77.466,12.202],[77.463,12.236],[77.426,12.273],[77.331,12.274],[77.313,12.299]]]},"properties":{"code":"IN-KA-chamrajnagar","name":"Chamrajnagar","state":"Karnataka"}},{"type":"Feature","geometry":{"type":"Polygon","coordinates":[[[76.35,13.572],[76.276,13.6],[76.262,13.642],[76.217,13.706],[76.148,13.724],[76.096,13.858],[76.032,13.891],[76.028,13.864],[75.969,13.85],[75.942,13.808],[75.894,13.801],[75.823,13.813],[75.732,13.764],[75.669,13.759],[75.642,13.7],[75.605,13.756],[75.535,13.727],[75.488,13.756],[75.456,13.72],[75.394,13.696],[75.407,13.628],[75.342,13.583],[75.296,13.58],[75.244,13.601],[75.224,13.524],[75.171,13.502],[75.141,13.459],[75.151,13.417],[75.113,13.354],[75.081,13.34],[75.115,13.28],[75.139,13.286],[75.176,13.197],[75.2,13.174],[75.253,13.124],[75.31,13.128],[75.329,13.166],[75.376,13.177],[75.433,13.115],[75.486,13.088],[75.524,13.043],[75.514,12.976],[75.553,12.94],[75.555,12.91],[75.596,12.939],[75.644,13.027],[75.738,13.026],[75.727,13.086],[75.728,13.176],[75.752,13.208],[75.807,13.213],[75.833,13.245],[75.893,13.259],[75.933,13.25],[76.04,13.266],[76.03,13.341],[76.052,13.374],[76.137,13.402],[76.159,13.464],[76.227,13.462],[76.233,13.501],[76.287,13.498],[76.312,13.528],[76.36,13.54],[76.35,13.572]]]},"properties":{"code":"IN-KA-chikmagalur","name":"Chikmagalur","state":"Karnataka"}},{"type":"Feature","geometry":{"type":"Polygon","coordinates":[[[76.757,14.983],[76.73,15.028],[76.67,15.014],[76.714,14.968],[76.675,14.887],[76.711,14.857],[76.699,14.811],[76.647,14.752],[76.649,14.721],[76.608,14.682],[76.597,14.617],[76.534,14.561],[76.508,14.556],[76.53,14.53],[76.457,14.496],[76.457,14.446],[76.381,14.415],[76.276,14.401],[76.259,14.437],[76.202,14.452],[76.149,14.401],[76.154,14.315],[76.108,14.311],[76.129,14.25],[76.078,14.239],[76.06,14.215],[76.059,14.154],[76.023,14.103],[76.053,14.067],[76.044,13.935],[76.032,13.891],[76.096,13.858],[76.148,13.724],[76.217,13.706],[76.262,13.642],[76.276,13.6],[76.35,13.572],[76.406,13.573],[76.507,13.623],[76.569,13.707],[76.655,13.715],[76.72,13.79],[76.759,13.773],[76.762,13.829],[76.718,13.889],[76.777,13.917],[76.81,13.91],[76.844,13.956],[76.887,14.041],[76.946,14.085],[76.943,14.112],[76.884,14.131],[76.891,14.159],[76.958,14.176],[77.02,14.173],[77.004,14.232],[76.938,14.24],[76.943,14.305],[76.899,14.319],[76.883,14.39],[76.973,14.478],[76.864,14.475],[76.844,14.509],[76.8,14.528],[76.761,14.596],[76.771,14.674],[76.798,14.735],[76.78,14.779],[76.834,14.785],[76.86,14.891],[76.864,14.964],[76.764,14.97],[76.757,14.983]]]},"properties":{"code":"IN-KA-chitradurga","name":"Chitradurga","state":"Karnataka"}},{"type":"Feature","geometry":{"type":"Polygon","coordinates":[[[75.555,12.91],[75.553,12.94],[75.514,12.976],[75.524,13.043],[75.486,13.088],[75.433,13.115],[75.376,13.177],[75.329,13.166],[75.31,13.128],[75.253,13.124],[75.2,13.174],[75.162,13.129],[75.13,13.13],[75.077,13.041],[75.014,12.98],[74.887,13.04],[74.892,13.091],[74.864,13.122],[74.816,13.118],[74.809,13.11],[74.806,13.111],[74.797,13.112],[74.8,13.101],[74.796,13.094],[74.788,13.101],[74.781,13.099],[74.78,13.093],[74.782,13.088],[74.778,13.078],[74.782,13.064],[74.779,13.054],[74.821,12.853],[74.867,12.754],[75.005,12.785],[75.003,12.714],[75.05,12.715],[75.048,12.66],[75.113,12.676],[75.161,12.664],[75.155,12.62],[75.201,12.625],[75.214,12.573],[75.271,12.554],[75.281,12.518],[75.321,12.491],[75.336,12.485],[75.341,12.465],[75.341,12.456],[75.373,12.477],[75.377,12.486],[75.381,12.491],[75.387,12.492],[75.397,12.498],[75.404,12.49],[75.414,12.497],[75.555,12.496],[75.59,12.532],[75.615,12.505],[75.669,12.55],[75.646,12.661],[75.67,12.695],[75.657,12.745],[75.612,12.793],[75.621,12.852],[75.563,12.869],[75.555,12.91]]]},"properties":{"code":"IN-KA-dakshin-kannad","name":"Dakshin Kannad","state":"Karnataka"}},{"type":"Feature","geometry":{"type":"Polygon","coordinates":[[[76.508,14.556],[76.422,14.576],[76.374,14.659],[76.321,14.688],[76.247,14.689],[76.229,14.644],[76.185,14.696],[76.2,14.746],[76.143,14.805],[76.189,14.843],[76.126,14.865],[76.073,14.864],[76.051,14.914],[75.971,14.903],[75.886,14.865],[75.827,14.894],[75.803,14.87],[75.836,14.802],[75.757,14.734],[75.74,14.681],[75.793,14.678],[75.811,14.647],[75.804,14.595],[75.818,14.558],[75.795,14.504],[75.754,14.509],[75.721,14.472],[75.687,14.486],[75.641,14.426],[75.622,14.333],[75.579,14.272],[75.536,14.273],[75.528,14.206],[75.479,14.211],[75.461,14.169],[75.4,14.11],[75.452,14.091],[75.516,14.092],[75.586,14.053],[75.635,14.074],[75.67,14.061],[75.682,13.974],[75.712,13.911],[75.674,13.907],[75.65,13.863],[75.61,13.839],[75.605,13.756],[75.642,13.7],[75.669,13.759],[75.732,13.764],[75.823,13.813],[75.894,13.801],[75.942,13.808],[75.969,13.85],[76.028,13.864],[76.032,13.891],[76.044,13.935],[76.053,14.067],[76.023,14.103],[76.059,14.154],[76.06,14.215],[76.078,14.239],[76.129,14.25],[76.108,14.311],[76.154,14.315],[76.149,14.401],[76.202,14.452],[76.259,14.437],[76.276,14.401],[76.381,14.415],[76.457,14.446],[76.457,14.496],[76.53,14.53],[76.508,14.556]]]},"properties":{"code":"IN-KA-davanagere","name":"Davanagere","state":"Karnataka"}},{"type":"Feature","geometry":{"type":"Polygon","coordinates":[[[75.42,15.057],[75.436,15.103],[75.403,15.171],[75.436,15.195],[75.416,15.297],[75.452,15.299],[75.46,15.345],[75.494,15.369],[75.496,15.468],[75.487,15.528],[75.533,15.535],[75.557,15.644],[75.505,15.645],[75.491,15.699],[75.415,15.653],[75.281,15.686],[75.205,15.679],[75.205,15.647],[75.11,15.669],[75.101,15.624],[74.971,15.649],[74.967,15.623],[74.894,15.627],[74.846,15.604],[74.844,15.572],[74.802,15.543],[74.817,15.501],[74.781,15.457],[74.749,15.459],[74.747,15.409],[74.825,15.381],[74.83,15.341],[74.902,15.296],[74.912,15.248],[74.832,15.13],[74.886,15.097],[74.896,15.042],[74.944,15.063],[75.084,15.07],[75.083,15.107],[75.111,15.135],[75.145,15.097],[75.229,15.096],[75.34,15.156],[75.344,15.062],[75.37,15.044],[75.42,15.057]]]},"properties":{"code":"IN-KA-dharwad","name":"Dharwad","state":"Karnataka"}},{"type":"Feature","geometry":{"type":"Polygon","coordinates":[[[75.846,15.835],[75.779,15.847],[75.746,15.81],[75.664,15.834],[75.541,15.83],[75.502,15.867],[75.457,15.884],[75.429,15.84],[75.379,15.84],[75.367,15.802],[75.306,15.808],[75.316,15.729],[75.281,15.686],[75.415,15.653],[75.491,15.699],[75.505,15.645],[75.557,15.644],[75.533,15.535],[75.487,15.528],[75.496,15.468],[75.494,15.369],[75.46,15.345],[75.452,15.299],[75.416,15.297],[75.436,15.195],[75.403,15.171],[75.436,15.103],[75.42,15.057],[75.5,15.043],[75.539,15.023],[75.545,14.975],[75.601,14.951],[75.634,14.982],[75.671,14.983],[75.702,14.944],[75.743,14.94],[75.786,14.996],[75.84,15.037],[75.906,15.054],[75.885,15.093],[75.905,15.128],[75.95,15.133],[75.925,15.177],[75.889,15.284],[75.903,15.399],[75.865,15.404],[75.825,15.447],[75.818,15.505],[75.86,15.51],[75.868,15.592],[75.899,15.604],[75.872,15.67],[75.871,15.712],[75.92,15.725],[75.968,15.662],[76.007,15.713],[76.045,15.722],[76.039,15.765],[75.989,15.799],[75.927,15.79],[75.846,15.835]]]},"properties":{"code":"IN-KA-gadag","name":"Gadag","state":"Karnataka"}},{"type":"Feature","geometry":{"type":"Polygon","coordinates":[[[76.691,17.68],[76.604,17.756],[76.524,17.759],[76.524,17.715],[76.486,17.714],[76.485,17.67],[76.429,17.644],[76.416,17.604],[76.332,17.595],[76.35,17.472],[76.373,17.434],[76.362,17.375],[76.408,17.369],[76.382,17.312],[76.276,17.331],[76.229,17.363],[76.163,17.341],[76.121,17.366],[76.073,17.332],[76.067,17.308],[76.125,17.243],[76.244,17.147],[76.282,17.163],[76.365,17.174],[76.363,17.114],[76.397,17.069],[76.429,17.097],[76.437,16.865],[76.374,16.856],[76.354,16.816],[76.371,16.765],[76.434,16.76],[76.437,16.704],[76.404,16.645],[76.416,16.596],[76.436,16.432],[76.333,16.421],[76.333,16.387],[76.301,16.28],[76.347,16.271],[76.353,16.223],[76.328,16.188],[76.405,16.232],[76.477,16.287],[76.578,16.337],[76.603,16.336],[76.745,16.409],[76.845,16.43],[76.88,16.49],[76.967,16.502],[76.969,16.55],[77.008,16.542],[77.142,16.475],[77.168,16.431],[77.285,16.403],[77.252,16.468],[77.366,16.484],[77.415,16.518],[77.421,16.565],[77.454,16.607],[77.417,16.663],[77.437,16.763],[77.472,16.796],[77.453,16.909],[77.478,16.99],[77.499,17.007],[77.463,17.104],[77.376,17.138],[77.36,17.162],[77.38,17.22],[77.455,17.276],[77.434,17.288],[77.456,17.345],[77.521,17.362],[77.51,17.427],[77.573,17.43],[77.611,17.47],[77.686,17.506],[77.657,17.521],[77.44,17.581],[77.375,17.581],[77.298,17.595],[77.274,17.624],[77.188,17.613],[77.152,17.626],[77.114,17.683],[77.086,17.658],[77.036,17.666],[76.993,17.693],[76.978,17.648],[76.927,17.633],[76.835,17.649],[76.769,17.645],[76.691,17.68]]]},"properties":{"code":"IN-KA-gulbarga","name":"Gulbarga","state":"Karnataka"}},{"type":"Feature","geometry":{"type":"Polygon","coordinates":[[[76.626,12.999],[76.611,13.057],[76.463,13.089],[76.471,13.135],[76.422,13.178],[76.367,13.192],[76.352,13.244],[76.342,13.354],[76.377,13.358],[76.414,13.441],[76.397,13.518],[76.36,13.54],[76.312,13.528],[76.287,13.498],[76.233,13.501],[76.227,13.462],[76.159,13.464],[76.137,13.402],[76.052,13.374],[76.03,13.341],[76.04,13.266],[75.933,13.25],[75.893,13.259],[75.833,13.245],[75.807,13.213],[75.752,13.208],[75.728,13.176],[75.727,13.086],[75.738,13.026],[75.644,13.027],[75.596,12.939],[75.555,12.91],[75.563,12.869],[75.621,12.852],[75.612,12.793],[75.657,12.745],[75.67,12.695],[75.704,12.703],[75.759,12.67],[75.808,12.694],[75.836,12.663],[75.884,12.671],[75.853,12.717],[75.87,12.774],[75.862,12.815],[75.925,12.813],[75.967,12.79],[75.935,12.755],[75.963,12.694],[75.935,12.639],[75.962,12.553],[76.016,12.561],[76.044,12.567],[76.096,12.523],[76.127,12.52],[76.163,12.573],[76.188,12.568],[76.223,12.637],[76.264,12.613],[76.306,12.615],[76.339,12.65],[76.359,12.704],[76.327,12.791],[76.406,12.839],[76.464,12.788],[76.517,12.835],[76.571,12.841],[76.626,12.999]]]},"properties":{"code":"IN-KA-hassan","name":"Hassan","state":"Karnataka"}},{"type":"Feature","geometry":{"type":"Polygon","coordinates":[[[75.42,15.057],[75.37,15.044],[75.344,15.062],[75.34,15.156],[75.229,15.096],[75.145,15.097],[75.111,15.135],[75.083,15.107],[75.084,15.07],[75.072,15.013],[75.106,14.923],[75.073,14.915],[75.074,14.777],[75.035,14.703],[75.053,14.645],[75.103,14.645],[75.146,14.616],[75.209,14.611],[75.211,14.57],[75.267,14.576],[75.348,14.479],[75.345,14.431],[75.379,14.406],[75.371,14.366],[75.429,14.345],[75.536,14.273],[75.579,14.272],[75.622,14.333],[75.641,14.426],[75.687,14.486],[75.721,14.472],[75.754,14.509],[75.795,14.504],[75.818,14.558],[75.804,14.595],[75.811,14.647],[75.793,14.678],[75.74,14.681],[75.757,14.734],[75.666,14.804],[75.697,14.888],[75.702,14.944],[75.671,14.983],[75.634,14.982],[75.601,14.951],[75.545,14.975],[75.539,15.023],[75.5,15.043],[75.42,15.057]]]},"properties":{"code":"IN-KA-haveri","name":"Haveri","state":"Karnataka"}},{"type":"Feature","geometry":{"type":"Polygon","coordinates":[[[76.016,12.561],[75.962,12.553],[75.935,12.639],[75.963,12.694],[75.935,12.755],[75.967,12.79],[75.925,12.813],[75.862,12.815],[75.87,12.774],[75.853,12.717],[75.884,12.671],[75.836,12.663],[75.808,12.694],[75.759,12.67],[75.704,12.703],[75.67,12.695],[75.646,12.661],[75.669,12.55],[75.615,12.505],[75.59,12.532],[75.555,12.496],[75.414,12.497],[75.424,12.466],[75.415,12.454],[75.403,12.448],[75.392,12.445],[75.367,12.452],[75.369,12.446],[75.366,12.407],[75.394,12.38],[75.401,12.376],[75.403,12.373],[75.419,12.37],[75.421,12.362],[75.414,12.344],[75.411,12.338],[75.423,12.308],[75.43,12.3],[75.419,12.286],[75.431,12.292],[75.441,12.29],[75.467,12.295],[75.493,12.267],[75.494,12.265],[75.504,12.263],[75.511,12.253],[75.513,12.249],[75.519,12.236],[75.52,12.233],[75.523,12.229],[75.525,12.22],[75.538,12.207],[75.533,12.199],[75.54,12.192],[75.544,12.192],[75.551,12.184],[75.564,12.167],[75.583,12.15],[75.591,12.143],[75.595,12.145],[75.608,12.149],[75.627,12.145],[75.629,12.142],[75.637,12.14],[75.643,12.131],[75.662,12.091],[75.673,12.091],[75.692,12.103],[75.7,12.088],[75.707,12.083],[75.714,12.069],[75.717,12.062],[75.795,12.074],[75.824,11.984],[75.877,11.941],[75.925,11.933],[76.03,11.933],[76.108,11.971],[76.183,12.046],[76.165,12.112],[76.128,12.186],[76.096,12.192],[76.057,12.244],[76.018,12.246],[75.995,12.319],[75.957,12.339],[75.907,12.396],[75.926,12.431],[75.969,12.446],[75.959,12.497],[76.016,12.561]]]},"properties":{"code":"IN-KA-kodagu","name":"Kodagu","state":"Karnataka"}},{"type":"Feature","geometry":{"type":"Polygon","coordinates":[[[78.118,13.777],[78.106,13.854],[78.041,13.887],[77.978,13.893],[77.951,13.928],[77.912,13.897],[77.862,13.927],[77.806,13.918],[77.828,13.861],[77.728,13.802],[77.696,13.761],[77.67,13.777],[77.614,13.76],[77.528,13.707],[77.48,13.703],[77.45,13.676],[77.376,13.653],[77.355,13.605],[77.386,13.525],[77.379,13.492],[77.438,13.454],[77.498,13.449],[77.547,13.409],[77.584,13.413],[77.655,13.37],[77.691,13.327],[77.746,13.353],[77.819,13.317],[77.802,13.253],[77.863,13.223],[77.957,13.234],[77.948,13.115],[77.893,13.09],[77.845,12.883],[77.859,12.858],[77.914,12.874],[77.981,12.81],[78.022,12.841],[78.065,12.83],[78.121,12.77],[78.221,12.753],[78.241,12.847],[78.303,12.847],[78.345,12.928],[78.378,12.895],[78.417,12.889],[78.423,12.969],[78.458,12.963],[78.452,13.032],[78.505,13.053],[78.509,13.12],[78.553,13.189],[78.567,13.272],[78.501,13.277],[78.355,13.355],[78.371,13.391],[78.367,13.495],[78.398,13.566],[78.38,13.581],[78.25,13.574],[78.194,13.595],[78.146,13.65],[78.08,13.65],[78.109,13.71],[78.085,13.733],[78.118,13.777]]]},"properties":{"code":"IN-KA-kolar","name":"Kolar","state":"Karnataka"}},{"type":"Feature","geometry":{"type":"Polygon","coordinates":[[[76.284,15.898],[76.227,15.936],[76.117,15.882],[76.059,15.901],[76.085,15.989],[75.994,16.001],[75.975,15.979],[75.977,15.864],[75.945,15.862],[75.903,15.92],[75.852,15.932],[75.825,15.898],[75.846,15.835],[75.927,15.79],[75.989,15.799],[76.039,15.765],[76.045,15.722],[76.007,15.713],[75.968,15.662],[75.92,15.725],[75.871,15.712],[75.872,15.67],[75.899,15.604],[75.868,15.592],[75.86,15.51],[75.818,15.505],[75.825,15.447],[75.865,15.404],[75.903,15.399],[75.889,15.284],[75.925,15.177],[75.95,15.133],[75.977,15.149],[76.027,15.139],[76.1,15.163],[76.109,15.188],[76.186,15.231],[76.247,15.187],[76.309,15.256],[76.332,15.259],[76.361,15.321],[76.488,15.338],[76.589,15.408],[76.609,15.437],[76.666,15.446],[76.7,15.481],[76.778,15.488],[76.811,15.542],[76.745,15.586],[76.687,15.59],[76.69,15.641],[76.597,15.669],[76.585,15.693],[76.53,15.695],[76.442,15.732],[76.449,15.847],[76.426,15.884],[76.356,15.902],[76.284,15.898]]]},"properties":{"code":"IN-KA-koppal","name":"Koppal","state":"Karnataka"}},{"type":"Feature","geometry":{"type":"Polygon","coordinates":[[[77.073,12.738],[77.003,12.756],[76.964,12.795],[76.918,12.797],[76.884,12.846],[76.885,12.882],[76.834,12.942],[76.845,12.97],[76.756,13.028],[76.668,13.047],[76.626,12.999],[76.571,12.841],[76.517,12.835],[76.464,12.788],[76.406,12.839],[76.327,12.791],[76.359,12.704],[76.339,12.65],[76.375,12.568],[76.407,12.549],[76.446,12.477],[76.561,12.418],[76.55,12.384],[76.574,12.342],[76.644,12.388],[76.712,12.348],[76.725,12.312],[76.804,12.352],[76.828,12.395],[76.929,12.394],[76.931,12.346],[76.969,12.345],[76.991,12.236],[77.026,12.225],[77.104,12.234],[77.161,12.251],[77.157,12.301],[77.313,12.299],[77.324,12.345],[77.278,12.384],[77.26,12.457],[77.205,12.478],[77.139,12.454],[77.107,12.545],[77.092,12.659],[77.069,12.671],[77.073,12.738]]]},"properties":{"code":"IN-KA-mandya","name":"Mandya","state":"Karnataka"}},{"type":"Feature","geometry":{"type":"Polygon","coordinates":[[[77.104,12.234],[77.026,12.225],[76.991,12.236],[76.969,12.345],[76.931,12.346],[76.929,12.394],[76.828,12.395],[76.804,12.352],[76.725,12.312],[76.712,12.348],[76.644,12.388],[76.574,12.342],[76.55,12.384],[76.561,12.418],[76.446,12.477],[76.407,12.549],[76.375,12.568],[76.339,12.65],[76.306,12.615],[76.264,12.613],[76.223,12.637],[76.188,12.568],[76.163,12.573],[76.127,12.52],[76.096,12.523],[76.044,12.567],[76.016,12.561],[75.959,12.497],[75.969,12.446],[75.926,12.431],[75.907,12.396],[75.957,12.339],[75.995,12.319],[76.018,12.246],[76.057,12.244],[76.096,12.192],[76.128,12.186],[76.165,12.112],[76.183,12.046],[76.108,11.971],[76.108,11.851],[76.184,11.864],[76.219,11.8],[76.275,11.801],[76.335,11.731],[76.408,11.753],[76.416,11.798],[76.454,11.783],[76.484,11.814],[76.483,11.851],[76.526,11.864],[76.569,11.914],[76.576,11.975],[76.631,11.973],[76.645,11.998],[76.759,11.989],[76.815,12.003],[76.896,11.988],[76.931,12.019],[76.863,12.049],[76.866,12.108],[76.938,12.09],[76.978,12.133],[77.011,12.127],[77.037,12.161],[77.125,12.2],[77.104,12.234]]]},"properties":{"code":"IN-KA-mysore","name":"Mysore","state":"Karnataka"}},{"type":"Feature","geometry":{"type":"Polygon","coordinates":[[[77.285,16.403],[77.168,16.431],[77.142,16.475],[77.008,16.542],[76.969,16.55],[76.967,16.502],[76.88,16.49],[76.845,16.43],[76.745,16.409],[76.603,16.336],[76.578,16.337],[76.477,16.287],[76.405,16.232],[76.328,16.188],[76.28,16.147],[76.24,16.162],[76.245,16.108],[76.302,16.069],[76.311,15.994],[76.301,15.966],[76.327,15.927],[76.284,15.898],[76.356,15.902],[76.426,15.884],[76.449,15.847],[76.442,15.732],[76.53,15.695],[76.585,15.693],[76.597,15.669],[76.69,15.641],[76.687,15.59],[76.745,15.586],[76.811,15.542],[76.832,15.557],[76.831,15.611],[76.915,15.695],[76.924,15.73],[77.024,15.829],[77.077,15.91],[77.143,15.941],[77.249,15.958],[77.426,15.942],[77.509,15.921],[77.51,16.002],[77.491,16.031],[77.503,16.073],[77.487,16.116],[77.495,16.187],[77.488,16.25],[77.591,16.312],[77.519,16.37],[77.481,16.378],[77.412,16.363],[77.285,16.403]]]},"properties":{"code":"IN-KA-raichur","name":"Raichur","state":"Karnataka"}},{"type":"Feature","geometry":{"type":"Polygon","coordinates":[[[75.536,14.273],[75.429,14.345],[75.371,14.366],[75.379,14.406],[75.345,14.431],[75.348,14.479],[75.267,14.576],[75.211,14.57],[75.209,14.611],[75.146,14.616],[75.103,14.645],[75.053,14.645],[75.029,14.605],[75.045,14.497],[74.996,14.501],[74.981,14.549],[74.909,14.526],[74.889,14.428],[74.924,14.429],[74.978,14.332],[74.929,14.318],[74.913,14.286],[74.943,14.258],[74.921,14.228],[74.86,14.21],[74.77,14.235],[74.744,14.26],[74.726,14.242],[74.732,14.175],[74.752,14.148],[74.746,14.149],[74.715,14.165],[74.701,14.173],[74.67,14.184],[74.633,14.143],[74.664,14.058],[74.659,14.041],[74.681,14.035],[74.67,13.993],[74.671,13.981],[74.72,13.903],[74.795,13.911],[74.849,13.891],[74.865,13.861],[74.917,13.854],[74.935,13.773],[75,13.735],[75.019,13.633],[75.061,13.589],[75.05,13.537],[75.113,13.458],[75.141,13.459],[75.171,13.502],[75.224,13.524],[75.244,13.601],[75.296,13.58],[75.342,13.583],[75.407,13.628],[75.394,13.696],[75.456,13.72],[75.488,13.756],[75.535,13.727],[75.605,13.756],[75.61,13.839],[75.65,13.863],[75.674,13.907],[75.712,13.911],[75.682,13.974],[75.67,14.061],[75.635,14.074],[75.586,14.053],[75.516,14.092],[75.452,14.091],[75.4,14.11],[75.461,14.169],[75.479,14.211],[75.528,14.206],[75.536,14.273]]]},"properties":{"code":"IN-KA-shimoga","name":"Shimoga","state":"Karnataka"}},{"type":"Feature","geometry":{"type":"MultiPolygon","coordinates":[[[[77.45,13.676],[77.463,13.744],[77.425,13.827],[77.307,13.857],[77.25,13.839],[77.24,13.894],[77.162,13.815],[77.167,13.755],[77.095,13.761],[77.06,13.739],[77.035,13.769],[76.993,13.743],[76.969,13.81],[77.006,13.85],[77.036,13.926],[76.989,13.957],[76.994,13.981],[76.931,14.023],[76.946,14.085],[76.887,14.041],[76.844,13.956],[76.81,13.91],[76.777,13.917],[76.718,13.889],[76.762,13.829],[76.759,13.773],[76.72,13.79],[76.655,13.715],[76.569,13.707],[76.507,13.623],[76.406,13.573],[76.35,13.572],[76.36,13.54],[76.397,13.518],[76.414,13.441],[76.377,13.358],[76.342,13.354],[76.352,13.244],[76.367,13.192],[76.422,13.178],[76.471,13.135],[76.463,13.089],[76.611,13.057],[76.626,12.999],[76.668,13.047],[76.756,13.028],[76.845,12.97],[76.834,12.942],[76.885,12.882],[76.884,12.846],[76.918,12.797],[76.964,12.795],[77.003,12.756],[77.073,12.738],[77.092,12.767],[77.141,12.775],[77.149,12.817],[77.125,12.85],[77.136,12.908],[77.161,12.922],[77.13,12.988],[77.066,13.038],[77.066,13.117],[77.149,13.184],[77.216,13.261],[77.224,13.303],[77.301,13.303],[77.332,13.322],[77.343,13.445],[77.379,13.492],[77.386,13.525],[77.355,13.605],[77.376,13.653],[77.45,13.676]]],[[[77.02,14.173],[77.01,14.092],[77.024,14.053],[77.121,14.042],[77.134,13.998],[77.279,14.007],[77.313,14.025],[77.344,13.951],[77.348,13.897],[77.419,13.895],[77.383,14.007],[77.326,14.023],[77.338,14.054],[77.395,14.103],[77.39,14.165],[77.51,14.172],[77.49,14.228],[77.499,14.261],[77.442,14.31],[77.395,14.329],[77.375,14.295],[77.401,14.26],[77.415,14.203],[77.384,14.192],[77.355,14.23],[77.359,14.269],[77.28,14.276],[77.281,14.331],[77.196,14.314],[77.152,14.338],[77.112,14.288],[77.11,14.221],[77.075,14.209],[77.05,14.24],[77.004,14.232],[77.02,14.173]]]]},"properties":{"code":"IN-KA-tumkur","name":"Tumkur","state":"Karnataka"}},{"type":"Feature","geometry":{"type":"Polygon","coordinates":[[[75.141,13.459],[75.113,13.458],[75.05,13.537],[75.061,13.589],[75.019,13.633],[75,13.735],[74.935,13.773],[74.917,13.854],[74.865,13.861],[74.849,13.891],[74.795,13.911],[74.72,13.903],[74.671,13.981],[74.661,13.973],[74.65,13.956],[74.655,13.947],[74.611,13.938],[74.604,13.94],[74.602,13.941],[74.593,13.927],[74.584,13.923],[74.609,13.862],[74.651,13.668],[74.662,13.655],[74.694,13.454],[74.698,13.353],[74.714,13.335],[74.77,13.095],[74.773,13.083],[74.78,13.09],[74.778,13.098],[74.781,13.1],[74.788,13.101],[74.796,13.094],[74.8,13.101],[74.797,13.112],[74.806,13.111],[74.809,13.11],[74.816,13.118],[74.864,13.122],[74.892,13.091],[74.887,13.04],[75.014,12.98],[75.077,13.041],[75.13,13.13],[75.162,13.129],[75.2,13.174],[75.176,13.197],[75.139,13.286],[75.115,13.28],[75.081,13.34],[75.113,13.354],[75.151,13.417],[75.141,13.459]]]},"properties":{"code":"IN-KA-udupi","name":"Udupi","state":"Karnataka"}},{"type":"Feature","geometry":{"type":"Polygon","coordinates":[[[74.747,15.409],[74.704,15.407],[74.619,15.356],[74.54,15.417],[74.485,15.393],[74.429,15.414],[74.426,15.46],[74.346,15.516],[74.284,15.519],[74.256,15.49],[74.283,15.443],[74.29,15.381],[74.328,15.367],[74.342,15.293],[74.277,15.274],[74.322,15.184],[74.29,15.143],[74.289,15.03],[74.29,15.022],[74.282,15.016],[74.271,14.999],[74.272,14.998],[74.274,14.975],[74.267,14.967],[74.262,14.958],[74.251,14.961],[74.244,14.957],[74.219,14.931],[74.203,14.927],[74.204,14.938],[74.197,14.943],[74.17,14.947],[74.17,14.942],[74.166,14.937],[74.175,14.916],[74.175,14.909],[74.146,14.917],[74.133,14.916],[74.104,14.904],[74.125,14.837],[74.11,14.785],[74.143,14.778],[74.193,14.735],[74.25,14.74],[74.282,14.678],[74.273,14.627],[74.311,14.552],[74.354,14.521],[74.393,14.419],[74.413,14.317],[74.453,14.202],[74.474,14.169],[74.515,13.986],[74.584,13.923],[74.593,13.927],[74.602,13.941],[74.604,13.94],[74.611,13.938],[74.655,13.947],[74.65,13.956],[74.661,13.973],[74.67,13.993],[74.681,14.035],[74.659,14.041],[74.664,14.058],[74.633,14.143],[74.67,14.184],[74.701,14.173],[74.715,14.165],[74.746,14.149],[74.752,14.148],[74.732,14.175],[74.726,14.242],[74.744,14.26],[74.77,14.235],[74.86,14.21],[74.921,14.228],[74.943,14.258],[74.913,14.286],[74.929,14.318],[74.978,14.332],[74.924,14.429],[74.889,14.428],[74.909,14.526],[74.981,14.549],[74.996,14.501],[75.045,14.497],[75.029,14.605],[75.053,14.645],[75.035,14.703],[75.074,14.777],[75.073,14.915],[75.106,14.923],[75.072,15.013],[75.084,15.07],[74.944,15.063],[74.896,15.042],[74.886,15.097],[74.832,15.13],[74.912,15.248],[74.902,15.296],[74.83,15.341],[74.825,15.381],[74.747,15.409]]]},"properties":{"code":"IN-KA-uttar-kannand","name":"Uttar Kannand","state":"Karnataka"}},{"type":"Feature","geometry":{"type":"Polygon","coordinates":[[[76.464,9.528],[76.357,9.525],[76.367,9.611],[76.391,9.658],[76.365,9.696],[76.372,9.742],[76.33,9.873],[76.285,9.845],[76.275,9.842],[76.271,9.823],[76.3,9.586],[76.329,9.448],[76.352,9.378],[76.472,9.115],[76.528,9.129],[76.57,9.107],[76.641,9.142],[76.653,9.191],[76.63,9.204],[76.65,9.26],[76.61,9.333],[76.55,9.342],[76.541,9.316],[76.487,9.314],[76.498,9.364],[76.498,9.369],[76.5,9.39],[76.496,9.395],[76.495,9.408],[76.495,9.414],[76.495,9.417],[76.492,9.429],[76.488,9.454],[76.492,9.461],[76.494,9.471],[76.495,9.488],[76.485,9.495],[76.464,9.528]]]},"properties":{"code":"IN-KE-alappuzha","name":"Alappuzha","state":"Kerala"}},{"type":"Feature","geometry":{"type":"MultiPolygon","coordinates":[[[[76.285,9.845],[76.286,9.902],[76.26,9.962],[76.237,9.965],[76.271,9.823],[76.275,9.842],[76.285,9.845]]],[[[76.677,10.259],[76.614,10.266],[76.568,10.294],[76.53,10.281],[76.407,10.289],[76.362,10.233],[76.333,10.226],[76.304,10.174],[76.292,10.177],[76.254,10.189],[76.251,10.193],[76.226,10.196],[76.194,10.189],[76.182,10.185],[76.177,10.184],[76.182,10.131],[76.224,9.977],[76.239,10.03],[76.203,10.133],[76.259,10.087],[76.251,10.054],[76.27,9.99],[76.319,9.889],[76.364,9.893],[76.393,9.821],[76.45,9.841],[76.47,9.841],[76.476,9.84],[76.498,9.844],[76.53,9.806],[76.532,9.799],[76.62,9.848],[76.626,9.91],[76.678,9.914],[76.714,9.974],[76.782,10.034],[76.631,10.154],[76.677,10.259]]]]},"properties":{"code":"IN-KE-ernakulam","name":"Ernakulam","state":"Kerala"}},{"type":"Feature","geometry":{"type":"Polygon","coordinates":[[[77.275,10.221],[77.214,10.306],[77.222,10.34],[77.163,10.346],[77.046,10.274],[77.039,10.248],[76.981,10.22],[76.892,10.243],[76.827,10.276],[76.677,10.259],[76.631,10.154],[76.782,10.034],[76.714,9.974],[76.678,9.914],[76.626,9.91],[76.62,9.848],[76.733,9.796],[76.8,9.775],[76.841,9.726],[76.874,9.709],[76.915,9.643],[76.875,9.609],[76.875,9.529],[76.941,9.482],[76.925,9.422],[77.052,9.408],[77.033,9.443],[77.126,9.481],[77.189,9.442],[77.232,9.376],[77.211,9.287],[77.268,9.262],[77.267,9.291],[77.321,9.351],[77.324,9.408],[77.372,9.445],[77.387,9.517],[77.371,9.509],[77.304,9.593],[77.261,9.567],[77.223,9.573],[77.166,9.648],[77.208,9.722],[77.224,9.843],[77.199,9.866],[77.222,9.923],[77.261,9.964],[77.249,10.016],[77.188,10.096],[77.253,10.111],[77.275,10.221]]]},"properties":{"code":"IN-KE-idukki","name":"Idukki","state":"Kerala"}},{"type":"Feature","geometry":{"type":"Polygon","coordinates":[[[75.467,12.295],[75.441,12.29],[75.431,12.292],[75.419,12.286],[75.346,12.263],[75.306,12.266],[75.291,12.232],[75.232,12.216],[75.185,12.168],[75.188,12.131],[75.175,12.084],[75.224,12.054],[75.224,12.074],[75.222,12.078],[75.222,12.086],[75.221,12.101],[75.256,12.109],[75.266,12.104],[75.278,12.102],[75.284,12.115],[75.325,12.145],[75.346,12.139],[75.378,12.146],[75.4,12.141],[75.402,12.134],[75.382,12.129],[75.379,12.122],[75.369,12.121],[75.355,12.109],[75.309,12.078],[75.291,11.986],[75.301,11.94],[75.368,11.852],[75.442,11.797],[75.53,11.703],[75.573,11.671],[75.606,11.712],[75.681,11.771],[75.772,11.792],[75.803,11.849],[75.923,11.837],[75.925,11.933],[75.877,11.941],[75.824,11.984],[75.795,12.074],[75.717,12.062],[75.714,12.069],[75.707,12.083],[75.7,12.088],[75.692,12.103],[75.673,12.091],[75.662,12.091],[75.643,12.131],[75.637,12.14],[75.629,12.142],[75.627,12.145],[75.608,12.149],[75.595,12.145],[75.591,12.143],[75.583,12.15],[75.564,12.167],[75.551,12.184],[75.544,12.192],[75.54,12.192],[75.533,12.199],[75.538,12.207],[75.525,12.22],[75.523,12.229],[75.52,12.233],[75.519,12.236],[75.513,12.249],[75.511,12.253],[75.504,12.263],[75.494,12.265],[75.493,12.267],[75.467,12.295]]]},"properties":{"code":"IN-KE-kannur","name":"Kannur","state":"Kerala"}},{"type":"Feature","geometry":{"type":"Polygon","coordinates":[[[75.321,12.491],[75.281,12.518],[75.271,12.554],[75.214,12.573],[75.201,12.625],[75.155,12.62],[75.161,12.664],[75.113,12.676],[75.048,12.66],[75.05,12.715],[75.003,12.714],[75.005,12.785],[74.867,12.754],[74.973,12.499],[75.015,12.417],[75.045,12.379],[75.118,12.206],[75.171,12.115],[75.188,12.131],[75.185,12.168],[75.232,12.216],[75.291,12.232],[75.306,12.266],[75.346,12.263],[75.419,12.286],[75.43,12.3],[75.423,12.308],[75.411,12.338],[75.414,12.344],[75.421,12.362],[75.419,12.37],[75.403,12.373],[75.401,12.376],[75.394,12.38],[75.366,12.407],[75.369,12.446],[75.367,12.452],[75.392,12.445],[75.403,12.448],[75.415,12.454],[75.424,12.466],[75.414,12.497],[75.404,12.49],[75.397,12.498],[75.387,12.492],[75.381,12.491],[75.377,12.486],[75.373,12.477],[75.341,12.456],[75.341,12.465],[75.336,12.485],[75.321,12.491]]]},"properties":{"code":"IN-KE-kasaragod","name":"Kasaragod","state":"Kerala"}},{"type":"Feature","geometry":{"type":"Polygon","coordinates":[[[77.191,9.062],[77.15,9.067],[77.04,9.114],[76.984,9.124],[76.915,9.164],[76.913,9.131],[76.86,9.122],[76.813,9.086],[76.769,9.106],[76.744,9.066],[76.645,9.086],[76.641,9.142],[76.57,9.107],[76.528,9.129],[76.472,9.115],[76.518,9.018],[76.541,8.915],[76.568,8.879],[76.619,8.85],[76.677,8.776],[76.744,8.787],[76.778,8.819],[76.831,8.827],[76.885,8.803],[76.918,8.753],[76.979,8.774],[77.017,8.833],[77.065,8.829],[77.183,8.761],[77.215,8.776],[77.247,8.832],[77.24,8.868],[77.206,8.893],[77.132,9.012],[77.191,9.062]]]},"properties":{"code":"IN-KE-kollam","name":"Kollam","state":"Kerala"}},{"type":"Feature","geometry":{"type":"Polygon","coordinates":[[[76.925,9.422],[76.941,9.482],[76.875,9.529],[76.875,9.609],[76.915,9.643],[76.874,9.709],[76.841,9.726],[76.8,9.775],[76.733,9.796],[76.62,9.848],[76.532,9.799],[76.53,9.806],[76.498,9.844],[76.476,9.84],[76.47,9.841],[76.45,9.841],[76.393,9.821],[76.392,9.821],[76.382,9.824],[76.369,9.794],[76.414,9.697],[76.403,9.647],[76.43,9.612],[76.418,9.56],[76.501,9.529],[76.464,9.528],[76.485,9.495],[76.495,9.488],[76.494,9.471],[76.492,9.461],[76.488,9.454],[76.492,9.429],[76.495,9.417],[76.495,9.414],[76.495,9.408],[76.496,9.395],[76.502,9.393],[76.577,9.41],[76.589,9.449],[76.64,9.473],[76.733,9.466],[76.75,9.431],[76.788,9.446],[76.925,9.422]]]},"properties":{"code":"IN-KE-kottayam","name":"Kottayam","state":"Kerala"}},{"type":"Feature","geometry":{"type":"Polygon","coordinates":[[[75.984,11.527],[75.951,11.573],[75.902,11.597],[75.891,11.693],[75.845,11.694],[75.78,11.753],[75.772,11.792],[75.681,11.771],[75.606,11.712],[75.573,11.671],[75.53,11.703],[75.555,11.654],[75.618,11.489],[75.681,11.45],[75.737,11.348],[75.802,11.163],[75.825,11.125],[75.858,11.158],[75.883,11.174],[75.883,11.18],[75.871,11.178],[75.854,11.188],[75.865,11.202],[75.892,11.226],[75.896,11.237],[75.912,11.231],[75.93,11.242],[75.952,11.245],[75.961,11.256],[75.978,11.253],[76.001,11.253],[76.014,11.261],[76.03,11.261],[76.044,11.262],[76.051,11.267],[76.064,11.288],[76.111,11.33],[76.091,11.334],[76.087,11.346],[76.094,11.363],[76.094,11.39],[76.105,11.403],[76.126,11.419],[76.137,11.42],[76.128,11.449],[76.098,11.474],[76.083,11.482],[76.084,11.491],[76.068,11.514],[76.052,11.502],[76.042,11.499],[76.035,11.495],[76.011,11.508],[75.984,11.527]]]},"properties":{"code":"IN-KE-kozhikode","name":"Kozhikode","state":"Kerala"}},{"type":"Feature","geometry":{"type":"Polygon","coordinates":[[[76.438,11.195],[76.446,11.23],[76.514,11.262],[76.538,11.352],[76.448,11.381],[76.361,11.448],[76.321,11.445],[76.258,11.473],[76.233,11.519],[76.195,11.5],[76.177,11.464],[76.135,11.443],[76.137,11.42],[76.126,11.419],[76.105,11.403],[76.094,11.39],[76.094,11.363],[76.087,11.346],[76.091,11.334],[76.111,11.33],[76.064,11.288],[76.051,11.267],[76.044,11.262],[76.03,11.261],[76.014,11.261],[76.001,11.253],[75.978,11.253],[75.961,11.256],[75.952,11.245],[75.93,11.242],[75.912,11.231],[75.896,11.237],[75.892,11.226],[75.865,11.202],[75.854,11.188],[75.871,11.178],[75.883,11.18],[75.883,11.174],[75.858,11.158],[75.829,11.122],[75.877,10.944],[75.91,10.792],[75.957,10.684],[75.961,10.687],[75.995,10.685],[76.01,10.687],[76.061,10.721],[76.032,10.755],[76.025,10.819],[76.086,10.832],[76.124,10.89],[76.175,10.903],[76.224,10.879],[76.262,10.91],[76.312,10.905],[76.328,10.991],[76.316,11.041],[76.343,11.086],[76.403,11.112],[76.402,11.198],[76.438,11.195]]]},"properties":{"code":"IN-KE-malappuram","name":"Malappuram","state":"Kerala"}},{"type":"Feature","geometry":{"type":"Polygon","coordinates":[[[76.827,10.33],[76.839,10.36],[76.807,10.415],[76.817,10.438],[76.83,10.585],[76.805,10.626],[76.873,10.629],[76.875,10.707],[76.898,10.771],[76.86,10.8],[76.818,10.862],[76.733,10.881],[76.653,10.92],[76.69,11.017],[76.734,11.064],[76.741,11.11],[76.686,11.158],[76.727,11.206],[76.697,11.231],[76.623,11.186],[76.506,11.202],[76.438,11.195],[76.402,11.198],[76.403,11.112],[76.343,11.086],[76.316,11.041],[76.328,10.991],[76.312,10.905],[76.262,10.91],[76.224,10.879],[76.175,10.903],[76.124,10.89],[76.086,10.832],[76.025,10.819],[76.032,10.755],[76.061,10.721],[76.154,10.698],[76.215,10.774],[76.243,10.74],[76.279,10.75],[76.347,10.737],[76.461,10.744],[76.442,10.67],[76.41,10.621],[76.401,10.571],[76.424,10.525],[76.47,10.477],[76.575,10.428],[76.61,10.374],[76.675,10.355],[76.715,10.364],[76.743,10.329],[76.827,10.33]]]},"properties":{"code":"IN-KE-palakkad","name":"Palakkad","state":"Kerala"}},{"type":"Feature","geometry":{"type":"Polygon","coordinates":[[[77.268,9.262],[77.211,9.287],[77.232,9.376],[77.189,9.442],[77.126,9.481],[77.033,9.443],[77.052,9.408],[76.925,9.422],[76.788,9.446],[76.75,9.431],[76.733,9.466],[76.64,9.473],[76.589,9.449],[76.577,9.41],[76.502,9.393],[76.5,9.39],[76.498,9.369],[76.498,9.364],[76.487,9.314],[76.541,9.316],[76.55,9.342],[76.61,9.333],[76.65,9.26],[76.63,9.204],[76.653,9.191],[76.641,9.142],[76.645,9.086],[76.744,9.066],[76.769,9.106],[76.813,9.086],[76.86,9.122],[76.913,9.131],[76.915,9.164],[76.984,9.124],[77.04,9.114],[77.15,9.067],[77.191,9.062],[77.196,9.088],[77.252,9.143],[77.25,9.19],[77.268,9.262]]]},"properties":{"code":"IN-KE-pattanamtitta","name":"Pattanamtitta","state":"Kerala"}},{"type":"Feature","geometry":{"type":"Polygon","coordinates":[[[77.183,8.761],[77.065,8.829],[77.017,8.833],[76.979,8.774],[76.918,8.753],[76.885,8.803],[76.831,8.827],[76.778,8.819],[76.744,8.787],[76.677,8.776],[76.705,8.734],[76.963,8.417],[76.979,8.382],[77.091,8.297],[77.15,8.322],[77.154,8.377],[77.189,8.435],[77.191,8.488],[77.248,8.501],[77.265,8.537],[77.252,8.571],[77.198,8.641],[77.167,8.708],[77.183,8.761]]]},"properties":{"code":"IN-KE-thiruvananthapuram","name":"Thiruvananthapuram","state":"Kerala"}},{"type":"Feature","geometry":{"type":"Polygon","coordinates":[[[76.827,10.33],[76.743,10.329],[76.715,10.364],[76.675,10.355],[76.61,10.374],[76.575,10.428],[76.47,10.477],[76.424,10.525],[76.401,10.571],[76.41,10.621],[76.442,10.67],[76.461,10.744],[76.347,10.737],[76.279,10.75],[76.243,10.74],[76.215,10.774],[76.154,10.698],[76.061,10.721],[76.01,10.687],[75.995,10.685],[75.961,10.687],[75.957,10.684],[76.08,10.428],[76.113,10.343],[76.16,10.188],[76.177,10.184],[76.182,10.185],[76.194,10.189],[76.226,10.196],[76.251,10.193],[76.254,10.189],[76.292,10.177],[76.304,10.174],[76.333,10.226],[76.362,10.233],[76.407,10.289],[76.53,10.281],[76.568,10.294],[76.614,10.266],[76.677,10.259],[76.827,10.276],[76.892,10.243],[76.82,10.295],[76.827,10.33]]]},"properties":{"code":"IN-KE-thrissur","name":"Thrissur","state":"Kerala"}},{"type":"Feature","geometry":{"type":"Polygon","coordinates":[[[76.108,11.971],[76.03,11.933],[75.925,11.933],[75.923,11.837],[75.803,11.849],[75.772,11.792],[75.78,11.753],[75.845,11.694],[75.891,11.693],[75.902,11.597],[75.951,11.573],[75.984,11.527],[76.011,11.508],[76.035,11.495],[76.042,11.499],[76.052,11.502],[76.068,11.514],[76.084,11.491],[76.083,11.482],[76.098,11.474],[76.128,11.449],[76.135,11.443],[76.177,11.464],[76.195,11.5],[76.233,11.519],[76.226,11.564],[76.271,11.593],[76.298,11.564],[76.421,11.625],[76.423,11.659],[76.402,11.683],[76.408,11.753],[76.335,11.731],[76.275,11.801],[76.219,11.8],[76.184,11.864],[76.108,11.851],[76.108,11.971]]]},"properties":{"code":"IN-KE-wayanad","name":"Wayanad","state":"Kerala"}},{"type":"Feature","geometry":{"type":"Polygon","coordinates":[[[73.081,8.328],[73.068,8.309],[73.049,8.267],[73.067,8.286],[73.069,8.308],[73.081,8.328]]]},"properties":{"code":"IN-LA-kavaratti","name":"Kavaratti","state":"Lakshadweep"}},{"type":"Feature","geometry":{"type":"Polygon","coordinates":[[[82.116,23.104],[82.129,23.114],[82.131,23.129],[82.151,23.161],[82.14,23.164],[82.138,23.188],[82.142,23.228],[82.147,23.232],[82.167,23.261],[82.168,23.267],[82.174,23.272],[82.184,23.275],[82.19,23.303],[82.188,23.322],[82.179,23.327],[82.158,23.333],[82.156,23.335],[82.143,23.354],[82.129,23.361],[82.114,23.354],[82.108,23.358],[82.105,23.383],[82.101,23.391],[82.099,23.395],[82.095,23.399],[82.063,23.392],[82.057,23.394],[82.053,23.385],[82.046,23.378],[82.015,23.388],[82.014,23.39],[82.02,23.401],[82.018,23.421],[82.016,23.424],[82,23.413],[81.992,23.419],[81.976,23.413],[81.974,23.418],[81.967,23.402],[81.972,23.397],[81.97,23.393],[81.951,23.373],[81.929,23.382],[81.926,23.351],[81.895,23.336],[81.885,23.323],[81.855,23.314],[81.848,23.32],[81.829,23.31],[81.812,23.301],[81.823,23.301],[81.849,23.281],[81.857,23.277],[81.861,23.271],[81.874,23.245],[81.821,23.258],[81.788,23.261],[81.775,23.253],[81.759,23.239],[81.751,23.215],[81.746,23.213],[81.732,23.212],[81.722,23.21],[81.715,23.206],[81.7,23.207],[81.651,23.198],[81.639,23.195],[81.612,23.196],[81.606,23.198],[81.608,23.21],[81.622,23.221],[81.627,23.226],[81.624,23.231],[81.607,23.226],[81.589,23.227],[81.579,23.225],[81.565,23.217],[81.566,23.21],[81.589,23.2],[81.595,23.194],[81.553,23.15],[81.557,23.138],[81.557,23.135],[81.543,23.126],[81.531,23.119],[81.539,23.112],[81.545,23.093],[81.57,23.084],[81.577,23.078],[81.604,23.073],[81.587,23.038],[81.574,23.036],[81.556,23.027],[81.568,23.01],[81.589,23.02],[81.606,23.002],[81.632,23.002],[81.641,23.014],[81.678,22.96],[81.683,22.944],[81.687,22.94],[81.698,22.937],[81.707,22.923],[81.721,22.917],[81.735,22.91],[81.736,22.9],[81.758,22.897],[81.77,22.889],[81.786,22.877],[81.826,22.882],[81.861,22.894],[81.86,22.915],[81.875,22.913],[81.887,22.925],[81.901,22.933],[81.906,22.94],[81.923,22.951],[81.94,22.957],[81.942,22.975],[81.941,22.985],[81.939,23.001],[81.937,23.003],[81.932,23.017],[81.919,23.037],[81.926,23.062],[81.938,23.078],[81.953,23.076],[81.969,23.079],[81.982,23.086],[81.99,23.085],[82.002,23.078],[82.016,23.079],[82.028,23.082],[82.046,23.099],[82.061,23.116],[82.069,23.115],[82.086,23.109],[82.116,23.104]]]},"properties":{"code":"IN-MP-anuppur","name":"Anuppur","state":"Madhya Pradesh"}},{"type":"Feature","geometry":{"type":"Polygon","coordinates":[[[78.165,24.848],[78.106,24.84],[78.043,24.861],[78.025,24.842],[77.964,24.879],[78.002,24.966],[77.9,25.004],[77.82,25.005],[77.816,24.983],[77.742,24.872],[77.7,24.857],[77.615,24.913],[77.577,24.966],[77.538,24.92],[77.557,24.876],[77.514,24.831],[77.547,24.727],[77.484,24.654],[77.47,24.598],[77.486,24.562],[77.471,24.437],[77.502,24.411],[77.586,24.384],[77.633,24.432],[77.684,24.394],[77.62,24.357],[77.644,24.32],[77.71,24.307],[77.781,24.322],[77.874,24.322],[77.88,24.284],[77.961,24.252],[78.009,24.248],[78.019,24.285],[78.067,24.261],[78.087,24.324],[78.261,24.454],[78.224,24.541],[78.255,24.552],[78.268,24.67],[78.226,24.736],[78.226,24.777],[78.187,24.843],[78.165,24.848]]]},"properties":{"code":"IN-MP-ashoknagar","name":"Ashoknagar","state":"Madhya Pradesh"}},{"type":"Feature","geometry":{"type":"Polygon","coordinates":[[[80.838,22.383],[80.792,22.398],[80.789,22.394],[80.791,22.38],[80.788,22.372],[80.792,22.367],[80.786,22.352],[80.781,22.313],[80.767,22.315],[80.747,22.303],[80.739,22.292],[80.712,22.274],[80.718,22.234],[80.721,22.218],[80.704,22.206],[80.693,22.205],[80.678,22.213],[80.666,22.216],[80.652,22.222],[80.64,22.227],[80.603,22.228],[80.595,22.233],[80.576,22.231],[80.529,22.241],[80.522,22.245],[80.514,22.264],[80.509,22.266],[80.504,22.273],[80.5,22.276],[80.484,22.272],[80.478,22.278],[80.458,22.28],[80.445,22.264],[80.432,22.247],[80.412,22.281],[80.395,22.301],[80.376,22.309],[80.365,22.304],[80.341,22.3],[80.329,22.306],[80.338,22.33],[80.328,22.341],[80.319,22.346],[80.307,22.345],[80.295,22.339],[80.229,22.302],[80.225,22.305],[80.211,22.311],[80.207,22.316],[80.194,22.32],[80.173,22.328],[80.163,22.329],[80.162,22.335],[80.163,22.345],[80.144,22.349],[80.102,22.346],[80.094,22.342],[80.076,22.3],[80.09,22.246],[80.029,22.188],[80.039,22.128],[80.064,22.082],[79.999,22.083],[79.923,22.063],[79.918,21.972],[79.886,21.93],[79.794,21.859],[79.763,21.808],[79.686,21.8],[79.666,21.694],[79.601,21.677],[79.506,21.59],[79.537,21.544],[79.651,21.559],[79.733,21.603],[79.792,21.581],[79.857,21.531],[79.916,21.524],[79.927,21.554],[80.064,21.555],[80.119,21.609],[80.188,21.634],[80.26,21.62],[80.295,21.575],[80.371,21.521],[80.375,21.491],[80.448,21.402],[80.519,21.39],[80.593,21.325],[80.657,21.331],[80.73,21.472],[80.731,21.539],[80.709,21.604],[80.707,21.672],[80.74,21.756],[80.811,21.747],[80.837,21.832],[80.825,21.887],[80.833,21.947],[80.869,22.011],[80.879,22.061],[80.917,22.121],[80.951,22.113],[80.963,22.058],[80.999,22.062],[81.04,22.241],[81.02,22.271],[80.993,22.289],[80.984,22.291],[80.956,22.282],[80.909,22.279],[80.905,22.289],[80.897,22.295],[80.902,22.315],[80.903,22.318],[80.909,22.329],[80.922,22.326],[80.916,22.336],[80.894,22.341],[80.886,22.334],[80.874,22.335],[80.875,22.346],[80.885,22.35],[80.884,22.352],[80.872,22.358],[80.866,22.359],[80.859,22.365],[80.855,22.379],[80.846,22.384],[80.838,22.383]]]},"properties":{"code":"IN-MP-balaghat","name":"Balaghat","state":"Madhya Pradesh"}},{"type":"Feature","geometry":{"type":"Polygon","coordinates":[[[75.619,21.393],[75.584,21.477],[75.503,21.49],[75.463,21.545],[75.502,21.62],[75.472,21.628],[75.441,21.678],[75.341,21.669],[75.293,21.638],[75.266,21.686],[75.222,21.697],[75.211,21.732],[75.266,21.748],[75.277,21.802],[75.311,21.841],[75.281,21.889],[75.334,21.912],[75.36,21.989],[75.4,21.993],[75.421,22.03],[75.398,22.094],[75.32,22.136],[75.2,22.107],[75.019,22.088],[74.907,22.085],[74.832,22.062],[74.791,22.081],[74.61,22.026],[74.564,22.024],[74.506,22.046],[74.436,22.031],[74.452,21.968],[74.493,21.954],[74.527,21.909],[74.504,21.807],[74.511,21.729],[74.551,21.719],[74.589,21.665],[74.656,21.654],[74.695,21.633],[74.775,21.616],[74.825,21.61],[74.866,21.631],[75.058,21.565],[75.107,21.47],[75.207,21.416],[75.384,21.386],[75.468,21.394],[75.548,21.372],[75.619,21.393]]]},"properties":{"code":"IN-MP-barwani","name":"Barwani","state":"Madhya Pradesh"}},{"type":"Feature","geometry":{"type":"Polygon","coordinates":[[[78.337,21.591],[78.394,21.648],[78.425,21.72],[78.454,21.72],[78.465,21.817],[78.521,21.839],[78.542,21.869],[78.515,21.932],[78.468,21.96],[78.382,21.966],[78.397,22.007],[78.342,22.057],[78.338,22.113],[78.275,22.092],[78.259,22.195],[78.262,22.27],[78.247,22.329],[78.278,22.355],[78.268,22.405],[78.181,22.4],[78.032,22.333],[77.984,22.32],[77.932,22.33],[77.875,22.283],[77.852,22.298],[77.857,22.349],[77.791,22.332],[77.676,22.325],[77.54,22.358],[77.497,22.31],[77.497,22.283],[77.45,22.252],[77.44,22.222],[77.382,22.229],[77.353,22.252],[77.354,22.238],[77.359,22.221],[77.377,22.218],[77.387,22.209],[77.401,22.197],[77.405,22.192],[77.41,22.181],[77.422,22.176],[77.437,22.176],[77.444,22.177],[77.456,22.175],[77.463,22.17],[77.464,22.164],[77.46,22.155],[77.459,22.145],[77.457,22.138],[77.464,22.124],[77.46,22.116],[77.455,22.111],[77.454,22.105],[77.455,22.099],[77.451,22.094],[77.451,22.091],[77.452,22.086],[77.455,22.084],[77.461,22.087],[77.471,22.086],[77.477,22.082],[77.482,22.081],[77.498,22.075],[77.495,22.067],[77.495,22.061],[77.498,22.058],[77.498,22.057],[77.496,22.048],[77.495,22.045],[77.495,22.039],[77.49,22.035],[77.463,22.029],[77.453,22.027],[77.443,22.027],[77.437,22.027],[77.409,22.027],[77.394,22.028],[77.387,22.014],[77.387,22.011],[77.377,21.995],[77.36,21.986],[77.332,21.975],[77.281,21.966],[77.267,21.959],[77.256,21.94],[77.251,21.93],[77.246,21.919],[77.238,21.913],[77.216,21.908],[77.16,21.852],[77.168,21.81],[77.138,21.785],[77.077,21.772],[77.062,21.715],[77.121,21.725],[77.207,21.694],[77.258,21.716],[77.277,21.76],[77.401,21.756],[77.45,21.763],[77.497,21.749],[77.559,21.669],[77.572,21.588],[77.607,21.543],[77.567,21.53],[77.504,21.555],[77.424,21.543],[77.438,21.473],[77.469,21.457],[77.487,21.378],[77.646,21.393],[77.67,21.373],[77.793,21.391],[77.799,21.412],[77.899,21.378],[78.064,21.439],[78.169,21.499],[78.181,21.559],[78.215,21.554],[78.319,21.576],[78.337,21.591]]]},"properties":{"code":"IN-MP-betul","name":"Betul","state":"Madhya Pradesh"}},{"type":"Feature","geometry":{"type":"Polygon","coordinates":[[[78.771,26.764],[78.741,26.793],[78.677,26.792],[78.602,26.756],[78.535,26.772],[78.494,26.678],[78.454,26.677],[78.422,26.615],[78.363,26.594],[78.343,26.566],[78.207,26.534],[78.248,26.449],[78.282,26.444],[78.256,26.343],[78.324,26.353],[78.412,26.336],[78.408,26.302],[78.454,26.262],[78.486,26.27],[78.558,26.198],[78.605,26.205],[78.621,26.162],[78.686,26.171],[78.69,26.22],[78.734,26.232],[78.784,26.294],[78.816,26.266],[78.784,26.231],[78.816,26.131],[78.807,26.077],[78.768,26.026],[78.775,25.97],[78.876,25.916],[78.927,25.955],[78.944,26.037],[79.003,26.082],[78.944,26.138],[79.001,26.155],[79.002,26.197],[79.041,26.229],[79.058,26.284],[79.117,26.354],[79.081,26.406],[79.127,26.445],[79.047,26.461],[79.064,26.487],[79.033,26.536],[78.998,26.551],[79.006,26.61],[78.984,26.686],[78.904,26.713],[78.865,26.705],[78.811,26.765],[78.771,26.764]]]},"properties":{"code":"IN-MP-bhind","name":"Bhind","state":"Madhya Pradesh"}},{"type":"Feature","geometry":{"type":"Polygon","coordinates":[[[77.223,23.9],[77.218,23.825],[77.166,23.691],[77.221,23.637],[77.272,23.615],[77.295,23.518],[77.294,23.436],[77.227,23.361],[77.186,23.364],[77.179,23.314],[77.217,23.303],[77.186,23.246],[77.237,23.198],[77.282,23.108],[77.379,23.093],[77.502,23.11],[77.564,23.148],[77.594,23.248],[77.589,23.31],[77.621,23.333],[77.546,23.395],[77.554,23.428],[77.488,23.431],[77.517,23.522],[77.509,23.585],[77.556,23.605],[77.575,23.657],[77.627,23.666],[77.646,23.703],[77.569,23.773],[77.503,23.781],[77.467,23.765],[77.413,23.809],[77.37,23.888],[77.314,23.898],[77.223,23.9]]]},"properties":{"code":"IN-MP-bhopal","name":"Bhopal","state":"Madhya Pradesh"}},{"type":"Feature","geometry":{"type":"Polygon","coordinates":[[[76.78,21.562],[76.773,21.56],[76.758,21.557],[76.751,21.561],[76.748,21.57],[76.743,21.579],[76.714,21.567],[76.682,21.571],[76.671,21.568],[76.629,21.569],[76.593,21.571],[76.551,21.569],[76.541,21.566],[76.511,21.564],[76.484,21.58],[76.453,21.584],[76.433,21.591],[76.426,21.586],[76.418,21.6],[76.375,21.598],[76.354,21.568],[76.294,21.578],[76.292,21.581],[76.287,21.587],[76.248,21.584],[76.213,21.571],[76.198,21.562],[76.19,21.549],[76.157,21.551],[76.126,21.589],[76.122,21.587],[76.079,21.575],[76.041,21.562],[76.019,21.553],[75.958,21.549],[75.952,21.511],[75.956,21.483],[75.962,21.483],[75.972,21.483],[75.98,21.487],[75.986,21.486],[76.006,21.482],[76.01,21.46],[76.007,21.455],[76.01,21.427],[76.01,21.423],[76.008,21.413],[76.006,21.409],[76.004,21.402],[76,21.4],[76,21.399],[75.999,21.399],[75.999,21.398],[75.998,21.397],[75.998,21.396],[75.997,21.395],[75.997,21.394],[75.997,21.393],[75.997,21.392],[75.996,21.392],[75.996,21.39],[75.995,21.39],[75.995,21.389],[75.995,21.388],[75.994,21.387],[75.994,21.386],[75.994,21.385],[75.993,21.384],[75.993,21.383],[75.993,21.382],[75.993,21.381],[75.992,21.38],[75.992,21.379],[75.992,21.378],[75.992,21.377],[75.992,21.376],[76.016,21.37],[76.035,21.365],[76.042,21.359],[76.077,21.364],[76.095,21.373],[76.122,21.322],[76.129,21.298],[76.14,21.289],[76.147,21.281],[76.154,21.249],[76.146,21.233],[76.162,21.217],[76.167,21.204],[76.166,21.195],[76.167,21.171],[76.155,21.173],[76.127,21.178],[76.114,21.17],[76.119,21.16],[76.132,21.153],[76.141,21.136],[76.134,21.13],[76.167,21.106],[76.169,21.101],[76.167,21.09],[76.177,21.085],[76.184,21.09],[76.227,21.091],[76.297,21.077],[76.335,21.077],[76.361,21.08],[76.366,21.079],[76.381,21.079],[76.383,21.08],[76.434,21.107],[76.438,21.108],[76.456,21.132],[76.458,21.138],[76.467,21.143],[76.469,21.151],[76.477,21.155],[76.482,21.188],[76.498,21.196],[76.521,21.189],[76.541,21.196],[76.559,21.206],[76.612,21.196],[76.62,21.195],[76.631,21.216],[76.632,21.229],[76.643,21.248],[76.659,21.262],[76.661,21.282],[76.64,21.311],[76.625,21.335],[76.668,21.369],[76.732,21.409],[76.776,21.46],[76.792,21.49],[76.763,21.523],[76.775,21.532],[76.785,21.546],[76.78,21.562]]]},"properties":{"code":"IN-MP-burhanpur","name":"Burhanpur","state":"Madhya Pradesh"}},{"type":"Feature","geometry":{"type":"Polygon","coordinates":[[[80.267,25.03],[80.349,25.141],[80.424,25.174],[80.402,25.221],[80.341,25.279],[80.303,25.297],[80.309,25.392],[80.274,25.425],[80.245,25.405],[80.189,25.406],[80.127,25.341],[80.096,25.352],[80.021,25.343],[79.997,25.27],[79.845,25.237],[79.861,25.156],[79.827,25.1],[79.74,25.143],[79.666,25.127],[79.55,25.169],[79.49,25.083],[79.389,25.121],[79.384,25.17],[79.442,25.221],[79.402,25.279],[79.295,25.34],[79.277,25.327],[79.286,25.281],[79.341,25.23],[79.278,25.211],[79.314,25.151],[79.337,25.081],[79.324,25.05],[79.34,24.897],[79.301,24.796],[79.312,24.738],[79.29,24.679],[79.201,24.653],[79.174,24.614],[79.085,24.635],[79.009,24.518],[78.982,24.447],[78.987,24.423],[79.048,24.374],[79.067,24.407],[79.161,24.434],[79.232,24.42],[79.226,24.343],[79.177,24.329],[79.166,24.281],[79.131,24.257],[79.043,24.227],[79.069,24.133],[79.139,24.105],[79.219,24.144],[79.321,24.149],[79.38,24.242],[79.404,24.352],[79.388,24.39],[79.433,24.416],[79.466,24.391],[79.504,24.404],[79.555,24.392],[79.564,24.45],[79.624,24.408],[79.678,24.396],[79.749,24.417],[79.79,24.377],[79.852,24.354],[79.876,24.378],[79.86,24.511],[79.881,24.574],[79.837,24.601],[79.89,24.697],[79.952,24.661],[79.99,24.727],[80.057,24.786],[80.085,24.828],[80.027,24.926],[80.047,24.942],[80.142,24.941],[80.267,25.03]]]},"properties":{"code":"IN-MP-chhatarpur","name":"Chhatarpur","state":"Madhya Pradesh"}},{"type":"Feature","geometry":{"type":"Polygon","coordinates":[[[79.319,22.618],[79.293,22.62],[79.279,22.695],[79.239,22.723],[79.235,22.802],[79.188,22.808],[79.131,22.791],[79.071,22.746],[79.039,22.762],[79.005,22.631],[78.958,22.622],[78.911,22.671],[78.835,22.685],[78.778,22.632],[78.736,22.627],[78.685,22.657],[78.674,22.702],[78.612,22.658],[78.518,22.667],[78.496,22.596],[78.543,22.535],[78.512,22.479],[78.549,22.456],[78.478,22.387],[78.42,22.386],[78.387,22.417],[78.316,22.427],[78.268,22.405],[78.278,22.355],[78.247,22.329],[78.262,22.27],[78.259,22.195],[78.275,22.092],[78.338,22.113],[78.342,22.057],[78.397,22.007],[78.382,21.966],[78.468,21.96],[78.515,21.932],[78.542,21.869],[78.521,21.839],[78.465,21.817],[78.454,21.72],[78.425,21.72],[78.394,21.648],[78.337,21.591],[78.413,21.578],[78.43,21.502],[78.509,21.528],[78.56,21.515],[78.621,21.478],[78.684,21.482],[78.724,21.464],[78.761,21.49],[78.932,21.487],[78.913,21.563],[78.975,21.618],[79.01,21.601],[79.104,21.609],[79.148,21.661],[79.217,21.65],[79.228,21.722],[79.224,21.756],[79.271,21.775],[79.271,21.832],[79.35,21.966],[79.391,21.993],[79.403,22.042],[79.337,22.161],[79.326,22.216],[79.358,22.265],[79.305,22.289],[79.282,22.325],[79.348,22.351],[79.341,22.385],[79.293,22.381],[79.336,22.485],[79.316,22.545],[79.365,22.606],[79.319,22.618]]]},"properties":{"code":"IN-MP-chhindwara","name":"Chhindwara","state":"Madhya Pradesh"}},{"type":"Feature","geometry":{"type":"Polygon","coordinates":[[[79.79,24.377],[79.749,24.417],[79.678,24.396],[79.624,24.408],[79.564,24.45],[79.555,24.392],[79.504,24.404],[79.466,24.391],[79.433,24.416],[79.388,24.39],[79.404,24.352],[79.38,24.242],[79.321,24.149],[79.219,24.144],[79.139,24.105],[79.175,24.012],[79.111,23.981],[79.069,23.935],[79.106,23.883],[79.177,23.837],[79.24,23.832],[79.215,23.788],[79.279,23.748],[79.296,23.679],[79.292,23.577],[79.325,23.529],[79.283,23.491],[79.176,23.434],[79.187,23.367],[79.23,23.342],[79.224,23.293],[79.183,23.223],[79.236,23.253],[79.295,23.231],[79.328,23.15],[79.366,23.167],[79.419,23.195],[79.505,23.268],[79.533,23.264],[79.688,23.359],[79.731,23.427],[79.795,23.468],[79.844,23.508],[79.935,23.622],[79.945,23.668],[79.821,23.7],[79.813,23.743],[79.859,23.832],[79.864,23.894],[79.832,23.937],[79.85,23.995],[79.838,24.025],[79.781,24.034],[79.755,24.076],[79.764,24.113],[79.805,24.163],[79.838,24.251],[79.807,24.287],[79.851,24.302],[79.79,24.377]]]},"properties":{"code":"IN-MP-damoh","name":"Damoh","state":"Madhya Pradesh"}},{"type":"Feature","geometry":{"type":"Polygon","coordinates":[[[78.876,25.916],[78.775,25.97],[78.768,26.026],[78.807,26.077],[78.816,26.131],[78.784,26.231],[78.816,26.266],[78.784,26.294],[78.734,26.232],[78.69,26.22],[78.686,26.171],[78.621,26.162],[78.6,26.105],[78.634,26.089],[78.575,26.011],[78.534,25.98],[78.48,25.968],[78.459,25.91],[78.381,25.855],[78.311,25.823],[78.274,25.786],[78.253,25.724],[78.337,25.666],[78.369,25.666],[78.382,25.613],[78.46,25.59],[78.437,25.564],[78.481,25.58],[78.581,25.564],[78.604,25.587],[78.649,25.566],[78.677,25.594],[78.795,25.618],[78.811,25.674],[78.761,25.721],[78.816,25.831],[78.863,25.802],[78.858,25.872],[78.876,25.916]]]},"properties":{"code":"IN-MP-datia","name":"Datia","state":"Madhya Pradesh"}},{"type":"Feature","geometry":{"type":"Polygon","coordinates":[[[76.111,23.245],[76.125,23.18],[76.059,23.143],[76.101,23.096],[76.075,23.053],[76.002,23.211],[75.991,23.284],[75.947,23.323],[75.928,23.277],[75.953,23.185],[75.932,23.138],[75.989,23.09],[75.954,23.027],[75.899,23.004],[75.978,22.925],[75.984,22.89],[76.032,22.848],[76.102,22.705],[76.189,22.693],[76.244,22.647],[76.229,22.62],[76.161,22.626],[76.088,22.591],[76.086,22.551],[76.101,22.479],[76.237,22.396],[76.212,22.333],[76.252,22.296],[76.342,22.308],[76.4,22.341],[76.447,22.35],[76.444,22.389],[76.509,22.418],[76.603,22.411],[76.663,22.355],[76.684,22.305],[76.742,22.3],[76.78,22.351],[76.781,22.353],[76.781,22.356],[76.782,22.365],[76.781,22.37],[76.78,22.374],[76.78,22.377],[76.781,22.382],[76.781,22.385],[76.784,22.393],[76.786,22.398],[76.788,22.404],[76.789,22.415],[76.787,22.42],[76.786,22.423],[76.787,22.432],[76.792,22.435],[76.807,22.443],[76.812,22.447],[76.822,22.453],[76.829,22.454],[76.839,22.456],[76.848,22.459],[76.856,22.463],[76.857,22.465],[76.877,22.479],[76.885,22.483],[76.898,22.49],[76.914,22.494],[76.926,22.496],[76.96,22.498],[76.968,22.497],[76.982,22.498],[76.985,22.498],[76.989,22.499],[77,22.502],[77.026,22.503],[77.067,22.515],[77.1,22.541],[77.112,22.554],[77.12,22.563],[77.085,22.657],[77.038,22.675],[77.025,22.771],[76.997,22.872],[76.915,22.864],[76.824,22.872],[76.787,22.837],[76.702,22.814],[76.675,22.788],[76.623,22.802],[76.574,22.77],[76.517,22.821],[76.518,22.865],[76.451,22.93],[76.445,22.994],[76.46,23.075],[76.536,23.132],[76.506,23.183],[76.412,23.2],[76.407,23.221],[76.28,23.231],[76.156,23.225],[76.111,23.245]]]},"properties":{"code":"IN-MP-dewas","name":"Dewas","state":"Madhya Pradesh"}},{"type":"Feature","geometry":{"type":"Polygon","coordinates":[[[75.438,22.873],[75.374,22.871],[75.332,22.842],[75.312,23.049],[75.339,23.062],[75.302,23.132],[75.242,23.139],[75.235,23.091],[75.105,23.113],[75.01,23.114],[75.009,22.943],[74.987,22.868],[74.954,22.81],[74.905,22.76],[74.766,22.75],[74.798,22.66],[74.784,22.581],[74.72,22.533],[74.716,22.466],[74.693,22.416],[74.695,22.37],[74.635,22.365],[74.626,22.332],[74.65,22.275],[74.592,22.244],[74.531,22.239],[74.499,22.176],[74.537,22.117],[74.477,22.115],[74.506,22.046],[74.564,22.024],[74.61,22.026],[74.791,22.081],[74.832,22.062],[74.907,22.085],[75.019,22.088],[75.2,22.107],[75.32,22.136],[75.505,22.16],[75.536,22.229],[75.531,22.274],[75.497,22.339],[75.559,22.378],[75.545,22.413],[75.572,22.456],[75.572,22.515],[75.593,22.559],[75.678,22.584],[75.714,22.622],[75.661,22.639],[75.527,22.635],[75.509,22.734],[75.489,22.765],[75.437,22.776],[75.423,22.831],[75.438,22.873]]]},"properties":{"code":"IN-MP-dhar","name":"Dhar","state":"Madhya Pradesh"}},{"type":"Feature","geometry":{"type":"Polygon","coordinates":[[[81.118,23.218],[81.114,23.219],[81.105,23.212],[81.097,23.204],[81.093,23.204],[81.061,23.196],[80.987,23.234],[80.93,23.291],[80.865,23.239],[80.786,23.252],[80.755,23.222],[80.71,23.282],[80.75,23.346],[80.694,23.373],[80.567,23.354],[80.566,23.339],[80.564,23.327],[80.576,23.31],[80.577,23.29],[80.574,23.285],[80.565,23.284],[80.563,23.28],[80.559,23.272],[80.542,23.273],[80.528,23.261],[80.516,23.259],[80.514,23.246],[80.511,23.238],[80.5,23.22],[80.496,23.21],[80.473,23.2],[80.509,23.171],[80.516,23.159],[80.545,23.17],[80.548,23.168],[80.551,23.153],[80.573,23.142],[80.573,23.133],[80.568,23.128],[80.561,23.124],[80.545,23.113],[80.537,23.108],[80.521,23.108],[80.52,23.104],[80.522,23.084],[80.518,23.081],[80.552,23.032],[80.579,22.962],[80.567,22.89],[80.565,22.877],[80.568,22.869],[80.579,22.862],[80.651,22.841],[80.663,22.839],[80.676,22.839],[80.677,22.841],[80.677,22.851],[80.684,22.85],[80.705,22.857],[80.712,22.863],[80.726,22.859],[80.729,22.858],[80.736,22.846],[80.725,22.814],[80.741,22.816],[80.753,22.814],[80.771,22.818],[80.859,22.839],[80.85,22.822],[80.862,22.807],[80.863,22.764],[80.875,22.759],[80.934,22.743],[80.91,22.712],[80.921,22.707],[80.918,22.682],[80.936,22.675],[80.938,22.667],[80.949,22.641],[80.958,22.638],[80.958,22.644],[80.993,22.642],[80.993,22.62],[80.976,22.612],[80.96,22.593],[80.958,22.591],[80.935,22.586],[80.94,22.556],[80.951,22.559],[80.962,22.543],[80.94,22.503],[80.863,22.437],[80.907,22.391],[80.896,22.365],[80.885,22.35],[80.874,22.335],[80.886,22.334],[80.894,22.341],[80.916,22.336],[80.922,22.326],[80.909,22.329],[80.903,22.318],[80.902,22.315],[80.897,22.295],[80.905,22.289],[80.909,22.279],[80.956,22.282],[80.984,22.291],[80.993,22.289],[81.02,22.271],[81.04,22.241],[81.063,22.247],[81.073,22.242],[81.085,22.247],[81.097,22.277],[81.115,22.303],[81.115,22.313],[81.112,22.335],[81.111,22.353],[81.105,22.411],[81.103,22.422],[81.11,22.441],[81.123,22.448],[81.148,22.456],[81.18,22.49],[81.193,22.482],[81.218,22.452],[81.24,22.459],[81.271,22.496],[81.28,22.499],[81.304,22.482],[81.316,22.49],[81.319,22.52],[81.332,22.522],[81.367,22.514],[81.379,22.505],[81.385,22.478],[81.386,22.451],[81.419,22.454],[81.424,22.479],[81.436,22.469],[81.448,22.467],[81.443,22.472],[81.439,22.479],[81.444,22.487],[81.438,22.494],[81.446,22.496],[81.47,22.494],[81.476,22.492],[81.49,22.508],[81.515,22.537],[81.519,22.54],[81.536,22.533],[81.547,22.531],[81.563,22.551],[81.583,22.545],[81.6,22.536],[81.616,22.539],[81.622,22.544],[81.619,22.553],[81.624,22.564],[81.638,22.562],[81.649,22.569],[81.644,22.583],[81.642,22.592],[81.644,22.614],[81.655,22.622],[81.714,22.656],[81.72,22.67],[81.723,22.676],[81.693,22.728],[81.697,22.735],[81.692,22.752],[81.689,22.758],[81.678,22.782],[81.648,22.785],[81.63,22.782],[81.62,22.774],[81.597,22.762],[81.56,22.757],[81.551,22.761],[81.523,22.751],[81.508,22.761],[81.502,22.765],[81.48,22.761],[81.461,22.765],[81.44,22.789],[81.432,22.821],[81.419,22.838],[81.372,22.856],[81.353,22.85],[81.318,22.862],[81.256,22.895],[81.229,22.903],[81.226,22.906],[81.212,22.913],[81.192,22.914],[81.185,22.937],[81.181,22.952],[81.195,22.984],[81.203,23.017],[81.209,23.02],[81.22,23.032],[81.231,23.056],[81.224,23.059],[81.233,23.062],[81.248,23.054],[81.25,23.062],[81.256,23.071],[81.249,23.084],[81.244,23.1],[81.239,23.102],[81.236,23.108],[81.234,23.112],[81.231,23.112],[81.221,23.111],[81.208,23.117],[81.206,23.119],[81.204,23.142],[81.198,23.13],[81.186,23.137],[81.175,23.155],[81.183,23.169],[81.159,23.166],[81.156,23.175],[81.153,23.18],[81.133,23.196],[81.118,23.218]]]},"properties":{"code":"IN-MP-dindori","name":"Dindori","state":"Madhya Pradesh"}},{"type":"Feature","geometry":{"type":"Polygon","coordinates":[[[76.78,22.351],[76.742,22.3],[76.684,22.305],[76.663,22.355],[76.603,22.411],[76.509,22.418],[76.444,22.389],[76.447,22.35],[76.4,22.341],[76.342,22.308],[76.252,22.296],[76.212,22.333],[76.182,22.275],[76.108,22.254],[76.032,22.199],[76.098,22.192],[76.13,22.173],[76.145,22.12],[76.106,22.094],[76.106,22.057],[76.153,22.061],[76.142,22.1],[76.183,22.125],[76.233,22.076],[76.146,21.982],[76.17,21.888],[76.103,21.85],[76.096,21.772],[76.118,21.723],[76.167,21.725],[76.174,21.689],[76.108,21.691],[76.074,21.664],[76.079,21.575],[76.122,21.587],[76.126,21.589],[76.157,21.551],[76.19,21.549],[76.198,21.562],[76.213,21.571],[76.248,21.584],[76.287,21.587],[76.292,21.581],[76.294,21.578],[76.354,21.568],[76.375,21.598],[76.418,21.6],[76.426,21.586],[76.433,21.591],[76.453,21.584],[76.484,21.58],[76.511,21.564],[76.541,21.566],[76.551,21.569],[76.593,21.571],[76.629,21.569],[76.671,21.568],[76.682,21.571],[76.714,21.567],[76.743,21.579],[76.748,21.57],[76.751,21.561],[76.758,21.557],[76.773,21.56],[76.78,21.562],[76.795,21.598],[76.852,21.615],[76.892,21.601],[76.997,21.682],[77.062,21.715],[77.077,21.772],[77.138,21.785],[77.168,21.81],[77.16,21.852],[77.216,21.908],[77.189,21.948],[77.164,21.977],[77.134,21.996],[77.074,21.985],[77.065,21.984],[77.042,21.99],[77.032,21.994],[77.022,21.994],[77.013,21.985],[76.989,21.987],[76.988,21.988],[76.986,21.99],[76.98,21.993],[76.978,22.009],[76.977,22.009],[76.974,22.01],[76.967,22.01],[76.966,22.01],[76.964,22.01],[76.959,22.011],[76.954,22.012],[76.948,22.011],[76.946,22.01],[76.939,22.006],[76.938,21.996],[76.937,21.995],[76.932,21.994],[76.93,21.998],[76.927,22.001],[76.925,22.007],[76.923,22.008],[76.921,22.01],[76.915,22.011],[76.907,22.009],[76.903,21.997],[76.902,21.994],[76.9,21.992],[76.893,21.988],[76.889,21.987],[76.886,21.987],[76.878,21.994],[76.877,21.998],[76.876,22.003],[76.88,22.007],[76.879,22.011],[76.875,22.016],[76.873,22.021],[76.87,22.029],[76.864,22.032],[76.857,22.034],[76.854,22.038],[76.854,22.046],[76.85,22.054],[76.847,22.057],[76.845,22.06],[76.843,22.068],[76.844,22.074],[76.845,22.082],[76.846,22.089],[76.85,22.092],[76.853,22.094],[76.857,22.098],[76.854,22.112],[76.857,22.117],[76.871,22.123],[76.87,22.124],[76.866,22.126],[76.864,22.129],[76.864,22.132],[76.865,22.135],[76.866,22.138],[76.862,22.138],[76.861,22.137],[76.851,22.133],[76.845,22.135],[76.841,22.135],[76.836,22.135],[76.834,22.137],[76.834,22.14],[76.833,22.145],[76.831,22.15],[76.828,22.157],[76.829,22.165],[76.84,22.171],[76.843,22.173],[76.845,22.18],[76.844,22.183],[76.838,22.191],[76.838,22.194],[76.838,22.213],[76.839,22.217],[76.842,22.226],[76.844,22.229],[76.847,22.236],[76.846,22.238],[76.845,22.243],[76.851,22.252],[76.854,22.256],[76.842,22.261],[76.849,22.264],[76.856,22.267],[76.861,22.27],[76.864,22.271],[76.867,22.275],[76.87,22.278],[76.873,22.283],[76.873,22.285],[76.872,22.29],[76.873,22.291],[76.878,22.291],[76.884,22.293],[76.887,22.299],[76.892,22.302],[76.888,22.305],[76.884,22.308],[76.88,22.312],[76.878,22.312],[76.87,22.315],[76.867,22.317],[76.866,22.327],[76.863,22.329],[76.86,22.33],[76.856,22.332],[76.853,22.333],[76.848,22.336],[76.841,22.333],[76.831,22.325],[76.83,22.324],[76.821,22.321],[76.822,22.331],[76.821,22.338],[76.816,22.343],[76.801,22.34],[76.794,22.342],[76.79,22.346],[76.788,22.347],[76.784,22.349],[76.78,22.351]]]},"properties":{"code":"IN-MP-east-nimar","name":"East Nimar","state":"Madhya Pradesh"}},{"type":"Feature","geometry":{"type":"Polygon","coordinates":[[[77.303,25.084],[77.262,25.119],[77.17,25.114],[77.158,25.088],[77.077,25.058],[76.984,25.078],[76.969,25.056],[76.869,25.011],[76.872,24.955],[76.949,24.873],[76.895,24.84],[76.802,24.827],[76.847,24.77],[77.019,24.715],[77.059,24.642],[77.064,24.564],[77.05,24.527],[76.96,24.46],[76.915,24.488],[76.918,24.536],[76.846,24.551],[76.815,24.534],[76.851,24.469],[76.841,24.443],[76.837,24.361],[76.874,24.271],[76.944,24.199],[76.916,24.189],[76.878,24.135],[76.954,24.078],[76.998,24.062],[77.025,24.087],[77.178,24.087],[77.184,24.009],[77.16,23.953],[77.182,23.902],[77.223,23.9],[77.314,23.898],[77.306,24.014],[77.26,24.075],[77.294,24.093],[77.284,24.129],[77.337,24.185],[77.347,24.219],[77.318,24.29],[77.353,24.352],[77.404,24.332],[77.396,24.28],[77.447,24.245],[77.549,24.253],[77.593,24.302],[77.644,24.32],[77.62,24.357],[77.684,24.394],[77.633,24.432],[77.586,24.384],[77.502,24.411],[77.471,24.437],[77.486,24.562],[77.47,24.598],[77.484,24.654],[77.547,24.727],[77.514,24.831],[77.557,24.876],[77.472,24.882],[77.444,24.933],[77.353,24.949],[77.303,25.084]]]},"properties":{"code":"IN-MP-guna","name":"Guna","state":"Madhya Pradesh"}},{"type":"Feature","geometry":{"type":"Polygon","coordinates":[[[78.621,26.162],[78.605,26.205],[78.558,26.198],[78.486,26.27],[78.454,26.262],[78.408,26.302],[78.412,26.336],[78.324,26.353],[78.256,26.343],[78.221,26.31],[78.114,26.345],[78.02,26.317],[77.978,26.257],[77.904,26.259],[77.894,26.238],[77.83,26.236],[77.808,26.261],[77.737,26.169],[77.735,26.134],[77.767,26.056],[77.723,26.055],[77.665,25.985],[77.67,25.922],[77.706,25.884],[77.739,25.888],[77.791,25.83],[77.861,25.809],[77.869,25.746],[77.911,25.759],[77.989,25.746],[78.051,25.716],[78.207,25.744],[78.274,25.786],[78.311,25.823],[78.381,25.855],[78.459,25.91],[78.48,25.968],[78.534,25.98],[78.575,26.011],[78.634,26.089],[78.6,26.105],[78.621,26.162]]]},"properties":{"code":"IN-MP-gwalior","name":"Gwalior","state":"Madhya Pradesh"}},{"type":"Feature","geometry":{"type":"Polygon","coordinates":[[[77.204,22.567],[77.192,22.579],[77.188,22.58],[77.181,22.583],[77.176,22.585],[77.167,22.587],[77.155,22.588],[77.145,22.584],[77.14,22.579],[77.129,22.569],[77.122,22.563],[77.12,22.563],[77.112,22.554],[77.1,22.541],[77.067,22.515],[77.026,22.503],[77,22.502],[76.989,22.499],[76.985,22.498],[76.982,22.498],[76.968,22.497],[76.96,22.498],[76.926,22.496],[76.914,22.494],[76.898,22.49],[76.885,22.483],[76.877,22.479],[76.857,22.465],[76.856,22.463],[76.848,22.459],[76.839,22.456],[76.829,22.454],[76.822,22.453],[76.812,22.447],[76.807,22.443],[76.792,22.435],[76.787,22.432],[76.786,22.423],[76.787,22.42],[76.789,22.415],[76.788,22.404],[76.786,22.398],[76.784,22.393],[76.781,22.385],[76.781,22.382],[76.78,22.377],[76.78,22.374],[76.781,22.37],[76.782,22.365],[76.781,22.356],[76.781,22.353],[76.78,22.351],[76.784,22.349],[76.788,22.347],[76.79,22.346],[76.794,22.342],[76.801,22.34],[76.816,22.343],[76.821,22.338],[76.822,22.331],[76.821,22.321],[76.83,22.324],[76.831,22.325],[76.841,22.333],[76.848,22.336],[76.853,22.333],[76.856,22.332],[76.86,22.33],[76.863,22.329],[76.866,22.327],[76.867,22.317],[76.87,22.315],[76.878,22.312],[76.88,22.312],[76.884,22.308],[76.888,22.305],[76.892,22.302],[76.887,22.299],[76.884,22.293],[76.878,22.291],[76.873,22.291],[76.872,22.29],[76.873,22.285],[76.873,22.283],[76.87,22.278],[76.867,22.275],[76.864,22.271],[76.861,22.27],[76.856,22.267],[76.849,22.264],[76.842,22.261],[76.854,22.256],[76.851,22.252],[76.845,22.243],[76.846,22.238],[76.847,22.236],[76.844,22.229],[76.842,22.226],[76.839,22.217],[76.838,22.213],[76.838,22.194],[76.838,22.191],[76.844,22.183],[76.845,22.18],[76.843,22.173],[76.84,22.171],[76.829,22.165],[76.828,22.157],[76.831,22.15],[76.833,22.145],[76.834,22.14],[76.834,22.137],[76.836,22.135],[76.841,22.135],[76.845,22.135],[76.851,22.133],[76.861,22.137],[76.862,22.138],[76.866,22.138],[76.865,22.135],[76.864,22.132],[76.864,22.129],[76.866,22.126],[76.87,22.124],[76.871,22.123],[76.857,22.117],[76.854,22.112],[76.857,22.098],[76.853,22.094],[76.85,22.092],[76.846,22.089],[76.845,22.082],[76.844,22.074],[76.843,22.068],[76.845,22.06],[76.847,22.057],[76.85,22.054],[76.854,22.046],[76.854,22.038],[76.857,22.034],[76.864,22.032],[76.87,22.029],[76.873,22.021],[76.875,22.016],[76.879,22.011],[76.88,22.007],[76.876,22.003],[76.877,21.998],[76.878,21.994],[76.886,21.987],[76.889,21.987],[76.893,21.988],[76.9,21.992],[76.902,21.994],[76.903,21.997],[76.907,22.009],[76.915,22.011],[76.921,22.01],[76.923,22.008],[76.925,22.007],[76.927,22.001],[76.93,21.998],[76.932,21.994],[76.937,21.995],[76.938,21.996],[76.939,22.006],[76.946,22.01],[76.948,22.011],[76.954,22.012],[76.959,22.011],[76.964,22.01],[76.966,22.01],[76.967,22.01],[76.974,22.01],[76.977,22.009],[76.978,22.009],[76.98,21.993],[76.986,21.99],[76.988,21.988],[76.989,21.987],[77.013,21.985],[77.022,21.994],[77.032,21.994],[77.042,21.99],[77.065,21.984],[77.074,21.985],[77.134,21.996],[77.164,21.977],[77.189,21.948],[77.216,21.908],[77.238,21.913],[77.246,21.919],[77.251,21.93],[77.256,21.94],[77.267,21.959],[77.281,21.966],[77.332,21.975],[77.36,21.986],[77.377,21.995],[77.387,22.011],[77.387,22.014],[77.394,22.028],[77.409,22.027],[77.437,22.027],[77.443,22.027],[77.453,22.027],[77.463,22.029],[77.49,22.035],[77.495,22.039],[77.495,22.045],[77.496,22.048],[77.498,22.057],[77.498,22.058],[77.495,22.061],[77.495,22.067],[77.498,22.075],[77.482,22.081],[77.477,22.082],[77.471,22.086],[77.461,22.087],[77.455,22.084],[77.452,22.086],[77.451,22.091],[77.451,22.094],[77.455,22.099],[77.454,22.105],[77.455,22.111],[77.46,22.116],[77.464,22.124],[77.457,22.138],[77.459,22.145],[77.46,22.155],[77.464,22.164],[77.463,22.17],[77.456,22.175],[77.444,22.177],[77.437,22.176],[77.422,22.176],[77.41,22.181],[77.405,22.192],[77.401,22.197],[77.387,22.209],[77.377,22.218],[77.359,22.221],[77.354,22.238],[77.352,22.252],[77.352,22.258],[77.355,22.276],[77.346,22.297],[77.344,22.305],[77.35,22.317],[77.339,22.326],[77.337,22.332],[77.329,22.338],[77.324,22.343],[77.319,22.348],[77.313,22.349],[77.312,22.35],[77.305,22.361],[77.31,22.381],[77.308,22.383],[77.306,22.396],[77.305,22.401],[77.298,22.413],[77.294,22.417],[77.294,22.426],[77.296,22.431],[77.294,22.442],[77.288,22.439],[77.272,22.447],[77.274,22.45],[77.277,22.466],[77.274,22.471],[77.272,22.484],[77.275,22.5],[77.272,22.506],[77.255,22.524],[77.242,22.532],[77.259,22.539],[77.262,22.542],[77.253,22.554],[77.25,22.558],[77.232,22.557],[77.212,22.56],[77.204,22.567]]]},"properties":{"code":"IN-MP-harda","name":"Harda","state":"Madhya Pradesh"}},{"type":"Feature","geometry":{"type":"Polygon","coordinates":[[[78.674,22.702],[78.67,22.78],[78.583,22.827],[78.594,22.854],[78.566,22.959],[78.463,22.962],[78.437,22.988],[78.357,22.928],[78.32,22.921],[78.275,22.872],[78.209,22.895],[78.132,22.848],[78.099,22.793],[78.068,22.814],[78.024,22.806],[77.994,22.822],[77.934,22.803],[77.876,22.823],[77.837,22.864],[77.789,22.835],[77.771,22.79],[77.73,22.758],[77.685,22.763],[77.652,22.733],[77.615,22.745],[77.576,22.679],[77.346,22.602],[77.315,22.565],[77.264,22.611],[77.204,22.572],[77.204,22.567],[77.212,22.56],[77.232,22.557],[77.25,22.558],[77.253,22.554],[77.262,22.542],[77.259,22.539],[77.242,22.532],[77.255,22.524],[77.272,22.506],[77.275,22.5],[77.272,22.484],[77.274,22.471],[77.277,22.466],[77.274,22.45],[77.272,22.447],[77.288,22.439],[77.294,22.442],[77.296,22.431],[77.294,22.426],[77.294,22.417],[77.298,22.413],[77.305,22.401],[77.306,22.396],[77.308,22.383],[77.31,22.381],[77.305,22.361],[77.312,22.35],[77.313,22.349],[77.319,22.348],[77.324,22.343],[77.329,22.338],[77.337,22.332],[77.339,22.326],[77.35,22.317],[77.344,22.305],[77.346,22.297],[77.355,22.276],[77.352,22.258],[77.352,22.252],[77.353,22.252],[77.382,22.229],[77.44,22.222],[77.45,22.252],[77.497,22.283],[77.497,22.31],[77.54,22.358],[77.676,22.325],[77.791,22.332],[77.857,22.349],[77.852,22.298],[77.875,22.283],[77.932,22.33],[77.984,22.32],[78.032,22.333],[78.181,22.4],[78.268,22.405],[78.316,22.427],[78.387,22.417],[78.42,22.386],[78.478,22.387],[78.549,22.456],[78.512,22.479],[78.543,22.535],[78.496,22.596],[78.518,22.667],[78.612,22.658],[78.674,22.702]]]},"properties":{"code":"IN-MP-hoshangabad","name":"Hoshangabad","state":"Madhya Pradesh"}},{"type":"Feature","geometry":{"type":"Polygon","coordinates":[[[75.899,23.004],[75.873,23.042],[75.812,23.044],[75.711,23.025],[75.634,23.024],[75.628,23.087],[75.566,23.068],[75.479,23.005],[75.44,22.911],[75.438,22.873],[75.423,22.831],[75.437,22.776],[75.489,22.765],[75.509,22.734],[75.527,22.635],[75.661,22.639],[75.714,22.622],[75.678,22.584],[75.593,22.559],[75.572,22.515],[75.572,22.456],[75.545,22.413],[75.559,22.378],[75.621,22.343],[75.677,22.349],[75.721,22.372],[75.772,22.37],[75.838,22.406],[75.855,22.384],[75.911,22.394],[75.916,22.424],[76.015,22.443],[76.058,22.465],[76.03,22.532],[76.086,22.551],[76.088,22.591],[76.161,22.626],[76.229,22.62],[76.244,22.647],[76.189,22.693],[76.102,22.705],[76.032,22.848],[75.984,22.89],[75.978,22.925],[75.899,23.004]]]},"properties":{"code":"IN-MP-indore","name":"Indore","state":"Madhya Pradesh"}},{"type":"Feature","geometry":{"type":"Polygon","coordinates":[[[80.537,23.392],[80.479,23.392],[80.427,23.35],[80.321,23.315],[80.295,23.333],[80.193,23.337],[80.162,23.303],[80.112,23.338],[80.03,23.356],[79.97,23.349],[79.936,23.399],[79.867,23.366],[79.838,23.448],[79.795,23.468],[79.731,23.427],[79.688,23.359],[79.533,23.264],[79.505,23.268],[79.419,23.195],[79.366,23.167],[79.345,23.108],[79.454,23.099],[79.513,23.144],[79.571,23.13],[79.601,23.066],[79.587,23.022],[79.633,22.98],[79.617,22.957],[79.645,22.928],[79.716,22.923],[79.831,22.833],[79.893,22.865],[79.957,22.855],[79.966,22.922],[79.952,22.955],[80.002,22.985],[79.989,23.028],[80.028,23.038],[80.079,23.078],[80.104,23.055],[80.158,23.049],[80.196,23.071],[80.173,23.118],[80.239,23.15],[80.303,23.099],[80.35,23.139],[80.424,23.142],[80.504,23.109],[80.518,23.081],[80.522,23.084],[80.52,23.104],[80.521,23.108],[80.537,23.108],[80.545,23.113],[80.561,23.124],[80.568,23.128],[80.573,23.133],[80.573,23.142],[80.551,23.153],[80.548,23.168],[80.545,23.17],[80.516,23.159],[80.509,23.171],[80.473,23.2],[80.496,23.21],[80.5,23.22],[80.511,23.238],[80.514,23.246],[80.516,23.259],[80.528,23.261],[80.542,23.273],[80.559,23.272],[80.563,23.28],[80.565,23.284],[80.574,23.285],[80.577,23.29],[80.576,23.31],[80.564,23.327],[80.566,23.339],[80.535,23.366],[80.551,23.38],[80.537,23.392]]]},"properties":{"code":"IN-MP-jabalpur","name":"Jabalpur","state":"Madhya Pradesh"}},{"type":"Feature","geometry":{"type":"Polygon","coordinates":[[[75.01,23.114],[74.991,23.142],[74.918,23.162],[74.886,23.138],[74.82,23.135],[74.782,23.15],[74.784,23.24],[74.741,23.229],[74.716,23.195],[74.669,23.201],[74.608,23.145],[74.546,23.132],[74.535,23.102],[74.467,23.085],[74.391,23.112],[74.323,23.063],[74.371,22.98],[74.342,22.965],[74.382,22.91],[74.463,22.913],[74.479,22.859],[74.465,22.815],[74.403,22.731],[74.384,22.644],[74.278,22.648],[74.237,22.614],[74.214,22.567],[74.128,22.524],[74.067,22.551],[74.105,22.433],[74.237,22.439],[74.274,22.393],[74.198,22.343],[74.134,22.332],[74.112,22.372],[74.072,22.36],[74.059,22.286],[74.076,22.222],[74.123,22.213],[74.138,22.054],[74.1,22.002],[74.154,21.986],[74.146,21.954],[74.201,21.926],[74.292,21.937],[74.388,22.02],[74.436,22.031],[74.506,22.046],[74.477,22.115],[74.537,22.117],[74.499,22.176],[74.531,22.239],[74.592,22.244],[74.65,22.275],[74.626,22.332],[74.635,22.365],[74.695,22.37],[74.693,22.416],[74.716,22.466],[74.72,22.533],[74.784,22.581],[74.798,22.66],[74.766,22.75],[74.905,22.76],[74.954,22.81],[74.987,22.868],[75.009,22.943],[75.01,23.114]]]},"properties":{"code":"IN-MP-jhabua","name":"Jhabua","state":"Madhya Pradesh"}},{"type":"Feature","geometry":{"type":"Polygon","coordinates":[[[80.951,24.069],[80.859,24.078],[80.833,24.029],[80.754,23.993],[80.751,24.032],[80.793,24.07],[80.707,24.073],[80.731,24.138],[80.478,23.998],[80.35,23.97],[80.303,23.917],[80.221,23.954],[80.229,23.978],[80.168,24.004],[80.15,23.947],[80.053,23.996],[80.008,23.979],[79.964,23.866],[79.934,23.832],[79.859,23.832],[79.813,23.743],[79.821,23.7],[79.945,23.668],[79.935,23.622],[79.844,23.508],[79.795,23.468],[79.838,23.448],[79.867,23.366],[79.936,23.399],[79.97,23.349],[80.03,23.356],[80.112,23.338],[80.162,23.303],[80.193,23.337],[80.295,23.333],[80.321,23.315],[80.427,23.35],[80.479,23.392],[80.537,23.392],[80.526,23.404],[80.524,23.418],[80.532,23.437],[80.541,23.441],[80.55,23.439],[80.556,23.453],[80.556,23.462],[80.546,23.484],[80.542,23.522],[80.546,23.533],[80.545,23.548],[80.553,23.564],[80.561,23.57],[80.58,23.58],[80.59,23.578],[80.594,23.589],[80.602,23.589],[80.605,23.589],[80.617,23.618],[80.634,23.628],[80.636,23.645],[80.636,23.651],[80.649,23.657],[80.663,23.695],[80.671,23.711],[80.675,23.723],[80.68,23.735],[80.689,23.738],[80.696,23.737],[80.7,23.739],[80.703,23.763],[80.706,23.764],[80.714,23.755],[80.718,23.741],[80.722,23.735],[80.728,23.73],[80.764,23.71],[80.766,23.708],[80.769,23.702],[80.778,23.7],[80.795,23.69],[80.808,23.682],[80.814,23.672],[80.833,23.674],[80.849,23.674],[80.873,23.681],[80.895,23.682],[80.898,23.701],[80.898,23.711],[80.894,23.716],[80.893,23.726],[80.887,23.757],[80.885,23.764],[80.886,23.771],[80.906,23.789],[80.9,23.798],[80.899,23.807],[80.898,23.814],[80.89,23.832],[80.887,23.863],[80.855,23.881],[80.859,23.893],[80.861,23.908],[80.835,23.91],[80.833,23.937],[80.83,23.959],[80.835,23.967],[80.847,23.969],[80.864,23.968],[80.871,23.976],[80.867,23.986],[80.881,24.001],[80.886,24.011],[80.888,24.015],[80.897,24.038],[80.912,24.046],[80.928,24.047],[80.931,24.049],[80.923,24.053],[80.936,24.062],[80.948,24.066],[80.951,24.069]]]},"properties":{"code":"IN-MP-katni","name":"Katni","state":"Madhya Pradesh"}},{"type":"Feature","geometry":{"type":"Polygon","coordinates":[[[80.518,23.081],[80.504,23.109],[80.424,23.142],[80.35,23.139],[80.303,23.099],[80.239,23.15],[80.173,23.118],[80.196,23.071],[80.158,23.049],[80.104,23.055],[80.079,23.078],[80.028,23.038],[79.989,23.028],[80.002,22.985],[79.952,22.955],[79.966,22.922],[79.957,22.855],[80.014,22.796],[80.068,22.76],[80.096,22.773],[80.178,22.768],[80.209,22.803],[80.276,22.785],[80.274,22.723],[80.233,22.718],[80.232,22.709],[80.228,22.699],[80.233,22.691],[80.23,22.678],[80.225,22.675],[80.205,22.674],[80.201,22.639],[80.209,22.63],[80.202,22.616],[80.192,22.608],[80.154,22.602],[80.14,22.616],[80.127,22.616],[80.116,22.618],[80.059,22.609],[80.042,22.607],[80.027,22.602],[80.013,22.599],[80.003,22.589],[79.998,22.578],[79.986,22.581],[79.972,22.568],[79.958,22.568],[79.947,22.559],[79.987,22.548],[80,22.553],[80.006,22.546],[80.02,22.546],[80.025,22.544],[80.029,22.535],[80.02,22.522],[80.019,22.505],[80.028,22.504],[80.031,22.503],[80.043,22.482],[80.046,22.463],[80.062,22.456],[80.065,22.454],[80.072,22.433],[80.085,22.409],[80.069,22.397],[80.064,22.378],[80.073,22.355],[80.088,22.342],[80.102,22.346],[80.144,22.349],[80.163,22.345],[80.162,22.335],[80.163,22.329],[80.173,22.328],[80.194,22.32],[80.207,22.316],[80.211,22.311],[80.225,22.305],[80.229,22.302],[80.295,22.339],[80.307,22.345],[80.319,22.346],[80.328,22.341],[80.338,22.33],[80.329,22.306],[80.341,22.3],[80.365,22.304],[80.376,22.309],[80.395,22.301],[80.412,22.281],[80.432,22.247],[80.445,22.264],[80.458,22.28],[80.478,22.278],[80.484,22.272],[80.5,22.276],[80.504,22.273],[80.509,22.266],[80.514,22.264],[80.522,22.245],[80.529,22.241],[80.576,22.231],[80.595,22.233],[80.603,22.228],[80.64,22.227],[80.652,22.222],[80.666,22.216],[80.678,22.213],[80.693,22.205],[80.704,22.206],[80.721,22.218],[80.718,22.234],[80.712,22.274],[80.739,22.292],[80.747,22.303],[80.767,22.315],[80.781,22.313],[80.786,22.352],[80.792,22.367],[80.788,22.372],[80.791,22.38],[80.789,22.394],[80.792,22.398],[80.838,22.383],[80.846,22.384],[80.855,22.379],[80.859,22.365],[80.866,22.359],[80.872,22.358],[80.884,22.352],[80.885,22.35],[80.896,22.365],[80.907,22.391],[80.863,22.437],[80.94,22.503],[80.962,22.543],[80.951,22.559],[80.94,22.556],[80.935,22.586],[80.958,22.591],[80.96,22.593],[80.976,22.612],[80.993,22.62],[80.993,22.642],[80.958,22.644],[80.958,22.638],[80.949,22.641],[80.938,22.667],[80.936,22.675],[80.918,22.682],[80.921,22.707],[80.91,22.712],[80.934,22.743],[80.875,22.759],[80.863,22.764],[80.862,22.807],[80.85,22.822],[80.859,22.839],[80.771,22.818],[80.753,22.814],[80.741,22.816],[80.725,22.814],[80.736,22.846],[80.729,22.858],[80.726,22.859],[80.712,22.863],[80.705,22.857],[80.684,22.85],[80.677,22.851],[80.677,22.841],[80.676,22.839],[80.663,22.839],[80.651,22.841],[80.579,22.862],[80.568,22.869],[80.565,22.877],[80.567,22.89],[80.579,22.962],[80.552,23.032],[80.518,23.081]]]},"properties":{"code":"IN-MP-mandla","name":"Mandla","state":"Madhya Pradesh"}},{"type":"Feature","geometry":{"type":"Polygon","coordinates":[[[75.786,24.766],[75.742,24.76],[75.613,24.688],[75.582,24.723],[75.549,24.716],[75.572,24.68],[75.593,24.554],[75.579,24.516],[75.528,24.488],[75.485,24.425],[75.373,24.34],[75.348,24.36],[75.213,24.332],[75.122,24.358],[75.062,24.361],[75.032,24.392],[74.959,24.355],[74.964,24.308],[74.904,24.246],[74.88,24.216],[74.9,24.174],[74.96,24.11],[74.993,24.03],[74.915,23.912],[74.91,23.801],[74.94,23.766],[74.97,23.797],[75.025,23.787],[75.05,23.827],[75.198,23.832],[75.299,23.856],[75.332,23.842],[75.456,23.921],[75.465,23.981],[75.514,24.049],[75.635,24],[75.669,24.034],[75.7,23.969],[75.762,23.998],[75.78,24.062],[75.83,24.072],[75.743,24.14],[75.774,24.221],[75.805,24.23],[75.813,24.301],[75.765,24.311],[75.738,24.348],[75.736,24.403],[75.786,24.458],[75.829,24.423],[75.903,24.446],[75.921,24.544],[75.853,24.614],[75.839,24.73],[75.786,24.766]]]},"properties":{"code":"IN-MP-mandsaur","name":"Mandsaur","state":"Madhya Pradesh"}},{"type":"Feature","geometry":{"type":"Polygon","coordinates":[[[78.535,26.772],[78.458,26.795],[78.426,26.832],[78.386,26.828],[78.363,26.871],[78.282,26.864],[78.256,26.82],[78.21,26.836],[78.179,26.801],[78.095,26.789],[78.088,26.687],[77.992,26.703],[77.94,26.663],[77.904,26.666],[77.879,26.62],[77.82,26.6],[77.813,26.555],[77.739,26.543],[77.727,26.515],[77.671,26.51],[77.599,26.454],[77.523,26.415],[77.428,26.407],[77.432,26.365],[77.366,26.372],[77.318,26.346],[77.267,26.276],[77.194,26.236],[77.109,26.225],[77.193,26.144],[77.2,26.111],[77.243,26.09],[77.269,26.13],[77.324,26.151],[77.394,26.158],[77.545,26.029],[77.608,26.035],[77.642,26.014],[77.634,25.968],[77.593,25.965],[77.592,25.924],[77.649,25.916],[77.67,25.922],[77.665,25.985],[77.723,26.055],[77.767,26.056],[77.735,26.134],[77.737,26.169],[77.808,26.261],[77.83,26.236],[77.894,26.238],[77.904,26.259],[77.978,26.257],[78.02,26.317],[78.114,26.345],[78.221,26.31],[78.256,26.343],[78.282,26.444],[78.248,26.449],[78.207,26.534],[78.343,26.566],[78.363,26.594],[78.422,26.615],[78.454,26.677],[78.494,26.678],[78.535,26.772]]]},"properties":{"code":"IN-MP-morena","name":"Morena","state":"Madhya Pradesh"}},{"type":"Feature","geometry":{"type":"Polygon","coordinates":[[[79.183,23.223],[79.141,23.174],[79.091,23.205],[78.975,23.201],[78.925,23.236],[78.888,23.216],[78.802,23.239],[78.808,23.215],[78.785,23.131],[78.791,23.095],[78.721,23.048],[78.458,23.007],[78.437,22.988],[78.463,22.962],[78.566,22.959],[78.594,22.854],[78.583,22.827],[78.67,22.78],[78.674,22.702],[78.685,22.657],[78.736,22.627],[78.778,22.632],[78.835,22.685],[78.911,22.671],[78.958,22.622],[79.005,22.631],[79.039,22.762],[79.071,22.746],[79.131,22.791],[79.188,22.808],[79.235,22.802],[79.239,22.723],[79.279,22.695],[79.293,22.62],[79.319,22.618],[79.395,22.685],[79.407,22.724],[79.508,22.722],[79.514,22.783],[79.538,22.82],[79.619,22.876],[79.59,22.946],[79.617,22.957],[79.633,22.98],[79.587,23.022],[79.601,23.066],[79.571,23.13],[79.513,23.144],[79.454,23.099],[79.345,23.108],[79.366,23.167],[79.328,23.15],[79.295,23.231],[79.236,23.253],[79.183,23.223]]]},"properties":{"code":"IN-MP-narsinghpur","name":"Narsinghpur","state":"Madhya Pradesh"}},{"type":"Feature","geometry":{"type":"Polygon","coordinates":[[[75.194,25.038],[75.164,24.992],[75.116,24.965],[75.119,24.889],[75.074,24.887],[75.043,24.859],[74.945,24.878],[74.867,24.937],[74.827,24.899],[74.856,24.853],[74.859,24.813],[74.905,24.797],[75.013,24.794],[74.993,24.753],[75,24.708],[74.964,24.7],[74.944,24.662],[74.873,24.669],[74.819,24.765],[74.776,24.686],[74.817,24.672],[74.748,24.597],[74.757,24.489],[74.815,24.492],[74.857,24.452],[74.785,24.367],[74.773,24.272],[74.875,24.278],[74.904,24.246],[74.964,24.308],[74.959,24.355],[75.032,24.392],[75.062,24.361],[75.122,24.358],[75.213,24.332],[75.348,24.36],[75.373,24.34],[75.485,24.425],[75.528,24.488],[75.579,24.516],[75.593,24.554],[75.572,24.68],[75.549,24.716],[75.452,24.693],[75.228,24.735],[75.192,24.789],[75.242,24.861],[75.284,24.85],[75.3,24.815],[75.417,24.864],[75.326,24.887],[75.337,24.963],[75.319,25.007],[75.351,25.025],[75.31,25.046],[75.194,25.038]]]},"properties":{"code":"IN-MP-neemuch","name":"Neemuch","state":"Madhya Pradesh"}},{"type":"Feature","geometry":{"type":"Polygon","coordinates":[[[80.494,25.045],[80.441,25.082],[80.394,25.072],[80.368,25.025],[80.314,25.004],[80.267,25.03],[80.142,24.941],[80.047,24.942],[80.027,24.926],[80.085,24.828],[80.057,24.786],[79.99,24.727],[79.952,24.661],[79.89,24.697],[79.837,24.601],[79.881,24.574],[79.86,24.511],[79.876,24.378],[79.852,24.354],[79.79,24.377],[79.851,24.302],[79.807,24.287],[79.838,24.251],[79.805,24.163],[79.764,24.113],[79.755,24.076],[79.781,24.034],[79.838,24.025],[79.85,23.995],[79.832,23.937],[79.864,23.894],[79.859,23.832],[79.934,23.832],[79.964,23.866],[80.008,23.979],[80.053,23.996],[80.15,23.947],[80.168,24.004],[80.229,23.978],[80.221,23.954],[80.303,23.917],[80.35,23.97],[80.387,24.026],[80.436,24.038],[80.45,24.09],[80.504,24.08],[80.616,24.162],[80.571,24.303],[80.533,24.323],[80.495,24.377],[80.464,24.38],[80.454,24.439],[80.417,24.445],[80.456,24.588],[80.361,24.695],[80.405,24.778],[80.433,24.751],[80.532,24.812],[80.6,24.838],[80.626,24.869],[80.572,24.904],[80.489,24.914],[80.466,24.976],[80.499,25.009],[80.494,25.045]]]},"properties":{"code":"IN-MP-panna","name":"Panna","state":"Madhya Pradesh"}},{"type":"Feature","geometry":{"type":"Polygon","coordinates":[[[78.802,23.239],[78.751,23.252],[78.764,23.298],[78.713,23.355],[78.658,23.337],[78.625,23.367],[78.617,23.422],[78.673,23.498],[78.729,23.535],[78.732,23.58],[78.588,23.55],[78.565,23.568],[78.5,23.56],[78.509,23.653],[78.472,23.643],[78.428,23.748],[78.363,23.73],[78.421,23.678],[78.372,23.658],[78.287,23.678],[78.263,23.6],[78.216,23.533],[78.129,23.52],[78.13,23.487],[78.081,23.454],[78.01,23.478],[77.988,23.43],[78.043,23.405],[78.017,23.349],[77.956,23.376],[77.953,23.419],[77.91,23.456],[77.874,23.446],[77.806,23.465],[77.73,23.539],[77.668,23.522],[77.621,23.468],[77.517,23.522],[77.488,23.431],[77.554,23.428],[77.546,23.395],[77.621,23.333],[77.589,23.31],[77.594,23.248],[77.564,23.148],[77.502,23.11],[77.379,23.093],[77.357,23.06],[77.361,23.005],[77.414,22.971],[77.434,22.923],[77.517,22.874],[77.577,22.871],[77.625,22.834],[77.668,22.846],[77.68,22.879],[77.773,22.901],[77.839,22.943],[77.96,22.965],[77.944,22.905],[78.005,22.933],[78.029,22.911],[78.005,22.859],[78.024,22.806],[78.068,22.814],[78.099,22.793],[78.132,22.848],[78.209,22.895],[78.275,22.872],[78.32,22.921],[78.357,22.928],[78.437,22.988],[78.458,23.007],[78.721,23.048],[78.791,23.095],[78.785,23.131],[78.808,23.215],[78.802,23.239]]]},"properties":{"code":"IN-MP-raisen","name":"Raisen","state":"Madhya Pradesh"}},{"type":"Feature","geometry":{"type":"Polygon","coordinates":[[[76.878,24.135],[76.791,24.126],[76.769,24.165],[76.721,24.162],[76.674,24.193],[76.702,24.249],[76.679,24.271],[76.616,24.263],[76.571,24.213],[76.58,24.181],[76.523,24.163],[76.508,24.2],[76.463,24.229],[76.412,24.21],[76.353,24.249],[76.318,24.251],[76.276,24.217],[76.216,24.217],[76.224,24.157],[76.201,24.104],[76.218,24.056],[76.263,24.057],[76.312,23.936],[76.297,23.901],[76.355,23.854],[76.395,23.766],[76.402,23.676],[76.427,23.658],[76.442,23.576],[76.487,23.515],[76.526,23.576],[76.6,23.565],[76.663,23.528],[76.692,23.491],[76.759,23.501],[76.794,23.46],[76.847,23.499],[76.959,23.505],[77.048,23.485],[77.105,23.526],[77.146,23.578],[77.135,23.646],[77.166,23.691],[77.218,23.825],[77.223,23.9],[77.182,23.902],[77.16,23.953],[77.184,24.009],[77.178,24.087],[77.025,24.087],[76.998,24.062],[76.954,24.078],[76.878,24.135]]]},"properties":{"code":"IN-MP-rajgarh","name":"Rajgarh","state":"Madhya Pradesh"}},{"type":"Feature","geometry":{"type":"Polygon","coordinates":[[[75.684,23.761],[75.676,23.782],[75.566,23.816],[75.562,23.858],[75.456,23.921],[75.332,23.842],[75.299,23.856],[75.198,23.832],[75.05,23.827],[75.025,23.787],[74.97,23.797],[74.94,23.766],[74.924,23.719],[74.94,23.63],[74.886,23.606],[74.851,23.557],[74.803,23.534],[74.774,23.543],[74.742,23.519],[74.613,23.461],[74.573,23.419],[74.572,23.383],[74.534,23.323],[74.549,23.287],[74.615,23.285],[74.632,23.263],[74.701,23.272],[74.741,23.229],[74.784,23.24],[74.782,23.15],[74.82,23.135],[74.886,23.138],[74.918,23.162],[74.991,23.142],[75.01,23.114],[75.105,23.113],[75.235,23.091],[75.242,23.139],[75.229,23.217],[75.265,23.249],[75.261,23.304],[75.215,23.332],[75.165,23.402],[75.158,23.439],[75.183,23.522],[75.273,23.545],[75.279,23.591],[75.397,23.605],[75.404,23.585],[75.496,23.53],[75.514,23.592],[75.503,23.623],[75.523,23.672],[75.62,23.665],[75.644,23.712],[75.689,23.751],[75.684,23.761]]]},"properties":{"code":"IN-MP-ratlam","name":"Ratlam","state":"Madhya Pradesh"}},{"type":"Feature","geometry":{"type":"Polygon","coordinates":[[[82.1,24.81],[82.005,24.851],[81.965,24.841],[81.903,24.884],[81.902,24.983],[81.829,25.019],[81.792,25.01],[81.716,25.053],[81.647,25.075],[81.592,25.136],[81.566,25.196],[81.534,25.188],[81.492,25.149],[81.484,25.075],[81.389,25.124],[81.349,25.167],[81.269,25.165],[81.246,25.106],[81.262,25.068],[81.202,24.996],[81.206,24.939],[81.155,24.932],[81.117,24.902],[81.09,24.837],[81.045,24.799],[81.175,24.702],[81.149,24.545],[81.159,24.501],[81.217,24.494],[81.236,24.441],[81.283,24.399],[81.264,24.333],[81.298,24.325],[81.366,24.364],[81.448,24.396],[81.541,24.445],[81.633,24.474],[81.689,24.503],[81.738,24.498],[81.878,24.532],[81.888,24.556],[81.955,24.556],[82.191,24.618],[82.267,24.596],[82.294,24.614],[82.292,24.665],[82.243,24.702],[82.238,24.754],[82.1,24.81]]]},"properties":{"code":"IN-MP-rewa","name":"Rewa","state":"Madhya Pradesh"}},{"type":"Feature","geometry":{"type":"Polygon","coordinates":[[[78.987,24.423],[78.968,24.357],[78.908,24.301],[78.858,24.214],[78.785,24.185],[78.754,24.247],[78.699,24.234],[78.617,24.296],[78.578,24.357],[78.5,24.394],[78.435,24.298],[78.386,24.273],[78.327,24.338],[78.363,24.378],[78.261,24.454],[78.087,24.324],[78.067,24.261],[78.053,24.233],[78.128,24.215],[78.112,24.131],[78.13,24.12],[78.113,24.045],[78.177,24.016],[78.206,24.072],[78.272,24.033],[78.283,23.93],[78.268,23.848],[78.293,23.832],[78.258,23.773],[78.255,23.728],[78.287,23.678],[78.372,23.658],[78.421,23.678],[78.363,23.73],[78.428,23.748],[78.472,23.643],[78.509,23.653],[78.5,23.56],[78.565,23.568],[78.588,23.55],[78.732,23.58],[78.729,23.535],[78.673,23.498],[78.617,23.422],[78.625,23.367],[78.658,23.337],[78.713,23.355],[78.764,23.298],[78.751,23.252],[78.802,23.239],[78.888,23.216],[78.925,23.236],[78.975,23.201],[79.091,23.205],[79.141,23.174],[79.183,23.223],[79.224,23.293],[79.23,23.342],[79.187,23.367],[79.176,23.434],[79.283,23.491],[79.325,23.529],[79.292,23.577],[79.296,23.679],[79.279,23.748],[79.215,23.788],[79.24,23.832],[79.177,23.837],[79.106,23.883],[79.069,23.935],[79.111,23.981],[79.175,24.012],[79.139,24.105],[79.069,24.133],[79.043,24.227],[79.131,24.257],[79.166,24.281],[79.177,24.329],[79.226,24.343],[79.232,24.42],[79.161,24.434],[79.067,24.407],[79.048,24.374],[78.987,24.423]]]},"properties":{"code":"IN-MP-sagar","name":"Sagar","state":"Madhya Pradesh"}},{"type":"Feature","geometry":{"type":"Polygon","coordinates":[[[81.117,24.902],[81.076,24.952],[80.953,24.939],[80.937,24.972],[80.857,24.936],[80.802,24.944],[80.85,25.003],[80.829,25.03],[80.871,25.071],[80.865,25.124],[80.906,25.164],[80.87,25.189],[80.819,25.131],[80.751,25.142],[80.714,25.068],[80.674,25.054],[80.595,25.155],[80.579,25.088],[80.494,25.045],[80.499,25.009],[80.466,24.976],[80.489,24.914],[80.572,24.904],[80.626,24.869],[80.6,24.838],[80.532,24.812],[80.433,24.751],[80.405,24.778],[80.361,24.695],[80.456,24.588],[80.417,24.445],[80.454,24.439],[80.464,24.38],[80.495,24.377],[80.533,24.323],[80.571,24.303],[80.616,24.162],[80.504,24.08],[80.45,24.09],[80.436,24.038],[80.387,24.026],[80.35,23.97],[80.478,23.998],[80.731,24.138],[80.707,24.073],[80.793,24.07],[80.751,24.032],[80.754,23.993],[80.833,24.029],[80.859,24.078],[80.951,24.069],[80.954,24.07],[80.966,24.069],[80.978,24.081],[80.987,24.094],[80.992,24.095],[81.004,24.095],[81.121,24.137],[81.194,24.112],[81.216,24.15],[81.278,24.192],[81.34,24.193],[81.383,24.268],[81.344,24.257],[81.298,24.325],[81.264,24.333],[81.283,24.399],[81.236,24.441],[81.217,24.494],[81.159,24.501],[81.149,24.545],[81.175,24.702],[81.045,24.799],[81.09,24.837],[81.117,24.902]]]},"properties":{"code":"IN-MP-satna","name":"Satna","state":"Madhya Pradesh"}},{"type":"Feature","geometry":{"type":"Polygon","coordinates":[[[77.379,23.093],[77.282,23.108],[77.237,23.198],[77.186,23.246],[77.217,23.303],[77.179,23.314],[77.186,23.364],[77.227,23.361],[77.294,23.436],[77.295,23.518],[77.272,23.615],[77.221,23.637],[77.166,23.691],[77.135,23.646],[77.146,23.578],[77.105,23.526],[77.048,23.485],[77.015,23.411],[76.993,23.403],[76.99,23.289],[76.95,23.246],[76.891,23.21],[76.896,23.137],[76.861,23.109],[76.805,23.128],[76.772,23.175],[76.731,23.146],[76.685,23.196],[76.629,23.2],[76.625,23.141],[76.587,23.113],[76.536,23.132],[76.46,23.075],[76.445,22.994],[76.451,22.93],[76.518,22.865],[76.517,22.821],[76.574,22.77],[76.623,22.802],[76.675,22.788],[76.702,22.814],[76.787,22.837],[76.824,22.872],[76.915,22.864],[76.997,22.872],[77.025,22.771],[77.038,22.675],[77.085,22.657],[77.12,22.563],[77.122,22.563],[77.129,22.569],[77.14,22.579],[77.145,22.584],[77.155,22.588],[77.167,22.587],[77.176,22.585],[77.181,22.583],[77.188,22.58],[77.192,22.579],[77.204,22.572],[77.264,22.611],[77.315,22.565],[77.346,22.602],[77.576,22.679],[77.615,22.745],[77.652,22.733],[77.685,22.763],[77.73,22.758],[77.771,22.79],[77.789,22.835],[77.837,22.864],[77.876,22.823],[77.934,22.803],[77.994,22.822],[78.024,22.806],[78.005,22.859],[78.029,22.911],[78.005,22.933],[77.944,22.905],[77.96,22.965],[77.839,22.943],[77.773,22.901],[77.68,22.879],[77.668,22.846],[77.625,22.834],[77.577,22.871],[77.517,22.874],[77.434,22.923],[77.414,22.971],[77.361,23.005],[77.357,23.06],[77.379,23.093]]]},"properties":{"code":"IN-MP-sehore","name":"Sehore","state":"Madhya Pradesh"}},{"type":"Feature","geometry":{"type":"Polygon","coordinates":[[[79.957,22.855],[79.893,22.865],[79.831,22.833],[79.716,22.923],[79.645,22.928],[79.617,22.957],[79.59,22.946],[79.619,22.876],[79.538,22.82],[79.514,22.783],[79.508,22.722],[79.407,22.724],[79.395,22.685],[79.319,22.618],[79.365,22.606],[79.316,22.545],[79.336,22.485],[79.293,22.381],[79.341,22.385],[79.348,22.351],[79.282,22.325],[79.305,22.289],[79.358,22.265],[79.326,22.216],[79.337,22.161],[79.403,22.042],[79.391,21.993],[79.35,21.966],[79.271,21.832],[79.271,21.775],[79.224,21.756],[79.228,21.722],[79.285,21.694],[79.395,21.675],[79.411,21.691],[79.489,21.674],[79.512,21.626],[79.506,21.59],[79.601,21.677],[79.666,21.694],[79.686,21.8],[79.763,21.808],[79.794,21.859],[79.886,21.93],[79.918,21.972],[79.923,22.063],[79.999,22.083],[80.064,22.082],[80.039,22.128],[80.029,22.188],[80.09,22.246],[80.076,22.3],[80.094,22.342],[80.088,22.342],[80.073,22.355],[80.064,22.378],[80.069,22.397],[80.085,22.409],[80.072,22.433],[80.065,22.454],[80.062,22.456],[80.046,22.463],[80.043,22.482],[80.031,22.503],[80.028,22.504],[80.019,22.505],[80.02,22.522],[80.029,22.535],[80.025,22.544],[80.02,22.546],[80.006,22.546],[80,22.553],[79.987,22.548],[79.947,22.559],[79.958,22.568],[79.972,22.568],[79.986,22.581],[79.998,22.578],[80.003,22.589],[80.013,22.599],[80.027,22.602],[80.042,22.607],[80.059,22.609],[80.116,22.618],[80.127,22.616],[80.14,22.616],[80.154,22.602],[80.192,22.608],[80.202,22.616],[80.209,22.63],[80.201,22.639],[80.205,22.674],[80.225,22.675],[80.23,22.678],[80.233,22.691],[80.228,22.699],[80.232,22.709],[80.233,22.718],[80.274,22.723],[80.276,22.785],[80.209,22.803],[80.178,22.768],[80.096,22.773],[80.068,22.76],[80.014,22.796],[79.957,22.855]]]},"properties":{"code":"IN-MP-seoni","name":"Seoni","state":"Madhya Pradesh"}},{"type":"Feature","geometry":{"type":"Polygon","coordinates":[[[81.597,23.889],[81.535,23.92],[81.547,23.956],[81.495,23.996],[81.531,24.072],[81.467,24.174],[81.474,24.243],[81.383,24.268],[81.34,24.193],[81.278,24.192],[81.216,24.15],[81.194,24.112],[81.121,24.137],[81.004,24.095],[80.999,24.091],[80.994,24.084],[81.007,24.062],[81.022,24.037],[81.062,23.968],[81.066,23.966],[81.101,23.967],[81.114,23.972],[81.123,23.969],[81.124,23.962],[81.138,23.924],[81.156,23.927],[81.17,23.912],[81.155,23.899],[81.167,23.881],[81.189,23.886],[81.193,23.887],[81.202,23.883],[81.21,23.868],[81.218,23.856],[81.22,23.855],[81.241,23.859],[81.259,23.848],[81.261,23.835],[81.238,23.83],[81.226,23.825],[81.198,23.825],[81.185,23.823],[81.178,23.817],[81.181,23.787],[81.187,23.783],[81.203,23.759],[81.21,23.745],[81.215,23.742],[81.24,23.727],[81.233,23.693],[81.221,23.677],[81.233,23.667],[81.235,23.662],[81.235,23.652],[81.231,23.646],[81.226,23.645],[81.21,23.644],[81.213,23.631],[81.203,23.613],[81.202,23.591],[81.173,23.546],[81.155,23.534],[81.161,23.5],[81.151,23.488],[81.139,23.462],[81.131,23.47],[81.123,23.469],[81.122,23.46],[81.116,23.465],[81.112,23.465],[81.107,23.457],[81.101,23.458],[81.082,23.453],[81.068,23.457],[81.053,23.457],[81.043,23.453],[81.015,23.449],[81.014,23.435],[81.015,23.42],[81.008,23.4],[80.999,23.385],[80.998,23.379],[81.017,23.363],[81.035,23.345],[81.028,23.323],[81.033,23.305],[81.031,23.284],[81.036,23.273],[81.048,23.276],[81.055,23.271],[81.047,23.264],[81.064,23.252],[81.095,23.258],[81.097,23.257],[81.099,23.251],[81.092,23.246],[81.081,23.237],[81.08,23.233],[81.081,23.226],[81.085,23.226],[81.098,23.231],[81.093,23.204],[81.097,23.204],[81.105,23.212],[81.114,23.219],[81.118,23.218],[81.133,23.196],[81.153,23.18],[81.156,23.175],[81.159,23.166],[81.183,23.169],[81.175,23.155],[81.186,23.137],[81.198,23.13],[81.204,23.142],[81.206,23.119],[81.208,23.117],[81.221,23.111],[81.231,23.112],[81.234,23.112],[81.236,23.108],[81.239,23.102],[81.244,23.1],[81.249,23.084],[81.256,23.071],[81.25,23.062],[81.248,23.054],[81.233,23.062],[81.224,23.059],[81.231,23.056],[81.22,23.032],[81.209,23.02],[81.203,23.017],[81.195,22.984],[81.181,22.952],[81.185,22.937],[81.192,22.914],[81.212,22.913],[81.226,22.906],[81.229,22.903],[81.256,22.895],[81.318,22.862],[81.353,22.85],[81.372,22.856],[81.419,22.838],[81.432,22.821],[81.44,22.789],[81.461,22.765],[81.48,22.761],[81.502,22.765],[81.508,22.761],[81.523,22.751],[81.551,22.761],[81.56,22.757],[81.597,22.762],[81.62,22.774],[81.63,22.782],[81.648,22.785],[81.678,22.782],[81.689,22.758],[81.692,22.752],[81.697,22.735],[81.693,22.728],[81.723,22.676],[81.766,22.676],[81.747,22.726],[81.784,22.767],[81.761,22.834],[81.786,22.877],[81.77,22.889],[81.758,22.897],[81.736,22.9],[81.735,22.91],[81.721,22.917],[81.707,22.923],[81.698,22.937],[81.687,22.94],[81.683,22.944],[81.678,22.96],[81.641,23.014],[81.632,23.002],[81.606,23.002],[81.589,23.02],[81.568,23.01],[81.556,23.027],[81.574,23.036],[81.587,23.038],[81.604,23.073],[81.577,23.078],[81.57,23.084],[81.545,23.093],[81.539,23.112],[81.531,23.119],[81.543,23.126],[81.557,23.135],[81.557,23.138],[81.553,23.15],[81.595,23.194],[81.589,23.2],[81.566,23.21],[81.565,23.217],[81.579,23.225],[81.589,23.227],[81.607,23.226],[81.624,23.231],[81.627,23.226],[81.622,23.221],[81.608,23.21],[81.606,23.198],[81.612,23.196],[81.639,23.195],[81.651,23.198],[81.7,23.207],[81.715,23.206],[81.722,23.21],[81.732,23.212],[81.746,23.213],[81.751,23.215],[81.759,23.239],[81.775,23.253],[81.788,23.261],[81.821,23.258],[81.874,23.245],[81.861,23.271],[81.857,23.277],[81.849,23.281],[81.823,23.301],[81.812,23.301],[81.829,23.31],[81.848,23.32],[81.855,23.314],[81.885,23.323],[81.895,23.336],[81.926,23.351],[81.929,23.382],[81.951,23.373],[81.97,23.393],[81.972,23.397],[81.967,23.402],[81.974,23.418],[81.949,23.497],[81.916,23.532],[81.827,23.511],[81.798,23.549],[81.729,23.565],[81.693,23.523],[81.655,23.532],[81.605,23.511],[81.603,23.6],[81.613,23.661],[81.643,23.66],[81.687,23.721],[81.638,23.778],[81.643,23.805],[81.598,23.854],[81.597,23.889]]]},"properties":{"code":"IN-MP-shahdol","name":"Shahdol","state":"Madhya Pradesh"}},{"type":"Feature","geometry":{"type":"Polygon","coordinates":[[[77.048,23.485],[76.959,23.505],[76.847,23.499],[76.794,23.46],[76.759,23.501],[76.692,23.491],[76.663,23.528],[76.6,23.565],[76.526,23.576],[76.487,23.515],[76.442,23.576],[76.427,23.658],[76.402,23.676],[76.395,23.766],[76.355,23.854],[76.297,23.901],[76.312,23.936],[76.263,24.057],[76.218,24.056],[76.201,24.104],[76.224,24.157],[76.216,24.217],[76.195,24.285],[76.142,24.281],[76.154,24.244],[76.123,24.205],[76.135,24.095],[76.043,24.074],[76.027,24.05],[75.96,24.025],[75.98,23.974],[75.976,23.933],[75.879,23.885],[75.853,23.894],[75.78,23.855],[75.728,23.902],[75.722,23.827],[75.69,23.82],[75.684,23.761],[75.689,23.751],[75.727,23.762],[75.783,23.727],[75.816,23.676],[75.85,23.574],[75.932,23.557],[75.952,23.572],[76.061,23.566],[76.194,23.503],[76.206,23.39],[76.18,23.28],[76.128,23.282],[76.111,23.245],[76.156,23.225],[76.28,23.231],[76.407,23.221],[76.412,23.2],[76.506,23.183],[76.536,23.132],[76.587,23.113],[76.625,23.141],[76.629,23.2],[76.685,23.196],[76.731,23.146],[76.772,23.175],[76.805,23.128],[76.861,23.109],[76.896,23.137],[76.891,23.21],[76.95,23.246],[76.99,23.289],[76.993,23.403],[77.015,23.411],[77.048,23.485]]]},"properties":{"code":"IN-MP-shajapur","name":"Shajapur","state":"Madhya Pradesh"}},{"type":"Feature","geometry":{"type":"Polygon","coordinates":[[[77.649,25.916],[77.592,25.924],[77.593,25.965],[77.634,25.968],[77.642,26.014],[77.608,26.035],[77.545,26.029],[77.394,26.158],[77.324,26.151],[77.269,26.13],[77.243,26.09],[77.2,26.111],[77.193,26.144],[77.109,26.225],[77.085,26.187],[77.024,26.176],[76.994,26.138],[76.888,26.093],[76.838,26.036],[76.84,26.011],[76.795,25.944],[76.733,25.903],[76.641,25.906],[76.567,25.84],[76.529,25.798],[76.527,25.731],[76.482,25.718],[76.511,25.673],[76.51,25.58],[76.52,25.53],[76.574,25.437],[76.603,25.389],[76.681,25.345],[76.74,25.348],[76.773,25.316],[76.843,25.331],[76.959,25.297],[77.024,25.301],[77.075,25.34],[77.007,25.358],[77.021,25.392],[77.085,25.385],[77.181,25.519],[77.288,25.539],[77.251,25.599],[77.276,25.635],[77.27,25.725],[77.312,25.742],[77.319,25.791],[77.393,25.787],[77.408,25.878],[77.435,25.897],[77.551,25.819],[77.575,25.866],[77.631,25.873],[77.649,25.916]]]},"properties":{"code":"IN-MP-sheopur","name":"Sheopur","state":"Madhya Pradesh"}},{"type":"Feature","geometry":{"type":"Polygon","coordinates":[[[78.274,25.786],[78.207,25.744],[78.051,25.716],[77.989,25.746],[77.911,25.759],[77.869,25.746],[77.861,25.809],[77.791,25.83],[77.739,25.888],[77.706,25.884],[77.67,25.922],[77.649,25.916],[77.631,25.873],[77.575,25.866],[77.551,25.819],[77.435,25.897],[77.408,25.878],[77.393,25.787],[77.319,25.791],[77.312,25.742],[77.27,25.725],[77.276,25.635],[77.251,25.599],[77.288,25.539],[77.181,25.519],[77.085,25.385],[77.021,25.392],[77.007,25.358],[77.075,25.34],[77.154,25.313],[77.218,25.331],[77.22,25.373],[77.305,25.436],[77.344,25.388],[77.375,25.306],[77.35,25.272],[77.406,25.226],[77.387,25.122],[77.303,25.084],[77.353,24.949],[77.444,24.933],[77.472,24.882],[77.557,24.876],[77.538,24.92],[77.577,24.966],[77.615,24.913],[77.7,24.857],[77.742,24.872],[77.816,24.983],[77.82,25.005],[77.9,25.004],[78.002,24.966],[77.964,24.879],[78.025,24.842],[78.043,24.861],[78.106,24.84],[78.165,24.848],[78.17,24.885],[78.328,25],[78.325,25.084],[78.39,25.127],[78.443,25.129],[78.442,25.157],[78.385,25.195],[78.355,25.25],[78.331,25.337],[78.294,25.368],[78.335,25.431],[78.422,25.48],[78.409,25.533],[78.437,25.564],[78.46,25.59],[78.382,25.613],[78.369,25.666],[78.337,25.666],[78.253,25.724],[78.274,25.786]]]},"properties":{"code":"IN-MP-shivpuri","name":"Shivpuri","state":"Madhya Pradesh"}},{"type":"Feature","geometry":{"type":"Polygon","coordinates":[[[82.518,24.678],[82.487,24.676],[82.42,24.705],[82.402,24.684],[82.409,24.598],[82.33,24.624],[82.294,24.614],[82.267,24.596],[82.191,24.618],[81.955,24.556],[81.888,24.556],[81.878,24.532],[81.738,24.498],[81.689,24.503],[81.633,24.474],[81.541,24.445],[81.448,24.396],[81.366,24.364],[81.298,24.325],[81.344,24.257],[81.383,24.268],[81.474,24.243],[81.467,24.174],[81.531,24.072],[81.495,23.996],[81.547,23.956],[81.535,23.92],[81.597,23.889],[81.662,23.926],[81.703,23.863],[81.773,23.814],[81.812,23.809],[81.894,23.844],[82.001,23.863],[82.045,23.821],[82.134,23.818],[82.199,23.832],[82.298,23.808],[82.388,23.801],[82.464,23.811],[82.492,23.786],[82.545,23.794],[82.63,23.839],[82.66,23.87],[82.655,23.906],[82.748,23.922],[82.808,23.963],[82.801,24.001],[82.746,24.013],[82.755,24.073],[82.708,24.081],[82.657,24.135],[82.72,24.139],[82.736,24.168],[82.727,24.223],[82.764,24.292],[82.761,24.373],[82.707,24.385],[82.726,24.426],[82.716,24.557],[82.746,24.542],[82.801,24.553],[82.796,24.6],[82.766,24.642],[82.692,24.649],[82.666,24.7],[82.529,24.652],[82.518,24.678]]]},"properties":{"code":"IN-MP-sidhi","name":"Sidhi","state":"Madhya Pradesh"}},{"type":"Feature","geometry":{"type":"Polygon","coordinates":[[[79.314,25.151],[79.277,25.12],[79.198,25.128],[79.133,25.111],[79.091,25.176],[79.025,25.187],[79.026,25.235],[78.987,25.275],[78.953,25.221],[78.867,25.19],[78.909,25.274],[78.97,25.291],[78.931,25.332],[78.885,25.347],[78.835,25.233],[78.793,25.293],[78.875,25.388],[78.974,25.373],[78.96,25.439],[78.929,25.428],[78.942,25.531],[78.886,25.561],[78.876,25.524],[78.834,25.516],[78.854,25.452],[78.79,25.484],[78.725,25.463],[78.765,25.43],[78.764,25.358],[78.658,25.388],[78.689,25.445],[78.603,25.417],[78.576,25.352],[78.534,25.331],[78.521,25.288],[78.569,25.259],[78.563,25.226],[78.594,25.157],[78.597,25.098],[78.642,25.061],[78.625,24.962],[78.668,24.902],[78.764,24.861],[78.772,24.704],[78.74,24.66],[78.752,24.602],[78.831,24.609],[78.882,24.64],[78.913,24.581],[78.946,24.553],[78.944,24.443],[78.982,24.447],[79.009,24.518],[79.085,24.635],[79.174,24.614],[79.201,24.653],[79.29,24.679],[79.312,24.738],[79.301,24.796],[79.34,24.897],[79.324,25.05],[79.337,25.081],[79.314,25.151]]]},"properties":{"code":"IN-MP-tikamgarh","name":"Tikamgarh","state":"Madhya Pradesh"}},{"type":"Feature","geometry":{"type":"Polygon","coordinates":[[[76.111,23.245],[76.128,23.282],[76.18,23.28],[76.206,23.39],[76.194,23.503],[76.061,23.566],[75.952,23.572],[75.932,23.557],[75.85,23.574],[75.816,23.676],[75.783,23.727],[75.727,23.762],[75.689,23.751],[75.644,23.712],[75.62,23.665],[75.523,23.672],[75.503,23.623],[75.514,23.592],[75.496,23.53],[75.404,23.585],[75.397,23.605],[75.279,23.591],[75.273,23.545],[75.183,23.522],[75.158,23.439],[75.165,23.402],[75.215,23.332],[75.261,23.304],[75.265,23.249],[75.229,23.217],[75.242,23.139],[75.302,23.132],[75.339,23.062],[75.312,23.049],[75.332,22.842],[75.374,22.871],[75.438,22.873],[75.44,22.911],[75.479,23.005],[75.566,23.068],[75.628,23.087],[75.634,23.024],[75.711,23.025],[75.812,23.044],[75.873,23.042],[75.899,23.004],[75.954,23.027],[75.989,23.09],[75.932,23.138],[75.953,23.185],[75.928,23.277],[75.947,23.323],[75.991,23.284],[76.002,23.211],[76.075,23.053],[76.101,23.096],[76.059,23.143],[76.125,23.18],[76.111,23.245]]]},"properties":{"code":"IN-MP-ujjain","name":"Ujjain","state":"Madhya Pradesh"}},{"type":"Feature","geometry":{"type":"Polygon","coordinates":[[[80.999,24.091],[80.992,24.095],[80.987,24.094],[80.978,24.081],[80.966,24.069],[80.954,24.07],[80.948,24.066],[80.936,24.062],[80.923,24.053],[80.931,24.049],[80.928,24.047],[80.912,24.046],[80.897,24.038],[80.888,24.015],[80.886,24.011],[80.881,24.001],[80.867,23.986],[80.871,23.976],[80.864,23.968],[80.847,23.969],[80.835,23.967],[80.83,23.959],[80.833,23.937],[80.835,23.91],[80.861,23.908],[80.859,23.893],[80.855,23.881],[80.887,23.863],[80.89,23.832],[80.898,23.814],[80.899,23.807],[80.9,23.798],[80.906,23.789],[80.886,23.771],[80.885,23.764],[80.887,23.757],[80.893,23.726],[80.894,23.716],[80.898,23.711],[80.898,23.701],[80.895,23.682],[80.873,23.681],[80.849,23.674],[80.833,23.674],[80.814,23.672],[80.808,23.682],[80.795,23.69],[80.778,23.7],[80.769,23.702],[80.766,23.708],[80.764,23.71],[80.728,23.73],[80.722,23.735],[80.718,23.741],[80.714,23.755],[80.706,23.764],[80.703,23.763],[80.7,23.739],[80.696,23.737],[80.689,23.738],[80.68,23.735],[80.675,23.723],[80.671,23.711],[80.663,23.695],[80.649,23.657],[80.636,23.651],[80.636,23.645],[80.634,23.628],[80.617,23.618],[80.605,23.589],[80.602,23.589],[80.594,23.589],[80.59,23.578],[80.58,23.58],[80.561,23.57],[80.553,23.564],[80.545,23.548],[80.546,23.533],[80.542,23.522],[80.546,23.484],[80.556,23.462],[80.556,23.453],[80.55,23.439],[80.541,23.441],[80.532,23.437],[80.524,23.418],[80.526,23.404],[80.537,23.392],[80.551,23.38],[80.535,23.366],[80.567,23.354],[80.694,23.373],[80.75,23.346],[80.71,23.282],[80.755,23.222],[80.786,23.252],[80.865,23.239],[80.93,23.291],[80.987,23.234],[81.061,23.196],[81.093,23.204],[81.098,23.231],[81.085,23.226],[81.081,23.226],[81.08,23.233],[81.081,23.237],[81.092,23.246],[81.099,23.251],[81.097,23.257],[81.095,23.258],[81.064,23.252],[81.047,23.264],[81.055,23.271],[81.048,23.276],[81.036,23.273],[81.031,23.284],[81.033,23.305],[81.028,23.323],[81.035,23.345],[81.017,23.363],[80.998,23.379],[80.999,23.385],[81.008,23.4],[81.015,23.42],[81.014,23.435],[81.015,23.449],[81.043,23.453],[81.053,23.457],[81.068,23.457],[81.082,23.453],[81.101,23.458],[81.107,23.457],[81.112,23.465],[81.116,23.465],[81.122,23.46],[81.123,23.469],[81.131,23.47],[81.139,23.462],[81.151,23.488],[81.161,23.5],[81.155,23.534],[81.173,23.546],[81.202,23.591],[81.203,23.613],[81.213,23.631],[81.21,23.644],[81.226,23.645],[81.231,23.646],[81.235,23.652],[81.235,23.662],[81.233,23.667],[81.221,23.677],[81.233,23.693],[81.24,23.727],[81.215,23.742],[81.21,23.745],[81.203,23.759],[81.187,23.783],[81.181,23.787],[81.178,23.817],[81.185,23.823],[81.198,23.825],[81.226,23.825],[81.238,23.83],[81.261,23.835],[81.259,23.848],[81.241,23.859],[81.22,23.855],[81.218,23.856],[81.21,23.868],[81.202,23.883],[81.193,23.887],[81.189,23.886],[81.167,23.881],[81.155,23.899],[81.17,23.912],[81.156,23.927],[81.138,23.924],[81.124,23.962],[81.123,23.969],[81.114,23.972],[81.101,23.967],[81.066,23.966],[81.062,23.968],[81.022,24.037],[81.007,24.062],[80.994,24.084],[80.999,24.091]]]},"properties":{"code":"IN-MP-umaria","name":"Umaria","state":"Madhya Pradesh"}},{"type":"Feature","geometry":{"type":"Polygon","coordinates":[[[77.644,24.32],[77.593,24.302],[77.549,24.253],[77.447,24.245],[77.396,24.28],[77.404,24.332],[77.353,24.352],[77.318,24.29],[77.347,24.219],[77.337,24.185],[77.284,24.129],[77.294,24.093],[77.26,24.075],[77.306,24.014],[77.314,23.898],[77.37,23.888],[77.413,23.809],[77.467,23.765],[77.503,23.781],[77.569,23.773],[77.646,23.703],[77.627,23.666],[77.575,23.657],[77.556,23.605],[77.509,23.585],[77.517,23.522],[77.621,23.468],[77.668,23.522],[77.73,23.539],[77.806,23.465],[77.874,23.446],[77.91,23.456],[77.953,23.419],[77.956,23.376],[78.017,23.349],[78.043,23.405],[77.988,23.43],[78.01,23.478],[78.081,23.454],[78.13,23.487],[78.129,23.52],[78.216,23.533],[78.263,23.6],[78.287,23.678],[78.255,23.728],[78.258,23.773],[78.293,23.832],[78.268,23.848],[78.283,23.93],[78.272,24.033],[78.206,24.072],[78.177,24.016],[78.113,24.045],[78.13,24.12],[78.112,24.131],[78.128,24.215],[78.053,24.233],[78.067,24.261],[78.019,24.285],[78.009,24.248],[77.961,24.252],[77.88,24.284],[77.874,24.322],[77.781,24.322],[77.71,24.307],[77.644,24.32]]]},"properties":{"code":"IN-MP-vidisha","name":"Vidisha","state":"Madhya Pradesh"}},{"type":"Feature","geometry":{"type":"Polygon","coordinates":[[[76.212,22.333],[76.237,22.396],[76.101,22.479],[76.086,22.551],[76.03,22.532],[76.058,22.465],[76.015,22.443],[75.916,22.424],[75.911,22.394],[75.855,22.384],[75.838,22.406],[75.772,22.37],[75.721,22.372],[75.677,22.349],[75.621,22.343],[75.559,22.378],[75.497,22.339],[75.531,22.274],[75.536,22.229],[75.505,22.16],[75.32,22.136],[75.398,22.094],[75.421,22.03],[75.4,21.993],[75.36,21.989],[75.334,21.912],[75.281,21.889],[75.311,21.841],[75.277,21.802],[75.266,21.748],[75.211,21.732],[75.222,21.697],[75.266,21.686],[75.293,21.638],[75.341,21.669],[75.441,21.678],[75.472,21.628],[75.502,21.62],[75.463,21.545],[75.503,21.49],[75.584,21.477],[75.619,21.393],[75.673,21.38],[75.707,21.391],[75.833,21.383],[75.888,21.4],[75.969,21.394],[75.992,21.376],[75.992,21.377],[75.992,21.378],[75.992,21.379],[75.992,21.38],[75.993,21.381],[75.993,21.382],[75.993,21.383],[75.993,21.384],[75.994,21.385],[75.994,21.386],[75.994,21.387],[75.995,21.388],[75.995,21.389],[75.995,21.39],[75.996,21.39],[75.996,21.392],[75.997,21.392],[75.997,21.393],[75.997,21.394],[75.997,21.395],[75.998,21.396],[75.998,21.397],[75.999,21.398],[75.999,21.399],[76,21.399],[76,21.4],[76.004,21.402],[76.006,21.409],[76.008,21.413],[76.01,21.423],[76.01,21.427],[76.007,21.455],[76.01,21.46],[76.006,21.482],[75.986,21.486],[75.98,21.487],[75.972,21.483],[75.962,21.483],[75.956,21.483],[75.952,21.511],[75.958,21.549],[76.019,21.553],[76.041,21.562],[76.079,21.575],[76.074,21.664],[76.108,21.691],[76.174,21.689],[76.167,21.725],[76.118,21.723],[76.096,21.772],[76.103,21.85],[76.17,21.888],[76.146,21.982],[76.233,22.076],[76.183,22.125],[76.142,22.1],[76.153,22.061],[76.106,22.057],[76.106,22.094],[76.145,22.12],[76.13,22.173],[76.098,22.192],[76.032,22.199],[76.108,22.254],[76.182,22.275],[76.212,22.333]]]},"properties":{"code":"IN-MP-west-nimar","name":"West Nimar","state":"Madhya Pradesh"}},{"type":"Feature","geometry":{"type":"Polygon","coordinates":[[[74.678,19.948],[74.578,19.955],[74.536,19.976],[74.485,19.967],[74.325,19.986],[74.256,19.937],[74.284,19.909],[74.37,19.871],[74.371,19.803],[74.325,19.768],[74.282,19.777],[74.252,19.745],[74.171,19.726],[74.128,19.644],[74.077,19.661],[73.923,19.682],[73.908,19.741],[73.85,19.741],[73.789,19.656],[73.787,19.636],[73.672,19.586],[73.629,19.587],[73.635,19.543],[73.708,19.505],[73.684,19.463],[73.699,19.439],[73.79,19.386],[73.809,19.395],[73.865,19.359],[73.892,19.376],[73.938,19.341],[74.007,19.358],[74.035,19.311],[74.034,19.269],[74.101,19.226],[74.235,19.205],[74.277,19.186],[74.242,19.123],[74.217,19.125],[74.182,19.042],[74.23,18.976],[74.301,18.903],[74.318,18.853],[74.403,18.83],[74.392,18.808],[74.406,18.741],[74.431,18.749],[74.481,18.689],[74.481,18.648],[74.549,18.583],[74.578,18.532],[74.586,18.473],[74.649,18.45],[74.669,18.488],[74.706,18.506],[74.732,18.48],[74.72,18.43],[74.739,18.398],[74.788,18.406],[74.799,18.355],[74.838,18.339],[74.912,18.356],[74.92,18.377],[75.096,18.434],[75.109,18.489],[75.138,18.526],[75.207,18.533],[75.218,18.554],[75.172,18.586],[75.187,18.612],[75.127,18.685],[75.077,18.718],[74.971,18.825],[74.927,18.829],[74.902,18.879],[74.833,18.939],[74.882,18.983],[74.921,18.96],[74.964,18.996],[74.956,19.033],[74.92,19.04],[74.946,19.127],[75.064,19.099],[75.079,19.053],[75.212,19.034],[75.193,19.093],[75.221,19.111],[75.266,19.07],[75.276,18.993],[75.342,18.989],[75.35,19.023],[75.29,19.032],[75.311,19.094],[75.412,19.079],[75.456,19.126],[75.448,19.217],[75.466,19.253],[75.519,19.277],[75.537,19.375],[75.489,19.383],[75.481,19.422],[75.41,19.418],[75.369,19.398],[75.344,19.464],[75.269,19.53],[75.234,19.541],[75.197,19.594],[75.133,19.593],[74.974,19.647],[74.829,19.673],[74.793,19.65],[74.767,19.697],[74.734,19.7],[74.724,19.778],[74.696,19.769],[74.641,19.795],[74.611,19.85],[74.653,19.862],[74.654,19.911],[74.678,19.948]]]},"properties":{"code":"IN-MA-ahmednagar","name":"Ahmednagar","state":"Maharashtra"}},{"type":"Feature","geometry":{"type":"Polygon","coordinates":[[[77.613,20.761],[77.609,20.797],[77.568,20.81],[77.526,20.849],[77.474,20.864],[77.435,20.846],[77.325,20.859],[77.171,20.856],[77.132,20.865],[77.171,21.025],[77.173,21.077],[77.156,21.148],[77.18,21.206],[77.162,21.239],[77.077,21.219],[77.041,21.245],[77.004,21.209],[76.782,21.191],[76.787,21.112],[76.772,21.091],[76.787,21.034],[76.783,20.931],[76.662,20.919],[76.744,20.801],[76.715,20.653],[76.755,20.601],[76.761,20.542],[76.715,20.515],[76.692,20.46],[76.726,20.408],[76.698,20.355],[76.791,20.316],[76.82,20.281],[76.883,20.299],[76.898,20.342],[76.978,20.373],[77.053,20.45],[77.13,20.401],[77.193,20.412],[77.222,20.449],[77.293,20.421],[77.298,20.448],[77.346,20.466],[77.326,20.5],[77.337,20.577],[77.398,20.582],[77.415,20.61],[77.464,20.611],[77.451,20.657],[77.518,20.733],[77.563,20.722],[77.613,20.761]]]},"properties":{"code":"IN-MA-akola","name":"Akola","state":"Maharashtra"}},{"type":"Feature","geometry":{"type":"Polygon","coordinates":[[[78.337,21.591],[78.319,21.576],[78.215,21.554],[78.181,21.559],[78.169,21.499],[78.064,21.439],[77.899,21.378],[77.799,21.412],[77.793,21.391],[77.67,21.373],[77.646,21.393],[77.487,21.378],[77.469,21.457],[77.438,21.473],[77.424,21.543],[77.504,21.555],[77.567,21.53],[77.607,21.543],[77.572,21.588],[77.559,21.669],[77.497,21.749],[77.45,21.763],[77.401,21.756],[77.277,21.76],[77.258,21.716],[77.207,21.694],[77.121,21.725],[77.062,21.715],[76.997,21.682],[76.892,21.601],[76.852,21.615],[76.795,21.598],[76.78,21.562],[76.785,21.546],[76.775,21.532],[76.763,21.523],[76.792,21.49],[76.776,21.46],[76.732,21.409],[76.668,21.369],[76.625,21.335],[76.64,21.311],[76.661,21.282],[76.722,21.291],[76.782,21.191],[77.004,21.209],[77.041,21.245],[77.077,21.219],[77.162,21.239],[77.18,21.206],[77.156,21.148],[77.173,21.077],[77.171,21.025],[77.132,20.865],[77.171,20.856],[77.325,20.859],[77.435,20.846],[77.474,20.864],[77.526,20.849],[77.568,20.81],[77.609,20.797],[77.613,20.761],[77.629,20.739],[77.633,20.669],[77.652,20.648],[77.627,20.568],[77.65,20.565],[77.663,20.581],[77.738,20.562],[77.768,20.541],[77.813,20.586],[77.915,20.605],[77.967,20.588],[78.024,20.658],[78.059,20.674],[78.155,20.66],[78.208,20.69],[78.275,20.697],[78.307,20.736],[78.295,20.812],[78.268,20.866],[78.233,20.897],[78.18,20.906],[78.142,20.953],[78.133,21.005],[78.148,21.048],[78.138,21.142],[78.051,21.251],[78.075,21.33],[78.101,21.356],[78.154,21.331],[78.247,21.33],[78.372,21.396],[78.441,21.404],[78.43,21.502],[78.413,21.578],[78.337,21.591]]]},"properties":{"code":"IN-MA-amravati","name":"Amravati","state":"Maharashtra"}},{"type":"Feature","geometry":{"type":"Polygon","coordinates":[[[75.89,20.565],[75.87,20.625],[75.844,20.62],[75.821,20.563],[75.759,20.616],[75.663,20.63],[75.592,20.604],[75.56,20.615],[75.491,20.533],[75.453,20.542],[75.399,20.526],[75.393,20.581],[75.331,20.594],[75.257,20.572],[75.242,20.523],[75.165,20.477],[75.164,20.438],[75.111,20.408],[75.129,20.359],[75.051,20.309],[75.003,20.338],[74.938,20.271],[74.927,20.155],[74.86,20.178],[74.862,20.228],[74.82,20.245],[74.768,20.184],[74.727,20.188],[74.72,20.136],[74.742,20.083],[74.69,19.99],[74.678,19.948],[74.654,19.911],[74.653,19.862],[74.611,19.85],[74.641,19.795],[74.696,19.769],[74.724,19.778],[74.734,19.7],[74.767,19.697],[74.793,19.65],[74.829,19.673],[74.974,19.647],[75.133,19.593],[75.197,19.594],[75.234,19.541],[75.269,19.53],[75.344,19.464],[75.369,19.398],[75.41,19.418],[75.481,19.422],[75.574,19.38],[75.611,19.382],[75.657,19.555],[75.653,19.596],[75.602,19.603],[75.593,19.638],[75.635,19.656],[75.629,19.777],[75.654,19.816],[75.655,19.912],[75.631,20.002],[75.595,20.029],[75.591,20.103],[75.628,20.107],[75.65,20.193],[75.72,20.333],[75.753,20.375],[75.766,20.452],[75.832,20.474],[75.89,20.565]]]},"properties":{"code":"IN-MA-aurangabad","name":"Aurangabad","state":"Maharashtra"}},{"type":"Feature","geometry":{"type":"MultiPolygon","coordinates":[[[[80.375,21.491],[80.279,21.494],[80.277,21.448],[80.319,21.397],[80.288,21.35],[80.322,21.301],[80.335,21.188],[80.401,21.185],[80.381,21.143],[80.433,21.097],[80.457,21.173],[80.561,21.206],[80.639,21.255],[80.673,21.311],[80.657,21.331],[80.593,21.325],[80.519,21.39],[80.448,21.402],[80.375,21.491]]],[[[79.916,21.524],[79.857,21.531],[79.792,21.581],[79.733,21.603],[79.651,21.559],[79.537,21.544],[79.48,21.503],[79.444,21.436],[79.477,21.428],[79.569,21.284],[79.546,21.157],[79.508,21.122],[79.606,21.038],[79.653,20.969],[79.638,20.916],[79.61,20.902],[79.503,20.704],[79.607,20.691],[79.617,20.672],[79.687,20.668],[79.746,20.685],[79.873,20.684],[79.927,20.666],[79.958,20.689],[79.928,20.711],[79.923,20.785],[79.86,20.781],[79.859,20.876],[79.903,20.886],[79.941,20.926],[79.947,21.013],[79.991,21.021],[80.041,21.003],[80.081,21.048],[80.067,21.135],[80.043,21.21],[79.965,21.228],[79.935,21.252],[79.842,21.245],[79.82,21.27],[79.793,21.377],[79.877,21.425],[79.917,21.482],[79.916,21.524]]]]},"properties":{"code":"IN-MA-bhandara","name":"Bhandara","state":"Maharashtra"}},{"type":"Feature","geometry":{"type":"Polygon","coordinates":[[[75.611,19.382],[75.574,19.38],[75.481,19.422],[75.489,19.383],[75.537,19.375],[75.519,19.277],[75.466,19.253],[75.448,19.217],[75.456,19.126],[75.412,19.079],[75.311,19.094],[75.29,19.032],[75.35,19.023],[75.342,18.989],[75.276,18.993],[75.266,19.07],[75.221,19.111],[75.193,19.093],[75.212,19.034],[75.079,19.053],[75.064,19.099],[74.946,19.127],[74.92,19.04],[74.956,19.033],[74.964,18.996],[74.921,18.96],[74.882,18.983],[74.833,18.939],[74.902,18.879],[74.927,18.829],[74.971,18.825],[75.077,18.718],[75.127,18.685],[75.187,18.612],[75.172,18.586],[75.218,18.554],[75.264,18.509],[75.317,18.518],[75.348,18.562],[75.425,18.535],[75.455,18.589],[75.603,18.692],[75.623,18.661],[75.668,18.65],[75.674,18.69],[75.784,18.662],[75.826,18.67],[75.864,18.65],[75.917,18.65],[75.994,18.62],[76.052,18.574],[76.099,18.587],[76.254,18.576],[76.277,18.556],[76.352,18.564],[76.41,18.555],[76.417,18.624],[76.471,18.644],[76.528,18.598],[76.563,18.674],[76.628,18.677],[76.736,18.702],[76.726,18.749],[76.675,18.761],[76.666,18.819],[76.622,18.869],[76.583,18.882],[76.583,18.945],[76.539,18.949],[76.51,18.927],[76.478,18.956],[76.438,19.088],[76.361,19.156],[76.365,19.234],[76.312,19.261],[76.226,19.242],[76.209,19.278],[76.098,19.307],[76.04,19.286],[76.013,19.337],[75.939,19.293],[75.908,19.32],[75.923,19.374],[75.837,19.372],[75.798,19.397],[75.756,19.359],[75.689,19.356],[75.611,19.382]]]},"properties":{"code":"IN-MA-bid","name":"Bid","state":"Maharashtra"}},{"type":"Feature","geometry":{"type":"Polygon","coordinates":[[[76.782,21.191],[76.722,21.291],[76.661,21.282],[76.659,21.262],[76.643,21.248],[76.632,21.229],[76.631,21.216],[76.62,21.195],[76.612,21.196],[76.559,21.206],[76.541,21.196],[76.521,21.189],[76.498,21.196],[76.482,21.188],[76.477,21.155],[76.469,21.151],[76.467,21.143],[76.458,21.138],[76.456,21.132],[76.438,21.108],[76.434,21.107],[76.383,21.08],[76.397,21.032],[76.382,20.979],[76.346,20.952],[76.28,20.96],[76.225,21.014],[76.17,21.037],[76.159,21.002],[76.092,20.945],[76.115,20.895],[76.05,20.814],[75.998,20.78],[76.012,20.74],[75.998,20.669],[76.011,20.645],[76.033,20.64],[76.04,20.557],[75.945,20.505],[75.958,20.467],[75.954,20.391],[75.921,20.298],[75.981,20.322],[76.03,20.303],[76.099,20.353],[76.152,20.329],[76.178,20.298],[76.151,20.179],[76.082,20.122],[75.997,19.976],[76.043,19.951],[76.1,19.857],[76.174,19.85],[76.256,19.874],[76.298,19.87],[76.353,19.895],[76.368,19.927],[76.492,19.918],[76.532,19.851],[76.622,19.843],[76.646,19.866],[76.611,19.891],[76.633,19.954],[76.658,19.977],[76.661,20.049],[76.624,20.051],[76.67,20.127],[76.757,20.132],[76.749,20.21],[76.785,20.204],[76.825,20.247],[76.82,20.281],[76.791,20.316],[76.698,20.355],[76.726,20.408],[76.692,20.46],[76.715,20.515],[76.761,20.542],[76.755,20.601],[76.715,20.653],[76.744,20.801],[76.662,20.919],[76.783,20.931],[76.787,21.034],[76.772,21.091],[76.787,21.112],[76.782,21.191]]]},"properties":{"code":"IN-MA-buldana","name":"Buldana","state":"Maharashtra"}},{"type":"Feature","geometry":{"type":"Polygon","coordinates":[[[79.927,20.666],[79.873,20.684],[79.746,20.685],[79.687,20.668],[79.617,20.672],[79.607,20.691],[79.503,20.704],[79.454,20.669],[79.401,20.655],[79.37,20.677],[79.316,20.583],[79.219,20.582],[79.209,20.546],[79.125,20.454],[79.018,20.478],[78.996,20.447],[78.945,20.428],[78.894,20.437],[78.814,20.387],[78.825,20.319],[78.797,20.298],[78.822,20.247],[78.916,20.237],[78.955,20.206],[78.95,20.168],[79.065,20.063],[79.11,19.987],[79.089,19.914],[79.146,19.892],[79.127,19.862],[79.024,19.8],[78.953,19.802],[78.946,19.752],[78.897,19.736],[78.844,19.759],[78.863,19.697],[78.859,19.656],[78.916,19.668],[78.969,19.649],[78.978,19.58],[79.018,19.54],[79.103,19.528],[79.189,19.459],[79.237,19.527],[79.255,19.611],[79.414,19.533],[79.47,19.497],[79.543,19.549],[79.566,19.511],[79.601,19.508],[79.621,19.565],[79.713,19.583],[79.74,19.603],[79.785,19.594],[79.78,19.715],[79.741,19.777],[79.738,19.821],[79.799,19.898],[79.77,19.948],[79.774,19.999],[79.842,20.031],[79.865,19.982],[79.906,19.966],[79.944,19.983],[79.985,20.043],[79.959,20.119],[79.907,20.139],[79.928,20.185],[79.983,20.205],[79.986,20.236],[79.939,20.293],[79.967,20.359],[79.935,20.446],[79.946,20.527],[79.921,20.551],[79.937,20.637],[79.927,20.666]]]},"properties":{"code":"IN-MA-chandrapur","name":"Chandrapur","state":"Maharashtra"}},{"type":"Feature","geometry":{"type":"Polygon","coordinates":[[[75.207,21.416],[75.107,21.47],[75.058,21.565],[74.866,21.631],[74.825,21.61],[74.775,21.616],[74.763,21.519],[74.743,21.482],[74.702,21.472],[74.689,21.404],[74.612,21.417],[74.576,21.405],[74.524,21.431],[74.483,21.355],[74.502,21.292],[74.496,21.241],[74.437,21.265],[74.365,21.255],[74.36,21.234],[74.228,21.243],[74.187,21.212],[74.126,21.215],[74.025,21.145],[73.957,21.087],[73.966,21.045],[73.863,21.027],[73.857,20.998],[73.906,20.983],[73.896,20.933],[73.912,20.918],[73.924,20.903],[73.931,20.886],[73.931,20.877],[73.932,20.865],[73.934,20.845],[73.945,20.84],[74.054,20.837],[74.132,20.866],[74.392,20.836],[74.427,20.807],[74.579,20.825],[74.669,20.776],[74.655,20.696],[74.714,20.691],[74.742,20.669],[74.809,20.658],[74.818,20.635],[74.933,20.659],[74.956,20.713],[74.994,20.738],[74.989,20.824],[74.973,20.879],[74.917,20.929],[74.924,21.012],[74.894,21.054],[74.861,21.065],[74.896,21.153],[74.966,21.194],[75.035,21.194],[75.107,21.238],[75.142,21.296],[75.128,21.341],[75.163,21.405],[75.207,21.416]]]},"properties":{"code":"IN-MA-dhule","name":"Dhule","state":"Maharashtra"}},{"type":"Feature","geometry":{"type":"Polygon","coordinates":[[[80.556,20.82],[80.499,20.83],[80.409,20.822],[80.374,20.804],[80.325,20.819],[80.315,20.752],[80.267,20.67],[80.223,20.652],[80.155,20.686],[80.081,20.688],[80.052,20.707],[80.012,20.665],[79.958,20.689],[79.927,20.666],[79.937,20.637],[79.921,20.551],[79.946,20.527],[79.935,20.446],[79.967,20.359],[79.939,20.293],[79.986,20.236],[79.983,20.205],[79.928,20.185],[79.907,20.139],[79.959,20.119],[79.985,20.043],[79.944,19.983],[79.906,19.966],[79.865,19.982],[79.842,20.031],[79.774,19.999],[79.77,19.948],[79.799,19.898],[79.738,19.821],[79.741,19.777],[79.78,19.715],[79.785,19.594],[79.828,19.537],[79.911,19.492],[79.945,19.459],[79.973,19.401],[79.945,19.284],[79.92,19.226],[79.942,19.176],[79.858,19.104],[79.861,19.06],[79.926,19.042],[79.941,18.938],[79.939,18.859],[79.894,18.831],[79.932,18.784],[80.012,18.767],[80.046,18.721],[80.107,18.678],[80.158,18.696],[80.247,18.701],[80.268,18.718],[80.241,18.749],[80.299,18.794],[80.346,18.811],[80.336,18.856],[80.264,18.941],[80.268,18.987],[80.332,19.101],[80.345,19.163],[80.381,19.181],[80.388,19.243],[80.445,19.27],[80.47,19.329],[80.514,19.348],[80.559,19.398],[80.584,19.377],[80.604,19.312],[80.664,19.327],[80.684,19.287],[80.749,19.287],[80.826,19.348],[80.788,19.427],[80.867,19.443],[80.892,19.466],[80.879,19.519],[80.82,19.565],[80.785,19.56],[80.721,19.608],[80.662,19.609],[80.665,19.691],[80.582,19.738],[80.54,19.775],[80.518,19.829],[80.46,19.828],[80.49,19.894],[80.403,19.91],[80.444,19.953],[80.52,19.931],[80.544,19.982],[80.54,20.11],[80.451,20.145],[80.394,20.144],[80.413,20.188],[80.383,20.242],[80.456,20.269],[80.511,20.27],[80.542,20.307],[80.617,20.326],[80.586,20.392],[80.603,20.433],[80.613,20.591],[80.579,20.614],[80.52,20.585],[80.482,20.617],[80.519,20.662],[80.578,20.679],[80.543,20.792],[80.556,20.82]]]},"properties":{"code":"IN-MA-garhchiroli","name":"Garhchiroli","state":"Maharashtra"}},{"type":"Feature","geometry":{"type":"Polygon","coordinates":[[[80.375,21.491],[80.371,21.521],[80.295,21.575],[80.26,21.62],[80.188,21.634],[80.119,21.609],[80.064,21.555],[79.927,21.554],[79.916,21.524],[79.917,21.482],[79.877,21.425],[79.793,21.377],[79.82,21.27],[79.842,21.245],[79.935,21.252],[79.965,21.228],[80.043,21.21],[80.067,21.135],[80.081,21.048],[80.041,21.003],[79.991,21.021],[79.947,21.013],[79.941,20.926],[79.903,20.886],[79.859,20.876],[79.86,20.781],[79.923,20.785],[79.928,20.711],[79.958,20.689],[80.012,20.665],[80.052,20.707],[80.081,20.688],[80.155,20.686],[80.223,20.652],[80.267,20.67],[80.315,20.752],[80.325,20.819],[80.374,20.804],[80.409,20.822],[80.499,20.83],[80.556,20.82],[80.535,20.931],[80.459,20.928],[80.424,21.01],[80.449,21.05],[80.433,21.097],[80.381,21.143],[80.401,21.185],[80.335,21.188],[80.322,21.301],[80.288,21.35],[80.319,21.397],[80.277,21.448],[80.279,21.494],[80.375,21.491]]]},"properties":{"code":"IN-MA-gondiya","name":"Gondiya","state":"Maharashtra"}},{"type":"Feature","geometry":{"type":"Polygon","coordinates":[[[72.859,19.314],[72.858,19.315],[72.853,19.315],[72.814,19.305],[72.809,19.304],[72.809,19.303],[72.806,19.305],[72.793,19.31],[72.776,19.222],[72.818,19.124],[72.824,19.042],[72.802,18.969],[72.844,18.929],[72.862,19.003],[72.918,19],[72.993,19.059],[73.009,18.999],[73.032,18.999],[73.058,19.016],[73.058,19.097],[73.121,19.111],[73.091,19.143],[73.074,19.206],[73.042,19.198],[72.995,19.279],[72.964,19.302],[72.943,19.291],[72.918,19.29],[72.905,19.298],[72.912,19.284],[72.901,19.29],[72.898,19.293],[72.869,19.314],[72.866,19.313],[72.859,19.314]]]},"properties":{"code":"IN-MA-greater-bombay","name":"Greater Bombay","state":"Maharashtra"}},{"type":"Feature","geometry":{"type":"Polygon","coordinates":[[[77.283,19.911],[77.206,19.948],[77.201,19.992],[77.1,19.933],[77.034,20.011],[76.899,19.963],[76.835,19.962],[76.822,19.927],[76.772,19.933],[76.738,19.873],[76.69,19.873],[76.677,19.847],[76.705,19.837],[76.686,19.782],[76.716,19.768],[76.732,19.717],[76.783,19.701],[76.849,19.705],[76.855,19.645],[76.941,19.622],[76.967,19.545],[76.918,19.413],[76.894,19.378],[76.891,19.311],[76.93,19.297],[76.919,19.256],[77.011,19.251],[77.036,19.201],[77.086,19.172],[77.099,19.107],[77.139,19.07],[77.189,19.13],[77.176,19.21],[77.242,19.321],[77.277,19.315],[77.311,19.354],[77.362,19.338],[77.449,19.389],[77.434,19.407],[77.49,19.466],[77.467,19.498],[77.457,19.682],[77.433,19.73],[77.376,19.743],[77.387,19.821],[77.362,19.858],[77.283,19.911]]]},"properties":{"code":"IN-MA-hingoli","name":"Hingoli","state":"Maharashtra"}},{"type":"Feature","geometry":{"type":"Polygon","coordinates":[[[75.619,21.393],[75.548,21.372],[75.468,21.394],[75.384,21.386],[75.207,21.416],[75.163,21.405],[75.128,21.341],[75.142,21.296],[75.107,21.238],[75.035,21.194],[74.966,21.194],[74.896,21.153],[74.861,21.065],[74.894,21.054],[74.924,21.012],[74.917,20.929],[74.973,20.879],[74.989,20.824],[74.994,20.738],[74.956,20.713],[74.933,20.659],[74.818,20.635],[74.799,20.541],[74.766,20.54],[74.777,20.472],[74.841,20.419],[74.874,20.278],[74.938,20.271],[75.003,20.338],[75.051,20.309],[75.129,20.359],[75.111,20.408],[75.164,20.438],[75.165,20.477],[75.242,20.523],[75.257,20.572],[75.331,20.594],[75.393,20.581],[75.399,20.526],[75.453,20.542],[75.491,20.533],[75.56,20.615],[75.592,20.604],[75.663,20.63],[75.759,20.616],[75.821,20.563],[75.844,20.62],[75.87,20.625],[75.89,20.565],[75.934,20.556],[75.957,20.627],[76.011,20.645],[75.998,20.669],[76.012,20.74],[75.998,20.78],[76.05,20.814],[76.115,20.895],[76.092,20.945],[76.159,21.002],[76.17,21.037],[76.225,21.014],[76.28,20.96],[76.346,20.952],[76.382,20.979],[76.397,21.032],[76.383,21.08],[76.381,21.079],[76.366,21.079],[76.361,21.08],[76.335,21.077],[76.297,21.077],[76.227,21.091],[76.184,21.09],[76.177,21.085],[76.167,21.09],[76.169,21.101],[76.167,21.106],[76.134,21.13],[76.141,21.136],[76.132,21.153],[76.119,21.16],[76.114,21.17],[76.127,21.178],[76.155,21.173],[76.167,21.171],[76.166,21.195],[76.167,21.204],[76.162,21.217],[76.146,21.233],[76.154,21.249],[76.147,21.281],[76.14,21.289],[76.129,21.298],[76.122,21.322],[76.095,21.373],[76.077,21.364],[76.042,21.359],[76.035,21.365],[76.016,21.37],[75.992,21.376],[75.969,21.394],[75.888,21.4],[75.833,21.383],[75.707,21.391],[75.673,21.38],[75.619,21.393]]]},"properties":{"code":"IN-MA-jalgaon","name":"Jalgaon","state":"Maharashtra"}},{"type":"Feature","geometry":{"type":"Polygon","coordinates":[[[76.532,19.851],[76.492,19.918],[76.368,19.927],[76.353,19.895],[76.298,19.87],[76.256,19.874],[76.174,19.85],[76.1,19.857],[76.043,19.951],[75.997,19.976],[76.082,20.122],[76.151,20.179],[76.178,20.298],[76.152,20.329],[76.099,20.353],[76.03,20.303],[75.981,20.322],[75.921,20.298],[75.954,20.391],[75.958,20.467],[75.945,20.505],[76.04,20.557],[76.033,20.64],[76.011,20.645],[75.957,20.627],[75.934,20.556],[75.89,20.565],[75.832,20.474],[75.766,20.452],[75.753,20.375],[75.72,20.333],[75.65,20.193],[75.628,20.107],[75.591,20.103],[75.595,20.029],[75.631,20.002],[75.655,19.912],[75.654,19.816],[75.629,19.777],[75.635,19.656],[75.593,19.638],[75.602,19.603],[75.653,19.596],[75.657,19.555],[75.611,19.382],[75.689,19.356],[75.756,19.359],[75.798,19.397],[75.837,19.372],[75.923,19.374],[75.908,19.32],[75.939,19.293],[76.013,19.337],[76.04,19.286],[76.098,19.307],[76.209,19.278],[76.213,19.319],[76.265,19.334],[76.285,19.366],[76.291,19.432],[76.315,19.464],[76.365,19.468],[76.395,19.531],[76.442,19.541],[76.453,19.667],[76.487,19.678],[76.493,19.761],[76.532,19.851]]]},"properties":{"code":"IN-MA-jalna","name":"Jalna","state":"Maharashtra"}},{"type":"Feature","geometry":{"type":"Polygon","coordinates":[[[74.698,16.715],[74.637,16.784],[74.565,16.805],[74.541,16.844],[74.502,16.854],[74.42,16.84],[74.372,16.851],[74.304,16.89],[74.257,16.885],[74.129,16.91],[74.085,16.903],[74.047,16.923],[74.031,16.983],[73.979,16.992],[73.989,17.033],[73.924,17.073],[73.858,17.151],[73.79,17.179],[73.766,17.153],[73.719,17.168],[73.699,17.157],[73.798,17.092],[73.832,17.037],[73.843,16.989],[73.797,16.991],[73.775,16.961],[73.802,16.911],[73.758,16.903],[73.776,16.847],[73.747,16.819],[73.875,16.668],[73.863,16.649],[73.873,16.612],[73.835,16.542],[73.896,16.447],[73.847,16.401],[73.875,16.372],[73.858,16.312],[73.925,16.246],[73.955,16.17],[73.865,16.143],[73.854,16.106],[73.91,16.087],[73.956,16.097],[74.007,16.085],[74.01,16.036],[74.056,16.032],[74.092,16.002],[74.057,15.948],[74.09,15.925],[74.091,15.866],[74.051,15.837],[74.167,15.819],[74.181,15.772],[74.217,15.779],[74.244,15.744],[74.292,15.739],[74.351,15.763],[74.387,15.847],[74.37,15.876],[74.435,15.951],[74.468,16.047],[74.44,16.057],[74.39,16.035],[74.371,16.06],[74.435,16.111],[74.489,16.087],[74.508,16.223],[74.484,16.247],[74.423,16.257],[74.38,16.294],[74.349,16.291],[74.324,16.354],[74.343,16.4],[74.339,16.452],[74.295,16.474],[74.277,16.521],[74.332,16.554],[74.385,16.527],[74.403,16.579],[74.472,16.605],[74.496,16.628],[74.551,16.633],[74.55,16.592],[74.574,16.552],[74.694,16.615],[74.661,16.638],[74.696,16.675],[74.698,16.715]]]},"properties":{"code":"IN-MA-kolhapur","name":"Kolhapur","state":"Maharashtra"}},{"type":"Feature","geometry":{"type":"Polygon","coordinates":[[[77.265,18.418],[77.283,18.473],[77.245,18.498],[77.294,18.546],[77.264,18.564],[77.268,18.61],[77.153,18.645],[77.155,18.7],[77.044,18.682],[77.055,18.765],[77.006,18.766],[76.993,18.827],[76.883,18.834],[76.744,18.774],[76.726,18.749],[76.736,18.702],[76.628,18.677],[76.563,18.674],[76.528,18.598],[76.471,18.644],[76.417,18.624],[76.41,18.555],[76.352,18.564],[76.277,18.556],[76.255,18.518],[76.271,18.419],[76.226,18.428],[76.208,18.387],[76.318,18.328],[76.316,18.281],[76.277,18.138],[76.331,18.073],[76.381,18.088],[76.428,18.029],[76.546,18.023],[76.595,18.031],[76.624,17.998],[76.675,17.995],[76.674,17.92],[76.741,17.898],[76.775,17.877],[76.881,17.893],[76.913,17.937],[76.918,18.033],[76.952,18.038],[76.953,18.11],[76.923,18.116],[76.954,18.185],[77.058,18.152],[77.109,18.153],[77.096,18.195],[77.139,18.207],[77.178,18.282],[77.206,18.278],[77.24,18.409],[77.265,18.418]]]},"properties":{"code":"IN-MA-latur","name":"Latur","state":"Maharashtra"}},{"type":"Feature","geometry":{"type":"Polygon","coordinates":[[[79.506,21.59],[79.512,21.626],[79.489,21.674],[79.411,21.691],[79.395,21.675],[79.285,21.694],[79.228,21.722],[79.217,21.65],[79.148,21.661],[79.104,21.609],[79.01,21.601],[78.975,21.618],[78.913,21.563],[78.932,21.487],[78.761,21.49],[78.724,21.464],[78.684,21.482],[78.621,21.478],[78.56,21.515],[78.509,21.528],[78.43,21.502],[78.441,21.404],[78.372,21.396],[78.247,21.33],[78.328,21.252],[78.438,21.236],[78.502,21.191],[78.554,21.116],[78.585,21.116],[78.602,21.07],[78.647,21.037],[78.726,21.005],[78.73,20.948],[78.8,20.877],[78.859,20.872],[78.859,20.843],[78.911,20.835],[78.94,20.767],[79.047,20.734],[79.101,20.686],[79.137,20.676],[79.183,20.602],[79.219,20.582],[79.316,20.583],[79.37,20.677],[79.401,20.655],[79.454,20.669],[79.503,20.704],[79.61,20.902],[79.638,20.916],[79.653,20.969],[79.606,21.038],[79.508,21.122],[79.546,21.157],[79.569,21.284],[79.477,21.428],[79.444,21.436],[79.48,21.503],[79.537,21.544],[79.506,21.59]]]},"properties":{"code":"IN-MA-nagpur","name":"Nagpur","state":"Maharashtra"}},{"type":"Feature","geometry":{"type":"Polygon","coordinates":[[[78.31,19.913],[78.196,19.902],[78.138,19.915],[78.074,19.9],[78.049,19.931],[77.95,19.911],[77.888,19.871],[77.845,19.801],[77.857,19.743],[77.93,19.739],[77.996,19.681],[78.043,19.698],[78.078,19.648],[78.127,19.667],[78.175,19.654],[78.19,19.625],[78.18,19.563],[78.143,19.552],[78.11,19.491],[78.064,19.466],[78.009,19.465],[77.955,19.51],[77.858,19.519],[77.844,19.455],[77.745,19.431],[77.734,19.48],[77.746,19.521],[77.643,19.547],[77.613,19.638],[77.536,19.669],[77.457,19.682],[77.467,19.498],[77.49,19.466],[77.434,19.407],[77.449,19.389],[77.362,19.338],[77.311,19.354],[77.277,19.315],[77.242,19.321],[77.176,19.21],[77.189,19.13],[77.139,19.07],[77.099,19.107],[77.06,19.067],[77.053,18.988],[77.018,18.934],[76.949,18.906],[76.955,18.874],[77.011,18.877],[76.993,18.827],[77.006,18.766],[77.055,18.765],[77.044,18.682],[77.155,18.7],[77.153,18.645],[77.268,18.61],[77.264,18.564],[77.294,18.546],[77.245,18.498],[77.283,18.473],[77.265,18.418],[77.313,18.439],[77.364,18.43],[77.4,18.398],[77.393,18.341],[77.408,18.3],[77.465,18.26],[77.55,18.291],[77.527,18.339],[77.583,18.443],[77.571,18.467],[77.597,18.548],[77.64,18.554],[77.658,18.527],[77.747,18.589],[77.733,18.676],[77.787,18.694],[77.837,18.807],[77.944,18.842],[77.899,18.868],[77.854,18.952],[77.817,18.982],[77.767,18.981],[77.762,19.062],[77.8,19.099],[77.845,19.114],[77.845,19.188],[77.868,19.246],[77.901,19.277],[77.861,19.302],[77.949,19.341],[78.046,19.271],[78.127,19.246],[78.183,19.242],[78.197,19.332],[78.188,19.396],[78.224,19.434],[78.312,19.466],[78.297,19.558],[78.311,19.604],[78.286,19.69],[78.345,19.714],[78.368,19.781],[78.339,19.839],[78.294,19.85],[78.31,19.913]]]},"properties":{"code":"IN-MA-nanded","name":"Nanded","state":"Maharashtra"}},{"type":"Feature","geometry":{"type":"Polygon","coordinates":[[[74.436,22.031],[74.388,22.02],[74.292,21.937],[74.201,21.926],[74.146,21.954],[74.047,21.923],[73.949,21.87],[73.828,21.812],[73.846,21.742],[73.89,21.711],[73.886,21.645],[73.788,21.625],[73.825,21.598],[73.861,21.496],[73.938,21.521],[73.988,21.522],[74.026,21.553],[74.292,21.559],[74.336,21.54],[74.308,21.48],[74.223,21.459],[74.186,21.467],[74.121,21.45],[74.057,21.456],[74.052,21.426],[73.962,21.393],[73.948,21.298],[73.892,21.262],[73.832,21.267],[73.823,21.172],[73.742,21.167],[73.636,21.133],[73.693,21.101],[73.736,21.103],[73.748,21.04],[73.816,20.996],[73.857,20.998],[73.863,21.027],[73.966,21.045],[73.957,21.087],[74.025,21.145],[74.126,21.215],[74.187,21.212],[74.228,21.243],[74.36,21.234],[74.365,21.255],[74.437,21.265],[74.496,21.241],[74.502,21.292],[74.483,21.355],[74.524,21.431],[74.576,21.405],[74.612,21.417],[74.689,21.404],[74.702,21.472],[74.743,21.482],[74.763,21.519],[74.775,21.616],[74.695,21.633],[74.656,21.654],[74.589,21.665],[74.551,21.719],[74.511,21.729],[74.504,21.807],[74.527,21.909],[74.493,21.954],[74.452,21.968],[74.436,22.031]]]},"properties":{"code":"IN-MA-nandurbar","name":"Nandurbar","state":"Maharashtra"}},{"type":"Feature","geometry":{"type":"Polygon","coordinates":[[[74.818,20.635],[74.809,20.658],[74.742,20.669],[74.714,20.691],[74.655,20.696],[74.669,20.776],[74.579,20.825],[74.427,20.807],[74.392,20.836],[74.132,20.866],[74.054,20.837],[73.945,20.84],[73.948,20.825],[73.94,20.809],[73.938,20.79],[73.938,20.761],[73.948,20.752],[73.948,20.747],[73.935,20.735],[73.909,20.725],[73.877,20.721],[73.874,20.708],[73.843,20.702],[73.829,20.696],[73.825,20.674],[73.843,20.65],[73.834,20.614],[73.825,20.614],[73.806,20.602],[73.787,20.602],[73.78,20.592],[73.738,20.574],[73.724,20.576],[73.71,20.575],[73.681,20.568],[73.671,20.562],[73.662,20.566],[73.647,20.577],[73.643,20.577],[73.637,20.579],[73.629,20.612],[73.607,20.636],[73.591,20.645],[73.574,20.651],[73.563,20.647],[73.538,20.674],[73.525,20.667],[73.512,20.663],[73.501,20.653],[73.493,20.666],[73.49,20.67],[73.487,20.676],[73.493,20.694],[73.484,20.709],[73.475,20.722],[73.416,20.626],[73.481,20.584],[73.476,20.495],[73.449,20.467],[73.415,20.382],[73.437,20.282],[73.42,20.257],[73.427,20.202],[73.376,20.195],[73.311,20.207],[73.294,20.154],[73.259,20.125],[73.305,20.06],[73.374,20.021],[73.415,20.017],[73.461,19.982],[73.433,19.916],[73.471,19.759],[73.51,19.759],[73.529,19.702],[73.576,19.621],[73.629,19.587],[73.672,19.586],[73.787,19.636],[73.789,19.656],[73.85,19.741],[73.908,19.741],[73.923,19.682],[74.077,19.661],[74.128,19.644],[74.171,19.726],[74.252,19.745],[74.282,19.777],[74.325,19.768],[74.371,19.803],[74.37,19.871],[74.284,19.909],[74.256,19.937],[74.325,19.986],[74.485,19.967],[74.536,19.976],[74.578,19.955],[74.678,19.948],[74.69,19.99],[74.742,20.083],[74.72,20.136],[74.727,20.188],[74.768,20.184],[74.82,20.245],[74.862,20.228],[74.86,20.178],[74.927,20.155],[74.938,20.271],[74.874,20.278],[74.841,20.419],[74.777,20.472],[74.766,20.54],[74.799,20.541],[74.818,20.635]]]},"properties":{"code":"IN-MA-nashik","name":"Nashik","state":"Maharashtra"}},{"type":"Feature","geometry":{"type":"Polygon","coordinates":[[[76.277,18.556],[76.254,18.576],[76.099,18.587],[76.052,18.574],[75.994,18.62],[75.917,18.65],[75.864,18.65],[75.826,18.67],[75.784,18.662],[75.674,18.69],[75.668,18.65],[75.623,18.661],[75.603,18.692],[75.455,18.589],[75.425,18.535],[75.348,18.562],[75.317,18.518],[75.304,18.429],[75.288,18.411],[75.363,18.37],[75.431,18.264],[75.431,18.18],[75.553,18.144],[75.556,18.196],[75.577,18.24],[75.621,18.274],[75.657,18.332],[75.691,18.324],[75.733,18.36],[75.713,18.393],[75.73,18.434],[75.765,18.44],[75.8,18.384],[75.884,18.366],[75.925,18.302],[75.928,18.26],[75.961,18.16],[75.944,18.128],[75.962,18.089],[76.017,18.039],[75.997,17.992],[75.914,17.977],[75.858,18.009],[75.84,17.978],[75.846,17.891],[75.877,17.845],[75.94,17.851],[76.019,17.828],[76.003,17.752],[76.097,17.777],[76.145,17.753],[76.15,17.698],[76.19,17.681],[76.299,17.728],[76.319,17.696],[76.379,17.684],[76.429,17.644],[76.485,17.67],[76.486,17.714],[76.524,17.715],[76.524,17.759],[76.604,17.756],[76.691,17.68],[76.692,17.705],[76.739,17.779],[76.788,17.826],[76.737,17.857],[76.741,17.898],[76.674,17.92],[76.675,17.995],[76.624,17.998],[76.595,18.031],[76.546,18.023],[76.428,18.029],[76.381,18.088],[76.331,18.073],[76.277,18.138],[76.316,18.281],[76.318,18.328],[76.208,18.387],[76.226,18.428],[76.271,18.419],[76.255,18.518],[76.277,18.556]]]},"properties":{"code":"IN-MA-osmanabad","name":"Osmanabad","state":"Maharashtra"}},{"type":"Feature","geometry":{"type":"Polygon","coordinates":[[[76.646,19.866],[76.622,19.843],[76.532,19.851],[76.493,19.761],[76.487,19.678],[76.453,19.667],[76.442,19.541],[76.395,19.531],[76.365,19.468],[76.315,19.464],[76.291,19.432],[76.285,19.366],[76.265,19.334],[76.213,19.319],[76.209,19.278],[76.226,19.242],[76.312,19.261],[76.365,19.234],[76.361,19.156],[76.438,19.088],[76.478,18.956],[76.51,18.927],[76.539,18.949],[76.583,18.945],[76.583,18.882],[76.622,18.869],[76.666,18.819],[76.675,18.761],[76.726,18.749],[76.744,18.774],[76.883,18.834],[76.993,18.827],[77.011,18.877],[76.955,18.874],[76.949,18.906],[77.018,18.934],[77.053,18.988],[77.06,19.067],[77.099,19.107],[77.086,19.172],[77.036,19.201],[77.011,19.251],[76.919,19.256],[76.93,19.297],[76.891,19.311],[76.894,19.378],[76.918,19.413],[76.967,19.545],[76.941,19.622],[76.855,19.645],[76.849,19.705],[76.783,19.701],[76.732,19.717],[76.716,19.768],[76.686,19.782],[76.705,19.837],[76.677,19.847],[76.646,19.866]]]},"properties":{"code":"IN-MA-parbhani","name":"Parbhani","state":"Maharashtra"}},{"type":"Feature","geometry":{"type":"Polygon","coordinates":[[[74.838,18.339],[74.799,18.355],[74.788,18.406],[74.739,18.398],[74.72,18.43],[74.732,18.48],[74.706,18.506],[74.669,18.488],[74.649,18.45],[74.586,18.473],[74.578,18.532],[74.549,18.583],[74.481,18.648],[74.481,18.689],[74.431,18.749],[74.406,18.741],[74.392,18.808],[74.403,18.83],[74.318,18.853],[74.301,18.903],[74.23,18.976],[74.182,19.042],[74.217,19.125],[74.242,19.123],[74.277,19.186],[74.235,19.205],[74.101,19.226],[74.034,19.269],[74.035,19.311],[74.007,19.358],[73.938,19.341],[73.892,19.376],[73.865,19.359],[73.809,19.395],[73.79,19.386],[73.806,19.336],[73.724,19.327],[73.682,19.303],[73.674,19.24],[73.618,19.189],[73.548,19.174],[73.537,19.129],[73.534,19.058],[73.556,19.018],[73.521,18.972],[73.472,18.965],[73.438,18.862],[73.397,18.846],[73.362,18.722],[73.395,18.692],[73.399,18.654],[73.341,18.594],[73.334,18.559],[73.418,18.493],[73.412,18.399],[73.455,18.359],[73.434,18.305],[73.483,18.3],[73.49,18.271],[73.542,18.247],[73.539,18.217],[73.591,18.178],[73.663,18.172],[73.607,18.106],[73.622,18.057],[73.668,18.028],[73.715,18.047],[73.8,18.021],[73.866,18.031],[73.882,18.052],[73.911,18.16],[73.954,18.18],[73.986,18.154],[74.085,18.121],[74.125,18.13],[74.17,18.106],[74.248,18.097],[74.31,18.068],[74.364,18.096],[74.383,18.073],[74.47,18.047],[74.499,18.058],[74.646,18.044],[74.67,18.068],[74.715,18.029],[74.771,18.022],[74.868,17.991],[74.872,17.95],[75.021,17.907],[75.076,17.914],[75.138,17.969],[75.029,17.98],[75.094,18.063],[75.134,18.075],[75.161,18.12],[75.097,18.122],[75.113,18.214],[75.086,18.218],[75.026,18.187],[74.99,18.241],[74.955,18.263],[74.838,18.246],[74.838,18.339]]]},"properties":{"code":"IN-MA-pune","name":"Pune","state":"Maharashtra"}},{"type":"Feature","geometry":{"type":"Polygon","coordinates":[[[73.537,19.129],[73.482,19.135],[73.36,19.128],[73.257,19.063],[73.205,19.124],[73.188,19.108],[73.121,19.111],[73.058,19.097],[73.058,19.016],[73.032,18.999],[73.001,18.971],[72.94,18.947],[72.908,18.886],[72.927,18.851],[72.978,18.863],[72.983,18.81],[72.863,18.791],[72.855,18.696],[72.928,18.536],[72.895,18.458],[72.914,18.355],[72.953,18.334],[72.992,18.28],[72.945,18.223],[72.981,18.193],[72.979,18.108],[72.99,18.056],[73.037,17.985],[73.109,17.991],[73.189,18.059],[73.277,18.068],[73.316,18.022],[73.358,18.024],[73.355,17.971],[73.42,17.884],[73.519,17.852],[73.545,17.882],[73.58,17.876],[73.557,17.903],[73.645,17.967],[73.668,18.028],[73.622,18.057],[73.607,18.106],[73.663,18.172],[73.591,18.178],[73.539,18.217],[73.542,18.247],[73.49,18.271],[73.483,18.3],[73.434,18.305],[73.455,18.359],[73.412,18.399],[73.418,18.493],[73.334,18.559],[73.341,18.594],[73.399,18.654],[73.395,18.692],[73.362,18.722],[73.397,18.846],[73.438,18.862],[73.472,18.965],[73.521,18.972],[73.556,19.018],[73.534,19.058],[73.537,19.129]]]},"properties":{"code":"IN-MA-raigarh","name":"Raigarh","state":"Maharashtra"}},{"type":"Feature","geometry":{"type":"Polygon","coordinates":[[[73.58,17.876],[73.545,17.882],[73.519,17.852],[73.42,17.884],[73.355,17.971],[73.358,18.024],[73.316,18.022],[73.277,18.068],[73.189,18.059],[73.109,17.991],[73.037,17.985],[73.052,17.932],[73.135,17.71],[73.114,17.689],[73.161,17.568],[73.142,17.546],[73.182,17.508],[73.177,17.387],[73.207,17.384],[73.219,17.331],[73.198,17.289],[73.247,17.209],[73.288,17.058],[73.294,16.986],[73.282,16.948],[73.3,16.893],[73.295,16.817],[73.316,16.807],[73.305,16.729],[73.352,16.622],[73.322,16.584],[73.355,16.531],[73.39,16.514],[73.429,16.516],[73.476,16.492],[73.499,16.513],[73.551,16.513],[73.591,16.542],[73.671,16.574],[73.699,16.622],[73.777,16.602],[73.777,16.658],[73.863,16.649],[73.875,16.668],[73.747,16.819],[73.776,16.847],[73.758,16.903],[73.802,16.911],[73.775,16.961],[73.797,16.991],[73.843,16.989],[73.832,17.037],[73.798,17.092],[73.699,17.157],[73.719,17.168],[73.728,17.201],[73.706,17.261],[73.692,17.362],[73.714,17.422],[73.716,17.505],[73.751,17.559],[73.713,17.657],[73.666,17.698],[73.576,17.721],[73.612,17.794],[73.58,17.876]]]},"properties":{"code":"IN-MA-ratnagiri","name":"Ratnagiri","state":"Maharashtra"}},{"type":"Feature","geometry":{"type":"Polygon","coordinates":[[[75.606,17.303],[75.559,17.283],[75.517,17.238],[75.424,17.263],[75.406,17.21],[75.364,17.234],[75.292,17.214],[75.272,17.182],[75.228,17.182],[75.251,17.254],[75.195,17.265],[75.178,17.238],[75.103,17.242],[75.083,17.22],[75.021,17.224],[74.969,17.193],[74.931,17.144],[74.871,17.194],[74.918,17.274],[74.966,17.292],[74.975,17.343],[75.011,17.367],[75.038,17.419],[75.045,17.473],[74.988,17.465],[74.945,17.512],[74.993,17.541],[74.93,17.574],[74.91,17.626],[74.863,17.555],[74.866,17.505],[74.815,17.451],[74.76,17.473],[74.705,17.454],[74.7,17.39],[74.65,17.394],[74.616,17.441],[74.584,17.41],[74.54,17.415],[74.5,17.382],[74.305,17.42],[74.269,17.383],[74.301,17.314],[74.264,17.292],[74.286,17.171],[74.255,17.139],[74.193,17.148],[74.105,17.1],[74.044,17.09],[73.893,17.155],[73.842,17.226],[73.741,17.273],[73.706,17.261],[73.728,17.201],[73.719,17.168],[73.766,17.153],[73.79,17.179],[73.858,17.151],[73.924,17.073],[73.989,17.033],[73.979,16.992],[74.031,16.983],[74.047,16.923],[74.085,16.903],[74.129,16.91],[74.257,16.885],[74.304,16.89],[74.372,16.851],[74.42,16.84],[74.502,16.854],[74.541,16.844],[74.565,16.805],[74.637,16.784],[74.698,16.715],[74.737,16.716],[74.779,16.749],[74.85,16.76],[74.916,16.786],[74.912,16.856],[74.953,16.906],[75.004,16.946],[75.095,16.921],[75.172,16.865],[75.23,16.841],[75.283,16.874],[75.285,16.954],[75.345,16.953],[75.395,16.976],[75.431,16.963],[75.468,16.985],[75.493,16.945],[75.57,16.964],[75.57,17.006],[75.645,16.951],[75.669,16.983],[75.681,17.071],[75.674,17.114],[75.631,17.16],[75.664,17.214],[75.657,17.271],[75.606,17.303]]]},"properties":{"code":"IN-MA-sangli","name":"Sangli","state":"Maharashtra"}},{"type":"Feature","geometry":{"type":"Polygon","coordinates":[[[74.715,18.029],[74.67,18.068],[74.646,18.044],[74.499,18.058],[74.47,18.047],[74.383,18.073],[74.364,18.096],[74.31,18.068],[74.248,18.097],[74.17,18.106],[74.125,18.13],[74.085,18.121],[73.986,18.154],[73.954,18.18],[73.911,18.16],[73.882,18.052],[73.866,18.031],[73.8,18.021],[73.715,18.047],[73.668,18.028],[73.645,17.967],[73.557,17.903],[73.58,17.876],[73.612,17.794],[73.576,17.721],[73.666,17.698],[73.713,17.657],[73.751,17.559],[73.716,17.505],[73.714,17.422],[73.692,17.362],[73.706,17.261],[73.741,17.273],[73.842,17.226],[73.893,17.155],[74.044,17.09],[74.105,17.1],[74.193,17.148],[74.255,17.139],[74.286,17.171],[74.264,17.292],[74.301,17.314],[74.269,17.383],[74.305,17.42],[74.5,17.382],[74.54,17.415],[74.584,17.41],[74.616,17.441],[74.65,17.394],[74.7,17.39],[74.705,17.454],[74.76,17.473],[74.815,17.451],[74.866,17.505],[74.863,17.555],[74.91,17.626],[74.893,17.674],[74.824,17.746],[74.761,17.779],[74.719,17.783],[74.684,17.849],[74.631,17.83],[74.673,17.975],[74.67,18],[74.715,18.029]]]},"properties":{"code":"IN-MA-satara","name":"Satara","state":"Maharashtra"}},{"type":"Feature","geometry":{"type":"Polygon","coordinates":[[[73.863,16.649],[73.777,16.658],[73.777,16.602],[73.699,16.622],[73.671,16.574],[73.591,16.542],[73.551,16.513],[73.499,16.513],[73.476,16.492],[73.429,16.516],[73.39,16.514],[73.311,16.542],[73.387,16.361],[73.417,16.246],[73.449,16.155],[73.465,16.072],[73.51,15.94],[73.586,15.91],[73.626,15.853],[73.68,15.724],[73.692,15.727],[73.707,15.722],[73.719,15.722],[73.786,15.723],[73.82,15.74],[73.865,15.798],[73.909,15.742],[73.945,15.742],[73.971,15.687],[73.976,15.629],[74.002,15.609],[74.081,15.626],[74.126,15.65],[74.135,15.722],[74.217,15.779],[74.181,15.772],[74.167,15.819],[74.051,15.837],[74.091,15.866],[74.09,15.925],[74.057,15.948],[74.092,16.002],[74.056,16.032],[74.01,16.036],[74.007,16.085],[73.956,16.097],[73.91,16.087],[73.854,16.106],[73.865,16.143],[73.955,16.17],[73.925,16.246],[73.858,16.312],[73.875,16.372],[73.847,16.401],[73.896,16.447],[73.835,16.542],[73.873,16.612],[73.863,16.649]]]},"properties":{"code":"IN-MA-sindhudurg","name":"Sindhudurg","state":"Maharashtra"}},{"type":"Feature","geometry":{"type":"Polygon","coordinates":[[[75.317,18.518],[75.264,18.509],[75.218,18.554],[75.207,18.533],[75.138,18.526],[75.109,18.489],[75.096,18.434],[74.92,18.377],[74.912,18.356],[74.838,18.339],[74.838,18.246],[74.955,18.263],[74.99,18.241],[75.026,18.187],[75.086,18.218],[75.113,18.214],[75.097,18.122],[75.161,18.12],[75.134,18.075],[75.094,18.063],[75.029,17.98],[75.138,17.969],[75.076,17.914],[75.021,17.907],[74.872,17.95],[74.868,17.991],[74.771,18.022],[74.715,18.029],[74.67,18],[74.673,17.975],[74.631,17.83],[74.684,17.849],[74.719,17.783],[74.761,17.779],[74.824,17.746],[74.893,17.674],[74.91,17.626],[74.93,17.574],[74.993,17.541],[74.945,17.512],[74.988,17.465],[75.045,17.473],[75.038,17.419],[75.011,17.367],[74.975,17.343],[74.966,17.292],[74.918,17.274],[74.871,17.194],[74.931,17.144],[74.969,17.193],[75.021,17.224],[75.083,17.22],[75.103,17.242],[75.178,17.238],[75.195,17.265],[75.251,17.254],[75.228,17.182],[75.272,17.182],[75.292,17.214],[75.364,17.234],[75.406,17.21],[75.424,17.263],[75.517,17.238],[75.559,17.283],[75.606,17.303],[75.636,17.478],[75.681,17.454],[75.691,17.413],[75.737,17.422],[75.811,17.37],[75.822,17.42],[75.894,17.406],[75.894,17.354],[75.931,17.324],[76.063,17.352],[76.073,17.332],[76.121,17.366],[76.163,17.341],[76.229,17.363],[76.276,17.331],[76.382,17.312],[76.408,17.369],[76.362,17.375],[76.373,17.434],[76.35,17.472],[76.332,17.595],[76.416,17.604],[76.429,17.644],[76.379,17.684],[76.319,17.696],[76.299,17.728],[76.19,17.681],[76.15,17.698],[76.145,17.753],[76.097,17.777],[76.003,17.752],[76.019,17.828],[75.94,17.851],[75.877,17.845],[75.846,17.891],[75.84,17.978],[75.858,18.009],[75.914,17.977],[75.997,17.992],[76.017,18.039],[75.962,18.089],[75.944,18.128],[75.961,18.16],[75.928,18.26],[75.925,18.302],[75.884,18.366],[75.8,18.384],[75.765,18.44],[75.73,18.434],[75.713,18.393],[75.733,18.36],[75.691,18.324],[75.657,18.332],[75.621,18.274],[75.577,18.24],[75.556,18.196],[75.553,18.144],[75.431,18.18],[75.431,18.264],[75.363,18.37],[75.288,18.411],[75.304,18.429],[75.317,18.518]]]},"properties":{"code":"IN-MA-solapur","name":"Solapur","state":"Maharashtra"}},{"type":"Feature","geometry":{"type":"Polygon","coordinates":[[[72.97,20.212],[72.884,20.227],[72.85,20.208],[72.829,20.157],[72.788,20.13],[72.738,20.137],[72.708,20.069],[72.722,19.987],[72.665,19.935],[72.681,19.865],[72.687,19.748],[72.731,19.599],[72.729,19.529],[72.78,19.492],[72.745,19.456],[72.758,19.376],[72.793,19.31],[72.806,19.305],[72.809,19.303],[72.809,19.304],[72.814,19.305],[72.853,19.315],[72.858,19.315],[72.859,19.314],[72.866,19.313],[72.869,19.314],[72.898,19.293],[72.901,19.29],[72.912,19.284],[72.905,19.298],[72.918,19.29],[72.943,19.291],[72.964,19.302],[72.995,19.279],[73.042,19.198],[73.074,19.206],[73.091,19.143],[73.121,19.111],[73.188,19.108],[73.205,19.124],[73.257,19.063],[73.36,19.128],[73.482,19.135],[73.537,19.129],[73.548,19.174],[73.618,19.189],[73.674,19.24],[73.682,19.303],[73.724,19.327],[73.806,19.336],[73.79,19.386],[73.699,19.439],[73.684,19.463],[73.708,19.505],[73.635,19.543],[73.629,19.587],[73.576,19.621],[73.529,19.702],[73.51,19.759],[73.471,19.759],[73.433,19.916],[73.461,19.982],[73.415,20.017],[73.374,20.021],[73.305,20.06],[73.259,20.125],[73.216,20.122],[73.218,20.106],[73.214,20.091],[73.186,20.053],[73.184,20.052],[73.175,20.058],[73.17,20.066],[73.144,20.078],[73.137,20.085],[73.128,20.078],[73.123,20.078],[73.112,20.083],[73.11,20.085],[73.105,20.087],[73.088,20.094],[73.058,20.097],[73.059,20.068],[73.045,20.072],[73.017,20.13],[73.017,20.135],[73.008,20.132],[73.008,20.129],[73.004,20.118],[72.985,20.113],[72.973,20.131],[72.986,20.158],[72.97,20.212]]]},"properties":{"code":"IN-MA-thane","name":"Thane","state":"Maharashtra"}},{"type":"Feature","geometry":{"type":"Polygon","coordinates":[[[78.247,21.33],[78.154,21.331],[78.101,21.356],[78.075,21.33],[78.051,21.251],[78.138,21.142],[78.148,21.048],[78.133,21.005],[78.142,20.953],[78.18,20.906],[78.233,20.897],[78.268,20.866],[78.295,20.812],[78.307,20.736],[78.275,20.697],[78.245,20.644],[78.275,20.563],[78.408,20.512],[78.504,20.52],[78.532,20.463],[78.573,20.429],[78.636,20.434],[78.687,20.357],[78.703,20.309],[78.797,20.298],[78.825,20.319],[78.814,20.387],[78.894,20.437],[78.945,20.428],[78.996,20.447],[79.018,20.478],[79.125,20.454],[79.209,20.546],[79.219,20.582],[79.183,20.602],[79.137,20.676],[79.101,20.686],[79.047,20.734],[78.94,20.767],[78.911,20.835],[78.859,20.843],[78.859,20.872],[78.8,20.877],[78.73,20.948],[78.726,21.005],[78.647,21.037],[78.602,21.07],[78.585,21.116],[78.554,21.116],[78.502,21.191],[78.438,21.236],[78.328,21.252],[78.247,21.33]]]},"properties":{"code":"IN-MA-wardha","name":"Wardha","state":"Maharashtra"}},{"type":"Feature","geometry":{"type":"Polygon","coordinates":[[[77.65,20.565],[77.627,20.568],[77.652,20.648],[77.633,20.669],[77.629,20.739],[77.613,20.761],[77.563,20.722],[77.518,20.733],[77.451,20.657],[77.464,20.611],[77.415,20.61],[77.398,20.582],[77.337,20.577],[77.326,20.5],[77.346,20.466],[77.298,20.448],[77.293,20.421],[77.222,20.449],[77.193,20.412],[77.13,20.401],[77.053,20.45],[76.978,20.373],[76.898,20.342],[76.883,20.299],[76.82,20.281],[76.825,20.247],[76.785,20.204],[76.749,20.21],[76.757,20.132],[76.67,20.127],[76.624,20.051],[76.661,20.049],[76.658,19.977],[76.633,19.954],[76.611,19.891],[76.646,19.866],[76.677,19.847],[76.69,19.873],[76.738,19.873],[76.772,19.933],[76.822,19.927],[76.835,19.962],[76.899,19.963],[77.034,20.011],[77.1,19.933],[77.201,19.992],[77.206,19.948],[77.283,19.911],[77.322,19.957],[77.371,20.047],[77.365,20.089],[77.463,20.072],[77.523,20.094],[77.578,20.03],[77.623,20.042],[77.665,20.1],[77.678,20.169],[77.643,20.191],[77.665,20.248],[77.608,20.265],[77.581,20.326],[77.572,20.393],[77.598,20.446],[77.644,20.45],[77.665,20.514],[77.65,20.565]]]},"properties":{"code":"IN-MA-washim","name":"Washim","state":"Maharashtra"}},{"type":"Feature","geometry":{"type":"Polygon","coordinates":[[[78.797,20.298],[78.703,20.309],[78.687,20.357],[78.636,20.434],[78.573,20.429],[78.532,20.463],[78.504,20.52],[78.408,20.512],[78.275,20.563],[78.245,20.644],[78.275,20.697],[78.208,20.69],[78.155,20.66],[78.059,20.674],[78.024,20.658],[77.967,20.588],[77.915,20.605],[77.813,20.586],[77.768,20.541],[77.738,20.562],[77.663,20.581],[77.65,20.565],[77.665,20.514],[77.644,20.45],[77.598,20.446],[77.572,20.393],[77.581,20.326],[77.608,20.265],[77.665,20.248],[77.643,20.191],[77.678,20.169],[77.665,20.1],[77.623,20.042],[77.578,20.03],[77.523,20.094],[77.463,20.072],[77.365,20.089],[77.371,20.047],[77.322,19.957],[77.283,19.911],[77.362,19.858],[77.387,19.821],[77.376,19.743],[77.433,19.73],[77.457,19.682],[77.536,19.669],[77.613,19.638],[77.643,19.547],[77.746,19.521],[77.734,19.48],[77.745,19.431],[77.844,19.455],[77.858,19.519],[77.955,19.51],[78.009,19.465],[78.064,19.466],[78.11,19.491],[78.143,19.552],[78.18,19.563],[78.19,19.625],[78.175,19.654],[78.127,19.667],[78.078,19.648],[78.043,19.698],[77.996,19.681],[77.93,19.739],[77.857,19.743],[77.845,19.801],[77.888,19.871],[77.95,19.911],[78.049,19.931],[78.074,19.9],[78.138,19.915],[78.196,19.902],[78.31,19.913],[78.336,19.883],[78.384,19.879],[78.398,19.836],[78.476,19.816],[78.526,19.822],[78.619,19.809],[78.702,19.786],[78.785,19.779],[78.844,19.759],[78.897,19.736],[78.946,19.752],[78.953,19.802],[79.024,19.8],[79.127,19.862],[79.146,19.892],[79.089,19.914],[79.11,19.987],[79.065,20.063],[78.95,20.168],[78.955,20.206],[78.916,20.237],[78.822,20.247],[78.797,20.298]]]},"properties":{"code":"IN-MA-yavatmal","name":"Yavatmal","state":"Maharashtra"}},{"type":"Feature","geometry":{"type":"Polygon","coordinates":[[[93.878,24.557],[93.891,24.591],[93.808,24.627],[93.802,24.673],[93.878,24.685],[93.894,24.715],[93.775,24.742],[93.766,24.689],[93.726,24.596],[93.734,24.504],[93.71,24.448],[93.76,24.403],[93.811,24.394],[93.845,24.358],[93.854,24.314],[93.882,24.291],[93.856,24.316],[93.851,24.417],[93.886,24.493],[93.878,24.557]]]},"properties":{"code":"IN-MA-bishnupur","name":"Bishnupur","state":"Manipur"}},{"type":"Feature","geometry":{"type":"Polygon","coordinates":[[[94.409,24.49],[94.288,24.607],[94.205,24.632],[94.152,24.624],[94.125,24.611],[94.091,24.523],[94.038,24.507],[94.024,24.449],[93.988,24.473],[93.965,24.41],[93.921,24.374],[93.914,24.342],[93.942,24.3],[93.914,24.254],[93.882,24.291],[93.882,24.23],[93.783,24.143],[93.747,24.009],[93.794,23.968],[93.808,23.933],[93.896,23.955],[94.018,23.934],[94.051,23.9],[94.096,23.894],[94.123,23.843],[94.161,23.853],[94.17,23.929],[94.245,24.044],[94.263,24.168],[94.295,24.24],[94.407,24.431],[94.409,24.49]]]},"properties":{"code":"IN-MA-chandel","name":"Chandel","state":"Manipur"}},{"type":"Feature","geometry":{"type":"Polygon","coordinates":[[[93.702,24.616],[93.573,24.595],[93.494,24.555],[93.349,24.578],[93.289,24.569],[93.236,24.514],[93.173,24.531],[93.212,24.57],[93.225,24.641],[93.207,24.706],[93.161,24.712],[93.121,24.665],[93.107,24.584],[93.097,24.583],[93.087,24.571],[93.071,24.576],[93.073,24.561],[93.051,24.537],[93.053,24.52],[93.04,24.511],[93.046,24.482],[93.038,24.461],[93.039,24.411],[93.016,24.403],[93.006,24.412],[93.022,24.374],[93.022,24.347],[93.035,24.318],[93.024,24.301],[93.011,24.288],[93.014,24.272],[93.027,24.233],[93.019,24.225],[93.022,24.21],[93.003,24.198],[93.003,24.174],[93.006,24.163],[92.991,24.15],[92.991,24.147],[92.989,24.132],[92.978,24.126],[92.989,24.116],[93.01,24.11],[93.014,24.105],[93.027,24.104],[93.035,24.099],[93.054,24.091],[93.085,24.09],[93.104,24.053],[93.107,24.049],[93.112,24.055],[93.121,24.06],[93.158,24.084],[93.167,24.061],[93.17,24.055],[93.198,24.052],[93.225,24.074],[93.222,24.081],[93.227,24.087],[93.264,24.068],[93.262,24.058],[93.257,24.029],[93.255,24.024],[93.277,24.04],[93.288,24.052],[93.337,24.053],[93.354,24.098],[93.415,24.079],[93.467,23.999],[93.472,23.971],[93.531,23.961],[93.609,23.973],[93.616,24.011],[93.747,24.009],[93.783,24.143],[93.882,24.23],[93.882,24.291],[93.854,24.314],[93.845,24.358],[93.811,24.394],[93.76,24.403],[93.71,24.448],[93.734,24.504],[93.726,24.596],[93.702,24.616]]]},"properties":{"code":"IN-MA-churachandpur","name":"Churachandpur","state":"Manipur"}},{"type":"Feature","geometry":{"type":"MultiPolygon","coordinates":[[[[93.161,24.712],[93.18,24.786],[93.224,24.798],[93.244,24.857],[93.214,24.862],[93.2,24.858],[93.199,24.853],[93.202,24.844],[93.194,24.844],[93.199,24.84],[93.202,24.84],[93.196,24.838],[93.193,24.836],[93.193,24.826],[93.196,24.816],[93.197,24.811],[93.194,24.809],[93.182,24.805],[93.176,24.797],[93.153,24.794],[93.144,24.8],[93.14,24.805],[93.127,24.809],[93.121,24.809],[93.12,24.817],[93.111,24.812],[93.106,24.785],[93.103,24.773],[93.101,24.749],[93.104,24.737],[93.094,24.724],[93.094,24.721],[93.089,24.709],[93.076,24.71],[93.09,24.693],[93.093,24.677],[93.105,24.675],[93.098,24.663],[93.098,24.659],[93.096,24.653],[93.085,24.648],[93.082,24.628],[93.079,24.621],[93.087,24.614],[93.087,24.611],[93.075,24.596],[93.08,24.593],[93.107,24.584],[93.121,24.665],[93.161,24.712]]],[[[94.089,24.698],[94.063,24.708],[94.09,24.812],[94.129,24.905],[94.072,24.885],[94.07,24.946],[94.048,24.963],[93.956,24.943],[93.936,24.901],[93.903,24.866],[93.947,24.837],[93.936,24.754],[93.944,24.72],[94.002,24.733],[94.02,24.676],[94.089,24.698]]]]},"properties":{"code":"IN-MA-east-imphal","name":"East Imphal","state":"Manipur"}},{"type":"Feature","geometry":{"type":"Polygon","coordinates":[[[94.205,24.632],[94.188,24.677],[94.186,24.771],[94.165,24.803],[94.152,24.881],[94.175,24.931],[94.122,25.075],[94.133,25.117],[94.26,25.233],[94.3,25.255],[94.382,25.363],[94.379,25.394],[94.434,25.515],[94.493,25.614],[94.491,25.62],[94.449,25.601],[94.448,25.598],[94.438,25.596],[94.43,25.593],[94.422,25.576],[94.426,25.561],[94.389,25.537],[94.365,25.521],[94.314,25.494],[94.309,25.494],[94.299,25.501],[94.267,25.502],[94.252,25.499],[94.232,25.498],[94.223,25.497],[94.191,25.531],[94.19,25.535],[94.192,25.551],[94.183,25.553],[94.152,25.542],[94.148,25.532],[94.106,25.529],[94.092,25.533],[94.095,25.546],[94.069,25.559],[94.065,25.566],[94.046,25.581],[94.039,25.58],[94.035,25.581],[94.033,25.585],[94.015,25.596],[94.008,25.588],[94.007,25.57],[94.001,25.574],[93.978,25.566],[93.973,25.561],[93.957,25.557],[93.919,25.564],[93.911,25.568],[93.892,25.568],[93.844,25.562],[93.833,25.561],[93.823,25.548],[93.808,25.545],[93.779,25.538],[93.771,25.54],[93.771,25.536],[93.768,25.525],[93.766,25.5],[93.773,25.498],[93.797,25.504],[93.814,25.485],[93.809,25.466],[93.834,25.431],[93.89,25.427],[93.923,25.401],[93.894,25.355],[93.956,25.291],[93.906,25.276],[93.831,25.226],[93.778,25.154],[93.805,25.065],[93.795,24.967],[93.707,24.915],[93.732,24.876],[93.718,24.825],[93.666,24.797],[93.702,24.616],[93.726,24.596],[93.766,24.689],[93.775,24.742],[93.785,24.809],[93.812,24.841],[93.849,24.956],[93.916,25.005],[93.936,24.901],[93.956,24.943],[94.048,24.963],[94.07,24.946],[94.072,24.885],[94.129,24.905],[94.09,24.812],[94.063,24.708],[94.089,24.698],[94.117,24.643],[94.152,24.624],[94.205,24.632]]]},"properties":{"code":"IN-MA-senapati","name":"Senapati","state":"Manipur"}},{"type":"Feature","geometry":{"type":"Polygon","coordinates":[[[93.702,24.616],[93.666,24.797],[93.718,24.825],[93.732,24.876],[93.707,24.915],[93.795,24.967],[93.805,25.065],[93.778,25.154],[93.831,25.226],[93.906,25.276],[93.956,25.291],[93.894,25.355],[93.923,25.401],[93.89,25.427],[93.834,25.431],[93.809,25.466],[93.798,25.454],[93.79,25.443],[93.784,25.432],[93.781,25.425],[93.76,25.414],[93.74,25.395],[93.712,25.358],[93.7,25.359],[93.684,25.33],[93.666,25.298],[93.632,25.243],[93.608,25.202],[93.59,25.22],[93.588,25.222],[93.578,25.226],[93.563,25.247],[93.547,25.248],[93.521,25.249],[93.505,25.244],[93.511,25.276],[93.504,25.276],[93.488,25.276],[93.473,25.285],[93.475,25.3],[93.466,25.299],[93.445,25.292],[93.423,25.272],[93.412,25.263],[93.389,25.246],[93.385,25.226],[93.371,25.204],[93.362,25.196],[93.353,25.182],[93.349,25.157],[93.349,25.153],[93.346,25.13],[93.349,25.125],[93.34,25.114],[93.336,25.096],[93.324,25.092],[93.322,25.088],[93.311,25.073],[93.306,25.064],[93.305,25.048],[93.302,25.052],[93.299,25.05],[93.287,25.047],[93.268,25.049],[93.263,25.042],[93.264,25.036],[93.256,25.029],[93.254,25.021],[93.252,25.016],[93.247,25.004],[93.247,25.003],[93.249,25.003],[93.251,25.003],[93.253,25.006],[93.255,25.004],[93.257,25.003],[93.258,25.004],[93.262,25.006],[93.257,25.001],[93.256,25.002],[93.257,24.998],[93.253,24.986],[93.252,24.981],[93.253,24.975],[93.263,24.966],[93.261,24.954],[93.262,24.951],[93.249,24.955],[93.25,24.943],[93.24,24.938],[93.247,24.936],[93.245,24.93],[93.242,24.915],[93.243,24.908],[93.243,24.904],[93.236,24.902],[93.23,24.895],[93.229,24.885],[93.229,24.877],[93.216,24.865],[93.214,24.862],[93.244,24.857],[93.224,24.798],[93.18,24.786],[93.161,24.712],[93.207,24.706],[93.225,24.641],[93.212,24.57],[93.173,24.531],[93.236,24.514],[93.289,24.569],[93.349,24.578],[93.494,24.555],[93.573,24.595],[93.702,24.616]]]},"properties":{"code":"IN-MA-tamenglong","name":"Tamenglong","state":"Manipur"}},{"type":"Feature","geometry":{"type":"Polygon","coordinates":[[[94.089,24.698],[94.02,24.676],[94.002,24.733],[93.944,24.72],[93.914,24.574],[93.878,24.557],[93.886,24.493],[93.851,24.417],[93.856,24.316],[93.882,24.291],[93.914,24.254],[93.942,24.3],[93.914,24.342],[93.921,24.374],[93.965,24.41],[93.988,24.473],[94.024,24.449],[94.038,24.507],[94.091,24.523],[94.125,24.611],[94.152,24.624],[94.117,24.643],[94.089,24.698]]]},"properties":{"code":"IN-MA-thoubal","name":"Thoubal","state":"Manipur"}},{"type":"Feature","geometry":{"type":"Polygon","coordinates":[[[94.587,25.647],[94.577,25.653],[94.587,25.672],[94.588,25.677],[94.59,25.681],[94.587,25.692],[94.568,25.692],[94.552,25.667],[94.545,25.658],[94.532,25.65],[94.528,25.644],[94.515,25.63],[94.511,25.63],[94.505,25.617],[94.5,25.619],[94.493,25.614],[94.434,25.515],[94.379,25.394],[94.382,25.363],[94.3,25.255],[94.26,25.233],[94.133,25.117],[94.122,25.075],[94.175,24.931],[94.152,24.881],[94.165,24.803],[94.186,24.771],[94.188,24.677],[94.205,24.632],[94.288,24.607],[94.409,24.49],[94.43,24.493],[94.465,24.576],[94.521,24.617],[94.551,24.675],[94.551,24.717],[94.611,24.722],[94.641,24.849],[94.692,24.9],[94.702,24.968],[94.742,25.025],[94.746,25.137],[94.602,25.195],[94.585,25.216],[94.599,25.289],[94.631,25.387],[94.676,25.421],[94.682,25.46],[94.67,25.455],[94.633,25.466],[94.595,25.488],[94.587,25.492],[94.557,25.513],[94.561,25.531],[94.563,25.54],[94.563,25.55],[94.561,25.561],[94.56,25.568],[94.562,25.578],[94.565,25.603],[94.573,25.611],[94.579,25.626],[94.591,25.64],[94.587,25.647]]]},"properties":{"code":"IN-MA-ukhrul","name":"Ukhrul","state":"Manipur"}},{"type":"Feature","geometry":{"type":"Polygon","coordinates":[[[93.936,24.901],[93.916,25.005],[93.849,24.956],[93.812,24.841],[93.785,24.809],[93.775,24.742],[93.894,24.715],[93.878,24.685],[93.802,24.673],[93.808,24.627],[93.891,24.591],[93.878,24.557],[93.914,24.574],[93.944,24.72],[93.936,24.754],[93.947,24.837],[93.903,24.866],[93.936,24.901]]]},"properties":{"code":"IN-MA-west-imphal","name":"West Imphal","state":"Manipur"}},{"type":"Feature","geometry":{"type":"Polygon","coordinates":[[[90.119,25.961],[90.111,25.954],[90.181,25.901],[90.224,25.925],[90.328,25.93],[90.422,25.953],[90.382,25.868],[90.406,25.751],[90.441,25.696],[90.406,25.6],[90.403,25.551],[90.344,25.494],[90.335,25.46],[90.476,25.454],[90.519,25.433],[90.644,25.416],[90.702,25.507],[90.766,25.554],[90.779,25.585],[90.849,25.591],[90.908,25.641],[90.982,25.744],[90.944,25.77],[91.001,25.822],[91.029,25.888],[90.967,25.887],[90.958,25.934],[90.883,25.952],[90.797,25.941],[90.741,25.915],[90.713,25.952],[90.629,25.937],[90.534,25.958],[90.477,26.015],[90.429,25.989],[90.365,26.01],[90.324,25.974],[90.213,25.954],[90.119,25.961]]]},"properties":{"code":"IN-ME-east-garo-hills","name":"East Garo Hills","state":"Meghalaya"}},{"type":"Feature","geometry":{"type":"Polygon","coordinates":[[[91.811,25.655],[91.801,25.61],[91.697,25.543],[91.655,25.553],[91.543,25.512],[91.557,25.453],[91.526,25.345],[91.545,25.28],[91.497,25.284],[91.404,25.264],[91.355,25.229],[91.389,25.166],[91.425,25.166],[91.474,25.134],[91.559,25.149],[91.58,25.173],[91.645,25.123],[91.837,25.182],[91.922,25.187],[91.989,25.176],[92.018,25.189],[91.988,25.276],[92.05,25.321],[92.115,25.309],[92.114,25.412],[92.098,25.494],[92.122,25.605],[92.153,25.668],[92.05,25.641],[91.972,25.656],[91.956,25.683],[91.865,25.644],[91.811,25.655]]]},"properties":{"code":"IN-ME-east-khasi-hills","name":"East Khasi Hills","state":"Meghalaya"}},{"type":"Feature","geometry":{"type":"Polygon","coordinates":[[[92.161,25.673],[92.153,25.668],[92.122,25.605],[92.098,25.494],[92.114,25.412],[92.115,25.309],[92.05,25.321],[91.988,25.276],[92.018,25.189],[92.066,25.19],[92.132,25.167],[92.139,25.146],[92.347,25.052],[92.426,25.032],[92.466,25.057],[92.484,25.108],[92.543,25.1],[92.582,25.132],[92.622,25.118],[92.677,25.182],[92.747,25.208],[92.792,25.287],[92.761,25.335],[92.651,25.432],[92.607,25.419],[92.581,25.495],[92.645,25.537],[92.661,25.582],[92.66,25.585],[92.653,25.592],[92.634,25.579],[92.631,25.571],[92.626,25.568],[92.621,25.568],[92.603,25.557],[92.581,25.56],[92.561,25.583],[92.556,25.593],[92.559,25.609],[92.545,25.614],[92.533,25.616],[92.511,25.617],[92.481,25.664],[92.465,25.682],[92.455,25.684],[92.443,25.688],[92.44,25.688],[92.432,25.691],[92.427,25.71],[92.436,25.716],[92.432,25.732],[92.413,25.734],[92.405,25.744],[92.384,25.747],[92.368,25.742],[92.368,25.74],[92.348,25.732],[92.334,25.725],[92.314,25.725],[92.306,25.723],[92.288,25.716],[92.271,25.711],[92.256,25.711],[92.233,25.715],[92.229,25.716],[92.211,25.696],[92.202,25.69],[92.198,25.686],[92.188,25.683],[92.171,25.667],[92.164,25.669],[92.161,25.673]]]},"properties":{"code":"IN-ME-jaintia-hills","name":"Jaintia Hills","state":"Meghalaya"}},{"type":"Feature","geometry":{"type":"Polygon","coordinates":[[[92.302,26.076],[92.241,26.063],[92.178,26.08],[92.133,26.046],[92.053,26.033],[91.991,26.041],[91.934,26.015],[91.883,26.03],[91.876,26.098],[91.819,26.119],[91.79,26.087],[91.731,26.059],[91.72,25.954],[91.669,25.905],[91.63,25.945],[91.632,26.022],[91.57,26.027],[91.551,25.975],[91.519,25.958],[91.469,25.859],[91.342,25.836],[91.36,25.807],[91.459,25.789],[91.588,25.812],[91.699,25.805],[91.75,25.828],[91.789,25.783],[91.828,25.67],[91.811,25.655],[91.865,25.644],[91.956,25.683],[91.972,25.656],[92.05,25.641],[92.153,25.668],[92.161,25.673],[92.164,25.685],[92.161,25.697],[92.151,25.712],[92.151,25.719],[92.154,25.723],[92.161,25.726],[92.166,25.734],[92.158,25.757],[92.156,25.765],[92.154,25.773],[92.155,25.779],[92.151,25.784],[92.154,25.795],[92.153,25.813],[92.163,25.826],[92.179,25.868],[92.203,25.89],[92.213,25.892],[92.224,25.901],[92.225,25.902],[92.224,25.91],[92.201,25.908],[92.183,25.911],[92.174,25.909],[92.164,25.912],[92.16,25.926],[92.158,25.939],[92.161,25.952],[92.207,25.988],[92.211,25.995],[92.215,25.996],[92.222,25.999],[92.256,26.029],[92.302,26.076]]]},"properties":{"code":"IN-ME-ri-bhoi","name":"Ri-Bhoi","state":"Meghalaya"}},{"type":"Feature","geometry":{"type":"Polygon","coordinates":[[[90.335,25.46],[90.322,25.364],[90.278,25.313],[90.278,25.2],[90.337,25.194],[90.383,25.163],[90.455,25.144],[90.508,25.171],[90.637,25.172],[90.667,25.187],[90.704,25.155],[90.785,25.184],[90.854,25.156],[90.97,25.171],[90.959,25.246],[90.901,25.297],[90.857,25.293],[90.842,25.351],[90.765,25.368],[90.757,25.432],[90.79,25.508],[90.766,25.554],[90.702,25.507],[90.644,25.416],[90.519,25.433],[90.476,25.454],[90.335,25.46]]]},"properties":{"code":"IN-ME-south-garo-hills","name":"South Garo Hills","state":"Meghalaya"}},{"type":"Feature","geometry":{"type":"Polygon","coordinates":[[[89.874,25.549],[89.871,25.537],[89.876,25.529],[89.874,25.514],[89.88,25.489],[89.869,25.476],[89.855,25.476],[89.822,25.385],[89.826,25.349],[89.861,25.288],[89.906,25.307],[89.975,25.301],[90.12,25.226],[90.278,25.2],[90.278,25.313],[90.322,25.364],[90.335,25.46],[90.344,25.494],[90.403,25.551],[90.406,25.6],[90.441,25.696],[90.406,25.751],[90.382,25.868],[90.422,25.953],[90.328,25.93],[90.224,25.925],[90.181,25.901],[90.111,25.954],[90.101,25.942],[90.072,25.919],[90.052,25.899],[90.028,25.894],[90.012,25.85],[90,25.849],[89.997,25.844],[90.002,25.842],[89.998,25.84],[89.976,25.834],[89.968,25.826],[89.953,25.783],[89.955,25.774],[89.947,25.765],[89.934,25.753],[89.934,25.745],[89.922,25.739],[89.895,25.744],[89.894,25.727],[89.919,25.703],[89.921,25.694],[89.942,25.678],[89.98,25.638],[89.983,25.627],[89.999,25.622],[90.018,25.608],[90.006,25.588],[89.995,25.586],[89.979,25.591],[89.973,25.575],[89.949,25.568],[89.936,25.563],[89.918,25.563],[89.874,25.549]]]},"properties":{"code":"IN-ME-west-garo-hills","name":"West Garo Hills","state":"Meghalaya"}},{"type":"Feature","geometry":{"type":"Polygon","coordinates":[[[91.342,25.836],[91.276,25.747],[91.224,25.723],[91.189,25.739],[91.18,25.776],[91.203,25.841],[91.153,25.85],[91.067,25.826],[91.001,25.822],[90.944,25.77],[90.982,25.744],[90.908,25.641],[90.849,25.591],[90.779,25.585],[90.766,25.554],[90.79,25.508],[90.757,25.432],[90.765,25.368],[90.842,25.351],[90.857,25.293],[90.901,25.297],[90.959,25.246],[90.97,25.171],[91.071,25.191],[91.199,25.2],[91.256,25.195],[91.389,25.166],[91.355,25.229],[91.404,25.264],[91.497,25.284],[91.545,25.28],[91.526,25.345],[91.557,25.453],[91.543,25.512],[91.655,25.553],[91.697,25.543],[91.801,25.61],[91.811,25.655],[91.828,25.67],[91.789,25.783],[91.75,25.828],[91.699,25.805],[91.588,25.812],[91.459,25.789],[91.36,25.807],[91.342,25.836]]]},"properties":{"code":"IN-ME-west-khasi-hills","name":"West Khasi Hills","state":"Meghalaya"}},{"type":"Feature","geometry":{"type":"Polygon","coordinates":[[[93,24.403],[92.896,24.394],[92.862,24.317],[92.864,24.244],[92.903,24.224],[92.896,24.176],[92.862,24.108],[92.848,24.03],[92.786,24.021],[92.725,23.978],[92.628,23.956],[92.628,23.935],[92.646,23.932],[92.659,23.922],[92.664,23.911],[92.646,23.898],[92.642,23.894],[92.644,23.883],[92.658,23.848],[92.665,23.838],[92.662,23.834],[92.653,23.833],[92.646,23.826],[92.647,23.822],[92.649,23.813],[92.634,23.81],[92.631,23.795],[92.642,23.795],[92.643,23.786],[92.636,23.77],[92.631,23.765],[92.651,23.72],[92.658,23.714],[92.665,23.713],[92.657,23.684],[92.648,23.668],[92.647,23.642],[92.648,23.64],[92.656,23.631],[92.677,23.622],[92.675,23.607],[92.673,23.602],[92.658,23.596],[92.654,23.594],[92.653,23.587],[92.662,23.573],[92.658,23.556],[92.647,23.554],[92.645,23.543],[92.636,23.536],[92.648,23.522],[92.656,23.52],[92.658,23.49],[92.657,23.487],[92.659,23.454],[92.662,23.431],[92.667,23.41],[92.671,23.402],[92.674,23.385],[92.68,23.373],[92.689,23.365],[92.692,23.357],[92.691,23.355],[92.692,23.344],[92.691,23.331],[92.689,23.329],[92.686,23.326],[92.689,23.32],[92.689,23.314],[92.691,23.312],[92.708,23.312],[92.711,23.347],[92.73,23.352],[92.79,23.321],[92.837,23.345],[92.822,23.436],[92.78,23.454],[92.786,23.549],[92.77,23.592],[92.806,23.606],[92.822,23.544],[92.863,23.517],[92.877,23.467],[92.958,23.522],[93.014,23.497],[93.046,23.525],[93.032,23.59],[93.035,23.754],[93.072,23.791],[93.133,23.821],[93.165,23.877],[93.18,23.946],[93.211,23.974],[93.178,24.054],[93.17,24.055],[93.167,24.061],[93.158,24.084],[93.121,24.06],[93.112,24.055],[93.107,24.049],[93.104,24.053],[93.085,24.09],[93.054,24.091],[93.035,24.099],[93.027,24.104],[93.014,24.105],[93.01,24.11],[92.989,24.116],[92.978,24.126],[92.989,24.132],[92.991,24.147],[92.991,24.15],[93.006,24.163],[93.003,24.174],[93.003,24.198],[93.022,24.21],[93.019,24.225],[93.027,24.233],[93.014,24.272],[93.011,24.288],[93.024,24.301],[93.035,24.318],[93.022,24.347],[93.022,24.374],[93,24.403]]]},"properties":{"code":"IN-MI-aizawl","name":"Aizawl","state":"Mizoram"}},{"type":"Feature","geometry":{"type":"Polygon","coordinates":[[[93.337,24.053],[93.288,24.052],[93.277,24.04],[93.255,24.024],[93.257,24.029],[93.262,24.058],[93.264,24.068],[93.227,24.087],[93.222,24.081],[93.225,24.074],[93.198,24.052],[93.178,24.054],[93.211,23.974],[93.18,23.946],[93.165,23.877],[93.133,23.821],[93.072,23.791],[93.035,23.754],[93.032,23.59],[93.046,23.525],[93.014,23.497],[93.033,23.472],[93.039,23.396],[93.055,23.375],[93.013,23.283],[93.057,23.24],[93.14,23.25],[93.176,23.155],[93.187,23.057],[93.253,23.006],[93.302,23.008],[93.358,23.078],[93.395,23.224],[93.378,23.256],[93.379,23.333],[93.414,23.388],[93.398,23.411],[93.408,23.508],[93.428,23.534],[93.428,23.654],[93.399,23.824],[93.399,23.93],[93.337,23.983],[93.337,24.053]]]},"properties":{"code":"IN-MI-champhai","name":"Champhai","state":"Mizoram"}},{"type":"Feature","geometry":{"type":"Polygon","coordinates":[[[92.896,24.394],[92.847,24.382],[92.804,24.422],[92.765,24.521],[92.692,24.356],[92.626,24.334],[92.612,24.253],[92.551,24.246],[92.533,24.181],[92.537,24.173],[92.533,24.168],[92.53,24.164],[92.546,24.143],[92.54,24.133],[92.538,24.128],[92.545,24.125],[92.541,24.102],[92.541,24.098],[92.541,24.081],[92.541,24.079],[92.539,24.056],[92.54,24.035],[92.551,24.042],[92.551,24.057],[92.559,24.062],[92.559,24.055],[92.56,24.042],[92.566,24.042],[92.572,24.048],[92.573,24.061],[92.577,24.068],[92.578,24.07],[92.584,24.077],[92.589,24.064],[92.621,24.036],[92.623,24.034],[92.626,24.037],[92.626,24.039],[92.639,24.035],[92.639,24.034],[92.631,24.028],[92.627,24.019],[92.625,24.008],[92.632,23.998],[92.621,23.963],[92.628,23.956],[92.725,23.978],[92.786,24.021],[92.848,24.03],[92.862,24.108],[92.896,24.176],[92.903,24.224],[92.864,24.244],[92.862,24.317],[92.896,24.394]]]},"properties":{"code":"IN-MI-kolasib","name":"Kolasib","state":"Mizoram"}},{"type":"Feature","geometry":{"type":"Polygon","coordinates":[[[92.53,22.759],[92.51,22.745],[92.512,22.737],[92.532,22.656],[92.566,22.392],[92.588,22.321],[92.615,22.147],[92.571,22.132],[92.605,22.058],[92.612,21.98],[92.69,22.041],[92.703,22.154],[92.852,22.076],[92.848,22.117],[92.851,22.136],[92.844,22.197],[92.842,22.235],[92.838,22.251],[92.84,22.282],[92.839,22.296],[92.83,22.311],[92.827,22.327],[92.844,22.334],[92.871,22.33],[92.886,22.359],[92.925,22.391],[92.965,22.38],[92.962,22.399],[92.955,22.403],[92.948,22.433],[92.948,22.469],[92.939,22.484],[92.938,22.501],[92.942,22.542],[92.936,22.553],[92.937,22.557],[92.915,22.547],[92.839,22.626],[92.799,22.604],[92.803,22.588],[92.806,22.569],[92.8,22.554],[92.785,22.54],[92.78,22.529],[92.784,22.5],[92.779,22.501],[92.772,22.5],[92.759,22.522],[92.721,22.57],[92.715,22.582],[92.698,22.597],[92.686,22.626],[92.664,22.622],[92.649,22.619],[92.649,22.628],[92.651,22.637],[92.64,22.656],[92.636,22.665],[92.635,22.669],[92.624,22.672],[92.608,22.691],[92.602,22.706],[92.601,22.724],[92.596,22.731],[92.586,22.751],[92.582,22.739],[92.562,22.746],[92.548,22.758],[92.53,22.759]]]},"properties":{"code":"IN-MI-lawngtlai","name":"Lawngtlai","state":"Mizoram"}},{"type":"Feature","geometry":{"type":"Polygon","coordinates":[[[92.674,23.385],[92.593,23.407],[92.568,23.378],[92.559,23.371],[92.551,23.378],[92.55,23.38],[92.539,23.381],[92.502,23.39],[92.498,23.392],[92.487,23.385],[92.479,23.392],[92.466,23.386],[92.462,23.376],[92.474,23.329],[92.475,23.32],[92.455,23.288],[92.448,23.287],[92.401,23.267],[92.399,23.267],[92.396,23.267],[92.361,23.238],[92.372,23.16],[92.365,23.11],[92.394,23.058],[92.376,22.94],[92.458,22.872],[92.458,22.826],[92.491,22.752],[92.512,22.737],[92.51,22.745],[92.53,22.759],[92.548,22.758],[92.562,22.746],[92.582,22.739],[92.586,22.751],[92.596,22.731],[92.601,22.724],[92.602,22.706],[92.608,22.691],[92.624,22.672],[92.635,22.669],[92.636,22.665],[92.64,22.656],[92.651,22.637],[92.649,22.628],[92.649,22.619],[92.664,22.622],[92.686,22.626],[92.698,22.597],[92.715,22.582],[92.721,22.57],[92.759,22.522],[92.772,22.5],[92.779,22.501],[92.784,22.5],[92.78,22.529],[92.785,22.54],[92.8,22.554],[92.806,22.569],[92.803,22.588],[92.799,22.604],[92.839,22.626],[92.915,22.547],[92.937,22.557],[92.943,22.562],[92.947,22.566],[92.954,22.622],[92.954,22.635],[92.936,22.666],[92.939,22.709],[92.922,22.731],[92.922,22.767],[92.927,22.774],[92.927,22.791],[92.928,22.792],[92.944,22.792],[92.982,22.76],[92.993,22.756],[93.008,22.756],[93.011,22.759],[93.014,22.771],[93.02,22.783],[93.033,22.794],[93.034,22.799],[93.058,22.795],[93.065,22.803],[93.081,22.809],[93.091,22.811],[93.086,22.804],[93.104,22.787],[93.122,22.863],[93.163,22.914],[93.121,23.013],[93.086,23.031],[93.084,23.034],[93.083,23.039],[93.064,23.047],[93.044,23.052],[93.047,23.077],[93.042,23.084],[93.009,23.09],[92.997,23.097],[92.993,23.1],[92.99,23.103],[92.987,23.107],[92.965,23.118],[92.965,23.136],[92.963,23.143],[92.96,23.154],[92.959,23.168],[92.938,23.179],[92.94,23.189],[92.934,23.189],[92.927,23.189],[92.919,23.185],[92.903,23.18],[92.899,23.181],[92.886,23.171],[92.877,23.174],[92.87,23.175],[92.869,23.179],[92.864,23.189],[92.86,23.198],[92.862,23.218],[92.853,23.226],[92.852,23.232],[92.851,23.234],[92.851,23.239],[92.843,23.242],[92.837,23.248],[92.826,23.244],[92.821,23.231],[92.82,23.229],[92.785,23.229],[92.781,23.231],[92.77,23.235],[92.768,23.233],[92.758,23.234],[92.751,23.235],[92.747,23.237],[92.74,23.24],[92.726,23.241],[92.727,23.231],[92.729,23.213],[92.726,23.197],[92.725,23.195],[92.718,23.194],[92.708,23.197],[92.709,23.21],[92.695,23.263],[92.693,23.272],[92.689,23.282],[92.693,23.31],[92.691,23.312],[92.689,23.314],[92.689,23.32],[92.686,23.326],[92.689,23.329],[92.691,23.331],[92.692,23.344],[92.691,23.355],[92.692,23.357],[92.689,23.365],[92.68,23.373],[92.674,23.385]]]},"properties":{"code":"IN-MI-lunglei","name":"Lunglei","state":"Mizoram"}},{"type":"Feature","geometry":{"type":"Polygon","coordinates":[[[92.423,24.248],[92.314,24.253],[92.311,24.251],[92.297,24.252],[92.295,24.248],[92.295,24.241],[92.297,24.238],[92.296,24.234],[92.299,24.232],[92.298,24.227],[92.301,24.225],[92.303,24.222],[92.314,24.221],[92.31,24.215],[92.316,24.213],[92.32,24.204],[92.325,24.199],[92.329,24.191],[92.327,24.186],[92.33,24.175],[92.332,24.164],[92.334,24.151],[92.336,24.144],[92.335,24.144],[92.332,24.144],[92.329,24.14],[92.328,24.135],[92.328,24.125],[92.332,24.113],[92.329,24.11],[92.332,24.105],[92.33,24.101],[92.324,24.073],[92.323,24.07],[92.317,24.067],[92.322,24.059],[92.32,24.051],[92.315,24.049],[92.317,24.038],[92.319,24.031],[92.317,24.028],[92.322,24.019],[92.319,24.019],[92.317,24.018],[92.32,23.975],[92.313,23.97],[92.313,23.961],[92.313,23.957],[92.313,23.943],[92.313,23.935],[92.321,23.926],[92.331,23.921],[92.33,23.906],[92.324,23.905],[92.322,23.891],[92.321,23.891],[92.319,23.891],[92.319,23.889],[92.318,23.888],[92.317,23.884],[92.316,23.883],[92.317,23.879],[92.32,23.878],[92.322,23.87],[92.318,23.867],[92.32,23.865],[92.307,23.864],[92.301,23.866],[92.295,23.87],[92.294,23.871],[92.288,23.867],[92.274,23.844],[92.277,23.837],[92.282,23.831],[92.284,23.824],[92.283,23.823],[92.287,23.817],[92.281,23.815],[92.262,23.805],[92.267,23.762],[92.266,23.739],[92.295,23.694],[92.28,23.644],[92.3,23.625],[92.341,23.431],[92.384,23.354],[92.374,23.321],[92.401,23.267],[92.448,23.287],[92.455,23.288],[92.475,23.32],[92.474,23.329],[92.462,23.376],[92.466,23.386],[92.479,23.392],[92.487,23.385],[92.498,23.392],[92.502,23.39],[92.539,23.381],[92.55,23.38],[92.551,23.378],[92.559,23.371],[92.568,23.378],[92.593,23.407],[92.674,23.385],[92.671,23.402],[92.667,23.41],[92.662,23.431],[92.659,23.454],[92.657,23.487],[92.658,23.49],[92.656,23.52],[92.648,23.522],[92.636,23.536],[92.645,23.543],[92.647,23.554],[92.658,23.556],[92.662,23.573],[92.653,23.587],[92.654,23.594],[92.658,23.596],[92.673,23.602],[92.675,23.607],[92.677,23.622],[92.656,23.631],[92.648,23.64],[92.647,23.642],[92.648,23.668],[92.657,23.684],[92.665,23.713],[92.658,23.714],[92.651,23.72],[92.631,23.765],[92.636,23.77],[92.643,23.786],[92.642,23.795],[92.631,23.795],[92.634,23.81],[92.649,23.813],[92.647,23.822],[92.646,23.826],[92.653,23.833],[92.662,23.834],[92.665,23.838],[92.658,23.848],[92.644,23.883],[92.642,23.894],[92.646,23.898],[92.664,23.911],[92.659,23.922],[92.646,23.932],[92.628,23.935],[92.628,23.956],[92.621,23.963],[92.632,23.998],[92.625,24.008],[92.627,24.019],[92.631,24.028],[92.639,24.034],[92.639,24.035],[92.626,24.039],[92.626,24.037],[92.623,24.034],[92.621,24.036],[92.589,24.064],[92.584,24.077],[92.578,24.07],[92.577,24.068],[92.573,24.061],[92.572,24.048],[92.566,24.042],[92.56,24.042],[92.559,24.055],[92.559,24.062],[92.551,24.057],[92.551,24.042],[92.54,24.035],[92.539,24.056],[92.541,24.079],[92.541,24.081],[92.541,24.098],[92.541,24.102],[92.545,24.125],[92.538,24.128],[92.54,24.133],[92.546,24.143],[92.53,24.164],[92.533,24.168],[92.537,24.173],[92.533,24.181],[92.525,24.173],[92.518,24.176],[92.514,24.174],[92.509,24.169],[92.513,24.163],[92.502,24.162],[92.488,24.162],[92.486,24.162],[92.485,24.159],[92.484,24.154],[92.483,24.153],[92.481,24.15],[92.463,24.136],[92.451,24.144],[92.444,24.153],[92.437,24.152],[92.435,24.163],[92.434,24.174],[92.433,24.183],[92.419,24.194],[92.418,24.211],[92.423,24.248]]]},"properties":{"code":"IN-MI-mamit","name":"Mamit","state":"Mizoram"}},{"type":"Feature","geometry":{"type":"Polygon","coordinates":[[[93.104,22.787],[93.086,22.804],[93.091,22.811],[93.081,22.809],[93.065,22.803],[93.058,22.795],[93.034,22.799],[93.033,22.794],[93.02,22.783],[93.014,22.771],[93.011,22.759],[93.008,22.756],[92.993,22.756],[92.982,22.76],[92.944,22.792],[92.928,22.792],[92.927,22.791],[92.927,22.774],[92.922,22.767],[92.922,22.731],[92.939,22.709],[92.936,22.666],[92.954,22.635],[92.954,22.622],[92.947,22.566],[92.943,22.562],[92.936,22.553],[92.942,22.542],[92.938,22.501],[92.939,22.484],[92.948,22.469],[92.948,22.433],[92.955,22.403],[92.962,22.399],[92.965,22.38],[92.925,22.391],[92.886,22.359],[92.871,22.33],[92.844,22.334],[92.827,22.327],[92.83,22.311],[92.839,22.296],[92.84,22.282],[92.838,22.251],[92.842,22.235],[92.844,22.197],[92.851,22.136],[92.848,22.117],[92.852,22.076],[92.916,21.965],[92.942,22.018],[93.001,22.056],[93.016,22.105],[93.047,22.139],[93.045,22.194],[93.077,22.21],[93.163,22.182],[93.147,22.247],[93.19,22.25],[93.202,22.281],[93.191,22.427],[93.135,22.475],[93.116,22.555],[93.146,22.586],[93.092,22.709],[93.113,22.744],[93.104,22.787]]]},"properties":{"code":"IN-MI-saiha","name":"Saiha","state":"Mizoram"}},{"type":"Feature","geometry":{"type":"Polygon","coordinates":[[[93.014,23.497],[92.958,23.522],[92.877,23.467],[92.863,23.517],[92.822,23.544],[92.806,23.606],[92.77,23.592],[92.786,23.549],[92.78,23.454],[92.822,23.436],[92.837,23.345],[92.79,23.321],[92.73,23.352],[92.711,23.347],[92.708,23.312],[92.691,23.312],[92.693,23.31],[92.689,23.282],[92.693,23.272],[92.695,23.263],[92.709,23.21],[92.708,23.197],[92.718,23.194],[92.725,23.195],[92.726,23.197],[92.729,23.213],[92.727,23.231],[92.726,23.241],[92.74,23.24],[92.747,23.237],[92.751,23.235],[92.758,23.234],[92.768,23.233],[92.77,23.235],[92.781,23.231],[92.785,23.229],[92.82,23.229],[92.821,23.231],[92.826,23.244],[92.837,23.248],[92.843,23.242],[92.851,23.239],[92.851,23.234],[92.852,23.232],[92.853,23.226],[92.862,23.218],[92.86,23.198],[92.864,23.189],[92.869,23.179],[92.87,23.175],[92.877,23.174],[92.886,23.171],[92.899,23.181],[92.903,23.18],[92.919,23.185],[92.927,23.189],[92.934,23.189],[92.94,23.189],[92.938,23.179],[92.959,23.168],[92.96,23.154],[92.963,23.143],[92.965,23.136],[92.965,23.118],[92.987,23.107],[92.99,23.103],[92.993,23.1],[92.997,23.097],[93.009,23.09],[93.042,23.084],[93.047,23.077],[93.044,23.052],[93.064,23.047],[93.083,23.039],[93.084,23.034],[93.086,23.031],[93.121,23.013],[93.142,23.061],[93.187,23.057],[93.176,23.155],[93.14,23.25],[93.057,23.24],[93.013,23.283],[93.055,23.375],[93.039,23.396],[93.033,23.472],[93.014,23.497]]]},"properties":{"code":"IN-MI-serchhip","name":"Serchhip","state":"Mizoram"}},{"type":"Feature","geometry":{"type":"Polygon","coordinates":[[[93.961,25.906],[93.916,25.888],[93.883,25.846],[93.852,25.863],[93.796,25.814],[93.78,25.846],[93.798,25.91],[93.773,25.966],[93.77,25.954],[93.768,25.955],[93.749,25.942],[93.752,25.936],[93.736,25.931],[93.729,25.928],[93.698,25.917],[93.686,25.905],[93.706,25.853],[93.691,25.848],[93.678,25.829],[93.669,25.825],[93.648,25.824],[93.636,25.814],[93.629,25.804],[93.627,25.792],[93.622,25.78],[93.608,25.777],[93.606,25.767],[93.598,25.768],[93.594,25.764],[93.588,25.768],[93.573,25.761],[93.573,25.757],[93.57,25.752],[93.556,25.742],[93.55,25.732],[93.55,25.719],[93.549,25.715],[93.544,25.702],[93.531,25.694],[93.538,25.685],[93.554,25.68],[93.591,25.677],[93.624,25.659],[93.659,25.689],[93.735,25.707],[93.768,25.652],[93.862,25.644],[93.958,25.735],[94.001,25.791],[94.013,25.842],[93.967,25.864],[93.961,25.906]]]},"properties":{"code":"IN-NA-dimapur","name":"Dimapur","state":"Nagaland"}},{"type":"Feature","geometry":{"type":"Polygon","coordinates":[[[94.274,26.015],[94.219,26.029],[94.169,25.979],[94.107,25.99],[94.047,25.944],[93.983,25.926],[93.961,25.906],[93.967,25.864],[94.013,25.842],[94.001,25.791],[93.958,25.735],[93.862,25.644],[93.768,25.652],[93.735,25.707],[93.659,25.689],[93.624,25.659],[93.591,25.677],[93.554,25.68],[93.538,25.685],[93.531,25.694],[93.531,25.693],[93.526,25.7],[93.519,25.686],[93.51,25.671],[93.502,25.662],[93.5,25.657],[93.49,25.656],[93.484,25.652],[93.469,25.644],[93.459,25.633],[93.45,25.635],[93.442,25.635],[93.439,25.632],[93.431,25.629],[93.422,25.622],[93.418,25.621],[93.417,25.615],[93.407,25.596],[93.39,25.595],[93.382,25.585],[93.383,25.576],[93.377,25.574],[93.373,25.569],[93.354,25.565],[93.333,25.549],[93.332,25.547],[93.336,25.545],[93.34,25.537],[93.358,25.528],[93.391,25.486],[93.457,25.442],[93.478,25.38],[93.452,25.344],[93.474,25.309],[93.475,25.3],[93.473,25.285],[93.488,25.276],[93.504,25.276],[93.511,25.276],[93.505,25.244],[93.521,25.249],[93.547,25.248],[93.563,25.247],[93.578,25.226],[93.588,25.222],[93.59,25.22],[93.608,25.202],[93.632,25.243],[93.666,25.298],[93.684,25.33],[93.7,25.359],[93.712,25.358],[93.74,25.395],[93.76,25.414],[93.781,25.425],[93.784,25.432],[93.79,25.443],[93.798,25.454],[93.809,25.466],[93.814,25.485],[93.797,25.504],[93.773,25.498],[93.766,25.5],[93.768,25.525],[93.771,25.536],[93.771,25.54],[93.779,25.538],[93.808,25.545],[93.823,25.548],[93.833,25.561],[93.844,25.562],[93.892,25.568],[93.911,25.568],[93.919,25.564],[93.957,25.557],[93.973,25.561],[93.978,25.566],[94.001,25.574],[94.007,25.57],[94.008,25.588],[94.015,25.596],[94.033,25.585],[94.035,25.581],[94.039,25.58],[94.046,25.581],[94.065,25.566],[94.069,25.559],[94.095,25.546],[94.092,25.533],[94.106,25.529],[94.148,25.532],[94.152,25.542],[94.183,25.553],[94.192,25.551],[94.195,25.552],[94.216,25.615],[94.216,25.68],[94.282,25.805],[94.223,25.864],[94.219,25.89],[94.286,25.935],[94.274,26.015]]]},"properties":{"code":"IN-NA-kohima","name":"Kohima","state":"Nagaland"}},{"type":"Feature","geometry":{"type":"Polygon","coordinates":[[[94.738,26.769],[94.687,26.733],[94.595,26.73],[94.545,26.711],[94.455,26.639],[94.41,26.616],[94.397,26.53],[94.317,26.463],[94.292,26.423],[94.359,26.363],[94.356,26.248],[94.37,26.197],[94.437,26.209],[94.488,26.295],[94.515,26.24],[94.551,26.208],[94.588,26.224],[94.565,26.285],[94.653,26.347],[94.662,26.382],[94.706,26.418],[94.691,26.529],[94.737,26.601],[94.712,26.642],[94.673,26.657],[94.752,26.707],[94.738,26.769]]]},"properties":{"code":"IN-NA-mokokchung","name":"Mokokchung","state":"Nagaland"}},{"type":"Feature","geometry":{"type":"Polygon","coordinates":[[[95.196,27.043],[95.087,26.953],[94.986,26.918],[94.957,26.944],[94.886,26.932],[94.821,26.854],[94.791,26.801],[94.836,26.723],[94.792,26.689],[94.791,26.64],[94.859,26.616],[94.898,26.532],[94.903,26.446],[94.95,26.366],[94.937,26.324],[95.008,26.289],[95.094,26.328],[95.128,26.329],[95.136,26.388],[95.069,26.467],[95.154,26.581],[95.155,26.619],[95.238,26.686],[95.216,26.735],[95.243,26.785],[95.215,26.798],[95.185,26.865],[95.23,26.886],[95.195,26.99],[95.196,27.043]]]},"properties":{"code":"IN-NA-mon","name":"Mon","state":"Nagaland"}},{"type":"Feature","geometry":{"type":"Polygon","coordinates":[[[94.717,25.764],[94.664,25.781],[94.56,25.783],[94.547,25.815],[94.466,25.847],[94.431,25.844],[94.306,25.79],[94.282,25.805],[94.216,25.68],[94.216,25.615],[94.195,25.552],[94.19,25.535],[94.191,25.531],[94.223,25.497],[94.232,25.498],[94.252,25.499],[94.267,25.502],[94.299,25.501],[94.309,25.494],[94.314,25.494],[94.365,25.521],[94.389,25.537],[94.426,25.561],[94.422,25.576],[94.43,25.593],[94.438,25.596],[94.448,25.598],[94.449,25.601],[94.491,25.62],[94.493,25.614],[94.5,25.619],[94.505,25.617],[94.511,25.63],[94.515,25.63],[94.528,25.644],[94.532,25.65],[94.545,25.658],[94.552,25.667],[94.568,25.692],[94.587,25.692],[94.59,25.681],[94.588,25.677],[94.587,25.672],[94.577,25.653],[94.587,25.647],[94.591,25.64],[94.579,25.626],[94.573,25.611],[94.565,25.603],[94.562,25.578],[94.56,25.568],[94.561,25.561],[94.563,25.55],[94.563,25.54],[94.561,25.531],[94.557,25.513],[94.587,25.492],[94.595,25.488],[94.633,25.466],[94.67,25.455],[94.682,25.46],[94.812,25.495],[94.853,25.563],[94.889,25.593],[94.857,25.616],[94.863,25.723],[94.835,25.759],[94.759,25.787],[94.717,25.764]]]},"properties":{"code":"IN-NA-phek","name":"Phek","state":"Nagaland"}},{"type":"Feature","geometry":{"type":"Polygon","coordinates":[[[94.791,26.801],[94.738,26.769],[94.752,26.707],[94.673,26.657],[94.712,26.642],[94.737,26.601],[94.691,26.529],[94.706,26.418],[94.662,26.382],[94.653,26.347],[94.565,26.285],[94.588,26.224],[94.643,26.224],[94.694,26.199],[94.689,26.123],[94.706,26.058],[94.66,26.011],[94.577,25.901],[94.649,25.822],[94.7,25.795],[94.717,25.764],[94.759,25.787],[94.835,25.759],[94.863,25.723],[94.857,25.616],[94.889,25.593],[94.921,25.615],[94.935,25.665],[95.009,25.739],[95.053,25.763],[95.049,25.81],[95.015,25.872],[95.028,25.92],[95.106,25.968],[95.165,26.035],[95.185,26.085],[95.127,26.101],[95.117,26.163],[95.128,26.203],[95.128,26.329],[95.094,26.328],[95.008,26.289],[94.937,26.324],[94.95,26.366],[94.903,26.446],[94.898,26.532],[94.859,26.616],[94.791,26.64],[94.792,26.689],[94.836,26.723],[94.791,26.801]]]},"properties":{"code":"IN-NA-tuensang","name":"Tuensang","state":"Nagaland"}},{"type":"Feature","geometry":{"type":"Polygon","coordinates":[[[94.317,26.463],[94.294,26.481],[94.282,26.564],[94.187,26.461],[94.168,26.353],[94.108,26.326],[94.036,26.203],[94.013,26.186],[93.986,26.084],[93.955,26.007],[93.983,25.926],[94.047,25.944],[94.107,25.99],[94.169,25.979],[94.219,26.029],[94.274,26.015],[94.362,26.032],[94.39,26.12],[94.342,26.176],[94.37,26.197],[94.356,26.248],[94.359,26.363],[94.292,26.423],[94.317,26.463]]]},"properties":{"code":"IN-NA-wokha","name":"Wokha","state":"Nagaland"}},{"type":"Feature","geometry":{"type":"Polygon","coordinates":[[[94.588,26.224],[94.551,26.208],[94.515,26.24],[94.488,26.295],[94.437,26.209],[94.37,26.197],[94.342,26.176],[94.39,26.12],[94.362,26.032],[94.274,26.015],[94.286,25.935],[94.219,25.89],[94.223,25.864],[94.282,25.805],[94.306,25.79],[94.431,25.844],[94.466,25.847],[94.547,25.815],[94.56,25.783],[94.664,25.781],[94.717,25.764],[94.7,25.795],[94.649,25.822],[94.577,25.901],[94.66,26.011],[94.706,26.058],[94.689,26.123],[94.694,26.199],[94.643,26.224],[94.588,26.224]]]},"properties":{"code":"IN-NA-zunheboto","name":"Zunheboto","state":"Nagaland"}},{"type":"Feature","geometry":{"type":"Polygon","coordinates":[[[85.389,21.179],[85.363,21.236],[85.272,21.288],[85.323,21.319],[85.338,21.354],[85.299,21.409],[85.269,21.422],[85.328,21.477],[85.299,21.562],[85.242,21.673],[85.188,21.659],[85.185,21.62],[85.144,21.59],[85.16,21.587],[85.18,21.584],[85.186,21.58],[85.195,21.575],[85.201,21.562],[85.207,21.553],[85.209,21.551],[85.206,21.54],[85.206,21.528],[85.201,21.527],[85.2,21.525],[85.193,21.509],[85.179,21.497],[85.156,21.465],[85.068,21.45],[85.057,21.439],[85.018,21.452],[85.019,21.445],[84.998,21.435],[84.993,21.422],[84.993,21.396],[85.001,21.372],[85.001,21.359],[85.003,21.354],[85.004,21.348],[85.008,21.326],[85.005,21.321],[85.01,21.31],[85.027,21.286],[85.004,21.292],[84.986,21.284],[84.976,21.285],[84.957,21.294],[84.915,21.273],[84.895,21.254],[84.924,21.227],[84.93,21.213],[84.934,21.199],[84.943,21.19],[84.962,21.186],[84.964,21.18],[84.96,21.163],[84.968,21.156],[84.957,21.144],[84.95,21.143],[84.944,21.171],[84.934,21.173],[84.924,21.176],[84.927,21.171],[84.927,21.154],[84.928,21.147],[84.916,21.137],[84.897,21.147],[84.88,21.152],[84.874,21.16],[84.852,21.162],[84.845,21.164],[84.801,21.162],[84.793,21.162],[84.799,21.151],[84.811,21.136],[84.798,21.132],[84.794,21.129],[84.742,21.163],[84.739,21.166],[84.679,21.144],[84.664,21.081],[84.565,21.061],[84.529,21.084],[84.478,21.078],[84.401,20.974],[84.276,20.922],[84.269,20.913],[84.26,20.894],[84.261,20.884],[84.327,20.849],[84.352,20.803],[84.349,20.785],[84.356,20.767],[84.377,20.751],[84.392,20.748],[84.41,20.741],[84.48,20.722],[84.529,20.693],[84.574,20.676],[84.599,20.644],[84.62,20.626],[84.735,20.61],[84.745,20.606],[84.788,20.575],[84.84,20.528],[84.845,20.522],[84.855,20.525],[84.892,20.574],[84.983,20.565],[85.021,20.581],[85.071,20.575],[85.123,20.609],[85.109,20.676],[85.147,20.717],[85.193,20.702],[85.21,20.743],[85.193,20.777],[85.25,20.793],[85.254,20.863],[85.236,20.901],[85.251,20.988],[85.162,21.048],[85.189,21.075],[85.227,21.066],[85.263,21.165],[85.315,21.155],[85.389,21.179]]]},"properties":{"code":"IN-OR-angul","name":"Angul","state":"Orissa"}},{"type":"Feature","geometry":{"type":"Polygon","coordinates":[[[87.203,21.956],[87.175,21.966],[87.167,21.973],[87.16,21.949],[87.158,21.931],[87.152,21.928],[87.114,21.922],[87.11,21.918],[87.105,21.918],[87.091,21.899],[87.089,21.895],[87.089,21.892],[87.096,21.886],[87.096,21.882],[87.101,21.852],[87.125,21.833],[87.161,21.814],[87.166,21.813],[87.176,21.803],[87.176,21.796],[87.175,21.786],[87.173,21.79],[87.17,21.806],[87.165,21.801],[87.167,21.788],[87.16,21.783],[87.157,21.78],[87.133,21.761],[87.124,21.771],[87.122,21.771],[87.123,21.766],[87.122,21.766],[87.118,21.772],[87.111,21.782],[87.107,21.778],[87.101,21.778],[87.103,21.763],[87.118,21.75],[87.09,21.737],[87.093,21.73],[87.092,21.728],[87.088,21.728],[87.082,21.73],[87.089,21.724],[87.086,21.717],[87.082,21.72],[87.075,21.712],[87.075,21.707],[87.068,21.706],[87.067,21.706],[87.067,21.701],[87.05,21.702],[87.04,21.713],[87.04,21.728],[87.023,21.736],[87.027,21.715],[87.05,21.678],[87.037,21.671],[87.02,21.656],[87.021,21.666],[87.015,21.663],[87.007,21.669],[86.986,21.646],[86.995,21.645],[87.004,21.644],[87.009,21.638],[87.004,21.624],[86.997,21.62],[86.991,21.611],[86.998,21.608],[86.997,21.602],[86.958,21.583],[86.953,21.588],[86.949,21.575],[86.955,21.57],[86.917,21.582],[86.908,21.574],[86.907,21.578],[86.903,21.592],[86.874,21.63],[86.873,21.613],[86.853,21.594],[86.841,21.596],[86.825,21.598],[86.808,21.602],[86.683,21.589],[86.635,21.529],[86.58,21.516],[86.53,21.422],[86.425,21.331],[86.386,21.308],[86.356,21.295],[86.352,21.276],[86.36,21.259],[86.37,21.244],[86.366,21.233],[86.375,21.221],[86.404,21.214],[86.409,21.206],[86.444,21.195],[86.453,21.154],[86.483,21.141],[86.535,21.154],[86.588,21.103],[86.641,21.076],[86.649,21.081],[86.663,21.151],[86.672,21.162],[86.679,21.162],[86.692,21.168],[86.751,21.17],[86.771,21.165],[86.764,21.203],[86.768,21.218],[86.829,21.202],[86.892,21.316],[86.996,21.421],[87.114,21.508],[87.207,21.546],[87.303,21.556],[87.383,21.549],[87.482,21.609],[87.482,21.614],[87.461,21.644],[87.46,21.657],[87.468,21.677],[87.468,21.696],[87.469,21.698],[87.463,21.717],[87.466,21.724],[87.465,21.726],[87.444,21.732],[87.451,21.735],[87.443,21.742],[87.444,21.761],[87.439,21.764],[87.425,21.766],[87.392,21.769],[87.383,21.771],[87.37,21.768],[87.355,21.779],[87.34,21.784],[87.337,21.779],[87.333,21.787],[87.326,21.786],[87.323,21.786],[87.317,21.789],[87.318,21.791],[87.306,21.794],[87.297,21.795],[87.295,21.804],[87.281,21.799],[87.273,21.804],[87.273,21.806],[87.262,21.814],[87.268,21.82],[87.262,21.833],[87.255,21.844],[87.245,21.856],[87.249,21.867],[87.252,21.918],[87.235,21.934],[87.232,21.94],[87.235,21.954],[87.224,21.954],[87.221,21.953],[87.203,21.956]]]},"properties":{"code":"IN-OR-baleshwar","name":"Baleshwar","state":"Orissa"}},{"type":"Feature","geometry":{"type":"Polygon","coordinates":[[[83.72,21.628],[83.704,21.663],[83.677,21.705],[83.649,21.717],[83.592,21.732],[83.537,21.723],[83.53,21.689],[83.483,21.64],[83.463,21.606],[83.441,21.649],[83.381,21.613],[83.342,21.485],[83.35,21.444],[83.394,21.399],[83.375,21.34],[83.27,21.375],[83.242,21.276],[83.193,21.139],[83.12,21.101],[83.041,21.119],[82.98,21.157],[82.84,21.163],[82.782,21.141],[82.758,21.159],[82.636,21.149],[82.632,21.087],[82.635,21.084],[82.654,21.073],[82.686,21.018],[82.684,20.997],[82.694,20.937],[82.69,20.916],[82.687,20.892],[82.679,20.88],[82.68,20.845],[82.682,20.828],[82.684,20.769],[82.683,20.735],[82.696,20.722],[82.73,20.722],[82.741,20.769],[82.827,20.861],[82.884,20.907],[82.922,20.884],[82.962,20.893],[82.986,20.845],[83.125,20.86],[83.213,20.924],[83.247,20.915],[83.268,20.864],[83.296,20.849],[83.406,20.892],[83.376,20.939],[83.36,21.002],[83.328,20.98],[83.29,21.012],[83.318,21.052],[83.387,21.066],[83.421,21.028],[83.452,21.051],[83.466,21.052],[83.477,21.046],[83.489,21.037],[83.492,21.038],[83.493,21.044],[83.491,21.058],[83.508,21.056],[83.536,21.068],[83.557,21.081],[83.593,21.107],[83.607,21.125],[83.66,21.122],[83.681,21.113],[83.711,21.117],[83.718,21.121],[83.763,21.151],[83.778,21.148],[83.79,21.115],[83.816,21.099],[83.835,21.093],[83.845,21.102],[83.855,21.13],[83.888,21.174],[83.906,21.242],[83.865,21.307],[83.88,21.435],[83.84,21.524],[83.793,21.563],[83.72,21.628]]]},"properties":{"code":"IN-OR-baragarh","name":"Baragarh","state":"Orissa"}},{"type":"Feature","geometry":{"type":"Polygon","coordinates":[[[86.409,21.206],[86.404,21.214],[86.375,21.221],[86.366,21.233],[86.348,21.229],[86.35,21.223],[86.35,21.212],[86.351,21.204],[86.339,21.185],[86.328,21.174],[86.323,21.171],[86.321,21.174],[86.315,21.169],[86.309,21.165],[86.302,21.164],[86.288,21.17],[86.282,21.163],[86.28,21.156],[86.278,21.132],[86.286,21.122],[86.286,21.112],[86.305,21.106],[86.302,21.087],[86.302,21.082],[86.314,21.072],[86.3,21.017],[86.302,21.011],[86.286,20.963],[86.284,20.938],[86.278,20.904],[86.287,20.895],[86.343,20.849],[86.35,20.847],[86.36,20.849],[86.388,20.859],[86.415,20.851],[86.421,20.847],[86.436,20.842],[86.447,20.838],[86.459,20.848],[86.476,20.855],[86.493,20.862],[86.501,20.861],[86.544,20.856],[86.576,20.855],[86.592,20.851],[86.597,20.84],[86.609,20.814],[86.616,20.807],[86.621,20.801],[86.612,20.8],[86.612,20.791],[86.621,20.79],[86.647,20.792],[86.752,20.741],[86.816,20.724],[86.818,20.761],[86.881,20.798],[86.958,20.785],[86.97,20.828],[86.889,21.016],[86.858,21.055],[86.824,21.138],[86.829,21.202],[86.768,21.218],[86.764,21.203],[86.771,21.165],[86.751,21.17],[86.692,21.168],[86.679,21.162],[86.672,21.162],[86.663,21.151],[86.649,21.081],[86.641,21.076],[86.588,21.103],[86.535,21.154],[86.483,21.141],[86.453,21.154],[86.444,21.195],[86.409,21.206]]]},"properties":{"code":"IN-OR-bhadrak","name":"Bhadrak","state":"Orissa"}},{"type":"Feature","geometry":{"type":"Polygon","coordinates":[[[83.452,21.051],[83.421,21.028],[83.387,21.066],[83.318,21.052],[83.29,21.012],[83.328,20.98],[83.36,21.002],[83.376,20.939],[83.406,20.892],[83.296,20.849],[83.268,20.864],[83.247,20.915],[83.213,20.924],[83.125,20.86],[82.986,20.845],[82.962,20.893],[82.922,20.884],[82.884,20.907],[82.827,20.861],[82.741,20.769],[82.73,20.722],[82.696,20.722],[82.688,20.697],[82.717,20.668],[82.724,20.638],[82.725,20.627],[82.723,20.583],[82.708,20.566],[82.706,20.553],[82.7,20.531],[82.695,20.482],[82.684,20.469],[82.679,20.446],[82.69,20.441],[82.691,20.423],[82.691,20.419],[82.706,20.405],[82.709,20.398],[82.718,20.386],[82.714,20.366],[82.709,20.363],[82.712,20.353],[82.723,20.352],[82.745,20.357],[82.757,20.35],[82.764,20.35],[82.777,20.365],[82.788,20.367],[82.799,20.379],[82.805,20.378],[82.808,20.36],[82.794,20.348],[82.786,20.342],[82.787,20.32],[82.798,20.316],[82.806,20.331],[82.802,20.335],[82.804,20.34],[82.806,20.343],[82.81,20.354],[82.817,20.342],[82.834,20.332],[82.846,20.336],[82.845,20.293],[82.84,20.288],[82.833,20.29],[82.831,20.302],[82.83,20.305],[82.83,20.316],[82.815,20.306],[82.815,20.302],[82.807,20.29],[82.825,20.276],[82.855,20.266],[82.847,20.234],[82.851,20.213],[82.841,20.191],[82.811,20.183],[82.807,20.176],[82.806,20.168],[82.817,20.161],[82.904,20.143],[82.925,20.174],[83.006,20.165],[83.084,20.193],[83.138,20.165],[83.176,20.167],[83.219,20.2],[83.236,20.255],[83.293,20.298],[83.336,20.312],[83.405,20.367],[83.416,20.398],[83.484,20.411],[83.564,20.383],[83.618,20.345],[83.645,20.384],[83.659,20.418],[83.651,20.427],[83.615,20.444],[83.606,20.459],[83.593,20.464],[83.578,20.481],[83.568,20.476],[83.567,20.485],[83.573,20.499],[83.573,20.513],[83.576,20.519],[83.595,20.523],[83.588,20.537],[83.588,20.545],[83.595,20.565],[83.594,20.571],[83.595,20.579],[83.594,20.584],[83.604,20.614],[83.621,20.645],[83.625,20.657],[83.64,20.68],[83.651,20.695],[83.663,20.722],[83.671,20.737],[83.663,20.742],[83.646,20.747],[83.652,20.756],[83.652,20.765],[83.643,20.77],[83.631,20.779],[83.624,20.795],[83.598,20.797],[83.594,20.804],[83.591,20.811],[83.611,20.813],[83.617,20.811],[83.618,20.822],[83.599,20.832],[83.568,20.843],[83.568,20.86],[83.597,20.889],[83.614,20.899],[83.615,20.904],[83.611,20.91],[83.608,20.913],[83.61,20.924],[83.607,20.926],[83.61,20.932],[83.62,20.949],[83.629,20.962],[83.631,20.964],[83.634,20.978],[83.619,20.981],[83.59,20.977],[83.568,20.971],[83.54,20.976],[83.526,20.981],[83.506,20.978],[83.497,20.982],[83.489,20.99],[83.454,21.005],[83.452,21.045],[83.452,21.051]]]},"properties":{"code":"IN-OR-bolangir","name":"Bolangir","state":"Orissa"}},{"type":"Feature","geometry":{"type":"Polygon","coordinates":[[[84.745,20.606],[84.735,20.61],[84.62,20.626],[84.599,20.644],[84.574,20.676],[84.529,20.693],[84.48,20.722],[84.41,20.741],[84.392,20.748],[84.377,20.751],[84.356,20.767],[84.349,20.785],[84.352,20.803],[84.327,20.849],[84.261,20.884],[84.211,20.897],[84.106,20.841],[84.031,20.822],[83.984,20.837],[83.928,20.834],[83.898,20.814],[83.845,20.819],[83.781,20.798],[83.756,20.77],[83.752,20.711],[83.712,20.635],[83.724,20.601],[83.682,20.556],[83.599,20.525],[83.595,20.523],[83.576,20.519],[83.573,20.513],[83.573,20.499],[83.567,20.485],[83.568,20.476],[83.578,20.481],[83.593,20.464],[83.606,20.459],[83.615,20.444],[83.651,20.427],[83.683,20.411],[83.708,20.425],[83.722,20.428],[83.759,20.413],[83.772,20.407],[83.775,20.41],[83.78,20.438],[83.787,20.43],[83.794,20.427],[83.812,20.446],[83.82,20.445],[83.817,20.451],[83.811,20.454],[83.804,20.474],[83.802,20.481],[83.801,20.49],[83.808,20.515],[83.817,20.542],[83.833,20.538],[83.836,20.539],[83.847,20.554],[83.851,20.567],[83.874,20.575],[83.905,20.573],[83.908,20.575],[83.91,20.598],[83.913,20.601],[83.917,20.605],[83.921,20.602],[83.926,20.589],[83.965,20.581],[83.979,20.576],[83.989,20.567],[84.009,20.566],[84.067,20.593],[84.097,20.594],[84.146,20.584],[84.153,20.592],[84.162,20.596],[84.182,20.585],[84.229,20.59],[84.249,20.6],[84.255,20.607],[84.268,20.635],[84.271,20.669],[84.312,20.689],[84.327,20.684],[84.336,20.669],[84.353,20.663],[84.364,20.632],[84.379,20.597],[84.377,20.554],[84.377,20.551],[84.4,20.518],[84.424,20.509],[84.426,20.491],[84.433,20.471],[84.449,20.462],[84.451,20.424],[84.462,20.386],[84.481,20.381],[84.491,20.391],[84.506,20.392],[84.615,20.428],[84.686,20.436],[84.693,20.493],[84.738,20.534],[84.77,20.53],[84.788,20.575],[84.745,20.606]]]},"properties":{"code":"IN-OR-boudh","name":"Boudh","state":"Orissa"}},{"type":"Feature","geometry":{"type":"Polygon","coordinates":[[[85.961,20.66],[85.957,20.673],[85.94,20.683],[85.936,20.684],[85.923,20.691],[85.906,20.691],[85.882,20.653],[85.804,20.654],[85.713,20.629],[85.653,20.543],[85.594,20.53],[85.584,20.506],[85.506,20.529],[85.452,20.479],[85.401,20.503],[85.373,20.488],[85.246,20.512],[85.189,20.576],[85.123,20.609],[85.071,20.575],[85.021,20.581],[84.983,20.565],[84.892,20.574],[84.855,20.525],[84.845,20.522],[84.878,20.493],[84.888,20.49],[84.939,20.486],[84.993,20.454],[85.03,20.434],[85.046,20.422],[85.076,20.409],[85.097,20.404],[85.112,20.4],[85.127,20.385],[85.154,20.372],[85.179,20.369],[85.206,20.367],[85.229,20.362],[85.25,20.359],[85.272,20.351],[85.336,20.351],[85.367,20.349],[85.368,20.344],[85.353,20.329],[85.348,20.321],[85.345,20.313],[85.346,20.31],[85.35,20.295],[85.343,20.283],[85.339,20.277],[85.329,20.273],[85.444,20.256],[85.455,20.288],[85.519,20.297],[85.621,20.285],[85.678,20.333],[85.71,20.392],[85.754,20.397],[85.796,20.427],[85.821,20.386],[85.796,20.318],[85.879,20.28],[85.866,20.333],[85.911,20.339],[85.928,20.265],[86.002,20.217],[86.02,20.168],[86.077,20.099],[86.086,20.084],[86.077,20.077],[86.115,20.041],[86.123,20.032],[86.129,20.032],[86.155,20.038],[86.184,20.046],[86.165,20.069],[86.157,20.081],[86.152,20.086],[86.156,20.114],[86.155,20.127],[86.141,20.138],[86.147,20.154],[86.14,20.16],[86.147,20.182],[86.143,20.186],[86.137,20.19],[86.146,20.196],[86.15,20.204],[86.124,20.215],[86.121,20.219],[86.081,20.236],[86.071,20.243],[86.069,20.252],[86.05,20.268],[86.047,20.267],[86.042,20.277],[86.039,20.281],[86.027,20.29],[86.029,20.304],[86.03,20.333],[86.021,20.342],[86.009,20.374],[86.03,20.387],[86.045,20.386],[86.082,20.36],[86.132,20.35],[86.167,20.37],[86.189,20.365],[86.201,20.356],[86.224,20.354],[86.243,20.357],[86.248,20.371],[86.26,20.381],[86.272,20.388],[86.276,20.39],[86.272,20.395],[86.269,20.392],[86.274,20.411],[86.275,20.414],[86.272,20.419],[86.268,20.419],[86.268,20.437],[86.274,20.439],[86.266,20.455],[86.264,20.476],[86.267,20.481],[86.267,20.502],[86.268,20.504],[86.264,20.516],[86.257,20.524],[86.255,20.541],[86.261,20.546],[86.255,20.556],[86.272,20.56],[86.276,20.571],[86.278,20.577],[86.269,20.581],[86.255,20.587],[86.24,20.604],[86.232,20.604],[86.209,20.611],[86.207,20.623],[86.19,20.62],[86.183,20.626],[86.169,20.629],[86.163,20.634],[86.17,20.633],[86.192,20.645],[86.184,20.646],[86.182,20.644],[86.178,20.652],[86.173,20.65],[86.174,20.64],[86.164,20.639],[86.149,20.637],[86.13,20.625],[86.098,20.609],[86.081,20.607],[86.077,20.592],[86.074,20.591],[86.043,20.583],[86.006,20.618],[85.99,20.636],[85.988,20.637],[85.98,20.653],[85.966,20.661],[85.961,20.66]]]},"properties":{"code":"IN-OR-cuttack","name":"Cuttack","state":"Orissa"}},{"type":"Feature","geometry":{"type":"Polygon","coordinates":[[[85.144,21.59],[85.107,21.589],[85.093,21.594],[85.082,21.599],[85.062,21.593],[85.046,21.585],[85.034,21.614],[85.031,21.619],[85.027,21.621],[85.024,21.628],[85.024,21.643],[84.994,21.678],[84.981,21.677],[84.964,21.677],[84.951,21.674],[84.951,21.666],[84.936,21.656],[84.902,21.665],[84.895,21.655],[84.859,21.648],[84.852,21.655],[84.805,21.659],[84.779,21.641],[84.782,21.625],[84.76,21.619],[84.749,21.624],[84.745,21.657],[84.738,21.668],[84.725,21.691],[84.714,21.711],[84.691,21.703],[84.678,21.724],[84.668,21.734],[84.646,21.738],[84.632,21.736],[84.637,21.723],[84.621,21.694],[84.572,21.699],[84.557,21.69],[84.495,21.671],[84.485,21.637],[84.511,21.618],[84.521,21.621],[84.532,21.603],[84.54,21.597],[84.555,21.588],[84.566,21.578],[84.546,21.579],[84.538,21.568],[84.523,21.567],[84.479,21.51],[84.49,21.491],[84.473,21.479],[84.482,21.461],[84.487,21.443],[84.476,21.423],[84.486,21.411],[84.476,21.391],[84.487,21.386],[84.489,21.376],[84.485,21.366],[84.494,21.361],[84.497,21.37],[84.512,21.37],[84.516,21.377],[84.549,21.35],[84.559,21.324],[84.564,21.315],[84.567,21.26],[84.563,21.256],[84.57,21.25],[84.6,21.26],[84.631,21.279],[84.633,21.284],[84.641,21.288],[84.648,21.298],[84.661,21.305],[84.666,21.313],[84.711,21.313],[84.729,21.298],[84.735,21.288],[84.76,21.27],[84.752,21.256],[84.766,21.25],[84.763,21.242],[84.755,21.231],[84.743,21.23],[84.732,21.226],[84.718,21.215],[84.72,21.199],[84.724,21.196],[84.735,21.195],[84.742,21.179],[84.742,21.163],[84.794,21.129],[84.798,21.132],[84.811,21.136],[84.799,21.151],[84.793,21.162],[84.801,21.162],[84.845,21.164],[84.852,21.162],[84.874,21.16],[84.88,21.152],[84.897,21.147],[84.916,21.137],[84.928,21.147],[84.927,21.154],[84.927,21.171],[84.924,21.176],[84.934,21.173],[84.944,21.171],[84.95,21.143],[84.957,21.144],[84.968,21.156],[84.96,21.163],[84.964,21.18],[84.962,21.186],[84.943,21.19],[84.934,21.199],[84.93,21.213],[84.924,21.227],[84.895,21.254],[84.915,21.273],[84.957,21.294],[84.976,21.285],[84.986,21.284],[85.004,21.292],[85.027,21.286],[85.01,21.31],[85.005,21.321],[85.008,21.326],[85.004,21.348],[85.003,21.354],[85.001,21.359],[85.001,21.372],[84.993,21.396],[84.993,21.422],[84.998,21.435],[85.019,21.445],[85.018,21.452],[85.057,21.439],[85.068,21.45],[85.156,21.465],[85.179,21.497],[85.193,21.509],[85.2,21.525],[85.201,21.527],[85.206,21.528],[85.206,21.54],[85.209,21.551],[85.207,21.553],[85.201,21.562],[85.195,21.575],[85.186,21.58],[85.18,21.584],[85.16,21.587],[85.144,21.59]]]},"properties":{"code":"IN-OR-deogarh","name":"Deogarh","state":"Orissa"}},{"type":"Feature","geometry":{"type":"Polygon","coordinates":[[[85.723,21.138],[85.679,21.18],[85.594,21.132],[85.543,21.161],[85.495,21.108],[85.457,21.122],[85.389,21.179],[85.315,21.155],[85.263,21.165],[85.227,21.066],[85.189,21.075],[85.162,21.048],[85.251,20.988],[85.236,20.901],[85.254,20.863],[85.25,20.793],[85.193,20.777],[85.21,20.743],[85.193,20.702],[85.147,20.717],[85.109,20.676],[85.123,20.609],[85.189,20.576],[85.246,20.512],[85.373,20.488],[85.401,20.503],[85.452,20.479],[85.506,20.529],[85.584,20.506],[85.594,20.53],[85.653,20.543],[85.713,20.629],[85.804,20.654],[85.882,20.653],[85.906,20.691],[85.903,20.706],[85.935,20.712],[85.941,20.712],[85.965,20.724],[85.98,20.729],[86.004,20.718],[86.013,20.722],[86.022,20.727],[86.027,20.733],[86.022,20.737],[86.023,20.755],[86.027,20.788],[86.028,20.803],[86.011,20.807],[85.994,20.812],[85.971,20.815],[85.949,20.828],[85.92,20.833],[85.896,20.84],[85.9,20.858],[85.914,20.914],[85.914,20.921],[85.892,20.924],[85.864,20.921],[85.85,20.925],[85.828,20.92],[85.818,20.927],[85.815,20.94],[85.805,20.95],[85.79,20.965],[85.774,20.976],[85.752,20.985],[85.733,20.985],[85.718,20.983],[85.718,20.995],[85.723,21.009],[85.729,21.025],[85.719,21.062],[85.7,21.068],[85.69,21.082],[85.679,21.112],[85.682,21.125],[85.709,21.135],[85.723,21.138]]]},"properties":{"code":"IN-OR-dhenkanal","name":"Dhenkanal","state":"Orissa"}},{"type":"Feature","geometry":{"type":"Polygon","coordinates":[[[84.244,19.564],[84.232,19.564],[84.215,19.569],[84.175,19.579],[84.157,19.573],[84.151,19.574],[84.139,19.586],[84.135,19.596],[84.112,19.623],[84.084,19.618],[84.083,19.609],[84.078,19.61],[84.069,19.616],[84.041,19.618],[84.027,19.625],[84.016,19.618],[83.997,19.62],[83.948,19.626],[83.936,19.628],[83.923,19.602],[83.927,19.564],[83.937,19.543],[83.954,19.499],[83.961,19.487],[83.971,19.478],[83.964,19.464],[83.962,19.453],[83.955,19.441],[83.943,19.388],[83.957,19.387],[83.962,19.378],[83.978,19.373],[83.992,19.377],[84.019,19.346],[84.022,19.332],[84.02,19.328],[84.008,19.297],[84.012,19.269],[84.008,19.258],[84.004,19.243],[83.99,19.237],[83.983,19.215],[83.977,19.205],[83.99,19.183],[83.985,19.179],[83.984,19.166],[83.976,19.155],[83.98,19.151],[83.992,19.141],[84.005,19.133],[84.008,19.134],[84.023,19.128],[84.007,19.119],[84.021,19.061],[84.023,19.045],[84.011,19.042],[83.998,19.05],[83.992,19.057],[83.969,19.06],[83.964,19.057],[83.956,19.046],[83.958,19.036],[83.978,19.016],[83.98,19.012],[83.972,18.999],[83.96,18.98],[83.944,18.981],[83.938,18.992],[83.926,19.004],[83.906,19.009],[83.886,18.973],[83.852,18.975],[83.824,19],[83.816,19.01],[83.81,19.021],[83.8,19.023],[83.803,18.982],[83.808,18.968],[83.815,18.953],[83.813,18.934],[83.821,18.922],[83.823,18.905],[83.835,18.909],[83.842,18.888],[83.837,18.873],[83.837,18.865],[83.848,18.848],[83.864,18.839],[83.883,18.82],[83.885,18.81],[83.895,18.815],[83.908,18.816],[83.921,18.812],[83.934,18.807],[83.936,18.803],[83.94,18.797],[83.949,18.797],[83.956,18.803],[83.964,18.804],[83.982,18.8],[83.992,18.805],[84.022,18.799],[84.048,18.783],[84.05,18.777],[84.066,18.752],[84.078,18.749],[84.086,18.745],[84.114,18.755],[84.128,18.761],[84.135,18.767],[84.155,18.776],[84.16,18.772],[84.204,18.783],[84.224,18.784],[84.231,18.78],[84.246,18.773],[84.259,18.775],[84.279,18.79],[84.3,18.782],[84.309,18.778],[84.312,18.779],[84.316,18.786],[84.332,18.792],[84.33,18.805],[84.342,18.822],[84.344,18.833],[84.334,18.858],[84.336,18.867],[84.355,18.853],[84.358,18.851],[84.369,18.859],[84.361,18.873],[84.352,18.878],[84.355,18.883],[84.371,18.875],[84.386,18.872],[84.388,18.878],[84.374,18.889],[84.368,18.889],[84.365,18.896],[84.387,18.89],[84.398,18.886],[84.411,18.898],[84.406,18.906],[84.418,18.901],[84.42,18.93],[84.416,18.938],[84.435,18.963],[84.438,18.966],[84.428,18.983],[84.422,18.975],[84.419,18.975],[84.41,18.983],[84.408,18.987],[84.398,18.989],[84.394,18.996],[84.391,18.996],[84.389,18.993],[84.379,18.982],[84.37,18.985],[84.355,19.034],[84.354,19.04],[84.373,19.076],[84.375,19.083],[84.381,19.108],[84.38,19.118],[84.371,19.123],[84.384,19.132],[84.363,19.172],[84.354,19.177],[84.362,19.186],[84.379,19.184],[84.383,19.191],[84.388,19.199],[84.404,19.217],[84.411,19.241],[84.415,19.277],[84.414,19.296],[84.412,19.313],[84.401,19.358],[84.375,19.373],[84.383,19.383],[84.387,19.419],[84.376,19.47],[84.37,19.491],[84.367,19.519],[84.365,19.538],[84.326,19.541],[84.311,19.53],[84.31,19.526],[84.298,19.488],[84.25,19.489],[84.247,19.497],[84.25,19.509],[84.244,19.564]]]},"properties":{"code":"IN-OR-gajapati","name":"Gajapati","state":"Orissa"}},{"type":"Feature","geometry":{"type":"Polygon","coordinates":[[[84.771,20.236],[84.737,20.238],[84.709,20.267],[84.701,20.273],[84.69,20.275],[84.682,20.271],[84.667,20.267],[84.661,20.243],[84.649,20.229],[84.643,20.217],[84.634,20.193],[84.6,20.173],[84.588,20.173],[84.578,20.184],[84.558,20.134],[84.429,20.149],[84.395,20.066],[84.409,20.047],[84.326,20.004],[84.37,19.959],[84.463,19.932],[84.454,19.846],[84.376,19.835],[84.314,19.87],[84.178,19.853],[84.155,19.727],[84.24,19.634],[84.22,19.618],[84.234,19.568],[84.244,19.564],[84.25,19.509],[84.247,19.497],[84.25,19.489],[84.298,19.488],[84.31,19.526],[84.311,19.53],[84.326,19.541],[84.365,19.538],[84.367,19.519],[84.37,19.491],[84.376,19.47],[84.387,19.419],[84.383,19.383],[84.375,19.373],[84.401,19.358],[84.412,19.313],[84.414,19.296],[84.415,19.277],[84.411,19.241],[84.404,19.217],[84.388,19.199],[84.383,19.191],[84.379,19.184],[84.362,19.186],[84.354,19.177],[84.363,19.172],[84.384,19.132],[84.371,19.123],[84.38,19.118],[84.381,19.108],[84.375,19.083],[84.373,19.076],[84.354,19.04],[84.355,19.034],[84.37,18.985],[84.379,18.982],[84.389,18.993],[84.391,18.996],[84.394,18.996],[84.398,18.989],[84.408,18.987],[84.41,18.983],[84.419,18.975],[84.422,18.975],[84.426,18.984],[84.426,18.989],[84.425,18.995],[84.415,19.012],[84.42,19.013],[84.422,19.009],[84.437,18.997],[84.472,18.981],[84.476,18.992],[84.478,19.008],[84.489,19.021],[84.498,19.025],[84.51,19.037],[84.548,19.046],[84.56,19.06],[84.568,19.063],[84.571,19.06],[84.578,19.062],[84.574,19.035],[84.588,19.013],[84.6,19.033],[84.609,19.047],[84.612,19.05],[84.623,19.056],[84.625,19.053],[84.63,19.05],[84.634,19.056],[84.648,19.056],[84.655,19.052],[84.663,19.064],[84.645,19.084],[84.634,19.075],[84.624,19.074],[84.617,19.09],[84.606,19.093],[84.596,19.115],[84.629,19.121],[84.647,19.12],[84.661,19.122],[84.666,19.135],[84.665,19.157],[84.681,19.15],[84.698,19.15],[84.702,19.151],[84.697,19.125],[84.694,19.122],[84.698,19.11],[84.698,19.109],[84.719,19.096],[84.724,19.14],[84.777,19.11],[84.844,19.196],[84.985,19.319],[85.061,19.363],[85.106,19.415],[85.165,19.462],[85.089,19.516],[85.119,19.555],[85.136,19.611],[85.169,19.622],[85.178,19.667],[85.122,19.741],[85.038,19.799],[85.003,19.795],[84.934,19.89],[84.928,19.894],[84.925,19.897],[84.905,19.898],[84.9,19.907],[84.911,19.921],[84.912,19.943],[84.908,19.951],[84.895,19.986],[84.888,19.987],[84.856,19.993],[84.854,20.001],[84.811,20.056],[84.804,20.063],[84.802,20.099],[84.798,20.103],[84.803,20.109],[84.819,20.135],[84.82,20.163],[84.829,20.202],[84.822,20.216],[84.786,20.223],[84.771,20.236]]]},"properties":{"code":"IN-OR-ganjam","name":"Ganjam","state":"Orissa"}},{"type":"Feature","geometry":{"type":"Polygon","coordinates":[[[86.132,20.35],[86.082,20.36],[86.045,20.386],[86.03,20.387],[86.009,20.374],[86.021,20.342],[86.03,20.333],[86.029,20.304],[86.027,20.29],[86.039,20.281],[86.042,20.277],[86.047,20.267],[86.05,20.268],[86.069,20.252],[86.071,20.243],[86.081,20.236],[86.121,20.219],[86.124,20.215],[86.15,20.204],[86.146,20.196],[86.137,20.19],[86.143,20.186],[86.147,20.182],[86.14,20.16],[86.147,20.154],[86.141,20.138],[86.155,20.127],[86.156,20.114],[86.152,20.086],[86.157,20.081],[86.165,20.069],[86.184,20.046],[86.221,20.03],[86.225,20.034],[86.242,20.031],[86.262,20.062],[86.328,20.03],[86.348,19.982],[86.387,19.976],[86.414,20.041],[86.476,20.101],[86.488,20.167],[86.536,20.2],[86.675,20.258],[86.709,20.294],[86.654,20.327],[86.593,20.337],[86.557,20.32],[86.431,20.332],[86.339,20.363],[86.298,20.349],[86.25,20.359],[86.243,20.357],[86.224,20.354],[86.201,20.356],[86.189,20.365],[86.167,20.37],[86.132,20.35]],[[86.288,20.029],[86.254,20.046],[86.273,20.049],[86.275,20.042],[86.288,20.029]]]},"properties":{"code":"IN-OR-jagatsinghpur","name":"Jagatsinghpur","state":"Orissa"}},{"type":"Feature","geometry":{"type":"Polygon","coordinates":[[[85.928,21.129],[85.917,21.096],[85.916,21.092],[85.905,21.084],[85.877,21.081],[85.838,21.089],[85.824,21.085],[85.81,21.089],[85.788,21.098],[85.776,21.096],[85.77,21.098],[85.764,21.111],[85.764,21.12],[85.76,21.137],[85.752,21.143],[85.731,21.133],[85.723,21.138],[85.709,21.135],[85.682,21.125],[85.679,21.112],[85.69,21.082],[85.7,21.068],[85.719,21.062],[85.729,21.025],[85.723,21.009],[85.718,20.995],[85.718,20.983],[85.733,20.985],[85.752,20.985],[85.774,20.976],[85.79,20.965],[85.805,20.95],[85.815,20.94],[85.818,20.927],[85.828,20.92],[85.85,20.925],[85.864,20.921],[85.892,20.924],[85.914,20.921],[85.914,20.914],[85.9,20.858],[85.896,20.84],[85.92,20.833],[85.949,20.828],[85.971,20.815],[85.994,20.812],[86.011,20.807],[86.028,20.803],[86.027,20.788],[86.023,20.755],[86.022,20.737],[86.027,20.733],[86.022,20.727],[86.013,20.722],[86.004,20.718],[85.98,20.729],[85.965,20.724],[85.941,20.712],[85.935,20.712],[85.903,20.706],[85.906,20.691],[85.923,20.691],[85.936,20.684],[85.94,20.683],[85.957,20.673],[85.961,20.66],[85.966,20.661],[85.98,20.653],[85.988,20.637],[85.99,20.636],[86.006,20.618],[86.043,20.583],[86.074,20.591],[86.077,20.592],[86.081,20.607],[86.098,20.609],[86.13,20.625],[86.149,20.637],[86.164,20.639],[86.174,20.64],[86.173,20.65],[86.178,20.652],[86.182,20.644],[86.184,20.646],[86.192,20.645],[86.17,20.633],[86.163,20.634],[86.169,20.629],[86.183,20.626],[86.19,20.62],[86.207,20.623],[86.209,20.611],[86.232,20.604],[86.24,20.604],[86.255,20.587],[86.269,20.581],[86.278,20.577],[86.29,20.58],[86.318,20.58],[86.318,20.584],[86.316,20.605],[86.313,20.612],[86.326,20.611],[86.328,20.603],[86.344,20.603],[86.401,20.62],[86.418,20.619],[86.419,20.622],[86.417,20.624],[86.433,20.639],[86.447,20.642],[86.453,20.663],[86.456,20.674],[86.473,20.678],[86.482,20.673],[86.491,20.674],[86.502,20.68],[86.509,20.68],[86.54,20.688],[86.542,20.689],[86.553,20.7],[86.544,20.713],[86.556,20.733],[86.551,20.732],[86.542,20.726],[86.539,20.747],[86.558,20.758],[86.562,20.769],[86.568,20.769],[86.608,20.77],[86.621,20.784],[86.621,20.79],[86.612,20.791],[86.612,20.8],[86.621,20.801],[86.616,20.807],[86.609,20.814],[86.597,20.84],[86.592,20.851],[86.576,20.855],[86.544,20.856],[86.501,20.861],[86.493,20.862],[86.476,20.855],[86.459,20.848],[86.447,20.838],[86.436,20.842],[86.421,20.847],[86.415,20.851],[86.388,20.859],[86.36,20.849],[86.35,20.847],[86.343,20.849],[86.287,20.895],[86.278,20.904],[86.284,20.938],[86.286,20.963],[86.285,21.012],[86.242,21.032],[86.203,21.05],[86.192,21.05],[86.173,21.055],[86.136,21.068],[86.129,21.068],[86.111,21.059],[86.086,21.025],[86.077,21.008],[86.054,21.016],[86.043,21.018],[86.038,21.028],[86.033,21.033],[86.03,21.041],[86.032,21.053],[86.023,21.067],[86.03,21.084],[86.032,21.087],[86.046,21.103],[86.056,21.114],[86.06,21.116],[86.072,21.134],[86.071,21.142],[86.076,21.157],[86.073,21.162],[86.04,21.149],[86.033,21.151],[86.025,21.141],[86.026,21.138],[86.027,21.136],[86.016,21.135],[86.01,21.135],[86,21.135],[85.99,21.136],[85.984,21.133],[85.981,21.132],[85.97,21.134],[85.963,21.131],[85.96,21.133],[85.941,21.128],[85.939,21.126],[85.935,21.123],[85.932,21.13],[85.928,21.129]]]},"properties":{"code":"IN-OR-jajpur","name":"Jajpur","state":"Orissa"}},{"type":"Feature","geometry":{"type":"Polygon","coordinates":[[[84.263,22.011],[84.258,22.004],[84.252,21.997],[84.249,21.994],[84.24,21.98],[84.216,21.974],[84.196,21.981],[84.171,21.992],[84.142,21.995],[84.139,21.997],[84.121,22.001],[84.118,22.003],[84.114,22.008],[84.098,21.994],[84.091,21.995],[84.083,21.988],[84.079,21.978],[84.083,21.964],[84.075,21.953],[84.072,21.934],[84.06,21.932],[84.053,21.935],[84.045,21.941],[84.009,21.932],[83.974,21.903],[83.96,21.923],[83.954,21.938],[83.89,21.943],[83.874,21.921],[83.847,21.92],[83.854,21.906],[83.833,21.892],[83.81,21.88],[83.804,21.858],[83.807,21.852],[83.776,21.853],[83.762,21.836],[83.727,21.801],[83.715,21.783],[83.713,21.784],[83.689,21.788],[83.684,21.796],[83.676,21.804],[83.641,21.812],[83.622,21.841],[83.606,21.836],[83.601,21.83],[83.593,21.828],[83.578,21.827],[83.557,21.834],[83.549,21.835],[83.531,21.832],[83.536,21.818],[83.539,21.801],[83.537,21.794],[83.522,21.794],[83.506,21.8],[83.491,21.815],[83.485,21.803],[83.474,21.786],[83.476,21.774],[83.478,21.765],[83.475,21.753],[83.478,21.728],[83.462,21.706],[83.458,21.7],[83.45,21.691],[83.428,21.692],[83.425,21.689],[83.42,21.675],[83.435,21.663],[83.441,21.655],[83.475,21.641],[83.483,21.64],[83.53,21.689],[83.537,21.723],[83.592,21.732],[83.649,21.717],[83.677,21.705],[83.704,21.663],[83.72,21.628],[83.8,21.571],[83.808,21.588],[83.829,21.585],[83.853,21.584],[83.894,21.57],[83.924,21.574],[83.957,21.568],[83.974,21.592],[83.962,21.688],[83.937,21.724],[83.946,21.739],[83.96,21.749],[83.963,21.763],[83.97,21.757],[83.984,21.749],[83.994,21.765],[84.008,21.783],[84.016,21.778],[84.024,21.768],[84.026,21.763],[84.032,21.756],[84.037,21.758],[84.062,21.771],[84.077,21.771],[84.108,21.786],[84.155,21.765],[84.183,21.751],[84.205,21.756],[84.214,21.763],[84.231,21.759],[84.254,21.762],[84.261,21.757],[84.28,21.759],[84.285,21.771],[84.288,21.782],[84.294,21.796],[84.304,21.807],[84.307,21.814],[84.319,21.831],[84.323,21.838],[84.323,21.863],[84.358,21.929],[84.374,21.978],[84.382,22.021],[84.351,22.033],[84.339,22.032],[84.293,22.031],[84.285,22.016],[84.283,22.014],[84.263,22.011]]]},"properties":{"code":"IN-OR-jharsuguda","name":"Jharsuguda","state":"Orissa"}},{"type":"Feature","geometry":{"type":"Polygon","coordinates":[[[83.645,20.384],[83.618,20.345],[83.564,20.383],[83.484,20.411],[83.416,20.398],[83.405,20.367],[83.336,20.312],[83.293,20.298],[83.236,20.255],[83.219,20.2],[83.176,20.167],[83.138,20.165],[83.084,20.193],[83.006,20.165],[82.925,20.174],[82.904,20.143],[82.817,20.161],[82.814,20.151],[82.811,20.104],[82.804,20.094],[82.783,20.097],[82.774,20.082],[82.733,20.044],[82.723,20.016],[82.698,19.993],[82.711,19.849],[82.646,19.825],[82.585,19.771],[82.594,19.747],[82.566,19.728],[82.567,19.708],[82.562,19.702],[82.563,19.697],[82.571,19.674],[82.564,19.667],[82.528,19.628],[82.526,19.619],[82.534,19.611],[82.529,19.583],[82.523,19.578],[82.524,19.576],[82.556,19.565],[82.56,19.562],[82.581,19.534],[82.589,19.533],[82.604,19.532],[82.609,19.532],[82.606,19.519],[82.601,19.514],[82.615,19.512],[82.627,19.507],[82.638,19.501],[82.63,19.485],[82.626,19.476],[82.643,19.455],[82.654,19.443],[82.667,19.434],[82.682,19.419],[82.702,19.412],[82.705,19.407],[82.707,19.401],[82.702,19.393],[82.704,19.39],[82.702,19.374],[82.706,19.371],[82.713,19.347],[82.728,19.34],[82.763,19.331],[82.772,19.335],[82.781,19.33],[82.8,19.323],[82.819,19.315],[82.836,19.317],[82.844,19.303],[82.825,19.284],[82.825,19.281],[82.823,19.268],[82.819,19.252],[82.819,19.25],[82.81,19.224],[82.818,19.231],[82.821,19.229],[82.828,19.229],[82.835,19.223],[82.841,19.207],[82.843,19.199],[82.848,19.199],[82.849,19.197],[82.871,19.177],[82.894,19.223],[82.883,19.247],[82.911,19.298],[82.95,19.318],[82.929,19.401],[82.932,19.443],[82.984,19.441],[82.992,19.492],[83.029,19.544],[83.069,19.553],[83.16,19.425],[83.238,19.499],[83.259,19.592],[83.326,19.59],[83.366,19.614],[83.379,19.661],[83.448,19.734],[83.447,19.782],[83.42,19.838],[83.401,19.917],[83.441,19.963],[83.489,19.954],[83.496,19.986],[83.537,20.016],[83.567,20.082],[83.628,20.084],[83.671,20.107],[83.704,20.096],[83.727,20.143],[83.784,20.175],[83.713,20.233],[83.698,20.365],[83.645,20.384]]]},"properties":{"code":"IN-OR-kalahandi","name":"Kalahandi","state":"Orissa"}},{"type":"Feature","geometry":{"type":"Polygon","coordinates":[[[84.336,20.669],[84.327,20.684],[84.312,20.689],[84.271,20.669],[84.268,20.635],[84.255,20.607],[84.249,20.6],[84.229,20.59],[84.182,20.585],[84.162,20.596],[84.153,20.592],[84.146,20.584],[84.097,20.594],[84.067,20.593],[84.009,20.566],[83.989,20.567],[83.979,20.576],[83.965,20.581],[83.926,20.589],[83.921,20.602],[83.917,20.605],[83.913,20.601],[83.91,20.598],[83.908,20.575],[83.905,20.573],[83.874,20.575],[83.851,20.567],[83.847,20.554],[83.836,20.539],[83.833,20.538],[83.817,20.542],[83.808,20.515],[83.801,20.49],[83.802,20.481],[83.804,20.474],[83.811,20.454],[83.817,20.451],[83.82,20.445],[83.812,20.446],[83.794,20.427],[83.787,20.43],[83.78,20.438],[83.775,20.41],[83.772,20.407],[83.759,20.413],[83.722,20.428],[83.708,20.425],[83.683,20.411],[83.659,20.418],[83.645,20.384],[83.698,20.365],[83.713,20.233],[83.784,20.175],[83.727,20.143],[83.704,20.096],[83.671,20.107],[83.628,20.084],[83.567,20.082],[83.537,20.016],[83.496,19.986],[83.489,19.954],[83.555,19.918],[83.521,19.868],[83.538,19.836],[83.612,19.809],[83.63,19.666],[83.694,19.679],[83.733,19.648],[83.76,19.701],[83.836,19.703],[83.867,19.667],[83.913,19.672],[83.936,19.628],[83.948,19.626],[83.997,19.62],[84.016,19.618],[84.027,19.625],[84.041,19.618],[84.069,19.616],[84.078,19.61],[84.083,19.609],[84.084,19.618],[84.112,19.623],[84.135,19.596],[84.139,19.586],[84.151,19.574],[84.157,19.573],[84.175,19.579],[84.215,19.569],[84.232,19.564],[84.234,19.568],[84.22,19.618],[84.24,19.634],[84.155,19.727],[84.178,19.853],[84.314,19.87],[84.376,19.835],[84.454,19.846],[84.463,19.932],[84.37,19.959],[84.326,20.004],[84.409,20.047],[84.395,20.066],[84.429,20.149],[84.558,20.134],[84.578,20.184],[84.547,20.227],[84.539,20.246],[84.539,20.268],[84.547,20.281],[84.532,20.319],[84.51,20.315],[84.505,20.322],[84.506,20.334],[84.499,20.329],[84.483,20.332],[84.479,20.345],[84.497,20.359],[84.513,20.377],[84.509,20.379],[84.506,20.392],[84.491,20.391],[84.481,20.381],[84.462,20.386],[84.451,20.424],[84.449,20.462],[84.433,20.471],[84.426,20.491],[84.424,20.509],[84.4,20.518],[84.377,20.551],[84.377,20.554],[84.379,20.597],[84.364,20.632],[84.353,20.663],[84.336,20.669]]]},"properties":{"code":"IN-OR-kandhamal","name":"Kandhamal","state":"Orissa"}},{"type":"Feature","geometry":{"type":"MultiPolygon","coordinates":[[[[86.871,20.772],[86.83,20.76],[86.802,20.683],[86.854,20.657],[86.935,20.717],[87.001,20.716],[86.991,20.772],[86.871,20.772]]],[[[86.816,20.724],[86.752,20.741],[86.647,20.792],[86.621,20.79],[86.621,20.784],[86.608,20.77],[86.568,20.769],[86.562,20.769],[86.558,20.758],[86.539,20.747],[86.542,20.726],[86.551,20.732],[86.556,20.733],[86.544,20.713],[86.553,20.7],[86.542,20.689],[86.54,20.688],[86.509,20.68],[86.502,20.68],[86.491,20.674],[86.482,20.673],[86.473,20.678],[86.456,20.674],[86.453,20.663],[86.447,20.642],[86.433,20.639],[86.417,20.624],[86.419,20.622],[86.418,20.619],[86.401,20.62],[86.344,20.603],[86.328,20.603],[86.326,20.611],[86.313,20.612],[86.316,20.605],[86.318,20.584],[86.318,20.58],[86.29,20.58],[86.278,20.577],[86.276,20.571],[86.272,20.56],[86.255,20.556],[86.261,20.546],[86.255,20.541],[86.257,20.524],[86.264,20.516],[86.268,20.504],[86.267,20.502],[86.267,20.481],[86.264,20.476],[86.266,20.455],[86.274,20.439],[86.268,20.437],[86.268,20.419],[86.272,20.419],[86.275,20.414],[86.274,20.411],[86.269,20.392],[86.272,20.395],[86.276,20.39],[86.272,20.388],[86.26,20.381],[86.248,20.371],[86.25,20.359],[86.298,20.349],[86.339,20.363],[86.431,20.332],[86.557,20.32],[86.593,20.337],[86.654,20.327],[86.709,20.294],[86.769,20.331],[86.782,20.388],[86.733,20.403],[86.733,20.455],[86.784,20.536],[86.873,20.598],[87.027,20.696],[86.935,20.711],[86.85,20.652],[86.767,20.644],[86.816,20.724]]]]},"properties":{"code":"IN-OR-kendrapara","name":"Kendrapara","state":"Orissa"}},{"type":"Feature","geometry":{"type":"Polygon","coordinates":[[[85.672,22.051],[85.645,22.09],[85.591,22.074],[85.486,22.116],[85.41,22.156],[85.363,22.155],[85.274,22.08],[85.231,22],[85.269,21.956],[85.341,21.947],[85.371,21.906],[85.338,21.823],[85.276,21.83],[85.198,21.764],[85.184,21.713],[85.188,21.659],[85.242,21.673],[85.299,21.562],[85.328,21.477],[85.269,21.422],[85.299,21.409],[85.338,21.354],[85.323,21.319],[85.272,21.288],[85.363,21.236],[85.389,21.179],[85.457,21.122],[85.495,21.108],[85.543,21.161],[85.594,21.132],[85.679,21.18],[85.723,21.138],[85.731,21.133],[85.752,21.143],[85.76,21.137],[85.764,21.12],[85.764,21.111],[85.77,21.098],[85.776,21.096],[85.788,21.098],[85.81,21.089],[85.824,21.085],[85.838,21.089],[85.877,21.081],[85.905,21.084],[85.916,21.092],[85.917,21.096],[85.928,21.129],[85.932,21.13],[85.935,21.123],[85.939,21.126],[85.941,21.128],[85.96,21.133],[85.963,21.131],[85.97,21.134],[85.981,21.132],[85.984,21.133],[85.99,21.136],[86,21.135],[86.01,21.135],[86.016,21.135],[86.027,21.136],[86.026,21.138],[86.025,21.141],[86.033,21.151],[86.04,21.149],[86.073,21.162],[86.076,21.157],[86.071,21.142],[86.072,21.134],[86.06,21.116],[86.056,21.114],[86.046,21.103],[86.032,21.087],[86.03,21.084],[86.023,21.067],[86.032,21.053],[86.03,21.041],[86.033,21.033],[86.038,21.028],[86.043,21.018],[86.054,21.016],[86.077,21.008],[86.086,21.025],[86.111,21.059],[86.129,21.068],[86.136,21.068],[86.173,21.055],[86.192,21.05],[86.203,21.05],[86.242,21.032],[86.285,21.012],[86.302,21.011],[86.3,21.017],[86.314,21.072],[86.302,21.082],[86.302,21.087],[86.305,21.106],[86.286,21.112],[86.286,21.122],[86.278,21.132],[86.28,21.156],[86.282,21.163],[86.288,21.17],[86.302,21.164],[86.309,21.165],[86.315,21.169],[86.321,21.174],[86.323,21.171],[86.328,21.174],[86.339,21.185],[86.351,21.204],[86.35,21.212],[86.35,21.223],[86.348,21.229],[86.37,21.244],[86.36,21.259],[86.352,21.276],[86.356,21.295],[86.353,21.314],[86.281,21.37],[86.185,21.268],[86.115,21.266],[86.089,21.306],[86.137,21.398],[86.158,21.415],[86.124,21.466],[86.005,21.527],[86.075,21.624],[86.048,21.704],[86.009,21.741],[85.966,21.735],[85.901,21.763],[85.877,21.79],[85.805,21.808],[85.79,21.947],[85.734,21.989],[85.666,22.009],[85.672,22.051]]]},"properties":{"code":"IN-OR-keonjhar","name":"Keonjhar","state":"Orissa"}},{"type":"Feature","geometry":{"type":"Polygon","coordinates":[[[86.077,20.099],[86.02,20.168],[86.002,20.217],[85.928,20.265],[85.911,20.339],[85.866,20.333],[85.879,20.28],[85.796,20.318],[85.821,20.386],[85.796,20.427],[85.754,20.397],[85.71,20.392],[85.678,20.333],[85.621,20.285],[85.519,20.297],[85.455,20.288],[85.444,20.256],[85.329,20.273],[85.324,20.268],[85.321,20.253],[85.324,20.248],[85.332,20.247],[85.337,20.244],[85.318,20.224],[85.25,20.208],[85.213,20.21],[85.207,20.195],[85.203,20.164],[85.208,20.158],[85.206,20.151],[85.201,20.144],[85.235,20.107],[85.246,20.124],[85.25,20.125],[85.265,20.139],[85.289,20.147],[85.295,20.146],[85.309,20.151],[85.318,20.166],[85.341,20.175],[85.346,20.181],[85.352,20.181],[85.361,20.162],[85.356,20.15],[85.35,20.138],[85.369,20.138],[85.382,20.143],[85.384,20.131],[85.389,20.127],[85.396,20.089],[85.394,20.085],[85.385,20.082],[85.375,20.077],[85.377,20.072],[85.38,20.054],[85.386,20.04],[85.388,20.04],[85.392,20.032],[85.397,20.026],[85.408,20.024],[85.407,20.015],[85.409,20.013],[85.416,20.017],[85.425,20.02],[85.426,20.011],[85.412,19.996],[85.418,19.986],[85.435,19.983],[85.447,19.973],[85.448,19.956],[85.425,19.93],[85.416,19.926],[85.389,19.932],[85.369,19.944],[85.326,19.918],[85.287,19.913],[85.271,19.905],[85.261,19.905],[85.239,19.898],[85.228,19.902],[85.204,19.904],[85.175,19.902],[85.132,19.916],[85.084,19.916],[85.05,19.907],[85.022,19.896],[84.987,19.896],[84.978,19.898],[84.953,19.892],[84.938,19.89],[84.934,19.89],[85.003,19.795],[85.038,19.799],[85.122,19.741],[85.178,19.667],[85.185,19.7],[85.247,19.773],[85.322,19.793],[85.422,19.886],[85.529,19.879],[85.559,19.847],[85.564,19.897],[85.561,19.909],[85.517,19.922],[85.514,19.929],[85.514,19.961],[85.525,19.97],[85.528,19.959],[85.547,19.955],[85.549,19.954],[85.555,19.942],[85.56,19.996],[85.56,20.004],[85.576,20.001],[85.585,19.993],[85.589,19.987],[85.609,20.006],[85.608,19.988],[85.614,19.993],[85.618,20.005],[85.616,20.029],[85.611,20.034],[85.614,20.051],[85.622,20.061],[85.637,20.072],[85.658,20.058],[85.67,20.062],[85.674,20.064],[85.676,20.07],[85.672,20.072],[85.672,20.079],[85.678,20.098],[85.672,20.109],[85.677,20.124],[85.683,20.142],[85.702,20.137],[85.714,20.133],[85.714,20.126],[85.719,20.124],[85.72,20.127],[85.719,20.135],[85.741,20.14],[85.757,20.145],[85.758,20.147],[85.758,20.158],[85.765,20.16],[85.78,20.156],[85.779,20.154],[85.791,20.143],[85.798,20.147],[85.801,20.151],[85.821,20.151],[85.823,20.154],[85.825,20.168],[85.828,20.172],[85.84,20.167],[85.852,20.171],[85.862,20.183],[85.871,20.177],[85.884,20.169],[85.893,20.133],[85.885,20.127],[85.87,20.115],[85.88,20.102],[85.894,20.105],[85.899,20.121],[85.91,20.113],[85.931,20.108],[85.941,20.106],[85.942,20.112],[85.946,20.112],[85.963,20.109],[85.983,20.103],[85.994,20.103],[86.002,20.109],[86.01,20.097],[86.027,20.1],[86.043,20.098],[86.048,20.099],[86.053,20.1],[86.058,20.101],[86.077,20.099]]]},"properties":{"code":"IN-OR-khordha","name":"Khordha","state":"Orissa"}},{"type":"Feature","geometry":{"type":"Polygon","coordinates":[[[82.218,19.216],[82.206,19.232],[82.2,19.227],[82.172,19.209],[82.161,19.208],[82.168,19.134],[82.209,19.079],[82.24,18.91],[82.171,18.892],[82.145,18.773],[82.091,18.756],[82.085,18.733],[82.109,18.72],[82.123,18.709],[82.125,18.697],[82.132,18.667],[82.146,18.653],[82.153,18.662],[82.159,18.644],[82.167,18.632],[82.193,18.644],[82.204,18.644],[82.214,18.66],[82.226,18.643],[82.225,18.618],[82.235,18.604],[82.25,18.589],[82.299,18.57],[82.307,18.571],[82.322,18.592],[82.357,18.616],[82.392,18.601],[82.411,18.597],[82.416,18.598],[82.428,18.595],[82.432,18.557],[82.426,18.557],[82.417,18.554],[82.399,18.51],[82.408,18.496],[82.419,18.488],[82.423,18.486],[82.429,18.485],[82.481,18.515],[82.523,18.504],[82.536,18.408],[82.601,18.366],[82.589,18.257],[82.632,18.229],[82.665,18.291],[82.767,18.331],[82.784,18.354],[82.776,18.42],[82.799,18.439],[82.891,18.392],[82.903,18.356],[82.976,18.355],[83.04,18.37],[83.066,18.393],[83.016,18.448],[83.052,18.477],[83.051,18.535],[83.008,18.588],[83.012,18.639],[83.051,18.654],[83.078,18.705],[83.133,18.772],[83.185,18.744],[83.266,18.757],[83.28,18.79],[83.36,18.807],[83.399,18.834],[83.348,18.921],[83.361,18.953],[83.313,18.967],[83.341,19.009],[83.333,19.094],[83.27,19.107],[83.234,18.965],[83.199,18.968],[83.182,19.007],[83.178,19.107],[83.13,19.129],[83.068,19.074],[83.056,19.037],[82.961,19.154],[82.897,19.155],[82.871,19.177],[82.849,19.197],[82.849,19.188],[82.835,19.193],[82.833,19.186],[82.828,19.183],[82.827,19.172],[82.821,19.171],[82.82,19.169],[82.819,19.162],[82.822,19.157],[82.823,19.144],[82.822,19.141],[82.817,19.145],[82.81,19.164],[82.803,19.153],[82.785,19.149],[82.781,19.164],[82.751,19.167],[82.749,19.177],[82.744,19.176],[82.734,19.164],[82.719,19.158],[82.716,19.163],[82.716,19.167],[82.699,19.179],[82.686,19.183],[82.679,19.18],[82.675,19.181],[82.662,19.178],[82.647,19.181],[82.637,19.171],[82.631,19.166],[82.635,19.153],[82.63,19.142],[82.623,19.144],[82.609,19.156],[82.606,19.177],[82.598,19.176],[82.592,19.184],[82.584,19.194],[82.582,19.195],[82.574,19.189],[82.571,19.191],[82.566,19.197],[82.56,19.193],[82.544,19.199],[82.545,19.191],[82.536,19.19],[82.527,19.197],[82.522,19.197],[82.517,19.193],[82.471,19.173],[82.454,19.177],[82.451,19.172],[82.439,19.17],[82.425,19.165],[82.407,19.179],[82.401,19.178],[82.398,19.195],[82.392,19.202],[82.381,19.2],[82.366,19.192],[82.359,19.198],[82.343,19.199],[82.33,19.207],[82.325,19.211],[82.316,19.199],[82.29,19.186],[82.281,19.192],[82.272,19.195],[82.246,19.209],[82.24,19.217],[82.23,19.217],[82.221,19.213],[82.218,19.216]]]},"properties":{"code":"IN-OR-koraput","name":"Koraput","state":"Orissa"}},{"type":"Feature","geometry":{"type":"Polygon","coordinates":[[[82.085,18.733],[82.058,18.713],[82.049,18.718],[82.039,18.717],[81.968,18.691],[81.946,18.646],[81.948,18.633],[81.947,18.629],[81.916,18.636],[81.905,18.646],[81.895,18.652],[81.885,18.65],[81.889,18.641],[81.888,18.632],[81.888,18.621],[81.913,18.613],[81.93,18.596],[81.938,18.592],[81.955,18.587],[81.947,18.559],[81.936,18.558],[81.925,18.558],[81.92,18.557],[81.913,18.561],[81.909,18.564],[81.9,18.549],[81.899,18.536],[81.897,18.528],[81.883,18.529],[81.875,18.521],[81.871,18.518],[81.863,18.517],[81.853,18.507],[81.85,18.489],[81.76,18.4],[81.746,18.352],[81.737,18.344],[81.699,18.344],[81.658,18.339],[81.649,18.331],[81.66,18.316],[81.659,18.311],[81.628,18.305],[81.616,18.301],[81.597,18.302],[81.592,18.297],[81.586,18.292],[81.574,18.281],[81.548,18.262],[81.523,18.227],[81.509,18.193],[81.505,18.184],[81.523,18.157],[81.516,18.14],[81.497,18.073],[81.495,18.063],[81.478,17.994],[81.473,17.983],[81.477,17.97],[81.476,17.967],[81.455,17.947],[81.445,17.925],[81.446,17.917],[81.446,17.91],[81.444,17.893],[81.443,17.885],[81.437,17.876],[81.436,17.875],[81.43,17.875],[81.412,17.885],[81.399,17.888],[81.396,17.888],[81.39,17.862],[81.398,17.847],[81.397,17.844],[81.384,17.826],[81.383,17.821],[81.385,17.807],[81.414,17.816],[81.467,17.825],[81.473,17.818],[81.481,17.803],[81.575,17.827],[81.594,17.819],[81.616,17.822],[81.637,17.836],[81.646,17.847],[81.668,17.878],[81.688,17.885],[81.703,17.861],[81.758,17.893],[81.786,17.914],[81.789,17.921],[81.84,17.95],[81.874,17.96],[81.885,17.966],[81.905,17.973],[81.914,17.98],[81.952,17.992],[81.964,18],[81.973,18.006],[81.98,18.011],[81.989,18.02],[82.002,18.028],[82.007,18.049],[82.03,18.057],[82.066,18.049],[82.061,18.054],[82.064,18.058],[82.07,18.06],[82.08,18.06],[82.089,18.057],[82.108,18.054],[82.111,18.058],[82.119,18.051],[82.13,18.041],[82.142,18.044],[82.16,18.044],[82.174,18.016],[82.185,18.007],[82.197,18.009],[82.231,17.994],[82.238,17.984],[82.253,17.98],[82.269,17.992],[82.258,18.035],[82.262,18.036],[82.267,18.048],[82.279,18.055],[82.285,18.059],[82.288,18.061],[82.293,18.054],[82.301,18.044],[82.313,18.035],[82.317,18.036],[82.317,18.049],[82.326,18.047],[82.325,18.043],[82.336,18.047],[82.337,18.049],[82.342,18.071],[82.343,18.082],[82.332,18.094],[82.33,18.119],[82.333,18.142],[82.362,18.129],[82.365,18.14],[82.319,18.171],[82.321,18.222],[82.331,18.233],[82.332,18.247],[82.334,18.252],[82.344,18.272],[82.382,18.284],[82.388,18.311],[82.375,18.318],[82.369,18.318],[82.358,18.308],[82.349,18.306],[82.343,18.307],[82.334,18.317],[82.336,18.32],[82.35,18.329],[82.38,18.357],[82.381,18.367],[82.384,18.372],[82.375,18.393],[82.373,18.398],[82.378,18.422],[82.381,18.426],[82.397,18.452],[82.427,18.477],[82.423,18.486],[82.419,18.488],[82.408,18.496],[82.399,18.51],[82.417,18.554],[82.426,18.557],[82.432,18.557],[82.428,18.595],[82.416,18.598],[82.411,18.597],[82.392,18.601],[82.357,18.616],[82.322,18.592],[82.307,18.571],[82.299,18.57],[82.25,18.589],[82.235,18.604],[82.225,18.618],[82.226,18.643],[82.214,18.66],[82.204,18.644],[82.193,18.644],[82.167,18.632],[82.159,18.644],[82.153,18.662],[82.146,18.653],[82.132,18.667],[82.125,18.697],[82.123,18.709],[82.109,18.72],[82.085,18.733]]]},"properties":{"code":"IN-OR-malkangiri","name":"Malkangiri","state":"Orissa"}},{"type":"Feature","geometry":{"type":"Polygon","coordinates":[[[86.092,22.509],[86.062,22.549],[86.053,22.555],[86.047,22.558],[86.018,22.544],[86.028,22.534],[86.015,22.524],[86.009,22.519],[85.996,22.509],[85.993,22.509],[85.981,22.51],[85.967,22.486],[85.961,22.479],[85.954,22.456],[86.021,22.382],[85.993,22.338],[86.018,22.305],[85.97,22.243],[86.027,22.185],[86.003,22.113],[85.943,22.019],[85.894,21.978],[85.784,21.979],[85.756,22.008],[85.779,22.036],[85.802,22.111],[85.722,22.058],[85.672,22.051],[85.666,22.009],[85.734,21.989],[85.79,21.947],[85.805,21.808],[85.877,21.79],[85.901,21.763],[85.966,21.735],[86.009,21.741],[86.048,21.704],[86.075,21.624],[86.005,21.527],[86.124,21.466],[86.158,21.415],[86.137,21.398],[86.089,21.306],[86.115,21.266],[86.185,21.268],[86.281,21.37],[86.353,21.314],[86.356,21.295],[86.386,21.308],[86.425,21.331],[86.53,21.422],[86.58,21.516],[86.635,21.529],[86.683,21.589],[86.808,21.602],[86.825,21.598],[86.841,21.596],[86.853,21.594],[86.873,21.613],[86.874,21.63],[86.903,21.592],[86.907,21.578],[86.908,21.574],[86.917,21.582],[86.955,21.57],[86.949,21.575],[86.953,21.588],[86.958,21.583],[86.997,21.602],[86.998,21.608],[86.991,21.611],[86.997,21.62],[87.004,21.624],[87.009,21.638],[87.004,21.644],[86.995,21.645],[86.986,21.646],[87.007,21.669],[87.015,21.663],[87.021,21.666],[87.02,21.656],[87.037,21.671],[87.05,21.678],[87.027,21.715],[87.023,21.736],[87.04,21.728],[87.04,21.713],[87.05,21.702],[87.067,21.701],[87.067,21.706],[87.068,21.706],[87.075,21.707],[87.075,21.712],[87.082,21.72],[87.086,21.717],[87.089,21.724],[87.082,21.73],[87.088,21.728],[87.092,21.728],[87.093,21.73],[87.09,21.737],[87.118,21.75],[87.103,21.763],[87.101,21.778],[87.107,21.778],[87.111,21.782],[87.118,21.772],[87.122,21.766],[87.123,21.766],[87.122,21.771],[87.124,21.771],[87.133,21.761],[87.157,21.78],[87.16,21.783],[87.167,21.788],[87.165,21.801],[87.17,21.806],[87.173,21.79],[87.175,21.786],[87.176,21.796],[87.176,21.803],[87.166,21.813],[87.161,21.814],[87.125,21.833],[87.101,21.852],[87.095,21.86],[87.03,21.865],[86.998,21.908],[87.034,21.989],[87.018,22.041],[86.957,22.083],[86.848,22.098],[86.806,22.114],[86.79,22.154],[86.715,22.143],[86.723,22.215],[86.721,22.217],[86.682,22.22],[86.67,22.237],[86.665,22.239],[86.66,22.234],[86.651,22.233],[86.648,22.253],[86.641,22.264],[86.637,22.266],[86.627,22.267],[86.616,22.276],[86.603,22.278],[86.59,22.282],[86.586,22.291],[86.582,22.291],[86.574,22.294],[86.546,22.299],[86.523,22.308],[86.525,22.312],[86.52,22.321],[86.501,22.331],[86.475,22.334],[86.46,22.326],[86.45,22.323],[86.439,22.316],[86.424,22.306],[86.422,22.314],[86.401,22.319],[86.391,22.325],[86.353,22.352],[86.339,22.366],[86.32,22.38],[86.31,22.397],[86.301,22.415],[86.28,22.446],[86.26,22.441],[86.228,22.45],[86.212,22.46],[86.217,22.464],[86.218,22.468],[86.217,22.465],[86.202,22.47],[86.197,22.468],[86.156,22.479],[86.145,22.475],[86.101,22.49],[86.092,22.509]]]},"properties":{"code":"IN-OR-mayurbhanj","name":"Mayurbhanj","state":"Orissa"}},{"type":"Feature","geometry":{"type":"Polygon","coordinates":[[[82.01,20.045],[81.934,20.099],[81.874,20.046],[81.866,20.035],[81.865,20.034],[81.858,20.009],[81.852,19.996],[81.84,19.955],[81.839,19.945],[81.849,19.939],[81.846,19.915],[81.939,19.865],[81.957,19.836],[81.97,19.813],[81.999,19.798],[82.003,19.799],[82.052,19.791],[82.06,19.783],[82.055,19.761],[82.044,19.738],[82.044,19.729],[82.044,19.714],[82.042,19.708],[82.038,19.693],[82.051,19.632],[82.048,19.616],[82.045,19.611],[82.037,19.598],[82.034,19.591],[82.038,19.577],[82.043,19.558],[82.041,19.526],[82.03,19.514],[82.092,19.51],[82.119,19.424],[82.17,19.429],[82.183,19.418],[82.178,19.406],[82.151,19.37],[82.169,19.337],[82.177,19.332],[82.18,19.332],[82.174,19.316],[82.17,19.302],[82.169,19.291],[82.151,19.258],[82.161,19.208],[82.172,19.209],[82.2,19.227],[82.206,19.232],[82.218,19.216],[82.221,19.213],[82.23,19.217],[82.24,19.217],[82.246,19.209],[82.272,19.195],[82.281,19.192],[82.29,19.186],[82.316,19.199],[82.325,19.211],[82.33,19.207],[82.343,19.199],[82.359,19.198],[82.366,19.192],[82.381,19.2],[82.392,19.202],[82.398,19.195],[82.401,19.178],[82.407,19.179],[82.425,19.165],[82.439,19.17],[82.451,19.172],[82.454,19.177],[82.471,19.173],[82.517,19.193],[82.522,19.197],[82.527,19.197],[82.536,19.19],[82.545,19.191],[82.544,19.199],[82.56,19.193],[82.566,19.197],[82.571,19.191],[82.574,19.189],[82.582,19.195],[82.584,19.194],[82.592,19.184],[82.598,19.176],[82.606,19.177],[82.609,19.156],[82.623,19.144],[82.63,19.142],[82.635,19.153],[82.631,19.166],[82.637,19.171],[82.647,19.181],[82.662,19.178],[82.675,19.181],[82.679,19.18],[82.686,19.183],[82.699,19.179],[82.716,19.167],[82.716,19.163],[82.719,19.158],[82.734,19.164],[82.744,19.176],[82.749,19.177],[82.751,19.167],[82.781,19.164],[82.785,19.149],[82.803,19.153],[82.81,19.164],[82.817,19.145],[82.822,19.141],[82.823,19.144],[82.822,19.157],[82.819,19.162],[82.82,19.169],[82.821,19.171],[82.827,19.172],[82.828,19.183],[82.833,19.186],[82.835,19.193],[82.849,19.188],[82.848,19.199],[82.843,19.199],[82.841,19.207],[82.835,19.223],[82.828,19.229],[82.821,19.229],[82.818,19.231],[82.81,19.224],[82.819,19.25],[82.819,19.252],[82.823,19.268],[82.825,19.281],[82.825,19.284],[82.844,19.303],[82.836,19.317],[82.819,19.315],[82.8,19.323],[82.781,19.33],[82.772,19.335],[82.763,19.331],[82.728,19.34],[82.713,19.347],[82.706,19.371],[82.702,19.374],[82.704,19.39],[82.702,19.393],[82.707,19.401],[82.705,19.407],[82.702,19.412],[82.682,19.419],[82.667,19.434],[82.654,19.443],[82.643,19.455],[82.626,19.476],[82.63,19.485],[82.638,19.501],[82.627,19.507],[82.615,19.512],[82.601,19.514],[82.606,19.519],[82.609,19.532],[82.604,19.532],[82.589,19.533],[82.581,19.534],[82.56,19.562],[82.556,19.565],[82.524,19.576],[82.523,19.578],[82.529,19.583],[82.534,19.611],[82.526,19.619],[82.528,19.628],[82.564,19.667],[82.571,19.674],[82.563,19.697],[82.562,19.702],[82.567,19.708],[82.566,19.728],[82.594,19.747],[82.585,19.771],[82.581,19.773],[82.579,19.785],[82.578,19.788],[82.579,19.797],[82.572,19.802],[82.572,19.808],[82.571,19.822],[82.574,19.832],[82.581,19.84],[82.593,19.865],[82.567,19.872],[82.551,19.875],[82.544,19.869],[82.536,19.877],[82.518,19.876],[82.512,19.884],[82.498,19.885],[82.468,19.899],[82.442,19.903],[82.421,19.898],[82.389,19.882],[82.378,19.869],[82.368,19.854],[82.357,19.85],[82.321,19.852],[82.298,19.883],[82.283,19.918],[82.262,19.972],[82.233,19.996],[82.219,19.993],[82.211,19.991],[82.184,19.981],[82.132,20.013],[82.121,20.01],[82.116,20.01],[82.103,20.021],[82.098,20.023],[82.093,20.033],[82.083,20.033],[82.076,20.044],[82.058,20.05],[82.049,20.035],[82.031,20.023],[82.032,20.017],[82.015,20.02],[82.014,20.036],[82.01,20.045]]]},"properties":{"code":"IN-OR-nabarangpur","name":"Nabarangpur","state":"Orissa"}},{"type":"Feature","geometry":{"type":"Polygon","coordinates":[[[84.788,20.575],[84.77,20.53],[84.738,20.534],[84.693,20.493],[84.686,20.436],[84.615,20.428],[84.506,20.392],[84.509,20.379],[84.513,20.377],[84.497,20.359],[84.479,20.345],[84.483,20.332],[84.499,20.329],[84.506,20.334],[84.505,20.322],[84.51,20.315],[84.532,20.319],[84.547,20.281],[84.539,20.268],[84.539,20.246],[84.547,20.227],[84.578,20.184],[84.588,20.173],[84.6,20.173],[84.634,20.193],[84.643,20.217],[84.649,20.229],[84.661,20.243],[84.667,20.267],[84.69,20.275],[84.701,20.273],[84.709,20.267],[84.737,20.238],[84.771,20.236],[84.786,20.223],[84.822,20.216],[84.829,20.202],[84.82,20.163],[84.819,20.135],[84.803,20.109],[84.798,20.103],[84.802,20.099],[84.804,20.063],[84.811,20.056],[84.854,20.001],[84.856,19.993],[84.888,19.987],[84.895,19.986],[84.908,19.951],[84.912,19.943],[84.911,19.921],[84.9,19.907],[84.905,19.898],[84.925,19.897],[84.928,19.894],[84.938,19.89],[84.953,19.892],[84.978,19.898],[84.987,19.896],[85.022,19.896],[85.05,19.907],[85.084,19.916],[85.132,19.916],[85.175,19.902],[85.204,19.904],[85.228,19.902],[85.239,19.898],[85.261,19.905],[85.271,19.905],[85.287,19.913],[85.326,19.918],[85.369,19.944],[85.389,19.932],[85.416,19.926],[85.425,19.93],[85.448,19.956],[85.447,19.973],[85.435,19.983],[85.418,19.986],[85.412,19.996],[85.426,20.011],[85.425,20.02],[85.416,20.017],[85.409,20.013],[85.407,20.015],[85.408,20.024],[85.397,20.026],[85.392,20.032],[85.388,20.04],[85.386,20.04],[85.38,20.054],[85.377,20.072],[85.375,20.077],[85.385,20.082],[85.394,20.085],[85.396,20.089],[85.389,20.127],[85.384,20.131],[85.382,20.143],[85.369,20.138],[85.35,20.138],[85.356,20.15],[85.361,20.162],[85.352,20.181],[85.346,20.181],[85.341,20.175],[85.318,20.166],[85.309,20.151],[85.295,20.146],[85.289,20.147],[85.265,20.139],[85.25,20.125],[85.246,20.124],[85.235,20.107],[85.201,20.144],[85.206,20.151],[85.208,20.158],[85.203,20.164],[85.207,20.195],[85.213,20.21],[85.25,20.208],[85.318,20.224],[85.337,20.244],[85.332,20.247],[85.324,20.248],[85.321,20.253],[85.324,20.268],[85.329,20.273],[85.339,20.277],[85.343,20.283],[85.35,20.295],[85.346,20.31],[85.345,20.313],[85.348,20.321],[85.353,20.329],[85.368,20.344],[85.367,20.349],[85.336,20.351],[85.272,20.351],[85.25,20.359],[85.229,20.362],[85.206,20.367],[85.179,20.369],[85.154,20.372],[85.127,20.385],[85.112,20.4],[85.097,20.404],[85.076,20.409],[85.046,20.422],[85.03,20.434],[84.993,20.454],[84.939,20.486],[84.888,20.49],[84.878,20.493],[84.858,20.508],[84.84,20.528],[84.788,20.575]]]},"properties":{"code":"IN-OR-nayagarh","name":"Nayagarh","state":"Orissa"}},{"type":"Feature","geometry":{"type":"Polygon","coordinates":[[[82.632,21.087],[82.615,21.075],[82.609,21.064],[82.622,21.037],[82.604,21.006],[82.582,20.987],[82.578,20.979],[82.553,20.941],[82.503,20.914],[82.494,20.909],[82.483,20.9],[82.485,20.88],[82.481,20.861],[82.463,20.84],[82.462,20.828],[82.448,20.822],[82.441,20.824],[82.437,20.83],[82.416,20.826],[82.406,20.837],[82.407,20.843],[82.402,20.858],[82.359,20.867],[82.359,20.883],[82.333,20.82],[82.337,20.779],[82.34,20.747],[82.339,20.726],[82.346,20.695],[82.361,20.672],[82.366,20.62],[82.356,20.603],[82.348,20.602],[82.339,20.594],[82.338,20.591],[82.337,20.565],[82.328,20.562],[82.326,20.557],[82.336,20.543],[82.359,20.516],[82.37,20.514],[82.381,20.502],[82.386,20.476],[82.39,20.465],[82.406,20.466],[82.416,20.466],[82.419,20.457],[82.418,20.438],[82.423,20.418],[82.41,20.403],[82.411,20.382],[82.398,20.347],[82.394,20.336],[82.429,20.283],[82.412,20.27],[82.408,20.242],[82.408,20.221],[82.408,20.194],[82.383,20.16],[82.379,20.145],[82.387,20.133],[82.391,20.119],[82.393,20.108],[82.39,20.064],[82.406,20.046],[82.425,20.044],[82.432,20.039],[82.476,20.03],[82.502,20.014],[82.524,20.01],[82.544,20.012],[82.579,19.996],[82.598,19.986],[82.619,19.992],[82.636,19.998],[82.681,19.995],[82.692,19.992],[82.698,19.993],[82.723,20.016],[82.733,20.044],[82.774,20.082],[82.783,20.097],[82.804,20.094],[82.811,20.104],[82.814,20.151],[82.806,20.168],[82.807,20.176],[82.811,20.183],[82.841,20.191],[82.851,20.213],[82.847,20.234],[82.855,20.266],[82.825,20.276],[82.807,20.29],[82.815,20.302],[82.815,20.306],[82.83,20.316],[82.83,20.305],[82.831,20.302],[82.833,20.29],[82.84,20.288],[82.845,20.293],[82.846,20.336],[82.834,20.332],[82.817,20.342],[82.81,20.354],[82.806,20.343],[82.804,20.34],[82.802,20.335],[82.806,20.331],[82.798,20.316],[82.787,20.32],[82.786,20.342],[82.794,20.348],[82.808,20.36],[82.805,20.378],[82.799,20.379],[82.788,20.367],[82.777,20.365],[82.764,20.35],[82.757,20.35],[82.745,20.357],[82.723,20.352],[82.712,20.353],[82.709,20.363],[82.714,20.366],[82.718,20.386],[82.709,20.398],[82.706,20.405],[82.691,20.419],[82.691,20.423],[82.69,20.441],[82.679,20.446],[82.684,20.469],[82.695,20.482],[82.7,20.531],[82.706,20.553],[82.708,20.566],[82.723,20.583],[82.725,20.627],[82.724,20.638],[82.717,20.668],[82.688,20.697],[82.696,20.722],[82.683,20.735],[82.684,20.769],[82.682,20.828],[82.68,20.845],[82.679,20.88],[82.687,20.892],[82.69,20.916],[82.694,20.937],[82.684,20.997],[82.686,21.018],[82.654,21.073],[82.635,21.084],[82.632,21.087]]]},"properties":{"code":"IN-OR-nuapada","name":"Nuapada","state":"Orissa"}},{"type":"Feature","geometry":{"type":"MultiPolygon","coordinates":[[[[86.275,20.042],[86.273,20.049],[86.254,20.046],[86.288,20.029],[86.275,20.042]]],[[[85.84,20.167],[85.828,20.172],[85.825,20.168],[85.823,20.154],[85.821,20.151],[85.801,20.151],[85.798,20.147],[85.791,20.143],[85.779,20.154],[85.78,20.156],[85.765,20.16],[85.758,20.158],[85.758,20.147],[85.757,20.145],[85.741,20.14],[85.719,20.135],[85.72,20.127],[85.719,20.124],[85.714,20.126],[85.714,20.133],[85.702,20.137],[85.683,20.142],[85.677,20.124],[85.672,20.109],[85.678,20.098],[85.672,20.079],[85.672,20.072],[85.676,20.07],[85.674,20.064],[85.67,20.062],[85.658,20.058],[85.637,20.072],[85.622,20.061],[85.614,20.051],[85.611,20.034],[85.616,20.029],[85.618,20.005],[85.614,19.993],[85.608,19.988],[85.609,20.006],[85.589,19.987],[85.585,19.993],[85.576,20.001],[85.56,20.004],[85.56,19.996],[85.555,19.942],[85.549,19.954],[85.547,19.955],[85.528,19.959],[85.525,19.97],[85.514,19.961],[85.514,19.929],[85.517,19.922],[85.561,19.909],[85.564,19.897],[85.559,19.847],[85.529,19.879],[85.422,19.886],[85.322,19.793],[85.247,19.773],[85.185,19.7],[85.178,19.667],[85.169,19.622],[85.136,19.611],[85.119,19.555],[85.089,19.516],[85.165,19.462],[85.295,19.554],[85.419,19.623],[85.68,19.746],[85.846,19.801],[86.045,19.847],[86.228,19.901],[86.296,19.936],[86.363,19.953],[86.295,20.024],[86.242,20.031],[86.225,20.034],[86.221,20.03],[86.184,20.046],[86.155,20.038],[86.129,20.032],[86.123,20.032],[86.115,20.041],[86.077,20.077],[86.086,20.084],[86.058,20.101],[86.053,20.1],[86.048,20.099],[86.043,20.098],[86.027,20.1],[86.01,20.097],[86.002,20.109],[85.994,20.103],[85.983,20.103],[85.963,20.109],[85.946,20.112],[85.942,20.112],[85.941,20.106],[85.931,20.108],[85.91,20.113],[85.899,20.121],[85.894,20.105],[85.88,20.102],[85.87,20.115],[85.885,20.127],[85.893,20.133],[85.884,20.169],[85.871,20.177],[85.862,20.183],[85.852,20.171],[85.84,20.167]]]]},"properties":{"code":"IN-OR-puri","name":"Puri","state":"Orissa"}},{"type":"Feature","geometry":{"type":"Polygon","coordinates":[[[83.489,19.954],[83.441,19.963],[83.401,19.917],[83.42,19.838],[83.447,19.782],[83.448,19.734],[83.379,19.661],[83.366,19.614],[83.326,19.59],[83.259,19.592],[83.238,19.499],[83.16,19.425],[83.069,19.553],[83.029,19.544],[82.992,19.492],[82.984,19.441],[82.932,19.443],[82.929,19.401],[82.95,19.318],[82.911,19.298],[82.883,19.247],[82.894,19.223],[82.871,19.177],[82.897,19.155],[82.961,19.154],[83.056,19.037],[83.068,19.074],[83.13,19.129],[83.178,19.107],[83.182,19.007],[83.199,18.968],[83.234,18.965],[83.27,19.107],[83.333,19.094],[83.341,19.009],[83.409,18.996],[83.443,18.948],[83.475,19],[83.459,19.07],[83.505,19.065],[83.514,19.025],[83.604,19.093],[83.619,19.142],[83.684,19.044],[83.746,18.918],[83.771,18.902],[83.741,18.984],[83.788,19.008],[83.8,19.023],[83.81,19.021],[83.816,19.01],[83.824,19],[83.852,18.975],[83.886,18.973],[83.906,19.009],[83.926,19.004],[83.938,18.992],[83.944,18.981],[83.96,18.98],[83.972,18.999],[83.98,19.012],[83.978,19.016],[83.958,19.036],[83.956,19.046],[83.964,19.057],[83.969,19.06],[83.992,19.057],[83.998,19.05],[84.011,19.042],[84.023,19.045],[84.021,19.061],[84.007,19.119],[84.023,19.128],[84.008,19.134],[84.005,19.133],[83.992,19.141],[83.98,19.151],[83.976,19.155],[83.984,19.166],[83.985,19.179],[83.99,19.183],[83.977,19.205],[83.983,19.215],[83.99,19.237],[84.004,19.243],[84.008,19.258],[84.012,19.269],[84.008,19.297],[84.02,19.328],[84.022,19.332],[84.019,19.346],[83.992,19.377],[83.978,19.373],[83.962,19.378],[83.957,19.387],[83.943,19.388],[83.955,19.441],[83.962,19.453],[83.964,19.464],[83.971,19.478],[83.961,19.487],[83.954,19.499],[83.937,19.543],[83.927,19.564],[83.923,19.602],[83.936,19.628],[83.913,19.672],[83.867,19.667],[83.836,19.703],[83.76,19.701],[83.733,19.648],[83.694,19.679],[83.63,19.666],[83.612,19.809],[83.538,19.836],[83.521,19.868],[83.555,19.918],[83.489,19.954]]]},"properties":{"code":"IN-OR-rayagada","name":"Rayagada","state":"Orissa"}},{"type":"Feature","geometry":{"type":"Polygon","coordinates":[[[84.672,21.732],[84.648,21.763],[84.587,21.754],[84.522,21.81],[84.532,21.857],[84.497,21.975],[84.507,22.05],[84.471,22.186],[84.414,22.169],[84.272,22.105],[84.263,22.011],[84.283,22.014],[84.285,22.016],[84.293,22.031],[84.339,22.032],[84.351,22.033],[84.382,22.021],[84.374,21.978],[84.358,21.929],[84.323,21.863],[84.323,21.838],[84.319,21.831],[84.307,21.814],[84.304,21.807],[84.294,21.796],[84.288,21.782],[84.285,21.771],[84.28,21.759],[84.261,21.757],[84.254,21.762],[84.231,21.759],[84.214,21.763],[84.205,21.756],[84.183,21.751],[84.155,21.765],[84.108,21.786],[84.077,21.771],[84.062,21.771],[84.037,21.758],[84.032,21.756],[84.026,21.763],[84.024,21.768],[84.016,21.778],[84.008,21.783],[83.994,21.765],[83.984,21.749],[83.97,21.757],[83.963,21.763],[83.96,21.749],[83.946,21.739],[83.937,21.724],[83.962,21.688],[83.974,21.592],[83.957,21.568],[83.924,21.574],[83.894,21.57],[83.853,21.584],[83.829,21.585],[83.808,21.588],[83.8,21.571],[83.793,21.563],[83.84,21.524],[83.88,21.435],[83.865,21.307],[83.906,21.242],[83.888,21.174],[83.945,21.144],[83.98,21.125],[83.981,21.111],[83.985,21.109],[83.985,21.086],[83.987,21.074],[83.992,21.067],[83.994,21.066],[84.013,21.051],[84.028,21.05],[84.048,21.045],[84.075,21.045],[84.129,21.032],[84.141,21.023],[84.152,20.988],[84.149,20.978],[84.154,20.971],[84.167,20.969],[84.206,20.959],[84.259,20.92],[84.276,20.922],[84.401,20.974],[84.478,21.078],[84.529,21.084],[84.565,21.061],[84.664,21.081],[84.679,21.144],[84.739,21.166],[84.742,21.179],[84.735,21.195],[84.724,21.196],[84.72,21.199],[84.718,21.215],[84.732,21.226],[84.743,21.23],[84.755,21.231],[84.763,21.242],[84.766,21.25],[84.752,21.256],[84.76,21.27],[84.735,21.288],[84.729,21.298],[84.711,21.313],[84.666,21.313],[84.661,21.305],[84.648,21.298],[84.641,21.288],[84.633,21.284],[84.631,21.279],[84.6,21.26],[84.57,21.25],[84.563,21.256],[84.567,21.26],[84.564,21.315],[84.559,21.324],[84.549,21.35],[84.516,21.377],[84.512,21.37],[84.497,21.37],[84.494,21.361],[84.485,21.366],[84.489,21.376],[84.487,21.386],[84.476,21.391],[84.486,21.411],[84.476,21.423],[84.487,21.443],[84.482,21.461],[84.473,21.479],[84.49,21.491],[84.479,21.51],[84.523,21.567],[84.538,21.568],[84.546,21.579],[84.566,21.578],[84.555,21.588],[84.54,21.597],[84.532,21.603],[84.521,21.621],[84.511,21.618],[84.485,21.637],[84.495,21.671],[84.557,21.69],[84.572,21.699],[84.621,21.694],[84.637,21.723],[84.632,21.736],[84.646,21.738],[84.668,21.734],[84.672,21.732]]]},"properties":{"code":"IN-OR-sambalpur","name":"Sambalpur","state":"Orissa"}},{"type":"Feature","geometry":{"type":"Polygon","coordinates":[[[83.98,21.125],[83.945,21.144],[83.888,21.174],[83.855,21.13],[83.845,21.102],[83.835,21.093],[83.816,21.099],[83.79,21.115],[83.778,21.148],[83.763,21.151],[83.718,21.121],[83.711,21.117],[83.681,21.113],[83.66,21.122],[83.607,21.125],[83.593,21.107],[83.557,21.081],[83.536,21.068],[83.508,21.056],[83.491,21.058],[83.493,21.044],[83.492,21.038],[83.489,21.037],[83.477,21.046],[83.466,21.052],[83.452,21.051],[83.452,21.045],[83.454,21.005],[83.489,20.99],[83.497,20.982],[83.506,20.978],[83.526,20.981],[83.54,20.976],[83.568,20.971],[83.59,20.977],[83.619,20.981],[83.634,20.978],[83.631,20.964],[83.629,20.962],[83.62,20.949],[83.61,20.932],[83.607,20.926],[83.61,20.924],[83.608,20.913],[83.611,20.91],[83.615,20.904],[83.614,20.899],[83.597,20.889],[83.568,20.86],[83.568,20.843],[83.599,20.832],[83.618,20.822],[83.617,20.811],[83.611,20.813],[83.591,20.811],[83.594,20.804],[83.598,20.797],[83.624,20.795],[83.631,20.779],[83.643,20.77],[83.652,20.765],[83.652,20.756],[83.646,20.747],[83.663,20.742],[83.671,20.737],[83.663,20.722],[83.651,20.695],[83.64,20.68],[83.625,20.657],[83.621,20.645],[83.604,20.614],[83.594,20.584],[83.595,20.579],[83.594,20.571],[83.595,20.565],[83.588,20.545],[83.588,20.537],[83.599,20.525],[83.682,20.556],[83.724,20.601],[83.712,20.635],[83.752,20.711],[83.756,20.77],[83.781,20.798],[83.845,20.819],[83.898,20.814],[83.928,20.834],[83.984,20.837],[84.031,20.822],[84.106,20.841],[84.211,20.897],[84.261,20.884],[84.26,20.894],[84.269,20.913],[84.259,20.92],[84.206,20.959],[84.167,20.969],[84.154,20.971],[84.149,20.978],[84.152,20.988],[84.141,21.023],[84.129,21.032],[84.075,21.045],[84.048,21.045],[84.028,21.05],[84.013,21.051],[83.994,21.066],[83.992,21.067],[83.987,21.074],[83.985,21.086],[83.985,21.109],[83.981,21.111],[83.98,21.125]]]},"properties":{"code":"IN-OR-sonepur","name":"Sonepur","state":"Orissa"}},{"type":"Feature","geometry":{"type":"Polygon","coordinates":[[[84.003,22.521],[83.976,22.502],[84.042,22.464],[84.04,22.433],[84.001,22.37],[83.861,22.344],[83.798,22.289],[83.746,22.241],[83.693,22.246],[83.646,22.225],[83.606,22.158],[83.557,22.1],[83.538,22.055],[83.549,22.007],[83.535,21.964],[83.6,21.911],[83.572,21.872],[83.574,21.83],[83.578,21.827],[83.593,21.828],[83.601,21.83],[83.606,21.836],[83.622,21.841],[83.641,21.812],[83.676,21.804],[83.684,21.796],[83.689,21.788],[83.713,21.784],[83.715,21.783],[83.727,21.801],[83.762,21.836],[83.776,21.853],[83.807,21.852],[83.804,21.858],[83.81,21.88],[83.833,21.892],[83.854,21.906],[83.847,21.92],[83.874,21.921],[83.89,21.943],[83.954,21.938],[83.96,21.923],[83.974,21.903],[84.009,21.932],[84.045,21.941],[84.053,21.935],[84.06,21.932],[84.072,21.934],[84.075,21.953],[84.083,21.964],[84.079,21.978],[84.083,21.988],[84.091,21.995],[84.098,21.994],[84.114,22.008],[84.118,22.003],[84.121,22.001],[84.139,21.997],[84.142,21.995],[84.171,21.992],[84.196,21.981],[84.216,21.974],[84.24,21.98],[84.249,21.994],[84.252,21.997],[84.258,22.004],[84.263,22.011],[84.272,22.105],[84.414,22.169],[84.471,22.186],[84.507,22.05],[84.497,21.975],[84.532,21.857],[84.522,21.81],[84.587,21.754],[84.648,21.763],[84.672,21.732],[84.678,21.724],[84.691,21.703],[84.714,21.711],[84.725,21.691],[84.738,21.668],[84.745,21.657],[84.749,21.624],[84.76,21.619],[84.782,21.625],[84.779,21.641],[84.805,21.659],[84.852,21.655],[84.859,21.648],[84.895,21.655],[84.902,21.665],[84.936,21.656],[84.951,21.666],[84.951,21.674],[84.964,21.677],[84.981,21.677],[84.994,21.678],[85.024,21.643],[85.024,21.628],[85.027,21.621],[85.031,21.619],[85.034,21.614],[85.046,21.585],[85.062,21.593],[85.082,21.599],[85.093,21.594],[85.107,21.589],[85.144,21.59],[85.185,21.62],[85.188,21.659],[85.184,21.713],[85.198,21.764],[85.276,21.83],[85.338,21.823],[85.371,21.906],[85.341,21.947],[85.269,21.956],[85.231,22],[85.211,22.043],[85.099,22.096],[85.024,22.112],[85.025,22.154],[85.069,22.231],[85.071,22.272],[85.105,22.291],[85.074,22.349],[85.083,22.378],[85.057,22.445],[85.062,22.478],[85.051,22.479],[85.042,22.477],[85.035,22.477],[85.032,22.47],[85.022,22.467],[84.953,22.446],[84.941,22.447],[84.931,22.44],[84.918,22.429],[84.92,22.426],[84.908,22.42],[84.88,22.418],[84.879,22.432],[84.875,22.441],[84.864,22.435],[84.836,22.428],[84.833,22.426],[84.828,22.429],[84.813,22.432],[84.801,22.444],[84.753,22.442],[84.744,22.415],[84.711,22.414],[84.682,22.415],[84.662,22.414],[84.614,22.428],[84.572,22.423],[84.527,22.42],[84.506,22.416],[84.502,22.415],[84.474,22.402],[84.476,22.394],[84.48,22.387],[84.478,22.384],[84.456,22.375],[84.431,22.36],[84.426,22.349],[84.394,22.344],[84.378,22.346],[84.367,22.35],[84.359,22.345],[84.289,22.337],[84.261,22.354],[84.247,22.374],[84.183,22.384],[84.175,22.389],[84.142,22.415],[84.138,22.457],[84.135,22.471],[84.126,22.474],[84.102,22.477],[84.079,22.489],[84.067,22.498],[84.067,22.502],[84.058,22.51],[84.033,22.512],[84.019,22.521],[84.003,22.521]]]},"properties":{"code":"IN-OR-sundargarh","name":"Sundargarh","state":"Orissa"}},{"type":"Feature","geometry":{"type":"Polygon","coordinates":[[[79.761,10.981],[79.743,10.985],[79.73,10.985],[79.738,10.969],[79.74,10.966],[79.741,10.963],[79.738,10.959],[79.746,10.949],[79.74,10.944],[79.727,10.952],[79.715,10.953],[79.703,10.946],[79.703,10.938],[79.709,10.936],[79.716,10.938],[79.721,10.935],[79.704,10.921],[79.71,10.919],[79.708,10.915],[79.709,10.914],[79.721,10.911],[79.72,10.906],[79.724,10.908],[79.726,10.907],[79.728,10.902],[79.743,10.899],[79.742,10.894],[79.741,10.883],[79.748,10.895],[79.754,10.887],[79.76,10.883],[79.773,10.89],[79.776,10.882],[79.77,10.878],[79.776,10.876],[79.788,10.873],[79.806,10.864],[79.79,10.862],[79.807,10.853],[79.792,10.849],[79.793,10.839],[79.803,10.834],[79.806,10.828],[79.813,10.829],[79.814,10.818],[79.813,10.814],[79.82,10.811],[79.836,10.812],[79.851,10.814],[79.851,10.976],[79.835,10.977],[79.834,10.977],[79.825,10.985],[79.814,10.987],[79.812,10.983],[79.81,10.982],[79.803,10.985],[79.796,10.983],[79.79,10.973],[79.774,10.977],[79.761,10.981]]]},"properties":{"code":"IN-PU-karaikal","name":"Karaikal","state":"Puducherry"}},{"type":"Feature","geometry":{"type":"Polygon","coordinates":[[[75.224,12.054],[75.251,12.006],[75.299,12.029],[75.309,12.078],[75.355,12.109],[75.369,12.121],[75.379,12.122],[75.382,12.129],[75.402,12.134],[75.4,12.141],[75.378,12.146],[75.346,12.139],[75.325,12.145],[75.284,12.115],[75.278,12.102],[75.266,12.104],[75.256,12.109],[75.237,12.11],[75.223,12.105],[75.221,12.101],[75.222,12.086],[75.222,12.078],[75.224,12.074],[75.224,12.054]]]},"properties":{"code":"IN-PU-mahe","name":"Mahe","state":"Puducherry"}},{"type":"Feature","geometry":{"type":"Polygon","coordinates":[[[79.794,11.816],[79.824,11.882],[79.818,11.94],[79.811,11.943],[79.805,11.963],[79.798,11.964],[79.776,11.946],[79.773,11.947],[79.734,11.947],[79.716,11.967],[79.727,11.962],[79.738,11.967],[79.729,11.986],[79.725,11.978],[79.72,11.976],[79.706,11.977],[79.69,12.001],[79.679,12.019],[79.672,12.012],[79.652,11.998],[79.647,11.993],[79.644,11.993],[79.642,11.976],[79.651,11.972],[79.681,11.973],[79.687,11.974],[79.695,11.975],[79.699,11.972],[79.695,11.961],[79.702,11.952],[79.687,11.947],[79.678,11.939],[79.678,11.937],[79.692,11.924],[79.693,11.921],[79.695,11.926],[79.695,11.931],[79.704,11.913],[79.718,11.889],[79.717,11.877],[79.702,11.877],[79.692,11.898],[79.703,11.898],[79.683,11.905],[79.684,11.887],[79.676,11.879],[79.66,11.877],[79.659,11.866],[79.673,11.87],[79.68,11.871],[79.691,11.874],[79.693,11.854],[79.698,11.852],[79.707,11.847],[79.73,11.847],[79.738,11.835],[79.75,11.861],[79.752,11.842],[79.749,11.836],[79.758,11.822],[79.782,11.84],[79.788,11.835],[79.792,11.827],[79.793,11.818],[79.794,11.816]]]},"properties":{"code":"IN-PU-puducherry","name":"Puducherry","state":"Puducherry"}},{"type":"Feature","geometry":{"type":"MultiPolygon","coordinates":[[[[82.285,16.697],[82.259,16.69],[82.265,16.691],[82.285,16.697]]],[[[82.211,16.728],[82.211,16.748],[82.197,16.736],[82.227,16.705],[82.253,16.69],[82.299,16.714],[82.3,16.714],[82.22,16.718],[82.211,16.728]]]]},"properties":{"code":"IN-PU-yanam","name":"Yanam","state":"Puducherry"}},{"type":"Feature","geometry":{"type":"Polygon","coordinates":[[[74.898,32.05],[74.818,31.994],[74.801,31.962],[74.652,31.91],[74.556,31.829],[74.517,31.723],[74.578,31.623],[74.601,31.568],[74.573,31.52],[74.642,31.462],[74.595,31.397],[74.522,31.248],[74.501,31.18],[74.506,31.136],[74.588,31.093],[74.626,31.136],[74.691,31.114],[74.838,31.134],[74.884,31.161],[74.937,31.15],[75.038,31.192],[75.071,31.273],[75.133,31.334],[75.176,31.408],[75.224,31.461],[75.272,31.483],[75.305,31.54],[75.391,31.595],[75.287,31.652],[75.273,31.695],[75.213,31.685],[75.189,31.728],[75.063,31.806],[75.032,31.802],[74.955,31.833],[74.904,31.881],[74.888,31.933],[74.922,32.012],[74.898,32.05]]]},"properties":{"code":"IN-PU-amritsar","name":"Amritsar","state":"Punjab"}},{"type":"Feature","geometry":{"type":"Polygon","coordinates":[[[75.171,30.539],[75.167,30.555],[75.151,30.578],[75.138,30.582],[75.12,30.532],[75.082,30.527],[75.073,30.529],[75.05,30.504],[75.031,30.503],[75.024,30.505],[74.997,30.489],[75.015,30.485],[75.035,30.474],[75.038,30.46],[75.043,30.454],[75.028,30.46],[75.017,30.449],[75.01,30.44],[75.016,30.433],[75.045,30.389],[75.015,30.38],[74.989,30.389],[74.953,30.387],[74.935,30.385],[74.901,30.377],[74.864,30.39],[74.837,30.383],[74.827,30.388],[74.811,30.394],[74.806,30.388],[74.776,30.34],[74.752,30.347],[74.713,30.366],[74.692,30.356],[74.692,30.354],[74.738,30.344],[74.76,30.324],[74.736,30.322],[74.715,30.308],[74.724,30.304],[74.738,30.282],[74.727,30.28],[74.727,30.278],[74.712,30.258],[74.71,30.252],[74.716,30.232],[74.711,30.227],[74.704,30.197],[74.72,30.197],[74.727,30.181],[74.716,30.171],[74.71,30.168],[74.683,30.16],[74.665,30.166],[74.659,30.165],[74.632,30.148],[74.636,30.114],[74.64,30.112],[74.661,30.108],[74.665,30.109],[74.675,30.108],[74.674,30.073],[74.69,30.069],[74.688,30.038],[74.686,30.034],[74.7,30.022],[74.704,30.003],[74.699,29.993],[74.694,29.988],[74.697,29.971],[74.724,29.962],[74.801,29.993],[74.85,29.959],[74.924,29.942],[74.99,29.856],[75.065,29.879],[75.102,29.803],[75.179,29.837],[75.203,29.881],[75.175,29.885],[75.159,29.926],[75.172,29.948],[75.174,29.97],[75.184,29.975],[75.195,29.978],[75.241,29.981],[75.27,29.979],[75.266,29.991],[75.283,30.012],[75.293,30.016],[75.284,30.021],[75.274,30.017],[75.254,30.017],[75.25,30.018],[75.243,30.038],[75.249,30.046],[75.265,30.062],[75.261,30.061],[75.254,30.057],[75.251,30.061],[75.25,30.101],[75.271,30.109],[75.293,30.11],[75.306,30.115],[75.318,30.123],[75.333,30.133],[75.339,30.145],[75.35,30.17],[75.355,30.175],[75.348,30.186],[75.353,30.192],[75.361,30.202],[75.367,30.237],[75.311,30.335],[75.29,30.425],[75.246,30.466],[75.262,30.484],[75.271,30.5],[75.281,30.511],[75.274,30.509],[75.247,30.519],[75.235,30.516],[75.199,30.517],[75.185,30.512],[75.176,30.508],[75.173,30.51],[75.171,30.539]]]},"properties":{"code":"IN-PU-bathinda","name":"Bathinda","state":"Punjab"}},{"type":"Feature","geometry":{"type":"Polygon","coordinates":[[[74.9,30.736],[74.89,30.739],[74.876,30.739],[74.869,30.745],[74.845,30.751],[74.82,30.768],[74.816,30.767],[74.795,30.785],[74.773,30.792],[74.767,30.806],[74.763,30.81],[74.76,30.812],[74.738,30.817],[74.729,30.821],[74.707,30.822],[74.687,30.823],[74.672,30.821],[74.635,30.814],[74.601,30.824],[74.557,30.798],[74.521,30.78],[74.513,30.77],[74.464,30.749],[74.462,30.713],[74.467,30.68],[74.491,30.667],[74.55,30.663],[74.609,30.635],[74.657,30.579],[74.699,30.558],[74.677,30.521],[74.752,30.486],[74.723,30.465],[74.743,30.394],[74.811,30.394],[74.827,30.388],[74.837,30.383],[74.864,30.39],[74.901,30.377],[74.935,30.385],[74.953,30.387],[74.989,30.389],[75.015,30.38],[75.045,30.389],[75.016,30.433],[75.01,30.44],[75.017,30.449],[75.028,30.46],[75.043,30.454],[75.038,30.46],[75.035,30.474],[75.015,30.485],[74.997,30.489],[74.98,30.544],[74.905,30.585],[74.937,30.605],[74.944,30.675],[74.903,30.68],[74.9,30.736]]]},"properties":{"code":"IN-PU-faridkot","name":"Faridkot","state":"Punjab"}},{"type":"Feature","geometry":{"type":"Polygon","coordinates":[[[76.311,30.881],[76.298,30.876],[76.276,30.869],[76.269,30.845],[76.259,30.807],[76.24,30.781],[76.237,30.775],[76.245,30.759],[76.252,30.743],[76.262,30.731],[76.269,30.723],[76.301,30.729],[76.318,30.715],[76.332,30.717],[76.337,30.696],[76.332,30.683],[76.317,30.67],[76.29,30.678],[76.247,30.68],[76.223,30.691],[76.196,30.678],[76.169,30.674],[76.161,30.681],[76.155,30.663],[76.141,30.657],[76.139,30.642],[76.117,30.633],[76.11,30.607],[76.111,30.599],[76.101,30.593],[76.101,30.582],[76.095,30.565],[76.089,30.563],[76.079,30.57],[76.068,30.555],[76.072,30.541],[76.076,30.53],[76.068,30.515],[76.067,30.512],[76.154,30.528],[76.24,30.553],[76.256,30.558],[76.263,30.557],[76.28,30.577],[76.3,30.558],[76.301,30.55],[76.316,30.524],[76.319,30.517],[76.322,30.506],[76.321,30.48],[76.323,30.465],[76.327,30.458],[76.327,30.454],[76.322,30.45],[76.316,30.447],[76.313,30.447],[76.308,30.434],[76.314,30.434],[76.322,30.439],[76.327,30.434],[76.34,30.437],[76.357,30.436],[76.368,30.43],[76.386,30.425],[76.404,30.428],[76.403,30.433],[76.396,30.443],[76.403,30.445],[76.435,30.452],[76.471,30.44],[76.48,30.45],[76.483,30.454],[76.484,30.458],[76.489,30.471],[76.489,30.474],[76.485,30.496],[76.48,30.504],[76.487,30.54],[76.493,30.557],[76.492,30.567],[76.5,30.571],[76.515,30.565],[76.519,30.565],[76.524,30.562],[76.537,30.564],[76.554,30.571],[76.558,30.567],[76.567,30.576],[76.569,30.583],[76.547,30.598],[76.551,30.61],[76.557,30.612],[76.558,30.615],[76.575,30.607],[76.579,30.608],[76.58,30.638],[76.572,30.645],[76.549,30.648],[76.518,30.639],[76.516,30.643],[76.518,30.649],[76.557,30.682],[76.542,30.695],[76.541,30.706],[76.534,30.714],[76.504,30.71],[76.522,30.726],[76.532,30.731],[76.531,30.748],[76.527,30.762],[76.52,30.769],[76.495,30.753],[76.478,30.75],[76.47,30.754],[76.45,30.758],[76.433,30.763],[76.409,30.764],[76.401,30.761],[76.395,30.774],[76.405,30.804],[76.379,30.823],[76.377,30.835],[76.367,30.837],[76.36,30.83],[76.353,30.833],[76.338,30.832],[76.315,30.853],[76.316,30.854],[76.318,30.857],[76.32,30.86],[76.361,30.878],[76.362,30.881],[76.356,30.902],[76.323,30.902],[76.315,30.889],[76.311,30.881]]]},"properties":{"code":"IN-PU-fatehgarh-sahib","name":"Fatehgarh Sahib","state":"Punjab"}},{"type":"Feature","geometry":{"type":"Polygon","coordinates":[[[75.061,31.145],[75.012,31.157],[74.972,31.136],[74.937,31.15],[74.884,31.161],[74.838,31.134],[74.691,31.114],[74.683,31.072],[74.6,31.044],[74.553,31.063],[74.532,31.009],[74.471,30.966],[74.419,30.912],[74.366,30.885],[74.372,30.853],[74.316,30.848],[74.265,30.773],[74.274,30.743],[74.232,30.72],[74.197,30.672],[74.092,30.598],[74.091,30.573],[73.989,30.505],[73.928,30.421],[73.873,30.383],[73.958,30.262],[73.966,30.195],[73.962,30.128],[73.898,30.054],[73.891,29.97],[74.069,29.969],[74.279,29.955],[74.442,29.947],[74.417,29.997],[74.446,30.001],[74.441,30.027],[74.399,30.026],[74.393,30.043],[74.379,30.062],[74.363,30.102],[74.396,30.097],[74.4,30.093],[74.392,30.109],[74.386,30.115],[74.367,30.138],[74.364,30.15],[74.327,30.161],[74.341,30.212],[74.306,30.241],[74.284,30.233],[74.277,30.231],[74.273,30.272],[74.289,30.269],[74.291,30.279],[74.311,30.328],[74.301,30.376],[74.327,30.384],[74.348,30.39],[74.344,30.402],[74.3,30.409],[74.246,30.425],[74.265,30.429],[74.274,30.431],[74.311,30.444],[74.327,30.45],[74.336,30.465],[74.336,30.482],[74.344,30.48],[74.355,30.48],[74.37,30.498],[74.369,30.52],[74.378,30.527],[74.418,30.549],[74.439,30.596],[74.442,30.598],[74.449,30.608],[74.451,30.614],[74.46,30.631],[74.482,30.638],[74.479,30.641],[74.491,30.667],[74.467,30.68],[74.462,30.713],[74.464,30.749],[74.513,30.77],[74.521,30.78],[74.557,30.798],[74.601,30.824],[74.635,30.814],[74.672,30.821],[74.687,30.823],[74.707,30.822],[74.729,30.821],[74.738,30.817],[74.76,30.812],[74.763,30.81],[74.767,30.806],[74.773,30.792],[74.795,30.785],[74.816,30.767],[74.82,30.768],[74.845,30.751],[74.869,30.745],[74.876,30.739],[74.89,30.739],[74.902,30.743],[74.9,30.752],[74.9,30.761],[74.912,30.785],[74.914,30.784],[74.918,30.803],[74.936,30.824],[74.934,30.836],[74.936,30.861],[74.934,30.868],[74.965,30.894],[74.982,30.898],[74.995,30.914],[75.013,30.928],[75.05,30.943],[75.032,31.009],[75.031,31.031],[75.061,31.022],[75.067,31.033],[75.087,31.045],[75.116,31.097],[75.061,31.145]]]},"properties":{"code":"IN-PU-firozpur","name":"Firozpur","state":"Punjab"}},{"type":"Feature","geometry":{"type":"Polygon","coordinates":[[[75.911,32.409],[75.935,32.425],[75.855,32.5],[75.873,32.576],[75.838,32.538],[75.825,32.509],[75.816,32.499],[75.79,32.479],[75.772,32.475],[75.73,32.445],[75.72,32.43],[75.698,32.41],[75.663,32.394],[75.637,32.387],[75.567,32.372],[75.557,32.367],[75.524,32.34],[75.506,32.281],[75.501,32.276],[75.495,32.277],[75.49,32.31],[75.48,32.31],[75.471,32.315],[75.474,32.339],[75.472,32.34],[75.452,32.332],[75.433,32.327],[75.415,32.324],[75.397,32.326],[75.379,32.329],[75.359,32.335],[75.344,32.34],[75.324,32.342],[75.364,32.238],[75.323,32.201],[75.309,32.155],[75.239,32.087],[75.12,32.083],[75.051,32.041],[74.998,32.029],[74.926,32.066],[74.898,32.05],[74.922,32.012],[74.888,31.933],[74.904,31.881],[74.955,31.833],[75.032,31.802],[75.063,31.806],[75.189,31.728],[75.213,31.685],[75.273,31.695],[75.287,31.652],[75.391,31.595],[75.462,31.652],[75.482,31.701],[75.555,31.776],[75.558,31.856],[75.516,31.944],[75.547,32.036],[75.579,32.082],[75.655,32.146],[75.62,32.185],[75.623,32.235],[75.676,32.264],[75.736,32.274],[75.844,32.379],[75.911,32.409]]]},"properties":{"code":"IN-PU-gurdaspur","name":"Gurdaspur","state":"Punjab"}},{"type":"Feature","geometry":{"type":"Polygon","coordinates":[[[75.579,32.082],[75.547,32.036],[75.516,31.944],[75.558,31.856],[75.555,31.776],[75.482,31.701],[75.462,31.652],[75.557,31.639],[75.581,31.606],[75.657,31.608],[75.723,31.499],[75.765,31.474],[75.809,31.407],[75.775,31.372],[75.883,31.342],[75.841,31.297],[75.878,31.278],[75.931,31.275],[76.04,31.23],[76.076,31.227],[76.09,31.181],[76.16,31.138],[76.228,31.247],[76.295,31.215],[76.322,31.229],[76.338,31.241],[76.277,31.31],[76.173,31.307],[76.134,31.383],[76.157,31.405],[76.084,31.537],[76.003,31.647],[75.945,31.781],[75.944,31.858],[75.895,31.95],[75.795,31.989],[75.734,32.037],[75.649,32.077],[75.579,32.082]]]},"properties":{"code":"IN-PU-hoshiarpur","name":"Hoshiarpur","state":"Punjab"}},{"type":"Feature","geometry":{"type":"Polygon","coordinates":[[[75.775,31.372],[75.809,31.407],[75.765,31.474],[75.723,31.499],[75.657,31.608],[75.581,31.606],[75.586,31.568],[75.508,31.532],[75.513,31.48],[75.448,31.505],[75.457,31.457],[75.428,31.419],[75.439,31.39],[75.501,31.391],[75.476,31.324],[75.442,31.286],[75.449,31.239],[75.379,31.247],[75.333,31.233],[75.217,31.156],[75.118,31.17],[75.061,31.145],[75.116,31.097],[75.12,31.097],[75.13,31.09],[75.155,31.095],[75.166,31.085],[75.176,31.079],[75.186,31.076],[75.189,31.072],[75.201,31.068],[75.203,31.068],[75.22,31.059],[75.226,31.055],[75.236,31.044],[75.257,31.044],[75.265,31.04],[75.27,31.043],[75.282,31.025],[75.285,31.016],[75.297,31.016],[75.294,31.005],[75.343,30.99],[75.482,30.972],[75.583,30.971],[75.747,31.017],[75.794,30.997],[75.833,31.012],[75.944,31.021],[75.914,31.096],[75.834,31.186],[75.775,31.2],[75.766,31.167],[75.694,31.168],[75.658,31.242],[75.673,31.321],[75.746,31.332],[75.775,31.372]]]},"properties":{"code":"IN-PU-jalandhar","name":"Jalandhar","state":"Punjab"}},{"type":"Feature","geometry":{"type":"MultiPolygon","coordinates":[[[[75.878,31.278],[75.841,31.297],[75.883,31.342],[75.775,31.372],[75.746,31.332],[75.673,31.321],[75.658,31.242],[75.694,31.168],[75.766,31.167],[75.775,31.2],[75.799,31.224],[75.889,31.258],[75.878,31.278]]],[[[75.581,31.606],[75.557,31.639],[75.462,31.652],[75.391,31.595],[75.305,31.54],[75.272,31.483],[75.224,31.461],[75.176,31.408],[75.133,31.334],[75.071,31.273],[75.038,31.192],[74.937,31.15],[74.972,31.136],[75.012,31.157],[75.061,31.145],[75.118,31.17],[75.217,31.156],[75.333,31.233],[75.379,31.247],[75.449,31.239],[75.442,31.286],[75.476,31.324],[75.501,31.391],[75.439,31.39],[75.428,31.419],[75.457,31.457],[75.448,31.505],[75.513,31.48],[75.508,31.532],[75.586,31.568],[75.581,31.606]]]]},"properties":{"code":"IN-PU-kapurthala","name":"Kapurthala","state":"Punjab"}},{"type":"Feature","geometry":{"type":"Polygon","coordinates":[[[75.944,31.021],[75.833,31.012],[75.794,30.997],[75.747,31.017],[75.583,30.971],[75.482,30.972],[75.343,30.99],[75.353,30.954],[75.353,30.942],[75.363,30.931],[75.369,30.927],[75.369,30.922],[75.39,30.885],[75.376,30.865],[75.362,30.858],[75.362,30.852],[75.359,30.841],[75.374,30.815],[75.384,30.81],[75.377,30.777],[75.372,30.77],[75.369,30.754],[75.365,30.736],[75.375,30.723],[75.369,30.71],[75.359,30.707],[75.359,30.69],[75.368,30.676],[75.362,30.65],[75.369,30.624],[75.39,30.618],[75.389,30.601],[75.396,30.584],[75.453,30.606],[75.528,30.596],[75.539,30.635],[75.614,30.616],[75.658,30.652],[75.728,30.631],[75.779,30.662],[75.868,30.677],[75.864,30.641],[75.916,30.579],[76.016,30.618],[76.071,30.565],[76.079,30.57],[76.089,30.563],[76.095,30.565],[76.101,30.582],[76.101,30.593],[76.111,30.599],[76.11,30.607],[76.117,30.633],[76.139,30.642],[76.141,30.657],[76.155,30.663],[76.161,30.681],[76.169,30.674],[76.196,30.678],[76.223,30.691],[76.247,30.68],[76.29,30.678],[76.317,30.67],[76.332,30.683],[76.337,30.696],[76.332,30.717],[76.318,30.715],[76.301,30.729],[76.269,30.723],[76.262,30.731],[76.252,30.743],[76.245,30.759],[76.237,30.775],[76.24,30.781],[76.259,30.807],[76.269,30.845],[76.276,30.869],[76.298,30.876],[76.311,30.881],[76.297,30.993],[76.277,30.983],[76.2,31.009],[76.122,30.989],[76.043,31],[75.987,30.991],[75.944,31.021]]]},"properties":{"code":"IN-PU-ludhiana","name":"Ludhiana","state":"Punjab"}},{"type":"Feature","geometry":{"type":"Polygon","coordinates":[[[75.583,30.141],[75.555,30.15],[75.546,30.145],[75.539,30.14],[75.536,30.141],[75.524,30.149],[75.484,30.159],[75.48,30.172],[75.471,30.184],[75.437,30.196],[75.407,30.19],[75.392,30.198],[75.386,30.207],[75.364,30.2],[75.353,30.192],[75.348,30.186],[75.355,30.175],[75.35,30.17],[75.339,30.145],[75.333,30.133],[75.318,30.123],[75.306,30.115],[75.293,30.11],[75.271,30.109],[75.25,30.101],[75.251,30.061],[75.254,30.057],[75.261,30.061],[75.265,30.062],[75.249,30.046],[75.243,30.038],[75.25,30.018],[75.254,30.017],[75.274,30.017],[75.284,30.021],[75.293,30.016],[75.283,30.012],[75.266,29.991],[75.27,29.979],[75.241,29.981],[75.195,29.978],[75.184,29.975],[75.174,29.97],[75.172,29.948],[75.159,29.926],[75.175,29.885],[75.203,29.881],[75.198,29.813],[75.205,29.79],[75.217,29.771],[75.227,29.756],[75.221,29.733],[75.217,29.73],[75.206,29.735],[75.198,29.731],[75.187,29.712],[75.192,29.7],[75.195,29.688],[75.189,29.681],[75.168,29.673],[75.159,29.669],[75.163,29.658],[75.173,29.649],[75.173,29.63],[75.199,29.623],[75.223,29.599],[75.222,29.57],[75.223,29.546],[75.275,29.561],[75.291,29.562],[75.303,29.579],[75.28,29.603],[75.288,29.62],[75.312,29.649],[75.318,29.671],[75.33,29.672],[75.347,29.659],[75.346,29.671],[75.341,29.695],[75.359,29.706],[75.379,29.711],[75.382,29.727],[75.391,29.739],[75.397,29.761],[75.435,29.78],[75.506,29.774],[75.53,29.773],[75.563,29.744],[75.623,29.754],[75.666,29.773],[75.678,29.757],[75.697,29.755],[75.71,29.812],[75.745,29.83],[75.753,29.831],[75.763,29.844],[75.762,29.846],[75.766,29.855],[75.753,29.875],[75.751,29.886],[75.756,29.921],[75.736,29.921],[75.697,29.929],[75.694,29.921],[75.658,29.923],[75.658,29.927],[75.648,29.934],[75.634,29.939],[75.643,29.968],[75.642,29.985],[75.667,30.002],[75.672,30.003],[75.681,30.017],[75.679,30.026],[75.673,30.027],[75.668,30.035],[75.663,30.041],[75.658,30.038],[75.65,30.039],[75.643,30.031],[75.642,30.028],[75.636,30.028],[75.63,30.054],[75.631,30.069],[75.628,30.076],[75.62,30.092],[75.634,30.105],[75.64,30.115],[75.616,30.135],[75.613,30.145],[75.589,30.141],[75.583,30.141]]]},"properties":{"code":"IN-PU-mansa","name":"Mansa","state":"Punjab"}},{"type":"Feature","geometry":{"type":"Polygon","coordinates":[[[75.343,30.99],[75.294,31.005],[75.297,31.016],[75.285,31.016],[75.282,31.025],[75.27,31.043],[75.265,31.04],[75.257,31.044],[75.236,31.044],[75.226,31.055],[75.22,31.059],[75.203,31.068],[75.201,31.068],[75.189,31.072],[75.186,31.076],[75.176,31.079],[75.166,31.085],[75.155,31.095],[75.13,31.09],[75.12,31.097],[75.116,31.097],[75.087,31.045],[75.067,31.033],[75.061,31.022],[75.031,31.031],[75.032,31.009],[75.05,30.943],[75.013,30.928],[74.995,30.914],[74.982,30.898],[74.965,30.894],[74.934,30.868],[74.936,30.861],[74.934,30.836],[74.936,30.824],[74.918,30.803],[74.914,30.784],[74.912,30.785],[74.9,30.761],[74.9,30.752],[74.902,30.743],[74.9,30.736],[74.903,30.68],[74.944,30.675],[74.937,30.605],[74.905,30.585],[74.98,30.544],[74.997,30.489],[75.024,30.505],[75.031,30.503],[75.05,30.504],[75.073,30.529],[75.082,30.527],[75.12,30.532],[75.138,30.582],[75.151,30.578],[75.167,30.555],[75.171,30.539],[75.173,30.51],[75.176,30.508],[75.185,30.512],[75.199,30.517],[75.235,30.516],[75.247,30.519],[75.274,30.509],[75.281,30.511],[75.283,30.511],[75.283,30.513],[75.303,30.536],[75.323,30.525],[75.328,30.518],[75.34,30.517],[75.367,30.522],[75.389,30.531],[75.403,30.543],[75.41,30.553],[75.404,30.558],[75.389,30.601],[75.39,30.618],[75.369,30.624],[75.362,30.65],[75.368,30.676],[75.359,30.69],[75.359,30.707],[75.369,30.71],[75.375,30.723],[75.365,30.736],[75.369,30.754],[75.372,30.77],[75.377,30.777],[75.384,30.81],[75.374,30.815],[75.359,30.841],[75.362,30.852],[75.362,30.858],[75.376,30.865],[75.39,30.885],[75.369,30.922],[75.369,30.927],[75.363,30.931],[75.353,30.942],[75.353,30.954],[75.343,30.99]]]},"properties":{"code":"IN-PU-moga","name":"Moga","state":"Punjab"}},{"type":"Feature","geometry":{"type":"Polygon","coordinates":[[[74.491,30.667],[74.479,30.641],[74.482,30.638],[74.46,30.631],[74.451,30.614],[74.449,30.608],[74.442,30.598],[74.439,30.596],[74.418,30.549],[74.378,30.527],[74.369,30.52],[74.37,30.498],[74.355,30.48],[74.344,30.48],[74.336,30.482],[74.336,30.465],[74.327,30.45],[74.311,30.444],[74.274,30.431],[74.265,30.429],[74.246,30.425],[74.3,30.409],[74.344,30.402],[74.348,30.39],[74.327,30.384],[74.301,30.376],[74.311,30.328],[74.291,30.279],[74.289,30.269],[74.273,30.272],[74.277,30.231],[74.284,30.233],[74.306,30.241],[74.341,30.212],[74.327,30.161],[74.364,30.15],[74.367,30.138],[74.386,30.115],[74.392,30.109],[74.4,30.093],[74.396,30.097],[74.363,30.102],[74.379,30.062],[74.393,30.043],[74.399,30.026],[74.441,30.027],[74.446,30.001],[74.417,29.997],[74.442,29.947],[74.525,29.952],[74.552,29.929],[74.562,29.929],[74.622,29.908],[74.64,29.904],[74.64,29.922],[74.666,29.942],[74.691,29.969],[74.696,29.972],[74.694,29.988],[74.699,29.993],[74.704,30.003],[74.7,30.022],[74.686,30.034],[74.688,30.038],[74.69,30.069],[74.674,30.073],[74.675,30.108],[74.665,30.109],[74.661,30.108],[74.64,30.112],[74.636,30.114],[74.632,30.148],[74.659,30.165],[74.665,30.166],[74.683,30.16],[74.71,30.168],[74.716,30.171],[74.727,30.181],[74.72,30.197],[74.704,30.197],[74.711,30.227],[74.716,30.232],[74.71,30.252],[74.712,30.258],[74.727,30.278],[74.727,30.28],[74.738,30.282],[74.724,30.304],[74.715,30.308],[74.736,30.322],[74.76,30.324],[74.738,30.344],[74.692,30.354],[74.692,30.356],[74.713,30.366],[74.752,30.347],[74.776,30.34],[74.806,30.388],[74.811,30.394],[74.743,30.394],[74.723,30.465],[74.752,30.486],[74.677,30.521],[74.699,30.558],[74.657,30.579],[74.609,30.635],[74.55,30.663],[74.491,30.667]]]},"properties":{"code":"IN-PU-muktsar","name":"Muktsar","state":"Punjab"}},{"type":"Feature","geometry":{"type":"Polygon","coordinates":[[[75.878,31.278],[75.889,31.258],[75.799,31.224],[75.775,31.2],[75.834,31.186],[75.914,31.096],[75.944,31.021],[75.987,30.991],[76.043,31],[76.122,30.989],[76.2,31.009],[76.277,30.983],[76.297,30.993],[76.349,30.974],[76.495,30.981],[76.423,31.083],[76.416,31.118],[76.374,31.152],[76.322,31.229],[76.295,31.215],[76.228,31.247],[76.16,31.138],[76.09,31.181],[76.076,31.227],[76.04,31.23],[75.931,31.275],[75.878,31.278]]]},"properties":{"code":"IN-PU-nawan-shehar","name":"Nawan Shehar","state":"Punjab"}},{"type":"Feature","geometry":{"type":"Polygon","coordinates":[[[76.835,30.664],[76.811,30.685],[76.806,30.68],[76.803,30.675],[76.773,30.653],[76.719,30.575],[76.655,30.587],[76.617,30.65],[76.568,30.651],[76.572,30.645],[76.58,30.638],[76.579,30.608],[76.575,30.607],[76.558,30.615],[76.557,30.612],[76.551,30.61],[76.547,30.598],[76.569,30.583],[76.567,30.576],[76.558,30.567],[76.554,30.571],[76.537,30.564],[76.524,30.562],[76.519,30.565],[76.515,30.565],[76.5,30.571],[76.492,30.567],[76.493,30.557],[76.487,30.54],[76.48,30.504],[76.485,30.496],[76.489,30.474],[76.489,30.471],[76.484,30.458],[76.483,30.454],[76.48,30.45],[76.471,30.44],[76.435,30.452],[76.403,30.445],[76.396,30.443],[76.403,30.433],[76.404,30.428],[76.386,30.425],[76.368,30.43],[76.357,30.436],[76.34,30.437],[76.327,30.434],[76.322,30.439],[76.314,30.434],[76.308,30.434],[76.313,30.447],[76.316,30.447],[76.322,30.45],[76.327,30.454],[76.327,30.458],[76.323,30.465],[76.321,30.48],[76.322,30.506],[76.319,30.517],[76.316,30.524],[76.301,30.55],[76.3,30.558],[76.28,30.577],[76.263,30.557],[76.256,30.558],[76.24,30.553],[76.154,30.528],[76.067,30.512],[76.069,30.462],[75.979,30.341],[76.055,30.319],[76.145,30.317],[76.191,30.287],[76.039,30.192],[76.06,30.13],[76.048,30.078],[75.995,30.006],[76.02,29.968],[75.98,29.951],[75.972,29.91],[76.049,29.872],[76.091,29.811],[76.116,29.796],[76.211,29.843],[76.183,29.894],[76.204,29.944],[76.189,30.004],[76.251,30.119],[76.328,30.11],[76.426,30.148],[76.452,30.101],[76.501,30.077],[76.555,30.099],[76.59,30.079],[76.628,30.11],[76.628,30.155],[76.639,30.206],[76.59,30.254],[76.671,30.319],[76.739,30.36],[76.7,30.394],[76.749,30.427],[76.808,30.412],[76.832,30.434],[76.898,30.363],[76.927,30.389],[76.89,30.437],[76.894,30.49],[76.92,30.525],[76.888,30.538],[76.902,30.551],[76.904,30.562],[76.904,30.575],[76.907,30.591],[76.913,30.6],[76.895,30.623],[76.881,30.633],[76.873,30.64],[76.859,30.641],[76.855,30.673],[76.835,30.656],[76.835,30.664]]]},"properties":{"code":"IN-PU-patiala","name":"Patiala","state":"Punjab"}},{"type":"Feature","geometry":{"type":"Polygon","coordinates":[[[76.382,31.411],[76.316,31.402],[76.33,31.345],[76.277,31.31],[76.338,31.241],[76.322,31.229],[76.374,31.152],[76.416,31.118],[76.423,31.083],[76.495,30.981],[76.349,30.974],[76.297,30.993],[76.311,30.881],[76.315,30.889],[76.323,30.902],[76.356,30.902],[76.362,30.881],[76.361,30.878],[76.32,30.86],[76.318,30.857],[76.316,30.854],[76.315,30.853],[76.338,30.832],[76.353,30.833],[76.36,30.83],[76.367,30.837],[76.377,30.835],[76.379,30.823],[76.405,30.804],[76.395,30.774],[76.401,30.761],[76.409,30.764],[76.433,30.763],[76.45,30.758],[76.47,30.754],[76.478,30.75],[76.495,30.753],[76.52,30.769],[76.527,30.762],[76.531,30.748],[76.532,30.731],[76.522,30.726],[76.504,30.71],[76.534,30.714],[76.541,30.706],[76.542,30.695],[76.557,30.682],[76.518,30.649],[76.516,30.643],[76.518,30.639],[76.549,30.648],[76.568,30.651],[76.617,30.65],[76.655,30.587],[76.719,30.575],[76.773,30.653],[76.803,30.675],[76.794,30.669],[76.738,30.689],[76.733,30.697],[76.725,30.704],[76.727,30.708],[76.715,30.713],[76.715,30.715],[76.71,30.735],[76.693,30.757],[76.691,30.76],[76.718,30.769],[76.729,30.776],[76.735,30.783],[76.738,30.79],[76.74,30.791],[76.746,30.795],[76.751,30.797],[76.768,30.795],[76.776,30.784],[76.773,30.783],[76.781,30.774],[76.796,30.786],[76.802,30.782],[76.803,30.778],[76.793,30.767],[76.828,30.764],[76.831,30.768],[76.841,30.799],[76.834,30.805],[76.828,30.833],[76.807,30.84],[76.785,30.861],[76.769,30.877],[76.763,30.893],[76.77,30.906],[76.713,30.963],[76.668,30.97],[76.61,31.004],[76.599,31.054],[76.626,31.11],[76.589,31.128],[76.59,31.183],[76.635,31.213],[76.571,31.28],[76.546,31.256],[76.428,31.325],[76.382,31.411]]]},"properties":{"code":"IN-PU-rupnagar","name":"Rupnagar","state":"Punjab"}},{"type":"Feature","geometry":{"type":"Polygon","coordinates":[[[76.071,30.565],[76.016,30.618],[75.916,30.579],[75.864,30.641],[75.868,30.677],[75.779,30.662],[75.728,30.631],[75.658,30.652],[75.614,30.616],[75.539,30.635],[75.528,30.596],[75.453,30.606],[75.396,30.584],[75.404,30.558],[75.41,30.553],[75.403,30.543],[75.389,30.531],[75.367,30.522],[75.34,30.517],[75.328,30.518],[75.323,30.525],[75.303,30.536],[75.283,30.513],[75.283,30.511],[75.281,30.511],[75.271,30.5],[75.262,30.484],[75.246,30.466],[75.29,30.425],[75.311,30.335],[75.367,30.237],[75.361,30.202],[75.364,30.2],[75.386,30.207],[75.392,30.198],[75.407,30.19],[75.437,30.196],[75.471,30.184],[75.48,30.172],[75.484,30.159],[75.524,30.149],[75.536,30.141],[75.539,30.14],[75.546,30.145],[75.555,30.15],[75.583,30.141],[75.589,30.141],[75.613,30.145],[75.616,30.135],[75.64,30.115],[75.634,30.105],[75.62,30.092],[75.628,30.076],[75.631,30.069],[75.63,30.054],[75.636,30.028],[75.642,30.028],[75.643,30.031],[75.65,30.039],[75.658,30.038],[75.663,30.041],[75.668,30.035],[75.673,30.027],[75.679,30.026],[75.681,30.017],[75.672,30.003],[75.667,30.002],[75.642,29.985],[75.643,29.968],[75.634,29.939],[75.648,29.934],[75.658,29.927],[75.658,29.923],[75.694,29.921],[75.697,29.929],[75.736,29.921],[75.756,29.921],[75.751,29.886],[75.753,29.875],[75.766,29.855],[75.762,29.846],[75.763,29.844],[75.753,29.831],[75.745,29.83],[75.726,29.812],[75.772,29.825],[75.82,29.815],[75.864,29.752],[75.939,29.734],[76.041,29.749],[76.091,29.811],[76.049,29.872],[75.972,29.91],[75.98,29.951],[76.02,29.968],[75.995,30.006],[76.048,30.078],[76.06,30.13],[76.039,30.192],[76.191,30.287],[76.145,30.317],[76.055,30.319],[75.979,30.341],[76.069,30.462],[76.067,30.512],[76.068,30.515],[76.076,30.53],[76.072,30.541],[76.068,30.555],[76.071,30.565]]]},"properties":{"code":"IN-PU-sangrur","name":"Sangrur","state":"Punjab"}},{"type":"Feature","geometry":{"type":"MultiPolygon","coordinates":[[[[74.055,25.831],[74.008,25.865],[73.943,25.833],[73.931,25.771],[73.906,25.742],[73.906,25.687],[73.948,25.652],[74.012,25.705],[74.016,25.748],[74.092,25.769],[74.055,25.831]]],[[[74.972,26.893],[74.979,26.944],[74.907,26.979],[74.848,26.978],[74.777,26.802],[74.745,26.773],[74.694,26.774],[74.662,26.714],[74.718,26.678],[74.67,26.597],[74.615,26.569],[74.59,26.632],[74.478,26.5],[74.372,26.491],[74.334,26.445],[74.288,26.451],[74.301,26.331],[74.251,26.288],[74.308,26.254],[74.362,26.294],[74.374,26.209],[74.3,26.187],[74.285,26.123],[74.219,26.044],[74.181,26.031],[74.13,25.965],[74.159,25.931],[74.116,25.868],[74.182,25.85],[74.223,25.846],[74.301,25.896],[74.326,25.932],[74.387,25.965],[74.433,25.927],[74.616,25.907],[74.722,25.92],[74.799,25.873],[74.902,25.884],[74.942,25.865],[75.014,25.859],[75.007,25.811],[75.051,25.779],[75.106,25.697],[75.146,25.723],[75.213,25.691],[75.258,25.701],[75.316,25.768],[75.336,25.815],[75.308,25.857],[75.26,25.857],[75.248,25.941],[75.303,25.945],[75.324,26.002],[75.352,26.023],[75.304,26.084],[75.336,26.134],[75.273,26.139],[75.242,26.082],[75.184,26.113],[75.184,26.167],[75.155,26.186],[75.14,26.248],[75.11,26.288],[75.134,26.321],[75.126,26.4],[75.16,26.424],[75.166,26.466],[75.1,26.559],[75.058,26.559],[75.077,26.613],[75.063,26.654],[74.996,26.69],[74.936,26.753],[74.912,26.84],[74.952,26.85],[74.972,26.893]]]]},"properties":{"code":"IN-RA-ajmer","name":"Ajmer","state":"Rajasthan"}},{"type":"Feature","geometry":{"type":"Polygon","coordinates":[[[76.854,28.225],[76.79,28.194],[76.791,28.157],[76.682,28.098],[76.648,28.092],[76.66,28.019],[76.599,28.01],[76.531,27.979],[76.539,28.039],[76.456,28.046],[76.498,28.107],[76.472,28.15],[76.36,28.143],[76.309,28.183],[76.356,28.128],[76.332,28.107],[76.353,28.066],[76.337,28.03],[76.251,28.071],[76.177,28.059],[76.154,27.993],[76.179,27.973],[76.17,27.91],[76.223,27.841],[76.27,27.807],[76.239,27.766],[76.252,27.705],[76.239,27.631],[76.195,27.627],[76.21,27.558],[76.24,27.493],[76.227,27.422],[76.175,27.334],[76.153,27.318],[76.118,27.243],[76.178,27.189],[76.188,27.126],[76.274,27.185],[76.287,27.069],[76.358,27.061],[76.394,27.09],[76.457,27.083],[76.487,27.119],[76.543,27.137],[76.555,27.18],[76.614,27.182],[76.636,27.1],[76.701,27.121],[76.8,27.11],[76.843,27.178],[76.865,27.237],[76.902,27.212],[76.893,27.168],[76.957,27.151],[77.089,27.177],[77.038,27.222],[77.116,27.258],[77.142,27.319],[77.133,27.352],[77.069,27.394],[77.038,27.382],[77,27.419],[76.952,27.433],[76.959,27.47],[77.019,27.454],[77.018,27.502],[77.04,27.554],[76.937,27.585],[76.975,27.619],[76.97,27.657],[76.889,27.72],[76.908,27.836],[76.927,27.834],[76.919,27.998],[76.962,28.144],[76.884,28.192],[76.854,28.225]]]},"properties":{"code":"IN-RA-alwar","name":"Alwar","state":"Rajasthan"}},{"type":"Feature","geometry":{"type":"Polygon","coordinates":[[[74.551,23.882],[74.499,23.897],[74.481,23.927],[74.385,23.908],[74.319,23.859],[74.24,23.817],[74.156,23.789],[74.123,23.713],[74.138,23.694],[74.121,23.612],[74.073,23.601],[74.035,23.546],[74.015,23.443],[73.962,23.381],[73.991,23.338],[74.033,23.332],[74.049,23.295],[74.107,23.294],[74.136,23.265],[74.127,23.179],[74.183,23.152],[74.208,23.192],[74.25,23.178],[74.323,23.063],[74.391,23.112],[74.467,23.085],[74.535,23.102],[74.546,23.132],[74.608,23.145],[74.669,23.201],[74.716,23.195],[74.741,23.229],[74.701,23.272],[74.632,23.263],[74.615,23.285],[74.549,23.287],[74.534,23.323],[74.572,23.383],[74.573,23.419],[74.613,23.461],[74.742,23.519],[74.774,23.543],[74.774,23.592],[74.699,23.647],[74.7,23.701],[74.757,23.724],[74.789,23.805],[74.784,23.829],[74.693,23.892],[74.614,23.875],[74.551,23.882]]]},"properties":{"code":"IN-RA-banswara","name":"Banswara","state":"Rajasthan"}},{"type":"Feature","geometry":{"type":"Polygon","coordinates":[[[77.075,25.34],[77.024,25.301],[76.959,25.297],[76.843,25.331],[76.773,25.316],[76.74,25.348],[76.681,25.345],[76.603,25.389],[76.574,25.437],[76.557,25.419],[76.445,25.404],[76.436,25.384],[76.367,25.393],[76.327,25.379],[76.284,25.251],[76.25,25.242],[76.214,25.089],[76.32,24.963],[76.336,24.988],[76.417,24.982],[76.448,24.927],[76.482,24.925],[76.572,24.862],[76.553,24.809],[76.486,24.827],[76.439,24.788],[76.473,24.674],[76.527,24.667],[76.518,24.594],[76.533,24.519],[76.632,24.419],[76.672,24.444],[76.702,24.413],[76.753,24.453],[76.841,24.443],[76.851,24.469],[76.815,24.534],[76.846,24.551],[76.918,24.536],[76.915,24.488],[76.96,24.46],[77.05,24.527],[77.064,24.564],[77.059,24.642],[77.019,24.715],[76.847,24.77],[76.802,24.827],[76.895,24.84],[76.949,24.873],[76.872,24.955],[76.869,25.011],[76.969,25.056],[76.984,25.078],[77.077,25.058],[77.158,25.088],[77.17,25.114],[77.262,25.119],[77.303,25.084],[77.387,25.122],[77.406,25.226],[77.35,25.272],[77.375,25.306],[77.344,25.388],[77.305,25.436],[77.22,25.373],[77.218,25.331],[77.154,25.313],[77.075,25.34]]]},"properties":{"code":"IN-RA-baran","name":"Baran","state":"Rajasthan"}},{"type":"Feature","geometry":{"type":"Polygon","coordinates":[[[72.075,26.346],[71.898,26.296],[71.887,26.337],[71.845,26.369],[71.814,26.328],[71.76,26.343],[71.741,26.371],[71.679,26.38],[71.632,26.415],[71.617,26.477],[71.581,26.503],[71.523,26.483],[71.494,26.451],[71.444,26.491],[71.329,26.419],[71.293,26.46],[71.226,26.44],[71.147,26.305],[71.082,26.318],[71.053,26.277],[70.959,26.241],[70.999,26.214],[71.057,26.135],[70.95,26.072],[70.883,26.12],[70.758,26.141],[70.72,26.159],[70.723,26.203],[70.655,26.19],[70.574,26.193],[70.51,26.167],[70.438,26.171],[70.418,26.19],[70.374,26.138],[70.262,26.15],[70.232,26.112],[70.2,26.142],[70.144,26.142],[70.095,26.076],[70.108,25.924],[70.154,25.86],[70.178,25.819],[70.245,25.766],[70.285,25.699],[70.4,25.664],[70.533,25.676],[70.602,25.703],[70.666,25.697],[70.681,25.661],[70.676,25.524],[70.688,25.518],[70.674,25.389],[70.744,25.321],[70.759,25.275],[70.894,25.144],[70.926,24.995],[70.945,24.935],[71.035,24.799],[71.073,24.712],[71.107,24.681],[71.172,24.649],[71.197,24.643],[71.218,24.693],[71.272,24.743],[71.263,24.79],[71.338,24.846],[71.349,24.929],[71.482,24.994],[71.524,25.003],[71.563,24.98],[71.591,25.018],[71.635,25.03],[71.686,24.983],[71.733,25.028],[71.743,25.065],[71.799,25.081],[71.844,25.145],[71.855,25.204],[71.894,25.259],[71.94,25.281],[71.955,25.318],[71.926,25.342],[72.038,25.473],[72.093,25.462],[72.108,25.422],[72.165,25.432],[72.22,25.403],[72.275,25.409],[72.321,25.385],[72.36,25.452],[72.415,25.434],[72.466,25.453],[72.515,25.504],[72.565,25.53],[72.552,25.559],[72.589,25.601],[72.723,25.608],[72.689,25.669],[72.724,25.688],[72.78,25.8],[72.85,25.841],[72.836,25.862],[72.808,25.852],[72.702,25.932],[72.62,25.976],[72.619,26.005],[72.686,26.028],[72.696,26.104],[72.689,26.185],[72.635,26.226],[72.597,26.278],[72.553,26.262],[72.493,26.297],[72.429,26.284],[72.411,26.237],[72.342,26.242],[72.31,26.214],[72.257,26.208],[72.162,26.278],[72.155,26.305],[72.1,26.315],[72.075,26.346]]]},"properties":{"code":"IN-RA-barmer","name":"Barmer","state":"Rajasthan"}},{"type":"Feature","geometry":{"type":"Polygon","coordinates":[[[77.276,27.807],[77.235,27.786],[77.15,27.812],[77.101,27.785],[77.038,27.82],[77.032,27.748],[76.994,27.742],[76.97,27.657],[76.975,27.619],[76.937,27.585],[77.04,27.554],[77.018,27.502],[77.019,27.454],[76.959,27.47],[76.952,27.433],[77,27.419],[77.038,27.382],[77.069,27.394],[77.133,27.352],[77.142,27.319],[77.116,27.258],[77.038,27.222],[77.089,27.177],[76.957,27.151],[76.988,27.112],[76.967,27.08],[77.002,27.033],[77.01,26.934],[77.071,26.865],[77.203,26.815],[77.252,26.824],[77.287,26.785],[77.351,26.801],[77.342,26.717],[77.377,26.712],[77.448,26.747],[77.417,26.843],[77.482,26.904],[77.58,26.931],[77.642,26.967],[77.692,26.979],[77.657,27.023],[77.559,27.049],[77.544,27.116],[77.597,27.129],[77.615,27.175],[77.655,27.176],[77.639,27.247],[77.592,27.301],[77.497,27.381],[77.432,27.399],[77.43,27.462],[77.376,27.519],[77.34,27.525],[77.326,27.597],[77.342,27.653],[77.304,27.788],[77.276,27.807]]]},"properties":{"code":"IN-RA-bharatpur","name":"Bharatpur","state":"Rajasthan"}},{"type":"Feature","geometry":{"type":"Polygon","coordinates":[[[75.316,25.768],[75.258,25.701],[75.213,25.691],[75.146,25.723],[75.106,25.697],[75.051,25.779],[75.007,25.811],[75.014,25.859],[74.942,25.865],[74.902,25.884],[74.799,25.873],[74.722,25.92],[74.616,25.907],[74.433,25.927],[74.387,25.965],[74.326,25.932],[74.301,25.896],[74.223,25.846],[74.182,25.85],[74.206,25.776],[74.195,25.741],[74.097,25.718],[74.093,25.675],[74.116,25.638],[74.104,25.594],[74.066,25.582],[74.098,25.517],[74.044,25.501],[74.022,25.434],[74.055,25.405],[74.024,25.353],[74.05,25.238],[74.123,25.244],[74.08,25.151],[74.165,25.13],[74.189,25.062],[74.259,25.067],[74.414,25.205],[74.458,25.17],[74.496,25.209],[74.552,25.179],[74.564,25.136],[74.612,25.146],[74.657,25.186],[74.748,25.19],[74.835,25.149],[74.867,25.181],[74.972,25.108],[75.033,25.13],[75.203,25.093],[75.194,25.038],[75.31,25.046],[75.351,25.025],[75.45,25.03],[75.453,25.054],[75.406,25.108],[75.444,25.144],[75.454,25.246],[75.438,25.279],[75.342,25.327],[75.305,25.423],[75.37,25.506],[75.357,25.538],[75.432,25.625],[75.42,25.69],[75.461,25.722],[75.387,25.763],[75.316,25.768]]]},"properties":{"code":"IN-RA-bhilwara","name":"Bhilwara","state":"Rajasthan"}},{"type":"Feature","geometry":{"type":"Polygon","coordinates":[[[74.105,28.941],[74.022,29.007],[74.019,28.933],[73.968,28.904],[73.953,28.946],[73.904,28.961],[73.87,28.941],[73.792,29.007],[73.765,29.051],[73.724,29.026],[73.65,29.018],[73.617,29.036],[73.564,28.995],[73.48,29.01],[73.421,28.99],[73.339,29.004],[73.274,28.938],[73.222,28.928],[73.192,28.882],[73.2,28.851],[73.111,28.765],[73.03,28.74],[73.006,28.711],[72.929,28.726],[72.76,28.796],[72.742,28.779],[72.644,28.899],[72.52,28.829],[72.385,28.764],[72.302,28.665],[72.209,28.4],[72.184,28.358],[72.126,28.304],[71.996,28.207],[71.931,28.122],[71.896,27.957],[71.946,27.908],[72.031,27.944],[72.144,27.868],[72.154,27.775],[72.093,27.731],[72.219,27.67],[72.25,27.669],[72.298,27.704],[72.342,27.688],[72.283,27.545],[72.326,27.51],[72.5,27.58],[72.558,27.615],[72.602,27.604],[72.622,27.568],[72.669,27.54],[72.694,27.602],[72.726,27.551],[72.833,27.578],[72.829,27.464],[72.881,27.475],[72.9,27.413],[72.985,27.382],[73.04,27.409],[73.118,27.407],[73.143,27.389],[73.161,27.294],[73.206,27.277],[73.24,27.325],[73.282,27.255],[73.349,27.197],[73.373,27.26],[73.501,27.333],[73.503,27.434],[73.536,27.494],[73.584,27.484],[73.639,27.565],[73.688,27.525],[73.738,27.543],[73.773,27.51],[73.848,27.552],[73.855,27.608],[73.826,27.738],[73.838,27.791],[73.789,27.9],[73.711,27.953],[73.665,27.967],[73.694,28.013],[73.69,28.065],[73.66,28.07],[73.633,28.115],[73.698,28.144],[73.718,28.17],[73.736,28.26],[73.763,28.289],[73.861,28.306],[73.911,28.291],[73.989,28.321],[74.056,28.328],[74.024,28.377],[74.062,28.416],[74.054,28.53],[74.102,28.59],[74.076,28.651],[74.093,28.68],[74.188,28.712],[74.154,28.778],[74.129,28.796],[74.061,28.792],[74.113,28.847],[74.105,28.941]]]},"properties":{"code":"IN-RA-bikaner","name":"Bikaner","state":"Rajasthan"}},{"type":"Feature","geometry":{"type":"Polygon","coordinates":[[[76.152,25.766],[76.098,25.815],[76.05,25.825],[76.057,25.864],[75.953,25.869],[75.943,25.821],[75.901,25.819],[75.889,25.873],[75.83,25.839],[75.769,25.827],[75.757,25.761],[75.691,25.765],[75.628,25.713],[75.619,25.681],[75.56,25.701],[75.508,25.741],[75.461,25.722],[75.42,25.69],[75.432,25.625],[75.357,25.538],[75.37,25.506],[75.305,25.423],[75.342,25.327],[75.438,25.279],[75.454,25.246],[75.444,25.144],[75.406,25.108],[75.453,25.054],[75.45,25.03],[75.611,25.021],[75.621,25],[75.693,25.034],[75.74,25.076],[75.755,25.115],[75.733,25.17],[75.775,25.201],[75.79,25.262],[75.899,25.239],[75.946,25.28],[75.977,25.244],[76.029,25.281],[76.021,25.319],[76.109,25.333],[76.205,25.489],[76.27,25.516],[76.288,25.549],[76.296,25.637],[76.318,25.66],[76.283,25.695],[76.186,25.71],[76.152,25.766]]]},"properties":{"code":"IN-RA-bundi","name":"Bundi","state":"Rajasthan"}},{"type":"Feature","geometry":{"type":"MultiPolygon","coordinates":[[[[75.45,25.03],[75.351,25.025],[75.319,25.007],[75.337,24.963],[75.326,24.887],[75.417,24.864],[75.3,24.815],[75.284,24.85],[75.242,24.861],[75.192,24.789],[75.228,24.735],[75.452,24.693],[75.549,24.716],[75.582,24.723],[75.613,24.688],[75.742,24.76],[75.786,24.766],[75.819,24.871],[75.758,24.881],[75.664,24.949],[75.621,25],[75.611,25.021],[75.45,25.03]]],[[[75.194,25.038],[75.203,25.093],[75.033,25.13],[74.972,25.108],[74.867,25.181],[74.835,25.149],[74.748,25.19],[74.657,25.186],[74.612,25.146],[74.564,25.136],[74.552,25.179],[74.496,25.209],[74.458,25.17],[74.414,25.205],[74.259,25.067],[74.319,25.034],[74.271,24.994],[74.228,24.997],[74.147,24.888],[74.111,24.814],[74.119,24.742],[74.173,24.718],[74.246,24.616],[74.279,24.595],[74.252,24.511],[74.293,24.504],[74.322,24.445],[74.376,24.423],[74.386,24.313],[74.437,24.32],[74.442,24.285],[74.502,24.24],[74.579,24.153],[74.557,24.001],[74.515,23.985],[74.551,23.882],[74.614,23.875],[74.693,23.892],[74.784,23.829],[74.789,23.805],[74.757,23.724],[74.7,23.701],[74.699,23.647],[74.774,23.592],[74.774,23.543],[74.803,23.534],[74.851,23.557],[74.886,23.606],[74.94,23.63],[74.924,23.719],[74.94,23.766],[74.91,23.801],[74.915,23.912],[74.993,24.03],[74.96,24.11],[74.9,24.174],[74.88,24.216],[74.904,24.246],[74.875,24.278],[74.773,24.272],[74.785,24.367],[74.857,24.452],[74.815,24.492],[74.757,24.489],[74.748,24.597],[74.817,24.672],[74.776,24.686],[74.819,24.765],[74.873,24.669],[74.944,24.662],[74.964,24.7],[75,24.708],[74.993,24.753],[75.013,24.794],[74.905,24.797],[74.859,24.813],[74.856,24.853],[74.827,24.899],[74.867,24.937],[74.945,24.878],[75.043,24.859],[75.074,24.887],[75.119,24.889],[75.116,24.965],[75.164,24.992],[75.194,25.038]]]]},"properties":{"code":"IN-RA-chittaurgarh","name":"Chittaurgarh","state":"Rajasthan"}},{"type":"Feature","geometry":{"type":"Polygon","coordinates":[[[75.469,28.938],[75.442,28.965],[75.35,28.967],[75.312,28.988],[75.282,28.926],[75.233,28.93],[75.24,28.887],[75.211,28.86],[75.093,28.875],[74.991,28.918],[74.911,28.9],[74.891,28.937],[74.803,28.934],[74.734,28.857],[74.687,28.84],[74.483,28.821],[74.432,28.833],[74.412,28.886],[74.271,28.801],[74.189,28.81],[74.154,28.778],[74.188,28.712],[74.093,28.68],[74.076,28.651],[74.102,28.59],[74.054,28.53],[74.062,28.416],[74.024,28.377],[74.056,28.328],[73.989,28.321],[73.911,28.291],[73.861,28.306],[73.763,28.289],[73.736,28.26],[73.718,28.17],[73.698,28.144],[73.633,28.115],[73.66,28.07],[73.69,28.065],[73.694,28.013],[73.665,27.967],[73.711,27.953],[73.789,27.9],[73.838,27.791],[73.826,27.738],[73.855,27.608],[73.848,27.552],[73.898,27.497],[73.97,27.507],[74.026,27.536],[74.078,27.48],[74.133,27.462],[74.15,27.412],[74.2,27.425],[74.201,27.508],[74.234,27.528],[74.253,27.604],[74.339,27.681],[74.437,27.694],[74.49,27.668],[74.601,27.679],[74.623,27.651],[74.675,27.67],[74.743,27.692],[74.722,27.72],[74.736,27.767],[74.811,27.802],[74.791,27.839],[74.735,27.858],[74.732,27.892],[74.795,27.899],[74.815,27.941],[74.775,27.958],[74.802,28.061],[74.782,28.08],[74.861,28.148],[74.886,28.194],[75.023,28.201],[75.043,28.256],[75.142,28.295],[75.157,28.341],[75.144,28.382],[75.211,28.393],[75.227,28.458],[75.272,28.453],[75.323,28.399],[75.327,28.37],[75.375,28.341],[75.501,28.344],[75.511,28.373],[75.564,28.381],[75.597,28.45],[75.608,28.509],[75.664,28.521],[75.629,28.546],[75.609,28.606],[75.556,28.615],[75.54,28.649],[75.531,28.733],[75.499,28.788],[75.513,28.837],[75.488,28.86],[75.469,28.938]]]},"properties":{"code":"IN-RA-churu","name":"Churu","state":"Rajasthan"}},{"type":"Feature","geometry":{"type":"Polygon","coordinates":[[[76.957,27.151],[76.893,27.168],[76.902,27.212],[76.865,27.237],[76.843,27.178],[76.8,27.11],[76.701,27.121],[76.636,27.1],[76.614,27.182],[76.555,27.18],[76.543,27.137],[76.487,27.119],[76.457,27.083],[76.394,27.09],[76.358,27.061],[76.287,27.069],[76.236,27.024],[76.196,26.965],[76.191,26.862],[76.261,26.834],[76.217,26.806],[76.2,26.753],[76.214,26.726],[76.163,26.663],[76.184,26.635],[76.155,26.519],[76.175,26.49],[76.245,26.446],[76.317,26.459],[76.336,26.415],[76.388,26.393],[76.475,26.504],[76.438,26.555],[76.401,26.558],[76.446,26.645],[76.488,26.735],[76.533,26.777],[76.612,26.781],[76.696,26.849],[76.761,26.882],[76.755,26.906],[76.813,26.966],[76.887,26.932],[76.94,26.884],[76.982,26.818],[77.071,26.865],[77.01,26.934],[77.002,27.033],[76.967,27.08],[76.988,27.112],[76.957,27.151]]]},"properties":{"code":"IN-RA-dausa","name":"Dausa","state":"Rajasthan"}},{"type":"Feature","geometry":{"type":"Polygon","coordinates":[[[78.21,26.836],[78.205,26.877],[78.248,26.901],[78.233,26.934],[78.139,26.957],[78.087,26.902],[78.042,26.915],[77.91,26.914],[77.871,26.906],[77.765,26.938],[77.724,26.923],[77.716,26.881],[77.672,26.874],[77.609,26.835],[77.521,26.822],[77.448,26.747],[77.377,26.712],[77.342,26.717],[77.38,26.639],[77.351,26.599],[77.22,26.536],[77.256,26.434],[77.304,26.445],[77.341,26.42],[77.366,26.372],[77.432,26.365],[77.428,26.407],[77.523,26.415],[77.599,26.454],[77.671,26.51],[77.727,26.515],[77.739,26.543],[77.813,26.555],[77.82,26.6],[77.879,26.62],[77.904,26.666],[77.94,26.663],[77.992,26.703],[78.088,26.687],[78.095,26.789],[78.179,26.801],[78.21,26.836]]]},"properties":{"code":"IN-RA-dhaulpur","name":"Dhaulpur","state":"Rajasthan"}},{"type":"Feature","geometry":{"type":"Polygon","coordinates":[[[74.385,23.908],[74.368,23.936],[74.304,23.963],[74.228,23.912],[74.177,23.972],[74.162,24.015],[74.082,23.97],[74.004,23.97],[73.92,23.985],[73.86,23.938],[73.741,23.945],[73.674,23.94],[73.596,23.967],[73.521,23.932],[73.473,23.848],[73.408,23.807],[73.37,23.814],[73.51,23.697],[73.501,23.635],[73.527,23.611],[73.571,23.654],[73.619,23.651],[73.661,23.623],[73.637,23.531],[73.633,23.452],[73.704,23.456],[73.726,23.413],[73.827,23.447],[73.894,23.337],[73.939,23.341],[73.962,23.381],[74.015,23.443],[74.035,23.546],[74.073,23.601],[74.121,23.612],[74.138,23.694],[74.123,23.713],[74.156,23.789],[74.24,23.817],[74.319,23.859],[74.385,23.908]]]},"properties":{"code":"IN-RA-dungarpur","name":"Dungarpur","state":"Rajasthan"}},{"type":"Feature","geometry":{"type":"Polygon","coordinates":[[[74.279,29.955],[74.069,29.969],[73.891,29.97],[73.898,30.054],[73.962,30.128],[73.966,30.195],[73.838,30.109],[73.794,30.07],[73.611,30.022],[73.413,29.949],[73.385,29.926],[73.34,29.769],[73.271,29.557],[73.191,29.429],[73.078,29.233],[73,29.147],[72.944,29.03],[72.741,28.948],[72.644,28.899],[72.742,28.779],[72.76,28.796],[72.929,28.726],[73.006,28.711],[73.03,28.74],[73.111,28.765],[73.2,28.851],[73.192,28.882],[73.222,28.928],[73.274,28.938],[73.339,29.004],[73.421,28.99],[73.48,29.01],[73.564,28.995],[73.617,29.036],[73.65,29.018],[73.724,29.026],[73.765,29.051],[73.792,29.007],[73.87,28.941],[73.904,28.961],[73.953,28.946],[73.968,28.904],[74.019,28.933],[74.022,29.007],[74.105,28.941],[74.136,28.99],[74.104,29.097],[74.174,29.124],[74.136,29.172],[74.142,29.199],[74.21,29.203],[74.123,29.3],[73.966,29.542],[73.964,29.6],[73.992,29.659],[74.067,29.627],[74.14,29.628],[74.15,29.679],[74.255,29.663],[74.277,29.742],[74.32,29.81],[74.279,29.955]]]},"properties":{"code":"IN-RA-ganganagar","name":"Ganganagar","state":"Rajasthan"}},{"type":"Feature","geometry":{"type":"Polygon","coordinates":[[[74.442,29.947],[74.279,29.955],[74.32,29.81],[74.277,29.742],[74.255,29.663],[74.15,29.679],[74.14,29.628],[74.067,29.627],[73.992,29.659],[73.964,29.6],[73.966,29.542],[74.123,29.3],[74.21,29.203],[74.142,29.199],[74.136,29.172],[74.174,29.124],[74.104,29.097],[74.136,28.99],[74.105,28.941],[74.113,28.847],[74.061,28.792],[74.129,28.796],[74.154,28.778],[74.189,28.81],[74.271,28.801],[74.412,28.886],[74.432,28.833],[74.483,28.821],[74.687,28.84],[74.734,28.857],[74.803,28.934],[74.891,28.937],[74.911,28.9],[74.991,28.918],[75.093,28.875],[75.211,28.86],[75.24,28.887],[75.233,28.93],[75.282,28.926],[75.312,28.988],[75.35,28.967],[75.442,28.965],[75.469,28.938],[75.517,28.975],[75.511,29.011],[75.435,29.017],[75.43,29.065],[75.381,29.07],[75.361,29.143],[75.401,29.189],[75.38,29.264],[75.315,29.236],[75.277,29.273],[75.235,29.252],[75.078,29.232],[75.024,29.292],[74.953,29.282],[74.927,29.365],[74.85,29.403],[74.81,29.398],[74.776,29.36],[74.65,29.372],[74.6,29.354],[74.57,29.406],[74.579,29.459],[74.611,29.531],[74.572,29.556],[74.579,29.655],[74.605,29.753],[74.472,29.744],[74.465,29.788],[74.492,29.827],[74.554,29.866],[74.519,29.943],[74.442,29.947]]]},"properties":{"code":"IN-RA-hanumangarh","name":"Hanumangarh","state":"Rajasthan"}},{"type":"Feature","geometry":{"type":"Polygon","coordinates":[[[76.223,27.841],[76.173,27.807],[76.08,27.851],[76.09,27.835],[76.027,27.736],[75.984,27.708],[75.972,27.66],[75.935,27.626],[75.953,27.596],[75.932,27.501],[75.864,27.421],[75.787,27.385],[75.733,27.408],[75.719,27.373],[75.659,27.37],[75.608,27.319],[75.525,27.348],[75.471,27.293],[75.426,27.305],[75.389,27.286],[75.386,27.234],[75.323,27.218],[75.311,27.163],[75.336,27.144],[75.335,27.097],[75.216,27.086],[75.254,27.038],[75.199,27.011],[75.199,26.977],[75.161,26.936],[75.009,26.948],[75.01,26.898],[74.972,26.893],[74.952,26.85],[74.912,26.84],[74.936,26.753],[74.996,26.69],[75.063,26.654],[75.077,26.613],[75.058,26.559],[75.1,26.559],[75.166,26.466],[75.201,26.519],[75.233,26.525],[75.282,26.568],[75.326,26.562],[75.348,26.505],[75.386,26.486],[75.448,26.497],[75.569,26.45],[75.707,26.449],[75.766,26.471],[75.779,26.53],[75.969,26.507],[76.003,26.496],[76.067,26.512],[76.107,26.54],[76.155,26.519],[76.184,26.635],[76.163,26.663],[76.214,26.726],[76.2,26.753],[76.217,26.806],[76.261,26.834],[76.191,26.862],[76.196,26.965],[76.236,27.024],[76.287,27.069],[76.274,27.185],[76.188,27.126],[76.178,27.189],[76.118,27.243],[76.153,27.318],[76.175,27.334],[76.227,27.422],[76.24,27.493],[76.21,27.558],[76.195,27.627],[76.239,27.631],[76.252,27.705],[76.239,27.766],[76.27,27.807],[76.223,27.841]]]},"properties":{"code":"IN-RA-jaipur","name":"Jaipur","state":"Rajasthan"}},{"type":"Feature","geometry":{"type":"Polygon","coordinates":[[[71.896,27.957],[71.658,27.869],[71.41,27.866],[71.209,27.824],[71.034,27.757],[70.907,27.701],[70.758,27.717],[70.678,27.839],[70.672,27.914],[70.563,28.02],[70.479,28.034],[70.366,28.008],[70.303,27.946],[70.208,27.885],[70.108,27.767],[70.016,27.556],[69.936,27.502],[69.862,27.403],[69.666,27.251],[69.587,27.178],[69.513,27.017],[69.484,26.806],[69.522,26.736],[69.722,26.654],[69.772,26.614],[69.856,26.583],[69.918,26.583],[70.025,26.599],[70.107,26.59],[70.168,26.551],[70.184,26.487],[70.173,26.245],[70.145,26.166],[70.094,26.097],[70.08,26.058],[70.091,25.965],[70.107,25.924],[70.154,25.86],[70.108,25.924],[70.095,26.076],[70.144,26.142],[70.2,26.142],[70.232,26.112],[70.262,26.15],[70.374,26.138],[70.418,26.19],[70.438,26.171],[70.51,26.167],[70.574,26.193],[70.655,26.19],[70.723,26.203],[70.72,26.159],[70.758,26.141],[70.883,26.12],[70.95,26.072],[71.057,26.135],[70.999,26.214],[70.959,26.241],[71.053,26.277],[71.082,26.318],[71.147,26.305],[71.226,26.44],[71.293,26.46],[71.329,26.419],[71.444,26.491],[71.494,26.451],[71.523,26.483],[71.581,26.503],[71.617,26.477],[71.632,26.415],[71.679,26.38],[71.741,26.371],[71.76,26.343],[71.814,26.328],[71.845,26.369],[71.887,26.337],[71.898,26.296],[72.075,26.346],[72.084,26.439],[72.029,26.495],[72.1,26.597],[72.041,26.671],[72.089,26.726],[72.055,26.799],[72.1,26.826],[72.105,26.883],[72.041,26.932],[72.045,27.017],[72.079,27.073],[72.077,27.112],[71.968,27.135],[71.956,27.178],[71.916,27.206],[71.789,27.25],[71.829,27.324],[71.815,27.436],[71.838,27.473],[71.882,27.479],[71.931,27.554],[71.966,27.545],[72.049,27.61],[72.145,27.528],[72.175,27.458],[72.245,27.494],[72.283,27.545],[72.342,27.688],[72.298,27.704],[72.25,27.669],[72.219,27.67],[72.093,27.731],[72.154,27.775],[72.144,27.868],[72.031,27.944],[71.946,27.908],[71.896,27.957]]]},"properties":{"code":"IN-RA-jaisalmer","name":"Jaisalmer","state":"Rajasthan"}},{"type":"Feature","geometry":{"type":"Polygon","coordinates":[[[72.943,25.243],[72.996,25.257],[73,25.289],[72.975,25.371],[73.009,25.368],[73.052,25.4],[73.099,25.468],[73.06,25.508],[73.058,25.56],[72.937,25.638],[72.891,25.734],[72.78,25.8],[72.724,25.688],[72.689,25.669],[72.723,25.608],[72.589,25.601],[72.552,25.559],[72.565,25.53],[72.515,25.504],[72.466,25.453],[72.415,25.434],[72.36,25.452],[72.321,25.385],[72.275,25.409],[72.22,25.403],[72.165,25.432],[72.108,25.422],[72.093,25.462],[72.038,25.473],[71.926,25.342],[71.955,25.318],[71.94,25.281],[71.894,25.259],[71.855,25.204],[71.844,25.145],[71.799,25.081],[71.743,25.065],[71.733,25.028],[71.686,24.983],[71.635,25.03],[71.591,25.018],[71.563,24.98],[71.524,25.003],[71.482,24.994],[71.349,24.929],[71.338,24.846],[71.263,24.79],[71.272,24.743],[71.218,24.693],[71.197,24.643],[71.207,24.64],[71.242,24.627],[71.261,24.621],[71.298,24.608],[71.357,24.654],[71.381,24.621],[71.488,24.674],[71.617,24.671],[71.662,24.633],[71.785,24.669],[71.812,24.622],[71.869,24.623],[71.871,24.672],[71.926,24.662],[71.935,24.627],[71.993,24.657],[72.052,24.706],[72.085,24.697],[72.085,24.653],[72.186,24.609],[72.23,24.633],[72.315,24.609],[72.34,24.623],[72.317,24.647],[72.332,24.7],[72.378,24.759],[72.486,24.749],[72.505,24.817],[72.488,24.869],[72.51,24.921],[72.585,24.94],[72.662,25.04],[72.692,25.047],[72.712,25.106],[72.741,25.127],[72.782,25.215],[72.83,25.286],[72.894,25.246],[72.943,25.243]]]},"properties":{"code":"IN-RA-jalor","name":"Jalor","state":"Rajasthan"}},{"type":"Feature","geometry":{"type":"Polygon","coordinates":[[[76.439,24.788],[76.441,24.835],[76.337,24.874],[76.289,24.822],[76.223,24.8],[76.201,24.764],[76.197,24.687],[76.18,24.669],[76.111,24.697],[76.065,24.68],[76.062,24.627],[76.078,24.581],[76.029,24.563],[75.959,24.565],[75.921,24.544],[75.903,24.446],[75.829,24.423],[75.786,24.458],[75.736,24.403],[75.738,24.348],[75.765,24.311],[75.813,24.301],[75.805,24.23],[75.774,24.221],[75.743,24.14],[75.83,24.072],[75.78,24.062],[75.762,23.998],[75.7,23.969],[75.669,24.034],[75.635,24],[75.514,24.049],[75.465,23.981],[75.456,23.921],[75.562,23.858],[75.566,23.816],[75.676,23.782],[75.684,23.761],[75.69,23.82],[75.722,23.827],[75.728,23.902],[75.78,23.855],[75.853,23.894],[75.879,23.885],[75.976,23.933],[75.98,23.974],[75.96,24.025],[76.027,24.05],[76.043,24.074],[76.135,24.095],[76.123,24.205],[76.154,24.244],[76.142,24.281],[76.195,24.285],[76.216,24.217],[76.276,24.217],[76.318,24.251],[76.353,24.249],[76.412,24.21],[76.463,24.229],[76.508,24.2],[76.523,24.163],[76.58,24.181],[76.571,24.213],[76.616,24.263],[76.679,24.271],[76.702,24.249],[76.674,24.193],[76.721,24.162],[76.769,24.165],[76.791,24.126],[76.878,24.135],[76.916,24.189],[76.944,24.199],[76.874,24.271],[76.837,24.361],[76.841,24.443],[76.753,24.453],[76.702,24.413],[76.672,24.444],[76.632,24.419],[76.533,24.519],[76.518,24.594],[76.527,24.667],[76.473,24.674],[76.439,24.788]]]},"properties":{"code":"IN-RA-jhalawar","name":"Jhalawar","state":"Rajasthan"}},{"type":"Feature","geometry":{"type":"Polygon","coordinates":[[[75.889,28.394],[75.803,28.414],[75.778,28.458],[75.664,28.521],[75.608,28.509],[75.597,28.45],[75.564,28.381],[75.511,28.373],[75.501,28.344],[75.375,28.341],[75.327,28.37],[75.323,28.399],[75.272,28.453],[75.227,28.458],[75.211,28.393],[75.144,28.382],[75.157,28.341],[75.142,28.295],[75.043,28.256],[75.023,28.201],[75.074,28.193],[75.122,28.138],[75.096,28.067],[75.142,28.029],[75.189,27.914],[75.223,27.881],[75.235,27.814],[75.281,27.82],[75.283,27.719],[75.343,27.704],[75.411,27.648],[75.53,27.713],[75.613,27.707],[75.682,27.678],[75.705,27.76],[75.763,27.838],[75.924,27.933],[75.963,27.937],[75.955,27.989],[75.977,28.084],[75.936,28.094],[76.028,28.173],[76.075,28.172],[76.053,28.224],[76.011,28.242],[76.019,28.281],[75.889,28.394]]]},"properties":{"code":"IN-RA-jhunjhunun","name":"Jhunjhunun","state":"Rajasthan"}},{"type":"Feature","geometry":{"type":"Polygon","coordinates":[[[73.161,27.294],[73.143,27.389],[73.118,27.407],[73.04,27.409],[72.985,27.382],[72.9,27.413],[72.881,27.475],[72.829,27.464],[72.833,27.578],[72.726,27.551],[72.694,27.602],[72.669,27.54],[72.622,27.568],[72.602,27.604],[72.558,27.615],[72.5,27.58],[72.326,27.51],[72.283,27.545],[72.245,27.494],[72.175,27.458],[72.145,27.528],[72.049,27.61],[71.966,27.545],[71.931,27.554],[71.882,27.479],[71.838,27.473],[71.815,27.436],[71.829,27.324],[71.789,27.25],[71.916,27.206],[71.956,27.178],[71.968,27.135],[72.077,27.112],[72.079,27.073],[72.045,27.017],[72.041,26.932],[72.105,26.883],[72.1,26.826],[72.055,26.799],[72.089,26.726],[72.041,26.671],[72.1,26.597],[72.029,26.495],[72.084,26.439],[72.075,26.346],[72.1,26.315],[72.155,26.305],[72.162,26.278],[72.257,26.208],[72.31,26.214],[72.342,26.242],[72.411,26.237],[72.429,26.284],[72.493,26.297],[72.553,26.262],[72.597,26.278],[72.635,26.226],[72.689,26.185],[72.696,26.104],[72.686,26.028],[72.619,26.005],[72.62,25.976],[72.702,25.932],[72.808,25.852],[72.836,25.862],[72.843,25.89],[72.959,25.901],[72.975,25.935],[73.051,25.967],[73.06,26.012],[73.178,26.054],[73.208,26.077],[73.316,26.034],[73.359,26.075],[73.341,26.117],[73.376,26.157],[73.43,26.13],[73.466,26.086],[73.576,26.116],[73.628,26.148],[73.652,26.127],[73.649,26.079],[73.695,26.065],[73.723,26.11],[73.805,26.101],[73.785,26.165],[73.803,26.208],[73.789,26.237],[73.812,26.288],[73.813,26.351],[73.871,26.432],[73.855,26.468],[73.719,26.553],[73.648,26.711],[73.67,26.752],[73.653,26.808],[73.585,26.864],[73.528,26.859],[73.49,26.887],[73.436,26.886],[73.326,26.856],[73.212,26.868],[73.176,26.929],[73.121,26.943],[73.156,27.024],[73.19,27.056],[73.15,27.12],[73.165,27.144],[73.13,27.234],[73.161,27.294]]]},"properties":{"code":"IN-RA-jodhpur","name":"Jodhpur","state":"Rajasthan"}},{"type":"Feature","geometry":{"type":"Polygon","coordinates":[[[77.071,26.865],[76.982,26.818],[76.94,26.884],[76.887,26.932],[76.813,26.966],[76.755,26.906],[76.761,26.882],[76.696,26.849],[76.612,26.781],[76.533,26.777],[76.488,26.735],[76.446,26.645],[76.602,26.593],[76.661,26.562],[76.692,26.514],[76.805,26.574],[76.939,26.657],[76.965,26.609],[76.937,26.541],[76.909,26.562],[76.827,26.487],[76.777,26.48],[76.765,26.445],[76.676,26.398],[76.666,26.359],[76.631,26.351],[76.583,26.27],[76.577,26.212],[76.666,26.165],[76.731,26.149],[76.838,26.036],[76.888,26.093],[76.994,26.138],[77.024,26.176],[77.085,26.187],[77.109,26.225],[77.194,26.236],[77.267,26.276],[77.318,26.346],[77.366,26.372],[77.341,26.42],[77.304,26.445],[77.256,26.434],[77.22,26.536],[77.351,26.599],[77.38,26.639],[77.342,26.717],[77.351,26.801],[77.287,26.785],[77.252,26.824],[77.203,26.815],[77.071,26.865]]]},"properties":{"code":"IN-RA-karauli","name":"Karauli","state":"Rajasthan"}},{"type":"Feature","geometry":{"type":"Polygon","coordinates":[[[76.567,25.84],[76.495,25.848],[76.461,25.791],[76.359,25.743],[76.317,25.814],[76.227,25.809],[76.196,25.847],[76.152,25.766],[76.186,25.71],[76.283,25.695],[76.318,25.66],[76.296,25.637],[76.288,25.549],[76.27,25.516],[76.205,25.489],[76.109,25.333],[76.021,25.319],[76.029,25.281],[75.977,25.244],[75.946,25.28],[75.899,25.239],[75.79,25.262],[75.775,25.201],[75.733,25.17],[75.755,25.115],[75.74,25.076],[75.693,25.034],[75.621,25],[75.664,24.949],[75.758,24.881],[75.819,24.871],[75.786,24.766],[75.839,24.73],[75.853,24.614],[75.921,24.544],[75.959,24.565],[76.029,24.563],[76.078,24.581],[76.062,24.627],[76.065,24.68],[76.111,24.697],[76.18,24.669],[76.197,24.687],[76.201,24.764],[76.223,24.8],[76.289,24.822],[76.337,24.874],[76.441,24.835],[76.439,24.788],[76.486,24.827],[76.553,24.809],[76.572,24.862],[76.482,24.925],[76.448,24.927],[76.417,24.982],[76.336,24.988],[76.32,24.963],[76.214,25.089],[76.25,25.242],[76.284,25.251],[76.327,25.379],[76.367,25.393],[76.436,25.384],[76.445,25.404],[76.557,25.419],[76.574,25.437],[76.52,25.53],[76.51,25.58],[76.511,25.673],[76.482,25.718],[76.527,25.731],[76.529,25.798],[76.567,25.84]]]},"properties":{"code":"IN-RA-kota","name":"Kota","state":"Rajasthan"}},{"type":"Feature","geometry":{"type":"Polygon","coordinates":[[[74.675,27.67],[74.623,27.651],[74.601,27.679],[74.49,27.668],[74.437,27.694],[74.339,27.681],[74.253,27.604],[74.234,27.528],[74.201,27.508],[74.2,27.425],[74.15,27.412],[74.133,27.462],[74.078,27.48],[74.026,27.536],[73.97,27.507],[73.898,27.497],[73.848,27.552],[73.773,27.51],[73.738,27.543],[73.688,27.525],[73.639,27.565],[73.584,27.484],[73.536,27.494],[73.503,27.434],[73.501,27.333],[73.373,27.26],[73.349,27.197],[73.282,27.255],[73.24,27.325],[73.206,27.277],[73.161,27.294],[73.13,27.234],[73.165,27.144],[73.15,27.12],[73.19,27.056],[73.156,27.024],[73.121,26.943],[73.176,26.929],[73.212,26.868],[73.326,26.856],[73.436,26.886],[73.49,26.887],[73.528,26.859],[73.585,26.864],[73.653,26.808],[73.67,26.752],[73.648,26.711],[73.719,26.553],[73.855,26.468],[73.871,26.432],[73.956,26.421],[74.068,26.425],[74.097,26.448],[74.172,26.423],[74.236,26.463],[74.288,26.451],[74.334,26.445],[74.372,26.491],[74.478,26.5],[74.59,26.632],[74.615,26.569],[74.67,26.597],[74.718,26.678],[74.662,26.714],[74.694,26.774],[74.745,26.773],[74.777,26.802],[74.848,26.978],[74.907,26.979],[74.979,26.944],[74.972,26.893],[75.01,26.898],[75.009,26.948],[75.161,26.936],[75.199,26.977],[75.199,27.011],[75.254,27.038],[75.216,27.086],[75.335,27.097],[75.336,27.144],[75.311,27.163],[75.296,27.133],[75.173,27.144],[75.067,27.223],[75.162,27.32],[75.068,27.389],[75.004,27.35],[74.893,27.333],[74.869,27.375],[74.852,27.453],[74.798,27.452],[74.793,27.485],[74.718,27.504],[74.711,27.54],[74.756,27.57],[74.675,27.67]]]},"properties":{"code":"IN-RA-nagaur","name":"Nagaur","state":"Rajasthan"}},{"type":"Feature","geometry":{"type":"Polygon","coordinates":[[[74.288,26.451],[74.236,26.463],[74.172,26.423],[74.097,26.448],[74.068,26.425],[73.956,26.421],[73.871,26.432],[73.813,26.351],[73.812,26.288],[73.789,26.237],[73.803,26.208],[73.785,26.165],[73.805,26.101],[73.723,26.11],[73.695,26.065],[73.649,26.079],[73.652,26.127],[73.628,26.148],[73.576,26.116],[73.466,26.086],[73.43,26.13],[73.376,26.157],[73.341,26.117],[73.359,26.075],[73.316,26.034],[73.208,26.077],[73.178,26.054],[73.06,26.012],[73.051,25.967],[72.975,25.935],[72.959,25.901],[72.843,25.89],[72.836,25.862],[72.85,25.841],[72.78,25.8],[72.891,25.734],[72.937,25.638],[73.058,25.56],[73.06,25.508],[73.099,25.468],[73.052,25.4],[73.009,25.368],[72.975,25.371],[73,25.289],[72.996,25.257],[72.943,25.243],[73.001,25.144],[73.004,25.101],[73.052,25.104],[73.059,25.159],[73.121,25.108],[73.134,25.065],[73.051,25.005],[73.011,24.921],[73.031,24.888],[73.105,24.845],[73.146,24.843],[73.166,24.781],[73.148,24.758],[73.234,24.794],[73.242,24.831],[73.33,24.909],[73.332,24.978],[73.394,25.067],[73.425,25.091],[73.492,25.108],[73.502,25.127],[73.602,25.204],[73.613,25.287],[73.67,25.347],[73.734,25.383],[73.779,25.484],[73.807,25.513],[73.864,25.652],[73.906,25.687],[73.906,25.742],[73.931,25.771],[73.943,25.833],[74.008,25.865],[74.055,25.831],[74.116,25.868],[74.159,25.931],[74.13,25.965],[74.181,26.031],[74.219,26.044],[74.285,26.123],[74.3,26.187],[74.374,26.209],[74.362,26.294],[74.308,26.254],[74.251,26.288],[74.301,26.331],[74.288,26.451]]]},"properties":{"code":"IN-RA-pali","name":"Pali","state":"Rajasthan"}},{"type":"Feature","geometry":{"type":"Polygon","coordinates":[[[74.182,25.85],[74.116,25.868],[74.055,25.831],[74.092,25.769],[74.016,25.748],[74.012,25.705],[73.948,25.652],[73.906,25.687],[73.864,25.652],[73.807,25.513],[73.779,25.484],[73.734,25.383],[73.67,25.347],[73.613,25.287],[73.602,25.204],[73.502,25.127],[73.492,25.108],[73.505,25.08],[73.475,25.026],[73.532,25.005],[73.541,24.92],[73.581,24.867],[73.61,24.862],[73.63,24.79],[73.655,24.785],[73.655,24.709],[73.708,24.745],[73.725,24.687],[73.759,24.668],[73.799,24.75],[73.791,24.805],[73.832,24.847],[73.808,24.874],[73.844,24.913],[73.904,24.881],[73.97,24.905],[74.046,24.906],[74.091,24.865],[74.147,24.888],[74.228,24.997],[74.271,24.994],[74.319,25.034],[74.259,25.067],[74.189,25.062],[74.165,25.13],[74.08,25.151],[74.123,25.244],[74.05,25.238],[74.024,25.353],[74.055,25.405],[74.022,25.434],[74.044,25.501],[74.098,25.517],[74.066,25.582],[74.104,25.594],[74.116,25.638],[74.093,25.675],[74.097,25.718],[74.195,25.741],[74.206,25.776],[74.182,25.85]]]},"properties":{"code":"IN-RA-rajsamand","name":"Rajsamand","state":"Rajasthan"}},{"type":"Feature","geometry":{"type":"Polygon","coordinates":[[[76.838,26.036],[76.731,26.149],[76.666,26.165],[76.577,26.212],[76.583,26.27],[76.631,26.351],[76.666,26.359],[76.676,26.398],[76.765,26.445],[76.777,26.48],[76.827,26.487],[76.909,26.562],[76.937,26.541],[76.965,26.609],[76.939,26.657],[76.805,26.574],[76.692,26.514],[76.661,26.562],[76.602,26.593],[76.446,26.645],[76.401,26.558],[76.438,26.555],[76.475,26.504],[76.388,26.393],[76.336,26.415],[76.317,26.459],[76.245,26.446],[76.175,26.49],[76.125,26.349],[76.142,26.313],[76.098,26.244],[76.025,26.256],[75.976,26.199],[75.989,26.12],[76.064,26.135],[76.111,26.061],[76.071,26.018],[76.141,25.971],[76.185,26.016],[76.245,26.024],[76.244,25.918],[76.217,25.867],[76.317,25.814],[76.359,25.743],[76.461,25.791],[76.495,25.848],[76.567,25.84],[76.641,25.906],[76.733,25.903],[76.795,25.944],[76.84,26.011],[76.838,26.036]]]},"properties":{"code":"IN-RA-sawai-madhopur","name":"Sawai Madhopur","state":"Rajasthan"}},{"type":"Feature","geometry":{"type":"Polygon","coordinates":[[[75.023,28.201],[74.886,28.194],[74.861,28.148],[74.782,28.08],[74.802,28.061],[74.775,27.958],[74.815,27.941],[74.795,27.899],[74.732,27.892],[74.735,27.858],[74.791,27.839],[74.811,27.802],[74.736,27.767],[74.722,27.72],[74.743,27.692],[74.675,27.67],[74.756,27.57],[74.711,27.54],[74.718,27.504],[74.793,27.485],[74.798,27.452],[74.852,27.453],[74.869,27.375],[74.893,27.333],[75.004,27.35],[75.068,27.389],[75.162,27.32],[75.067,27.223],[75.173,27.144],[75.296,27.133],[75.311,27.163],[75.323,27.218],[75.386,27.234],[75.389,27.286],[75.426,27.305],[75.471,27.293],[75.525,27.348],[75.608,27.319],[75.659,27.37],[75.719,27.373],[75.733,27.408],[75.787,27.385],[75.864,27.421],[75.932,27.501],[75.953,27.596],[75.935,27.626],[75.972,27.66],[75.984,27.708],[76.027,27.736],[76.09,27.835],[76.08,27.851],[75.975,27.865],[75.977,27.909],[75.924,27.933],[75.763,27.838],[75.705,27.76],[75.682,27.678],[75.613,27.707],[75.53,27.713],[75.411,27.648],[75.343,27.704],[75.283,27.719],[75.281,27.82],[75.235,27.814],[75.223,27.881],[75.189,27.914],[75.142,28.029],[75.096,28.067],[75.122,28.138],[75.074,28.193],[75.023,28.201]]]},"properties":{"code":"IN-RA-sikar","name":"Sikar","state":"Rajasthan"}},{"type":"Feature","geometry":{"type":"Polygon","coordinates":[[[72.943,25.243],[72.894,25.246],[72.83,25.286],[72.782,25.215],[72.741,25.127],[72.712,25.106],[72.692,25.047],[72.662,25.04],[72.585,24.94],[72.51,24.921],[72.488,24.869],[72.505,24.817],[72.486,24.749],[72.378,24.759],[72.332,24.7],[72.317,24.647],[72.34,24.623],[72.295,24.538],[72.358,24.553],[72.386,24.501],[72.448,24.493],[72.437,24.461],[72.465,24.407],[72.542,24.505],[72.589,24.473],[72.659,24.456],[72.733,24.361],[72.868,24.366],[72.924,24.326],[72.965,24.351],[72.981,24.451],[73.013,24.482],[73.03,24.531],[73.086,24.611],[73.087,24.636],[73.141,24.688],[73.148,24.758],[73.166,24.781],[73.146,24.843],[73.105,24.845],[73.031,24.888],[73.011,24.921],[73.051,25.005],[73.134,25.065],[73.121,25.108],[73.059,25.159],[73.052,25.104],[73.004,25.101],[73.001,25.144],[72.943,25.243]]]},"properties":{"code":"IN-RA-sirohi","name":"Sirohi","state":"Rajasthan"}},{"type":"Feature","geometry":{"type":"Polygon","coordinates":[[[76.155,26.519],[76.107,26.54],[76.067,26.512],[76.003,26.496],[75.969,26.507],[75.779,26.53],[75.766,26.471],[75.707,26.449],[75.569,26.45],[75.448,26.497],[75.386,26.486],[75.348,26.505],[75.326,26.562],[75.282,26.568],[75.233,26.525],[75.201,26.519],[75.166,26.466],[75.16,26.424],[75.126,26.4],[75.134,26.321],[75.11,26.288],[75.14,26.248],[75.155,26.186],[75.184,26.167],[75.184,26.113],[75.242,26.082],[75.273,26.139],[75.336,26.134],[75.304,26.084],[75.352,26.023],[75.324,26.002],[75.303,25.945],[75.248,25.941],[75.26,25.857],[75.308,25.857],[75.336,25.815],[75.316,25.768],[75.387,25.763],[75.461,25.722],[75.508,25.741],[75.56,25.701],[75.619,25.681],[75.628,25.713],[75.691,25.765],[75.757,25.761],[75.769,25.827],[75.83,25.839],[75.889,25.873],[75.901,25.819],[75.943,25.821],[75.953,25.869],[76.057,25.864],[76.05,25.825],[76.098,25.815],[76.152,25.766],[76.196,25.847],[76.227,25.809],[76.317,25.814],[76.217,25.867],[76.244,25.918],[76.245,26.024],[76.185,26.016],[76.141,25.971],[76.071,26.018],[76.111,26.061],[76.064,26.135],[75.989,26.12],[75.976,26.199],[76.025,26.256],[76.098,26.244],[76.142,26.313],[76.125,26.349],[76.175,26.49],[76.155,26.519]]]},"properties":{"code":"IN-RA-tonk","name":"Tonk","state":"Rajasthan"}},{"type":"Feature","geometry":{"type":"Polygon","coordinates":[[[74.147,24.888],[74.091,24.865],[74.046,24.906],[73.97,24.905],[73.904,24.881],[73.844,24.913],[73.808,24.874],[73.832,24.847],[73.791,24.805],[73.799,24.75],[73.759,24.668],[73.725,24.687],[73.708,24.745],[73.655,24.709],[73.655,24.785],[73.63,24.79],[73.61,24.862],[73.581,24.867],[73.541,24.92],[73.532,25.005],[73.475,25.026],[73.505,25.08],[73.492,25.108],[73.425,25.091],[73.394,25.067],[73.332,24.978],[73.33,24.909],[73.242,24.831],[73.234,24.794],[73.148,24.758],[73.141,24.688],[73.087,24.636],[73.086,24.611],[73.03,24.531],[73.013,24.482],[73.051,24.465],[73.094,24.495],[73.106,24.42],[73.085,24.394],[73.18,24.351],[73.173,24.301],[73.116,24.263],[73.083,24.185],[73.123,24.14],[73.224,24.098],[73.201,24.045],[73.253,24.011],[73.327,24.063],[73.335,24.115],[73.414,24.051],[73.42,23.923],[73.386,23.906],[73.36,23.855],[73.37,23.814],[73.408,23.807],[73.473,23.848],[73.521,23.932],[73.596,23.967],[73.674,23.94],[73.741,23.945],[73.86,23.938],[73.92,23.985],[74.004,23.97],[74.082,23.97],[74.162,24.015],[74.177,23.972],[74.228,23.912],[74.304,23.963],[74.368,23.936],[74.385,23.908],[74.481,23.927],[74.499,23.897],[74.551,23.882],[74.515,23.985],[74.557,24.001],[74.579,24.153],[74.502,24.24],[74.442,24.285],[74.437,24.32],[74.386,24.313],[74.376,24.423],[74.322,24.445],[74.293,24.504],[74.252,24.511],[74.279,24.595],[74.246,24.616],[74.173,24.718],[74.119,24.742],[74.111,24.814],[74.147,24.888]]]},"properties":{"code":"IN-RA-udaipur","name":"Udaipur","state":"Rajasthan"}},{"type":"Feature","geometry":{"type":"Polygon","coordinates":[[[88.718,27.144],[88.785,27.182],[88.801,27.248],[88.899,27.275],[88.922,27.326],[88.89,27.336],[88.792,27.416],[88.768,27.416],[88.749,27.415],[88.695,27.402],[88.67,27.4],[88.644,27.392],[88.633,27.389],[88.595,27.391],[88.586,27.396],[88.577,27.394],[88.539,27.394],[88.524,27.396],[88.514,27.395],[88.486,27.379],[88.481,27.378],[88.478,27.329],[88.45,27.315],[88.442,27.261],[88.49,27.231],[88.521,27.178],[88.529,27.178],[88.594,27.191],[88.598,27.191],[88.619,27.188],[88.642,27.167],[88.66,27.162],[88.684,27.18],[88.702,27.174],[88.715,27.15],[88.718,27.144]]]},"properties":{"code":"IN-SI-east","name":"East","state":"Sikkim"}},{"type":"Feature","geometry":{"type":"Polygon","coordinates":[[[88.792,27.416],[88.789,27.529],[88.767,27.565],[88.805,27.603],[88.81,27.642],[88.847,27.669],[88.862,27.739],[88.856,27.818],[88.881,27.839],[88.88,27.895],[88.836,27.932],[88.841,27.991],[88.751,28.073],[88.667,28.074],[88.638,28.104],[88.575,28.086],[88.533,28.037],[88.482,28.045],[88.389,27.978],[88.338,27.988],[88.244,27.949],[88.203,27.967],[88.139,27.963],[88.114,27.912],[88.204,27.837],[88.2,27.791],[88.161,27.741],[88.147,27.665],[88.117,27.614],[88.204,27.582],[88.236,27.535],[88.276,27.513],[88.286,27.519],[88.33,27.528],[88.35,27.521],[88.359,27.51],[88.37,27.498],[88.4,27.476],[88.402,27.463],[88.411,27.447],[88.409,27.439],[88.422,27.413],[88.428,27.405],[88.449,27.389],[88.465,27.386],[88.486,27.379],[88.514,27.395],[88.524,27.396],[88.539,27.394],[88.577,27.394],[88.586,27.396],[88.595,27.391],[88.633,27.389],[88.644,27.392],[88.67,27.4],[88.695,27.402],[88.749,27.415],[88.768,27.416],[88.792,27.416]]]},"properties":{"code":"IN-SI-north-sikkim","name":"North Sikkim","state":"Sikkim"}},{"type":"Feature","geometry":{"type":"Polygon","coordinates":[[[88.481,27.378],[88.465,27.386],[88.449,27.389],[88.428,27.405],[88.422,27.413],[88.409,27.439],[88.411,27.447],[88.402,27.463],[88.4,27.476],[88.37,27.498],[88.359,27.51],[88.35,27.521],[88.33,27.528],[88.286,27.519],[88.266,27.504],[88.261,27.49],[88.269,27.42],[88.274,27.406],[88.279,27.405],[88.343,27.414],[88.326,27.369],[88.323,27.365],[88.315,27.346],[88.295,27.334],[88.306,27.316],[88.306,27.306],[88.291,27.297],[88.286,27.295],[88.273,27.282],[88.303,27.226],[88.315,27.186],[88.305,27.178],[88.286,27.154],[88.282,27.151],[88.278,27.131],[88.3,27.128],[88.304,27.129],[88.32,27.117],[88.324,27.105],[88.341,27.111],[88.364,27.098],[88.411,27.091],[88.446,27.085],[88.454,27.09],[88.465,27.105],[88.481,27.123],[88.508,27.136],[88.519,27.148],[88.522,27.15],[88.532,27.154],[88.52,27.175],[88.521,27.178],[88.49,27.231],[88.442,27.261],[88.45,27.315],[88.478,27.329],[88.481,27.378]]]},"properties":{"code":"IN-SI-south-sikkim","name":"South Sikkim","state":"Sikkim"}},{"type":"Feature","geometry":{"type":"Polygon","coordinates":[[[88.274,27.406],[88.269,27.42],[88.261,27.49],[88.266,27.504],[88.276,27.513],[88.236,27.535],[88.204,27.582],[88.117,27.614],[88.087,27.589],[88.047,27.478],[88.081,27.432],[88.044,27.371],[88.069,27.336],[88.034,27.286],[88.017,27.219],[88.033,27.221],[88.058,27.214],[88.075,27.201],[88.067,27.19],[88.083,27.165],[88.083,27.149],[88.093,27.136],[88.123,27.124],[88.137,27.117],[88.152,27.112],[88.158,27.114],[88.179,27.135],[88.184,27.135],[88.196,27.136],[88.24,27.12],[88.271,27.13],[88.278,27.131],[88.282,27.151],[88.286,27.154],[88.305,27.178],[88.315,27.186],[88.303,27.226],[88.273,27.282],[88.286,27.295],[88.291,27.297],[88.306,27.306],[88.306,27.316],[88.295,27.334],[88.315,27.346],[88.323,27.365],[88.326,27.369],[88.343,27.414],[88.279,27.405],[88.274,27.406]]]},"properties":{"code":"IN-SI-west-sikkim","name":"West Sikkim","state":"Sikkim"}},{"type":"Feature","geometry":{"type":"Polygon","coordinates":[[[79.443,11.135],[79.498,11.212],[79.483,11.289],[79.379,11.341],[79.354,11.405],[79.279,11.398],[79.283,11.367],[79.214,11.378],[79.155,11.364],[79.148,11.355],[79.137,11.347],[79.135,11.322],[79.116,11.307],[79.112,11.297],[79.129,11.296],[79.107,11.279],[79.097,11.269],[79.102,11.257],[79.107,11.253],[79.107,11.244],[79.096,11.231],[79.093,11.219],[79.084,11.208],[79.081,11.194],[79.067,11.19],[79.055,11.193],[79.052,11.191],[79.063,11.175],[79.063,11.169],[79.06,11.163],[79.06,11.152],[79.047,11.13],[79.044,11.128],[79.046,11.12],[79.05,11.116],[79.054,11.093],[79.003,11.052],[78.995,11.046],[78.993,11.044],[78.993,10.994],[78.95,10.935],[78.991,10.876],[79.041,10.875],[79.068,10.909],[79.205,10.929],[79.258,10.974],[79.397,11.065],[79.443,11.135]]]},"properties":{"code":"IN-TN-ariyalur","name":"Ariyalur","state":"Tamil Nadu"}},{"type":"Feature","geometry":{"type":"Polygon","coordinates":[[[80.298,13.127],[80.229,13.127],[80.19,13.112],[80.174,13.014],[80.262,12.954],[80.298,13.127]]]},"properties":{"code":"IN-TN-chennai","name":"Chennai","state":"Tamil Nadu"}},{"type":"Feature","geometry":{"type":"Polygon","coordinates":[[[77.404,10.616],[77.309,10.681],[77.285,10.769],[77.276,10.84],[77.365,10.87],[77.462,10.944],[77.49,11.014],[77.463,11.035],[77.439,11.111],[77.383,11.11],[77.393,11.189],[77.36,11.219],[77.376,11.247],[77.35,11.294],[77.32,11.246],[77.285,11.262],[77.255,11.308],[77.209,11.328],[77.129,11.327],[77.101,11.368],[77.038,11.392],[77.005,11.359],[76.954,11.374],[76.898,11.339],[76.841,11.33],[76.833,11.278],[76.789,11.283],[76.759,11.253],[76.697,11.231],[76.727,11.206],[76.686,11.158],[76.741,11.11],[76.734,11.064],[76.69,11.017],[76.653,10.92],[76.733,10.881],[76.818,10.862],[76.86,10.8],[76.898,10.771],[76.875,10.707],[76.873,10.629],[76.805,10.626],[76.83,10.585],[76.817,10.438],[76.807,10.415],[76.839,10.36],[76.827,10.33],[76.82,10.295],[76.892,10.243],[76.981,10.22],[77.039,10.248],[77.046,10.274],[77.163,10.346],[77.222,10.34],[77.214,10.306],[77.275,10.221],[77.336,10.266],[77.301,10.346],[77.311,10.44],[77.371,10.44],[77.355,10.527],[77.374,10.586],[77.404,10.616]]]},"properties":{"code":"IN-TN-coimbatore","name":"Coimbatore","state":"Tamil Nadu"}},{"type":"Feature","geometry":{"type":"Polygon","coordinates":[[[79.693,11.854],[79.691,11.874],[79.68,11.871],[79.673,11.87],[79.668,11.798],[79.621,11.786],[79.572,11.827],[79.441,11.856],[79.469,11.793],[79.428,11.794],[79.42,11.753],[79.43,11.65],[79.368,11.665],[79.282,11.621],[79.238,11.637],[79.196,11.621],[79.17,11.572],[79.126,11.575],[79.056,11.616],[79.053,11.583],[79.003,11.591],[78.992,11.563],[78.909,11.552],[78.89,11.49],[78.861,11.492],[78.875,11.472],[78.891,11.461],[78.903,11.441],[78.91,11.436],[78.932,11.405],[78.944,11.393],[78.95,11.388],[78.978,11.391],[79.001,11.383],[79.028,11.385],[79.04,11.388],[79.057,11.388],[79.093,11.388],[79.131,11.37],[79.143,11.368],[79.155,11.364],[79.214,11.378],[79.283,11.367],[79.279,11.398],[79.354,11.405],[79.379,11.341],[79.483,11.289],[79.498,11.212],[79.443,11.135],[79.507,11.166],[79.583,11.203],[79.633,11.246],[79.627,11.268],[79.641,11.288],[79.654,11.29],[79.681,11.306],[79.762,11.362],[79.774,11.356],[79.789,11.367],[79.794,11.395],[79.8,11.408],[79.814,11.419],[79.759,11.552],[79.761,11.621],[79.794,11.768],[79.794,11.816],[79.793,11.818],[79.792,11.827],[79.788,11.835],[79.782,11.84],[79.758,11.822],[79.749,11.836],[79.752,11.842],[79.75,11.861],[79.738,11.835],[79.73,11.847],[79.707,11.847],[79.698,11.852],[79.693,11.854]]]},"properties":{"code":"IN-TN-cuddalore","name":"Cuddalore","state":"Tamil Nadu"}},{"type":"Feature","geometry":{"type":"Polygon","coordinates":[[[78.221,12.753],[78.121,12.77],[78.065,12.83],[78.022,12.841],[77.981,12.81],[77.914,12.874],[77.859,12.858],[77.826,12.859],[77.758,12.729],[77.75,12.687],[77.668,12.651],[77.654,12.674],[77.589,12.648],[77.57,12.558],[77.579,12.507],[77.625,12.477],[77.604,12.354],[77.518,12.27],[77.463,12.236],[77.466,12.202],[77.511,12.184],[77.604,12.195],[77.726,12.167],[77.767,12.109],[77.746,12.069],[77.689,12.01],[77.665,11.94],[77.727,11.927],[77.751,11.902],[77.835,11.883],[77.855,11.903],[77.962,11.882],[78.024,11.917],[78.134,11.952],[78.223,11.964],[78.244,11.924],[78.355,11.865],[78.317,11.784],[78.342,11.781],[78.391,11.859],[78.441,11.812],[78.529,11.789],[78.582,11.807],[78.613,11.852],[78.628,11.87],[78.711,11.903],[78.704,11.968],[78.692,12.015],[78.727,12.122],[78.653,12.101],[78.623,12.132],[78.639,12.246],[78.594,12.251],[78.605,12.326],[78.558,12.374],[78.504,12.393],[78.478,12.376],[78.424,12.385],[78.439,12.439],[78.405,12.475],[78.409,12.557],[78.398,12.614],[78.368,12.612],[78.29,12.653],[78.264,12.692],[78.227,12.689],[78.221,12.753]]]},"properties":{"code":"IN-TN-dharmapuri","name":"Dharmapuri","state":"Tamil Nadu"}},{"type":"Feature","geometry":{"type":"Polygon","coordinates":[[[78.182,10.535],[78.118,10.562],[78.151,10.602],[78.131,10.64],[78.14,10.733],[78.158,10.791],[78.092,10.794],[78.083,10.753],[78.019,10.769],[77.948,10.749],[77.998,10.717],[77.993,10.663],[77.965,10.627],[77.882,10.633],[77.816,10.621],[77.795,10.669],[77.754,10.668],[77.715,10.62],[77.687,10.648],[77.688,10.72],[77.651,10.705],[77.642,10.664],[77.583,10.665],[77.496,10.596],[77.468,10.639],[77.404,10.616],[77.374,10.586],[77.355,10.527],[77.371,10.44],[77.311,10.44],[77.301,10.346],[77.336,10.266],[77.275,10.221],[77.253,10.111],[77.31,10.116],[77.38,10.149],[77.45,10.118],[77.532,10.176],[77.596,10.202],[77.643,10.179],[77.686,10.18],[77.701,10.119],[77.695,10.01],[77.748,10.045],[77.839,10.065],[77.861,10.048],[77.904,10.072],[77.937,10.129],[77.959,10.12],[78.014,10.168],[78.105,10.178],[78.133,10.163],[78.144,10.099],[78.199,10.064],[78.243,10.074],[78.267,10.136],[78.249,10.163],[78.312,10.214],[78.318,10.288],[78.321,10.314],[78.265,10.358],[78.299,10.426],[78.192,10.46],[78.156,10.49],[78.182,10.535]]]},"properties":{"code":"IN-TN-dindigul","name":"Dindigul","state":"Tamil Nadu"}},{"type":"Feature","geometry":{"type":"Polygon","coordinates":[[[77.665,11.94],[77.573,11.924],[77.49,11.93],[77.431,11.772],[77.355,11.778],[77.326,11.759],[77.285,11.798],[77.242,11.802],[77.114,11.762],[77.076,11.724],[77.041,11.778],[77.004,11.803],[76.944,11.781],[76.9,11.783],[76.881,11.725],[76.83,11.649],[76.851,11.602],[76.837,11.574],[76.931,11.568],[76.997,11.535],[76.954,11.374],[77.005,11.359],[77.038,11.392],[77.101,11.368],[77.129,11.327],[77.209,11.328],[77.255,11.308],[77.285,11.262],[77.32,11.246],[77.35,11.294],[77.376,11.247],[77.36,11.219],[77.393,11.189],[77.383,11.11],[77.439,11.111],[77.463,11.035],[77.49,11.014],[77.462,10.944],[77.365,10.87],[77.276,10.84],[77.285,10.769],[77.309,10.681],[77.404,10.616],[77.468,10.639],[77.496,10.596],[77.583,10.665],[77.642,10.664],[77.651,10.705],[77.688,10.72],[77.687,10.648],[77.715,10.62],[77.754,10.668],[77.795,10.669],[77.81,10.74],[77.77,10.745],[77.787,10.794],[77.825,10.822],[77.747,10.889],[77.777,11.02],[77.811,11.05],[77.853,11.011],[77.918,11.057],[77.876,11.071],[77.87,11.146],[77.849,11.171],[77.849,11.234],[77.795,11.255],[77.671,11.409],[77.684,11.448],[77.721,11.501],[77.727,11.592],[77.691,11.621],[77.681,11.707],[77.711,11.782],[77.657,11.811],[77.674,11.865],[77.665,11.94]]]},"properties":{"code":"IN-TN-erode","name":"Erode","state":"Tamil Nadu"}},{"type":"Feature","geometry":{"type":"Polygon","coordinates":[[[80.174,13.014],[80.134,13.016],[80.11,13.046],[80.112,13.094],[80.065,13.129],[80.016,13.117],[79.974,13.078],[79.957,13.034],[79.881,12.933],[79.811,12.95],[79.806,12.987],[79.772,13.009],[79.648,12.935],[79.649,12.917],[79.56,12.887],[79.547,12.837],[79.627,12.803],[79.636,12.76],[79.689,12.762],[79.733,12.729],[79.724,12.686],[79.671,12.654],[79.635,12.654],[79.62,12.618],[79.657,12.579],[79.712,12.574],[79.703,12.535],[79.743,12.504],[79.725,12.44],[79.649,12.369],[79.631,12.332],[79.635,12.329],[79.637,12.32],[79.682,12.31],[79.688,12.316],[79.714,12.316],[79.738,12.31],[79.747,12.313],[79.758,12.319],[79.785,12.322],[79.856,12.23],[79.89,12.214],[79.945,12.219],[79.946,12.219],[80.013,12.263],[80.07,12.353],[80.157,12.471],[80.166,12.525],[80.254,12.779],[80.247,12.806],[80.262,12.954],[80.174,13.014]]]},"properties":{"code":"IN-TN-kancheepuram","name":"Kancheepuram","state":"Tamil Nadu"}},{"type":"Feature","geometry":{"type":"Polygon","coordinates":[[[77.252,8.571],[77.265,8.537],[77.248,8.501],[77.191,8.488],[77.189,8.435],[77.154,8.377],[77.15,8.322],[77.091,8.297],[77.306,8.128],[77.536,8.078],[77.575,8.134],[77.531,8.149],[77.524,8.2],[77.529,8.214],[77.54,8.237],[77.553,8.24],[77.542,8.256],[77.544,8.263],[77.536,8.268],[77.529,8.292],[77.513,8.314],[77.514,8.327],[77.52,8.339],[77.517,8.35],[77.473,8.371],[77.445,8.419],[77.443,8.459],[77.429,8.479],[77.428,8.484],[77.423,8.495],[77.405,8.504],[77.37,8.514],[77.367,8.512],[77.359,8.509],[77.344,8.533],[77.335,8.533],[77.252,8.571]]]},"properties":{"code":"IN-TN-kanniyakumari","name":"Kanniyakumari","state":"Tamil Nadu"}},{"type":"Feature","geometry":{"type":"Polygon","coordinates":[[[78.154,11],[78.092,11.058],[78.013,11.08],[77.918,11.057],[77.853,11.011],[77.811,11.05],[77.777,11.02],[77.747,10.889],[77.825,10.822],[77.787,10.794],[77.77,10.745],[77.81,10.74],[77.795,10.669],[77.816,10.621],[77.882,10.633],[77.965,10.627],[77.993,10.663],[77.998,10.717],[77.948,10.749],[78.019,10.769],[78.083,10.753],[78.092,10.794],[78.158,10.791],[78.14,10.733],[78.131,10.64],[78.151,10.602],[78.118,10.562],[78.182,10.535],[78.245,10.569],[78.279,10.691],[78.362,10.713],[78.388,10.68],[78.498,10.68],[78.551,10.724],[78.53,10.78],[78.571,10.817],[78.534,10.863],[78.474,10.88],[78.411,10.935],[78.367,10.953],[78.184,10.948],[78.154,11]]]},"properties":{"code":"IN-TN-karur","name":"Karur","state":"Tamil Nadu"}},{"type":"Feature","geometry":{"type":"Polygon","coordinates":[[[78.364,10.297],[78.318,10.288],[78.312,10.214],[78.249,10.163],[78.267,10.136],[78.243,10.074],[78.199,10.064],[78.144,10.099],[78.133,10.163],[78.105,10.178],[78.014,10.168],[77.959,10.12],[77.937,10.129],[77.904,10.072],[77.861,10.048],[77.839,10.065],[77.748,10.045],[77.695,10.01],[77.665,9.924],[77.607,9.853],[77.609,9.813],[77.553,9.738],[77.51,9.651],[77.448,9.569],[77.462,9.553],[77.504,9.629],[77.57,9.656],[77.628,9.695],[77.653,9.667],[77.709,9.683],[77.748,9.669],[77.759,9.63],[77.827,9.625],[77.947,9.634],[77.998,9.628],[78.024,9.665],[78.071,9.664],[78.046,9.73],[78.092,9.774],[78.128,9.772],[78.176,9.795],[78.11,9.832],[78.138,9.861],[78.296,9.853],[78.302,9.911],[78.441,9.956],[78.44,10.088],[78.379,10.166],[78.396,10.2],[78.364,10.297]]]},"properties":{"code":"IN-TN-madurai","name":"Madurai","state":"Tamil Nadu"}},{"type":"Feature","geometry":{"type":"MultiPolygon","coordinates":[[[[79.72,10.906],[79.721,10.911],[79.709,10.914],[79.677,10.905],[79.642,10.823],[79.71,10.796],[79.797,10.793],[79.744,10.724],[79.751,10.671],[79.691,10.619],[79.687,10.612],[79.695,10.607],[79.687,10.597],[79.692,10.582],[79.709,10.572],[79.719,10.572],[79.719,10.517],[79.673,10.466],[79.649,10.442],[79.649,10.351],[79.637,10.318],[79.687,10.325],[79.836,10.275],[79.884,10.306],[79.866,10.416],[79.856,10.587],[79.851,10.814],[79.836,10.812],[79.82,10.811],[79.813,10.814],[79.814,10.818],[79.813,10.829],[79.806,10.828],[79.803,10.834],[79.793,10.839],[79.792,10.849],[79.807,10.853],[79.79,10.862],[79.806,10.864],[79.788,10.873],[79.776,10.876],[79.77,10.878],[79.776,10.882],[79.773,10.89],[79.76,10.883],[79.754,10.887],[79.748,10.895],[79.741,10.883],[79.742,10.894],[79.743,10.899],[79.728,10.902],[79.726,10.907],[79.724,10.908],[79.72,10.906]]],[[[79.814,11.419],[79.8,11.408],[79.794,11.395],[79.789,11.367],[79.774,11.356],[79.762,11.362],[79.681,11.306],[79.654,11.29],[79.641,11.288],[79.627,11.268],[79.633,11.246],[79.583,11.203],[79.507,11.166],[79.557,11.13],[79.499,11.025],[79.519,10.994],[79.498,10.953],[79.614,10.97],[79.626,10.993],[79.686,10.998],[79.73,10.981],[79.73,10.985],[79.743,10.985],[79.761,10.981],[79.774,10.977],[79.79,10.973],[79.796,10.983],[79.803,10.985],[79.81,10.982],[79.812,10.983],[79.814,10.987],[79.825,10.985],[79.834,10.977],[79.835,10.977],[79.851,10.976],[79.859,11.14],[79.839,11.283],[79.839,11.348],[79.814,11.419]]]]},"properties":{"code":"IN-TN-nagapattinam","name":"Nagapattinam","state":"Tamil Nadu"}},{"type":"Feature","geometry":{"type":"Polygon","coordinates":[[[78.472,11.391],[78.431,11.386],[78.427,11.482],[78.438,11.582],[78.373,11.571],[78.315,11.544],[78.292,11.574],[78.232,11.541],[78.146,11.524],[78.091,11.542],[78.045,11.501],[77.969,11.516],[77.959,11.455],[77.9,11.44],[77.861,11.398],[77.757,11.469],[77.727,11.431],[77.684,11.448],[77.671,11.409],[77.795,11.255],[77.849,11.234],[77.849,11.171],[77.87,11.146],[77.876,11.071],[77.918,11.057],[78.013,11.08],[78.092,11.058],[78.154,11],[78.168,11.056],[78.222,11.054],[78.234,11.079],[78.309,11.045],[78.335,11.123],[78.368,11.127],[78.367,11.175],[78.395,11.184],[78.452,11.299],[78.438,11.316],[78.472,11.391]]]},"properties":{"code":"IN-TN-namakkal","name":"Namakkal","state":"Tamil Nadu"}},{"type":"Feature","geometry":{"type":"Polygon","coordinates":[[[76.837,11.574],[76.817,11.597],[76.751,11.607],[76.608,11.6],[76.554,11.613],[76.54,11.671],[76.504,11.698],[76.451,11.655],[76.423,11.659],[76.421,11.625],[76.298,11.564],[76.271,11.593],[76.226,11.564],[76.233,11.519],[76.258,11.473],[76.321,11.445],[76.361,11.448],[76.448,11.381],[76.538,11.352],[76.514,11.262],[76.446,11.23],[76.438,11.195],[76.506,11.202],[76.623,11.186],[76.697,11.231],[76.759,11.253],[76.789,11.283],[76.833,11.278],[76.841,11.33],[76.898,11.339],[76.954,11.374],[76.997,11.535],[76.931,11.568],[76.837,11.574]]]},"properties":{"code":"IN-TN-nilgiris","name":"Nilgiris","state":"Tamil Nadu"}},{"type":"Feature","geometry":{"type":"Polygon","coordinates":[[[78.875,11.472],[78.858,11.495],[78.853,11.502],[78.844,11.506],[78.83,11.507],[78.823,11.502],[78.797,11.491],[78.795,11.469],[78.783,11.461],[78.782,11.436],[78.803,11.424],[78.801,11.418],[78.797,11.398],[78.795,11.393],[78.784,11.371],[78.775,11.373],[78.771,11.377],[78.758,11.394],[78.756,11.403],[78.743,11.421],[78.729,11.431],[78.686,11.441],[78.674,11.42],[78.637,11.392],[78.643,11.382],[78.645,11.365],[78.674,11.367],[78.66,11.354],[78.645,11.342],[78.643,11.338],[78.636,11.33],[78.631,11.324],[78.623,11.315],[78.64,11.319],[78.646,11.308],[78.672,11.307],[78.694,11.31],[78.718,11.309],[78.721,11.306],[78.735,11.268],[78.731,11.267],[78.715,11.253],[78.705,11.243],[78.7,11.239],[78.698,11.225],[78.695,11.221],[78.699,11.199],[78.675,11.18],[78.659,11.172],[78.645,11.158],[78.662,11.134],[78.665,11.123],[78.67,11.115],[78.672,11.101],[78.68,11.079],[78.686,11.058],[78.694,11.051],[78.703,11.039],[78.723,11.074],[78.722,11.095],[78.736,11.104],[78.762,11.104],[78.763,11.1],[78.767,11.103],[78.78,11.102],[78.786,11.102],[78.795,11.092],[78.793,11.067],[78.813,11.065],[78.817,11.064],[78.829,11.071],[78.846,11.077],[78.857,11.073],[78.869,11.088],[78.874,11.089],[78.899,11.084],[78.911,11.077],[78.937,11.081],[78.95,11.081],[78.972,11.062],[78.976,11.062],[78.986,11.056],[78.995,11.046],[79.003,11.052],[79.054,11.093],[79.05,11.116],[79.046,11.12],[79.044,11.128],[79.047,11.13],[79.06,11.152],[79.06,11.163],[79.063,11.169],[79.063,11.175],[79.052,11.191],[79.055,11.193],[79.067,11.19],[79.081,11.194],[79.084,11.208],[79.093,11.219],[79.096,11.231],[79.107,11.244],[79.107,11.253],[79.102,11.257],[79.097,11.269],[79.107,11.279],[79.129,11.296],[79.112,11.297],[79.116,11.307],[79.135,11.322],[79.137,11.347],[79.148,11.355],[79.155,11.364],[79.143,11.368],[79.131,11.37],[79.093,11.388],[79.057,11.388],[79.04,11.388],[79.028,11.385],[79.001,11.383],[78.978,11.391],[78.95,11.388],[78.944,11.393],[78.932,11.405],[78.91,11.436],[78.903,11.441],[78.891,11.461],[78.875,11.472]]]},"properties":{"code":"IN-TN-perambalur","name":"Perambalur","state":"Tamil Nadu"}},{"type":"Feature","geometry":{"type":"Polygon","coordinates":[[[78.855,10.693],[78.804,10.68],[78.773,10.634],[78.728,10.634],[78.726,10.695],[78.692,10.717],[78.613,10.692],[78.579,10.644],[78.553,10.666],[78.51,10.661],[78.512,10.615],[78.465,10.624],[78.435,10.593],[78.482,10.472],[78.554,10.475],[78.545,10.418],[78.508,10.424],[78.491,10.363],[78.506,10.314],[78.498,10.253],[78.455,10.191],[78.49,10.175],[78.52,10.241],[78.564,10.272],[78.63,10.245],[78.655,10.192],[78.691,10.161],[78.793,10.198],[78.799,10.156],[78.829,10.112],[78.891,10.116],[78.944,10.081],[78.917,10.058],[78.912,10.008],[78.982,9.96],[78.972,9.932],[79.027,9.846],[79.096,9.831],[79.155,9.932],[79.262,10.041],[79.227,10.098],[79.23,10.132],[79.134,10.153],[79.126,10.205],[79.099,10.223],[79.104,10.293],[79.126,10.33],[79.132,10.335],[79.131,10.355],[79.131,10.361],[79.128,10.364],[79.13,10.375],[79.137,10.385],[79.128,10.398],[79.136,10.46],[79.123,10.484],[79.17,10.526],[79.166,10.561],[79.054,10.622],[79.047,10.655],[78.921,10.673],[78.892,10.658],[78.855,10.693]]]},"properties":{"code":"IN-TN-pudukkottai","name":"Pudukkottai","state":"Tamil Nadu"}},{"type":"Feature","geometry":{"type":"MultiPolygon","coordinates":[[[[79.312,9.328],[79.221,9.267],[79.277,9.255],[79.328,9.26],[79.312,9.328]]],[[[78.363,9.085],[78.458,9.127],[78.576,9.132],[78.652,9.159],[78.667,9.197],[78.718,9.19],[78.757,9.216],[78.86,9.253],[78.907,9.25],[78.979,9.273],[79.094,9.26],[79.065,9.3],[78.989,9.354],[78.935,9.411],[78.901,9.468],[78.915,9.494],[78.934,9.607],[78.98,9.687],[79.096,9.831],[79.027,9.846],[78.972,9.932],[78.898,9.903],[78.855,9.848],[78.866,9.74],[78.839,9.741],[78.813,9.803],[78.807,9.858],[78.782,9.875],[78.715,9.882],[78.69,9.799],[78.715,9.752],[78.706,9.696],[78.758,9.705],[78.781,9.678],[78.766,9.638],[78.801,9.58],[78.735,9.564],[78.689,9.585],[78.635,9.53],[78.598,9.523],[78.523,9.572],[78.498,9.57],[78.432,9.607],[78.4,9.584],[78.358,9.554],[78.366,9.504],[78.33,9.503],[78.312,9.467],[78.257,9.434],[78.201,9.433],[78.226,9.365],[78.278,9.377],[78.318,9.354],[78.358,9.28],[78.313,9.25],[78.264,9.263],[78.258,9.251],[78.254,9.22],[78.268,9.193],[78.257,9.129],[78.304,9.119],[78.363,9.085]]]]},"properties":{"code":"IN-TN-ramanathapuram","name":"Ramanathapuram","state":"Tamil Nadu"}},{"type":"Feature","geometry":{"type":"Polygon","coordinates":[[[78.613,11.852],[78.582,11.807],[78.529,11.789],[78.441,11.812],[78.391,11.859],[78.342,11.781],[78.317,11.784],[78.355,11.865],[78.244,11.924],[78.223,11.964],[78.134,11.952],[78.024,11.917],[77.962,11.882],[77.855,11.903],[77.835,11.883],[77.751,11.902],[77.727,11.927],[77.665,11.94],[77.674,11.865],[77.657,11.811],[77.711,11.782],[77.681,11.707],[77.691,11.621],[77.727,11.592],[77.721,11.501],[77.684,11.448],[77.727,11.431],[77.757,11.469],[77.861,11.398],[77.9,11.44],[77.959,11.455],[77.969,11.516],[78.045,11.501],[78.091,11.542],[78.146,11.524],[78.232,11.541],[78.292,11.574],[78.315,11.544],[78.373,11.571],[78.438,11.582],[78.427,11.482],[78.431,11.386],[78.472,11.391],[78.538,11.345],[78.542,11.303],[78.629,11.33],[78.651,11.36],[78.645,11.365],[78.643,11.382],[78.637,11.392],[78.674,11.42],[78.686,11.441],[78.729,11.431],[78.743,11.421],[78.756,11.403],[78.758,11.394],[78.771,11.377],[78.775,11.373],[78.784,11.371],[78.795,11.393],[78.797,11.398],[78.801,11.418],[78.803,11.424],[78.782,11.436],[78.783,11.461],[78.795,11.469],[78.797,11.491],[78.823,11.502],[78.83,11.507],[78.814,11.564],[78.765,11.591],[78.79,11.673],[78.768,11.686],[78.637,11.652],[78.627,11.748],[78.676,11.787],[78.681,11.834],[78.613,11.852]]]},"properties":{"code":"IN-TN-salem","name":"Salem","state":"Tamil Nadu"}},{"type":"Feature","geometry":{"type":"Polygon","coordinates":[[[78.491,10.363],[78.441,10.395],[78.364,10.297],[78.396,10.2],[78.379,10.166],[78.44,10.088],[78.441,9.956],[78.302,9.911],[78.296,9.853],[78.138,9.861],[78.11,9.832],[78.176,9.795],[78.128,9.772],[78.257,9.74],[78.333,9.653],[78.375,9.637],[78.4,9.584],[78.432,9.607],[78.498,9.57],[78.523,9.572],[78.598,9.523],[78.635,9.53],[78.689,9.585],[78.735,9.564],[78.801,9.58],[78.766,9.638],[78.781,9.678],[78.758,9.705],[78.706,9.696],[78.715,9.752],[78.69,9.799],[78.715,9.882],[78.782,9.875],[78.807,9.858],[78.813,9.803],[78.839,9.741],[78.866,9.74],[78.855,9.848],[78.898,9.903],[78.972,9.932],[78.982,9.96],[78.912,10.008],[78.917,10.058],[78.944,10.081],[78.891,10.116],[78.829,10.112],[78.799,10.156],[78.793,10.198],[78.691,10.161],[78.655,10.192],[78.63,10.245],[78.564,10.272],[78.52,10.241],[78.49,10.175],[78.455,10.191],[78.498,10.253],[78.506,10.314],[78.491,10.363]]]},"properties":{"code":"IN-TN-sivaganga","name":"Sivaganga","state":"Tamil Nadu"}},{"type":"Feature","geometry":{"type":"Polygon","coordinates":[[[79.486,10.336],[79.459,10.357],[79.452,10.443],[79.467,10.472],[79.379,10.544],[79.385,10.561],[79.373,10.566],[79.369,10.566],[79.366,10.567],[79.355,10.564],[79.348,10.564],[79.333,10.569],[79.337,10.592],[79.332,10.6],[79.331,10.605],[79.335,10.614],[79.333,10.632],[79.33,10.637],[79.323,10.641],[79.299,10.657],[79.289,10.694],[79.286,10.716],[79.288,10.73],[79.288,10.756],[79.288,10.887],[79.33,10.895],[79.343,10.885],[79.354,10.882],[79.353,10.878],[79.39,10.873],[79.401,10.87],[79.413,10.863],[79.441,10.847],[79.491,10.881],[79.498,10.953],[79.519,10.994],[79.499,11.025],[79.557,11.13],[79.507,11.166],[79.443,11.135],[79.397,11.065],[79.258,10.974],[79.205,10.929],[79.068,10.909],[79.041,10.875],[78.991,10.876],[78.928,10.874],[78.911,10.854],[78.839,10.831],[78.862,10.774],[78.855,10.693],[78.892,10.658],[78.921,10.673],[79.047,10.655],[79.054,10.622],[79.166,10.561],[79.17,10.526],[79.123,10.484],[79.136,10.46],[79.128,10.398],[79.137,10.385],[79.13,10.375],[79.128,10.364],[79.131,10.361],[79.131,10.355],[79.132,10.335],[79.126,10.33],[79.104,10.293],[79.099,10.223],[79.126,10.205],[79.134,10.153],[79.23,10.132],[79.268,10.23],[79.326,10.282],[79.397,10.318],[79.486,10.336]]]},"properties":{"code":"IN-TN-thanjavur","name":"Thanjavur","state":"Tamil Nadu"}},{"type":"Feature","geometry":{"type":"Polygon","coordinates":[[[77.695,10.01],[77.701,10.119],[77.686,10.18],[77.643,10.179],[77.596,10.202],[77.532,10.176],[77.45,10.118],[77.38,10.149],[77.31,10.116],[77.253,10.111],[77.188,10.096],[77.249,10.016],[77.261,9.964],[77.222,9.923],[77.199,9.866],[77.224,9.843],[77.208,9.722],[77.166,9.648],[77.223,9.573],[77.261,9.567],[77.304,9.593],[77.371,9.509],[77.387,9.517],[77.462,9.553],[77.448,9.569],[77.51,9.651],[77.553,9.738],[77.609,9.813],[77.607,9.853],[77.665,9.924],[77.695,10.01]]]},"properties":{"code":"IN-TN-theni","name":"Theni","state":"Tamil Nadu"}},{"type":"Feature","geometry":{"type":"Polygon","coordinates":[[[80.076,13.527],[80.069,13.538],[80.03,13.524],[79.995,13.459],[79.962,13.451],[79.954,13.374],[79.926,13.336],[79.851,13.303],[79.8,13.304],[79.722,13.266],[79.783,13.228],[79.744,13.195],[79.671,13.236],[79.669,13.282],[79.565,13.249],[79.536,13.311],[79.417,13.322],[79.407,13.238],[79.421,13.184],[79.348,13.163],[79.35,13.125],[79.274,13.121],[79.289,13.078],[79.335,13.048],[79.37,13.066],[79.412,13.132],[79.441,13.08],[79.47,13.126],[79.557,13.121],[79.617,13.131],[79.642,13.196],[79.723,13.152],[79.719,13.082],[79.736,13.037],[79.772,13.009],[79.806,12.987],[79.811,12.95],[79.881,12.933],[79.957,13.034],[79.974,13.078],[80.016,13.117],[80.065,13.129],[80.112,13.094],[80.11,13.046],[80.134,13.016],[80.174,13.014],[80.19,13.112],[80.229,13.127],[80.298,13.127],[80.337,13.253],[80.346,13.328],[80.313,13.428],[80.276,13.389],[80.26,13.447],[80.216,13.482],[80.163,13.478],[80.157,13.479],[80.152,13.479],[80.151,13.48],[80.145,13.485],[80.135,13.492],[80.133,13.496],[80.121,13.502],[80.1,13.505],[80.096,13.51],[80.089,13.526],[80.079,13.529],[80.076,13.527]]]},"properties":{"code":"IN-TN-thiruvallur","name":"Thiruvallur","state":"Tamil Nadu"}},{"type":"Feature","geometry":{"type":"Polygon","coordinates":[[[79.73,10.981],[79.686,10.998],[79.626,10.993],[79.614,10.97],[79.498,10.953],[79.491,10.881],[79.441,10.847],[79.413,10.863],[79.401,10.87],[79.39,10.873],[79.353,10.878],[79.354,10.882],[79.343,10.885],[79.33,10.895],[79.288,10.887],[79.288,10.756],[79.288,10.73],[79.286,10.716],[79.289,10.694],[79.299,10.657],[79.323,10.641],[79.33,10.637],[79.333,10.632],[79.335,10.614],[79.331,10.605],[79.332,10.6],[79.337,10.592],[79.333,10.569],[79.348,10.564],[79.355,10.564],[79.366,10.567],[79.369,10.566],[79.373,10.566],[79.385,10.561],[79.379,10.544],[79.467,10.472],[79.452,10.443],[79.459,10.357],[79.486,10.336],[79.508,10.325],[79.509,10.324],[79.515,10.321],[79.547,10.348],[79.582,10.303],[79.637,10.318],[79.649,10.351],[79.649,10.442],[79.673,10.466],[79.719,10.517],[79.719,10.572],[79.709,10.572],[79.692,10.582],[79.687,10.597],[79.695,10.607],[79.687,10.612],[79.691,10.619],[79.751,10.671],[79.744,10.724],[79.797,10.793],[79.71,10.796],[79.642,10.823],[79.677,10.905],[79.709,10.914],[79.708,10.915],[79.71,10.919],[79.704,10.921],[79.721,10.935],[79.716,10.938],[79.709,10.936],[79.703,10.938],[79.703,10.946],[79.715,10.953],[79.727,10.952],[79.74,10.944],[79.746,10.949],[79.738,10.959],[79.741,10.963],[79.74,10.966],[79.738,10.969],[79.73,10.981]]]},"properties":{"code":"IN-TN-thiruvarur","name":"Thiruvarur","state":"Tamil Nadu"}},{"type":"Feature","geometry":{"type":"Polygon","coordinates":[[[78.151,9.357],[78.122,9.358],[78.084,9.35],[78.054,9.348],[78.038,9.346],[78.034,9.332],[78.018,9.32],[78.033,9.292],[78.002,9.294],[77.992,9.289],[77.973,9.257],[77.968,9.247],[77.894,9.188],[77.83,9.232],[77.843,9.185],[77.728,9.15],[77.689,9.176],[77.658,9.126],[77.691,9.061],[77.677,9.021],[77.676,8.919],[77.744,8.913],[77.754,8.87],[77.778,8.872],[77.783,8.868],[77.792,8.861],[77.794,8.849],[77.801,8.827],[77.813,8.82],[77.821,8.805],[77.833,8.786],[77.829,8.787],[77.828,8.776],[77.822,8.773],[77.804,8.763],[77.8,8.756],[77.805,8.714],[77.8,8.692],[77.793,8.67],[77.789,8.646],[77.788,8.636],[77.799,8.634],[77.796,8.619],[77.792,8.611],[77.786,8.603],[77.781,8.602],[77.772,8.605],[77.769,8.613],[77.766,8.598],[77.763,8.572],[77.784,8.565],[77.777,8.553],[77.786,8.558],[77.795,8.543],[77.801,8.531],[77.822,8.46],[77.814,8.421],[77.827,8.367],[77.835,8.362],[77.824,8.357],[77.828,8.349],[77.828,8.344],[77.84,8.346],[77.85,8.335],[77.851,8.34],[77.865,8.335],[77.878,8.315],[77.907,8.32],[77.955,8.325],[77.963,8.329],[78.055,8.382],[78.067,8.423],[78.13,8.498],[78.139,8.589],[78.101,8.612],[78.162,8.737],[78.168,8.881],[78.211,8.961],[78.31,9.032],[78.363,9.085],[78.304,9.119],[78.257,9.129],[78.268,9.193],[78.254,9.22],[78.258,9.251],[78.265,9.275],[78.237,9.282],[78.221,9.282],[78.196,9.291],[78.194,9.306],[78.172,9.319],[78.167,9.324],[78.155,9.33],[78.152,9.338],[78.151,9.342],[78.151,9.357]]]},"properties":{"code":"IN-TN-thoothukudi","name":"Thoothukudi","state":"Tamil Nadu"}},{"type":"Feature","geometry":{"type":"Polygon","coordinates":[[[78.651,11.36],[78.629,11.33],[78.542,11.303],[78.538,11.345],[78.472,11.391],[78.438,11.316],[78.452,11.299],[78.395,11.184],[78.367,11.175],[78.368,11.127],[78.335,11.123],[78.309,11.045],[78.234,11.079],[78.222,11.054],[78.168,11.056],[78.154,11],[78.184,10.948],[78.367,10.953],[78.411,10.935],[78.474,10.88],[78.534,10.863],[78.571,10.817],[78.53,10.78],[78.551,10.724],[78.498,10.68],[78.388,10.68],[78.362,10.713],[78.279,10.691],[78.245,10.569],[78.182,10.535],[78.156,10.49],[78.192,10.46],[78.299,10.426],[78.265,10.358],[78.321,10.314],[78.318,10.288],[78.364,10.297],[78.441,10.395],[78.491,10.363],[78.508,10.424],[78.545,10.418],[78.554,10.475],[78.482,10.472],[78.435,10.593],[78.465,10.624],[78.512,10.615],[78.51,10.661],[78.553,10.666],[78.579,10.644],[78.613,10.692],[78.692,10.717],[78.726,10.695],[78.728,10.634],[78.773,10.634],[78.804,10.68],[78.855,10.693],[78.862,10.774],[78.839,10.831],[78.911,10.854],[78.928,10.874],[78.991,10.876],[78.95,10.935],[78.993,10.994],[78.993,11.044],[78.986,11.056],[78.976,11.062],[78.972,11.062],[78.95,11.081],[78.937,11.081],[78.911,11.077],[78.899,11.084],[78.874,11.089],[78.869,11.088],[78.857,11.073],[78.846,11.077],[78.829,11.071],[78.817,11.064],[78.813,11.065],[78.793,11.067],[78.795,11.092],[78.786,11.102],[78.78,11.102],[78.767,11.103],[78.763,11.1],[78.762,11.104],[78.736,11.104],[78.722,11.095],[78.723,11.074],[78.703,11.039],[78.694,11.051],[78.686,11.058],[78.68,11.079],[78.672,11.101],[78.67,11.115],[78.665,11.123],[78.662,11.134],[78.645,11.158],[78.659,11.172],[78.675,11.18],[78.699,11.199],[78.695,11.221],[78.698,11.225],[78.7,11.239],[78.705,11.243],[78.715,11.253],[78.731,11.267],[78.735,11.268],[78.721,11.306],[78.718,11.309],[78.694,11.31],[78.672,11.307],[78.646,11.308],[78.64,11.319],[78.623,11.315],[78.631,11.324],[78.636,11.33],[78.643,11.338],[78.645,11.342],[78.66,11.354],[78.674,11.367],[78.651,11.36]]]},"properties":{"code":"IN-TN-tiruchchirappalli","name":"Tiruchchirappalli","state":"Tamil Nadu"}},{"type":"Feature","geometry":{"type":"Polygon","coordinates":[[[77.963,8.329],[77.955,8.325],[77.907,8.32],[77.878,8.315],[77.865,8.335],[77.851,8.34],[77.85,8.335],[77.84,8.346],[77.828,8.344],[77.828,8.349],[77.824,8.357],[77.835,8.362],[77.827,8.367],[77.814,8.421],[77.822,8.46],[77.801,8.531],[77.795,8.543],[77.786,8.558],[77.777,8.553],[77.784,8.565],[77.763,8.572],[77.766,8.598],[77.769,8.613],[77.772,8.605],[77.781,8.602],[77.786,8.603],[77.792,8.611],[77.796,8.619],[77.799,8.634],[77.788,8.636],[77.789,8.646],[77.793,8.67],[77.8,8.692],[77.805,8.714],[77.8,8.756],[77.804,8.763],[77.822,8.773],[77.828,8.776],[77.829,8.787],[77.833,8.786],[77.821,8.805],[77.813,8.82],[77.801,8.827],[77.794,8.849],[77.792,8.861],[77.783,8.868],[77.778,8.872],[77.754,8.87],[77.744,8.913],[77.676,8.919],[77.677,9.021],[77.691,9.061],[77.658,9.126],[77.689,9.176],[77.728,9.15],[77.843,9.185],[77.83,9.232],[77.78,9.245],[77.755,9.226],[77.695,9.279],[77.608,9.282],[77.529,9.362],[77.48,9.325],[77.424,9.345],[77.417,9.382],[77.373,9.382],[77.324,9.408],[77.321,9.351],[77.267,9.291],[77.268,9.262],[77.25,9.19],[77.252,9.143],[77.196,9.088],[77.191,9.062],[77.132,9.012],[77.206,8.893],[77.24,8.868],[77.247,8.832],[77.215,8.776],[77.183,8.761],[77.167,8.708],[77.198,8.641],[77.252,8.571],[77.335,8.533],[77.344,8.533],[77.359,8.509],[77.367,8.512],[77.37,8.514],[77.405,8.504],[77.423,8.495],[77.428,8.484],[77.429,8.479],[77.443,8.459],[77.445,8.419],[77.473,8.371],[77.517,8.35],[77.52,8.339],[77.514,8.327],[77.513,8.314],[77.529,8.292],[77.536,8.268],[77.544,8.263],[77.542,8.256],[77.553,8.24],[77.54,8.237],[77.529,8.214],[77.524,8.2],[77.531,8.149],[77.575,8.134],[77.613,8.15],[77.716,8.166],[77.784,8.207],[77.813,8.246],[77.887,8.273],[77.963,8.329]]]},"properties":{"code":"IN-TN-tirunelveli-kattabo","name":"Tirunelveli Kattabo","state":"Tamil Nadu"}},{"type":"Feature","geometry":{"type":"Polygon","coordinates":[[[79.547,12.837],[79.477,12.86],[79.447,12.833],[79.464,12.763],[79.439,12.657],[79.371,12.615],[79.342,12.632],[79.369,12.695],[79.311,12.73],[79.276,12.768],[79.229,12.784],[79.197,12.772],[79.193,12.728],[79.128,12.745],[79.063,12.74],[79.021,12.681],[78.983,12.691],[78.968,12.654],[78.886,12.676],[78.848,12.623],[78.806,12.518],[78.765,12.465],[78.758,12.412],[78.723,12.365],[78.699,12.293],[78.639,12.246],[78.623,12.132],[78.653,12.101],[78.727,12.122],[78.692,12.015],[78.704,11.968],[78.747,11.997],[78.806,11.996],[78.866,12.012],[78.904,12.002],[78.947,12.054],[79.005,12.053],[79.086,12.01],[79.153,12.019],[79.187,12.056],[79.221,12.049],[79.265,12.11],[79.2,12.153],[79.226,12.222],[79.273,12.306],[79.209,12.318],[79.235,12.366],[79.225,12.428],[79.313,12.437],[79.388,12.422],[79.436,12.365],[79.538,12.35],[79.558,12.342],[79.602,12.361],[79.61,12.348],[79.624,12.329],[79.631,12.332],[79.649,12.369],[79.725,12.44],[79.743,12.504],[79.703,12.535],[79.712,12.574],[79.657,12.579],[79.62,12.618],[79.635,12.654],[79.671,12.654],[79.724,12.686],[79.733,12.729],[79.689,12.762],[79.636,12.76],[79.627,12.803],[79.547,12.837]]]},"properties":{"code":"IN-TN-tiruvannamalai","name":"Tiruvannamalai","state":"Tamil Nadu"}},{"type":"Feature","geometry":{"type":"Polygon","coordinates":[[[79.772,13.009],[79.736,13.037],[79.719,13.082],[79.723,13.152],[79.642,13.196],[79.617,13.131],[79.557,13.121],[79.47,13.126],[79.441,13.08],[79.412,13.132],[79.37,13.066],[79.335,13.048],[79.289,13.078],[79.274,13.121],[79.226,13.135],[79.153,13.007],[79.053,13.038],[78.982,13.076],[78.946,13.064],[78.801,13.076],[78.74,13.045],[78.702,13.056],[78.694,13.004],[78.651,13.018],[78.62,12.974],[78.625,12.914],[78.592,12.839],[78.58,12.767],[78.546,12.729],[78.552,12.697],[78.458,12.662],[78.46,12.617],[78.398,12.614],[78.409,12.557],[78.405,12.475],[78.439,12.439],[78.424,12.385],[78.478,12.376],[78.504,12.393],[78.558,12.374],[78.605,12.326],[78.594,12.251],[78.639,12.246],[78.699,12.293],[78.723,12.365],[78.758,12.412],[78.765,12.465],[78.806,12.518],[78.848,12.623],[78.886,12.676],[78.968,12.654],[78.983,12.691],[79.021,12.681],[79.063,12.74],[79.128,12.745],[79.193,12.728],[79.197,12.772],[79.229,12.784],[79.276,12.768],[79.311,12.73],[79.369,12.695],[79.342,12.632],[79.371,12.615],[79.439,12.657],[79.464,12.763],[79.447,12.833],[79.477,12.86],[79.547,12.837],[79.56,12.887],[79.649,12.917],[79.648,12.935],[79.772,13.009]]]},"properties":{"code":"IN-TN-vellore","name":"Vellore","state":"Tamil Nadu"}},{"type":"Feature","geometry":{"type":"Polygon","coordinates":[[[79.538,12.35],[79.436,12.365],[79.388,12.422],[79.313,12.437],[79.225,12.428],[79.235,12.366],[79.209,12.318],[79.273,12.306],[79.226,12.222],[79.2,12.153],[79.265,12.11],[79.221,12.049],[79.187,12.056],[79.153,12.019],[79.086,12.01],[79.005,12.053],[78.947,12.054],[78.904,12.002],[78.866,12.012],[78.806,11.996],[78.747,11.997],[78.704,11.968],[78.711,11.903],[78.628,11.87],[78.613,11.852],[78.681,11.834],[78.676,11.787],[78.627,11.748],[78.637,11.652],[78.768,11.686],[78.79,11.673],[78.765,11.591],[78.814,11.564],[78.83,11.507],[78.844,11.506],[78.853,11.502],[78.858,11.495],[78.861,11.492],[78.89,11.49],[78.909,11.552],[78.992,11.563],[79.003,11.591],[79.053,11.583],[79.056,11.616],[79.126,11.575],[79.17,11.572],[79.196,11.621],[79.238,11.637],[79.282,11.621],[79.368,11.665],[79.43,11.65],[79.42,11.753],[79.428,11.794],[79.469,11.793],[79.441,11.856],[79.572,11.827],[79.621,11.786],[79.668,11.798],[79.673,11.87],[79.659,11.866],[79.66,11.877],[79.676,11.879],[79.684,11.887],[79.683,11.905],[79.703,11.898],[79.692,11.898],[79.702,11.877],[79.717,11.877],[79.718,11.889],[79.704,11.913],[79.695,11.931],[79.695,11.926],[79.693,11.921],[79.692,11.924],[79.678,11.937],[79.678,11.939],[79.687,11.947],[79.702,11.952],[79.695,11.961],[79.699,11.972],[79.695,11.975],[79.687,11.974],[79.681,11.973],[79.651,11.972],[79.642,11.976],[79.644,11.993],[79.647,11.993],[79.652,11.998],[79.672,12.012],[79.679,12.019],[79.69,12.001],[79.706,11.977],[79.72,11.976],[79.725,11.978],[79.729,11.986],[79.738,11.967],[79.727,11.962],[79.716,11.967],[79.734,11.947],[79.773,11.947],[79.776,11.946],[79.798,11.964],[79.805,11.963],[79.811,11.943],[79.818,11.94],[79.847,11.98],[79.885,12.065],[79.99,12.224],[79.995,12.25],[79.995,12.249],[79.966,12.226],[79.966,12.225],[79.965,12.224],[79.964,12.224],[79.964,12.223],[79.963,12.223],[79.962,12.222],[79.945,12.219],[79.89,12.214],[79.856,12.23],[79.785,12.322],[79.758,12.319],[79.747,12.313],[79.738,12.31],[79.714,12.316],[79.688,12.316],[79.682,12.31],[79.637,12.32],[79.635,12.329],[79.624,12.329],[79.61,12.348],[79.602,12.361],[79.558,12.342],[79.538,12.35]]]},"properties":{"code":"IN-TN-villupuram","name":"Villupuram","state":"Tamil Nadu"}},{"type":"Feature","geometry":{"type":"Polygon","coordinates":[[[78.128,9.772],[78.092,9.774],[78.046,9.73],[78.071,9.664],[78.024,9.665],[77.998,9.628],[77.947,9.634],[77.827,9.625],[77.759,9.63],[77.748,9.669],[77.709,9.683],[77.653,9.667],[77.628,9.695],[77.57,9.656],[77.504,9.629],[77.462,9.553],[77.387,9.517],[77.372,9.445],[77.324,9.408],[77.373,9.382],[77.417,9.382],[77.424,9.345],[77.48,9.325],[77.529,9.362],[77.608,9.282],[77.695,9.279],[77.755,9.226],[77.78,9.245],[77.83,9.232],[77.894,9.188],[77.968,9.247],[77.973,9.257],[77.992,9.289],[78.002,9.294],[78.033,9.292],[78.018,9.32],[78.034,9.332],[78.038,9.346],[78.054,9.348],[78.084,9.35],[78.122,9.358],[78.151,9.357],[78.151,9.342],[78.152,9.338],[78.155,9.33],[78.167,9.324],[78.172,9.319],[78.194,9.306],[78.196,9.291],[78.221,9.282],[78.237,9.282],[78.265,9.275],[78.264,9.263],[78.313,9.25],[78.358,9.28],[78.318,9.354],[78.278,9.377],[78.226,9.365],[78.201,9.433],[78.257,9.434],[78.312,9.467],[78.33,9.503],[78.366,9.504],[78.358,9.554],[78.4,9.584],[78.375,9.637],[78.333,9.653],[78.257,9.74],[78.128,9.772]]]},"properties":{"code":"IN-TN-virudhunagar","name":"Virudhunagar","state":"Tamil Nadu"}},{"type":"Feature","geometry":{"type":"Polygon","coordinates":[[[91.902,24.138],[91.842,24.198],[91.743,24.247],[91.756,24.143],[91.761,24.027],[91.755,23.957],[91.777,23.912],[91.787,23.743],[91.779,23.691],[91.79,23.607],[91.832,23.508],[91.901,23.437],[91.976,23.496],[91.942,23.682],[91.962,23.728],[92.071,23.645],[92.15,23.732],[92.174,23.743],[92.162,23.757],[92.159,23.851],[92.133,23.931],[92.092,23.945],[92.094,24.003],[92.071,24.053],[92.074,24.107],[91.979,24.073],[91.912,24.111],[91.902,24.138]]]},"properties":{"code":"IN-TR-dhalai","name":"Dhalai","state":"Tripura"}},{"type":"Feature","geometry":{"type":"Polygon","coordinates":[[[92.234,24.5],[92.173,24.534],[92.158,24.46],[92.119,24.384],[92.097,24.375],[91.978,24.381],[91.92,24.336],[91.942,24.268],[91.902,24.138],[91.912,24.111],[91.979,24.073],[92.074,24.107],[92.071,24.053],[92.094,24.003],[92.092,23.945],[92.133,23.931],[92.159,23.851],[92.162,23.757],[92.174,23.743],[92.218,23.695],[92.266,23.739],[92.267,23.762],[92.262,23.805],[92.281,23.815],[92.287,23.817],[92.283,23.823],[92.284,23.824],[92.282,23.831],[92.277,23.837],[92.274,23.844],[92.288,23.867],[92.294,23.871],[92.295,23.87],[92.301,23.866],[92.307,23.864],[92.32,23.865],[92.318,23.867],[92.322,23.87],[92.32,23.878],[92.317,23.879],[92.316,23.883],[92.317,23.884],[92.318,23.888],[92.319,23.889],[92.319,23.891],[92.321,23.891],[92.322,23.891],[92.324,23.905],[92.33,23.906],[92.331,23.921],[92.321,23.926],[92.313,23.935],[92.313,23.943],[92.313,23.957],[92.313,23.961],[92.313,23.97],[92.32,23.975],[92.317,24.018],[92.319,24.019],[92.322,24.019],[92.317,24.028],[92.319,24.031],[92.317,24.038],[92.315,24.049],[92.32,24.051],[92.322,24.059],[92.317,24.067],[92.323,24.07],[92.324,24.073],[92.33,24.101],[92.332,24.105],[92.329,24.11],[92.332,24.113],[92.328,24.125],[92.328,24.135],[92.329,24.14],[92.332,24.144],[92.335,24.144],[92.336,24.144],[92.334,24.151],[92.332,24.164],[92.33,24.175],[92.327,24.186],[92.329,24.191],[92.325,24.199],[92.32,24.204],[92.316,24.213],[92.31,24.215],[92.314,24.221],[92.303,24.222],[92.301,24.225],[92.298,24.227],[92.299,24.232],[92.296,24.234],[92.297,24.238],[92.295,24.241],[92.295,24.248],[92.297,24.252],[92.26,24.25],[92.241,24.251],[92.213,24.249],[92.268,24.373],[92.272,24.378],[92.27,24.382],[92.273,24.386],[92.27,24.391],[92.27,24.395],[92.263,24.405],[92.259,24.414],[92.257,24.436],[92.236,24.454],[92.235,24.456],[92.231,24.465],[92.234,24.485],[92.239,24.49],[92.235,24.497],[92.234,24.5]]]},"properties":{"code":"IN-TR-north-tripura","name":"North Tripura","state":"Tripura"}},{"type":"Feature","geometry":{"type":"Polygon","coordinates":[[[91.779,23.691],[91.713,23.763],[91.616,23.762],[91.572,23.739],[91.462,23.655],[91.397,23.581],[91.397,23.52],[91.376,23.439],[91.389,23.352],[91.371,23.298],[91.317,23.274],[91.33,23.158],[91.378,23.064],[91.422,23.059],[91.391,23.153],[91.396,23.223],[91.422,23.257],[91.458,23.256],[91.506,23.187],[91.498,23.151],[91.554,23.034],[91.563,22.976],[91.624,22.951],[91.657,22.987],[91.756,23.016],[91.778,23.065],[91.835,23.092],[91.771,23.264],[91.85,23.403],[91.901,23.437],[91.832,23.508],[91.79,23.607],[91.779,23.691]]]},"properties":{"code":"IN-TR-south-tripura","name":"South Tripura","state":"Tripura"}},{"type":"Feature","geometry":{"type":"Polygon","coordinates":[[[91.756,24.143],[91.732,24.142],[91.66,24.188],[91.634,24.103],[91.545,24.076],[91.49,24.098],[91.375,24.108],[91.397,24.051],[91.361,23.987],[91.306,23.999],[91.282,23.98],[91.232,23.899],[91.258,23.84],[91.234,23.769],[91.172,23.752],[91.158,23.691],[91.201,23.692],[91.163,23.628],[91.194,23.575],[91.204,23.524],[91.254,23.49],[91.283,23.41],[91.297,23.321],[91.317,23.274],[91.371,23.298],[91.389,23.352],[91.376,23.439],[91.397,23.52],[91.397,23.581],[91.462,23.655],[91.572,23.739],[91.616,23.762],[91.713,23.763],[91.779,23.691],[91.787,23.743],[91.777,23.912],[91.755,23.957],[91.761,24.027],[91.756,24.143]]]},"properties":{"code":"IN-TR-west-tripura","name":"West Tripura","state":"Tripura"}},{"type":"Feature","geometry":{"type":"Polygon","coordinates":[[[77.9,27.261],[77.894,27.297],[77.859,27.291],[77.858,27.284],[77.877,27.273],[77.872,27.258],[77.856,27.254],[77.839,27.294],[77.772,27.239],[77.693,27.258],[77.639,27.247],[77.655,27.176],[77.615,27.175],[77.597,27.129],[77.544,27.116],[77.559,27.049],[77.657,27.023],[77.692,26.979],[77.642,26.967],[77.58,26.931],[77.482,26.904],[77.417,26.843],[77.448,26.747],[77.521,26.822],[77.609,26.835],[77.672,26.874],[77.716,26.881],[77.724,26.923],[77.765,26.938],[77.871,26.906],[77.91,26.914],[78.042,26.915],[78.087,26.902],[78.139,26.957],[78.233,26.934],[78.248,26.901],[78.205,26.877],[78.21,26.836],[78.256,26.82],[78.282,26.864],[78.363,26.871],[78.386,26.828],[78.426,26.832],[78.458,26.795],[78.535,26.772],[78.602,26.756],[78.677,26.792],[78.741,26.793],[78.771,26.764],[78.785,26.803],[78.843,26.815],[78.799,26.875],[78.774,26.871],[78.74,26.92],[78.668,26.923],[78.665,26.884],[78.584,26.931],[78.564,26.969],[78.508,26.963],[78.443,26.99],[78.425,27.047],[78.355,27.085],[78.218,27.082],[78.194,27.136],[78.197,27.187],[78.105,27.186],[78.073,27.206],[78.032,27.183],[78.021,27.252],[77.954,27.27],[77.955,27.285],[77.953,27.298],[77.951,27.3],[77.949,27.299],[77.933,27.281],[77.925,27.273],[77.924,27.269],[77.933,27.248],[77.903,27.244],[77.9,27.261]]]},"properties":{"code":"IN-UP-agra","name":"Agra","state":"Uttar Pradesh"}},{"type":"Feature","geometry":{"type":"Polygon","coordinates":[[[78.476,28.13],[78.419,28.1],[78.342,28.155],[78.297,28.124],[78.25,28.122],[78.134,28.077],[78.128,28.11],[78.04,28.135],[77.977,28.086],[77.91,28.099],[77.86,28.136],[77.836,28.177],[77.753,28.157],[77.727,28.094],[77.688,28.085],[77.649,28.118],[77.599,28.114],[77.563,28.085],[77.47,28.084],[77.478,28.049],[77.535,27.993],[77.519,27.932],[77.548,27.918],[77.617,27.942],[77.705,27.949],[77.752,27.91],[77.825,27.759],[77.788,27.739],[77.785,27.69],[77.842,27.659],[77.863,27.581],[77.89,27.588],[77.9,27.592],[77.92,27.608],[77.932,27.61],[77.95,27.618],[77.958,27.612],[77.991,27.608],[77.977,27.629],[77.984,27.643],[77.991,27.647],[78.011,27.649],[78.006,27.661],[78.013,27.674],[77.991,27.704],[77.994,27.713],[78.003,27.73],[77.997,27.734],[78.014,27.743],[78.021,27.739],[78.025,27.754],[78.011,27.759],[78.01,27.763],[78.018,27.772],[78.034,27.778],[78.039,27.79],[78.062,27.787],[78.062,27.774],[78.073,27.777],[78.094,27.772],[78.111,27.772],[78.118,27.777],[78.126,27.774],[78.138,27.771],[78.145,27.766],[78.167,27.745],[78.174,27.73],[78.165,27.721],[78.193,27.703],[78.21,27.692],[78.266,27.666],[78.322,27.669],[78.362,27.69],[78.399,27.759],[78.448,27.828],[78.452,27.82],[78.463,27.815],[78.466,27.814],[78.484,27.861],[78.542,27.915],[78.59,27.986],[78.61,28.045],[78.567,28.084],[78.54,28.069],[78.476,28.13]]]},"properties":{"code":"IN-UP-aligarh","name":"Aligarh","state":"Uttar Pradesh"}},{"type":"Feature","geometry":{"type":"Polygon","coordinates":[[[82.147,25.683],[82.102,25.658],[82.054,25.662],[82.012,25.747],[81.937,25.744],[81.909,25.718],[81.834,25.729],[81.797,25.753],[81.746,25.737],[81.742,25.672],[81.715,25.648],[81.606,25.596],[81.64,25.582],[81.658,25.517],[81.715,25.515],[81.789,25.473],[81.861,25.516],[81.904,25.473],[81.884,25.437],[81.81,25.412],[81.787,25.377],[81.808,25.345],[81.683,25.359],[81.628,25.354],[81.542,25.294],[81.556,25.242],[81.518,25.238],[81.534,25.188],[81.566,25.196],[81.592,25.136],[81.647,25.075],[81.716,25.053],[81.792,25.01],[81.829,25.019],[81.902,24.983],[81.903,24.884],[81.965,24.841],[82.005,24.851],[82.1,24.81],[82.076,24.835],[82.13,24.886],[82.161,24.893],[82.297,25.022],[82.319,25.078],[82.283,25.153],[82.262,25.164],[82.26,25.175],[82.261,25.182],[82.261,25.184],[82.261,25.185],[82.258,25.186],[82.254,25.185],[82.249,25.184],[82.24,25.184],[82.227,25.184],[82.224,25.184],[82.218,25.185],[82.208,25.187],[82.196,25.193],[82.193,25.197],[82.188,25.207],[82.193,25.238],[82.197,25.243],[82.199,25.247],[82.2,25.248],[82.202,25.251],[82.206,25.257],[82.209,25.265],[82.211,25.269],[82.213,25.276],[82.214,25.279],[82.222,25.278],[82.229,25.277],[82.24,25.277],[82.244,25.277],[82.247,25.28],[82.25,25.287],[82.25,25.288],[82.254,25.292],[82.255,25.295],[82.259,25.296],[82.261,25.296],[82.264,25.297],[82.265,25.298],[82.269,25.299],[82.272,25.301],[82.277,25.303],[82.278,25.303],[82.282,25.303],[82.285,25.306],[82.286,25.306],[82.291,25.309],[82.293,25.31],[82.294,25.311],[82.295,25.314],[82.295,25.317],[82.295,25.328],[82.296,25.329],[82.3,25.331],[82.304,25.332],[82.31,25.341],[82.308,25.356],[82.307,25.36],[82.3,25.37],[82.3,25.373],[82.302,25.374],[82.309,25.379],[82.31,25.382],[82.308,25.389],[82.307,25.389],[82.304,25.389],[82.305,25.391],[82.311,25.399],[82.317,25.397],[82.322,25.404],[82.322,25.405],[82.328,25.404],[82.333,25.404],[82.338,25.409],[82.34,25.413],[82.345,25.422],[82.341,25.43],[82.34,25.432],[82.336,25.438],[82.335,25.44],[82.332,25.447],[82.328,25.452],[82.326,25.453],[82.32,25.453],[82.315,25.458],[82.306,25.462],[82.303,25.463],[82.304,25.475],[82.304,25.477],[82.3,25.488],[82.297,25.488],[82.279,25.486],[82.277,25.488],[82.275,25.491],[82.275,25.495],[82.28,25.503],[82.282,25.503],[82.291,25.5],[82.297,25.499],[82.304,25.501],[82.307,25.502],[82.307,25.509],[82.302,25.512],[82.299,25.513],[82.289,25.516],[82.287,25.519],[82.289,25.522],[82.291,25.523],[82.296,25.525],[82.297,25.525],[82.307,25.526],[82.308,25.526],[82.311,25.521],[82.314,25.514],[82.315,25.51],[82.317,25.506],[82.324,25.504],[82.326,25.506],[82.331,25.516],[82.328,25.519],[82.324,25.524],[82.32,25.529],[82.319,25.536],[82.322,25.539],[82.22,25.591],[82.174,25.585],[82.112,25.647],[82.147,25.683]]]},"properties":{"code":"IN-UP-allahabad","name":"Allahabad","state":"Uttar Pradesh"}},{"type":"Feature","geometry":{"type":"Polygon","coordinates":[[[82.894,26.544],[82.864,26.541],[82.805,26.578],[82.704,26.559],[82.655,26.608],[82.57,26.608],[82.469,26.656],[82.459,26.586],[82.421,26.55],[82.329,26.581],[82.27,26.458],[82.212,26.411],[82.271,26.393],[82.378,26.379],[82.393,26.33],[82.461,26.287],[82.544,26.288],[82.572,26.26],[82.671,26.259],[82.726,26.251],[82.771,26.198],[82.851,26.17],[82.877,26.255],[82.865,26.314],[82.888,26.35],[82.875,26.387],[82.947,26.407],[82.959,26.359],[83.028,26.326],[83.039,26.294],[83.102,26.288],[83.106,26.359],[83.126,26.388],[83.061,26.411],[83.04,26.436],[83.015,26.477],[83.009,26.482],[82.965,26.497],[82.947,26.509],[82.926,26.52],[82.894,26.544]]]},"properties":{"code":"IN-UP-ambedkar-nagar","name":"Ambedkar Nagar","state":"Uttar Pradesh"}},{"type":"Feature","geometry":{"type":"Polygon","coordinates":[[[79.75,26.789],[79.656,26.871],[79.601,26.898],[79.551,26.866],[79.454,26.909],[79.429,26.947],[79.341,26.94],[79.317,26.774],[79.334,26.731],[79.298,26.699],[79.303,26.646],[79.249,26.614],[79.214,26.555],[79.064,26.487],[79.047,26.461],[79.127,26.445],[79.243,26.433],[79.284,26.448],[79.333,26.407],[79.428,26.437],[79.478,26.425],[79.495,26.369],[79.554,26.415],[79.592,26.487],[79.63,26.514],[79.633,26.612],[79.665,26.62],[79.714,26.671],[79.707,26.755],[79.75,26.789]]]},"properties":{"code":"IN-UP-auraiya","name":"Auraiya","state":"Uttar Pradesh"}},{"type":"Feature","geometry":{"type":"Polygon","coordinates":[[[83.126,26.388],[83.106,26.359],[83.102,26.288],[83.039,26.294],[83.028,26.326],[82.959,26.359],[82.947,26.407],[82.875,26.387],[82.888,26.35],[82.865,26.314],[82.877,26.255],[82.851,26.17],[82.771,26.198],[82.726,26.251],[82.671,26.259],[82.673,26.155],[82.672,26.11],[82.713,26.045],[82.719,25.993],[82.767,25.884],[82.778,25.828],[82.816,25.774],[82.89,25.776],[82.937,25.707],[82.996,25.711],[83.066,25.686],[83.058,25.654],[83.139,25.656],[83.177,25.675],[83.213,25.762],[83.277,25.762],[83.337,25.817],[83.299,25.862],[83.226,25.859],[83.191,25.876],[83.171,25.93],[83.203,25.946],[83.192,26.009],[83.206,26.063],[83.253,26.098],[83.255,26.129],[83.37,26.081],[83.397,26.098],[83.401,26.171],[83.462,26.261],[83.499,26.28],[83.432,26.274],[83.328,26.353],[83.279,26.361],[83.222,26.396],[83.126,26.388]]]},"properties":{"code":"IN-UP-azamgarh","name":"Azamgarh","state":"Uttar Pradesh"}},{"type":"Feature","geometry":{"type":"Polygon","coordinates":[[[78.909,28.486],[78.86,28.487],[78.807,28.451],[78.744,28.383],[78.696,28.383],[78.628,28.339],[78.515,28.364],[78.484,28.421],[78.405,28.467],[78.369,28.474],[78.281,28.409],[78.274,28.378],[78.312,28.295],[78.364,28.268],[78.401,28.203],[78.476,28.13],[78.54,28.069],[78.567,28.084],[78.61,28.045],[78.661,28.041],[78.67,28.007],[78.718,27.967],[78.808,27.958],[78.955,27.857],[79.012,27.848],[79.113,27.853],[79.153,27.825],[79.159,27.785],[79.202,27.745],[79.199,27.713],[79.34,27.658],[79.328,27.74],[79.365,27.823],[79.449,27.855],[79.461,27.968],[79.487,28.027],[79.488,28.114],[79.413,28.175],[79.377,28.182],[79.325,28.161],[79.185,28.181],[79.107,28.21],[79.091,28.283],[79.04,28.381],[78.989,28.391],[78.909,28.486]]]},"properties":{"code":"IN-UP-badaun","name":"Badaun","state":"Uttar Pradesh"}},{"type":"Feature","geometry":{"type":"Polygon","coordinates":[[[77.478,29.202],[77.475,29.205],[77.462,29.217],[77.45,29.229],[77.446,29.231],[77.432,29.232],[77.385,29.253],[77.378,29.252],[77.373,29.242],[77.371,29.241],[77.344,29.245],[77.321,29.253],[77.312,29.261],[77.298,29.266],[77.287,29.263],[77.275,29.27],[77.271,29.272],[77.243,29.284],[77.229,29.285],[77.176,29.293],[77.149,29.299],[77.142,29.302],[77.129,29.273],[77.132,29.172],[77.127,29.154],[77.136,29.128],[77.124,29.101],[77.132,29.095],[77.162,29.052],[77.192,29.021],[77.208,28.991],[77.191,28.962],[77.19,28.956],[77.217,28.9],[77.199,28.893],[77.178,28.886],[77.187,28.867],[77.217,28.835],[77.234,28.826],[77.248,28.829],[77.266,28.838],[77.281,28.837],[77.286,28.834],[77.294,28.807],[77.308,28.798],[77.318,28.804],[77.322,28.806],[77.353,28.807],[77.355,28.797],[77.402,28.797],[77.395,28.815],[77.388,28.834],[77.407,28.841],[77.409,28.849],[77.425,28.905],[77.431,28.92],[77.433,28.927],[77.469,28.966],[77.471,28.973],[77.472,28.994],[77.454,29.025],[77.443,29.035],[77.444,29.042],[77.445,29.068],[77.442,29.079],[77.44,29.098],[77.44,29.119],[77.478,29.202]]]},"properties":{"code":"IN-UP-baghpat","name":"Baghpat","state":"Uttar Pradesh"}},{"type":"Feature","geometry":{"type":"MultiPolygon","coordinates":[[[[81.757,27.943],[81.695,27.989],[81.706,27.98],[81.71,27.977],[81.727,27.962],[81.729,27.96],[81.757,27.938],[81.768,27.929],[81.768,27.928],[81.77,27.926],[81.796,27.907],[81.804,27.905],[81.764,27.937],[81.757,27.943]]],[[[81.65,27.993],[81.48,28.083],[81.486,28.118],[81.449,28.16],[81.377,28.177],[81.373,28.142],[81.32,28.133],[81.322,28.197],[81.235,28.289],[81.212,28.361],[81.073,28.392],[81.026,28.3],[81.057,28.241],[81.176,28.115],[81.156,28.05],[81.269,27.948],[81.295,27.91],[81.268,27.889],[81.294,27.819],[81.284,27.789],[81.29,27.691],[81.293,27.686],[81.309,27.643],[81.31,27.507],[81.341,27.433],[81.407,27.365],[81.402,27.342],[81.434,27.314],[81.438,27.139],[81.497,27.064],[81.506,27.088],[81.598,27.146],[81.622,27.142],[81.66,27.244],[81.695,27.276],[81.713,27.332],[81.708,27.339],[81.688,27.353],[81.707,27.366],[81.719,27.365],[81.763,27.366],[81.761,27.373],[81.727,27.385],[81.712,27.394],[81.696,27.391],[81.683,27.391],[81.681,27.392],[81.688,27.409],[81.689,27.414],[81.688,27.436],[81.694,27.457],[81.691,27.473],[81.687,27.486],[81.685,27.494],[81.671,27.507],[81.666,27.509],[81.661,27.504],[81.655,27.503],[81.651,27.52],[81.647,27.522],[81.636,27.532],[81.618,27.54],[81.608,27.555],[81.598,27.556],[81.574,27.573],[81.57,27.578],[81.569,27.583],[81.547,27.582],[81.546,27.612],[81.542,27.614],[81.547,27.621],[81.527,27.63],[81.515,27.639],[81.505,27.65],[81.496,27.661],[81.478,27.661],[81.466,27.671],[81.459,27.671],[81.438,27.671],[81.437,27.68],[81.49,27.714],[81.483,27.721],[81.517,27.729],[81.534,27.718],[81.544,27.719],[81.543,27.711],[81.532,27.694],[81.534,27.687],[81.546,27.681],[81.557,27.657],[81.582,27.68],[81.589,27.687],[81.553,27.739],[81.59,27.763],[81.524,27.821],[81.481,27.904],[81.518,27.949],[81.614,27.944],[81.65,27.993]]]]},"properties":{"code":"IN-UP-bahraich","name":"Bahraich","state":"Uttar Pradesh"}},{"type":"Feature","geometry":{"type":"Polygon","coordinates":[[[84.049,26.1],[83.949,26.134],[83.89,26.129],[83.855,26.188],[83.802,26.193],[83.776,26.167],[83.787,26.11],[83.673,26.073],[83.68,26.012],[83.764,26.004],[83.79,25.925],[83.724,25.859],[83.811,25.785],[83.854,25.795],[83.875,25.765],[83.946,25.75],[83.924,25.642],[83.938,25.592],[83.921,25.562],[83.94,25.565],[83.956,25.575],[83.992,25.601],[84.014,25.616],[84.057,25.632],[84.08,25.653],[84.074,25.684],[84.094,25.72],[84.123,25.724],[84.137,25.724],[84.129,25.717],[84.145,25.721],[84.148,25.726],[84.156,25.726],[84.194,25.703],[84.203,25.67],[84.233,25.664],[84.268,25.663],[84.273,25.662],[84.284,25.677],[84.288,25.676],[84.299,25.672],[84.319,25.672],[84.324,25.704],[84.324,25.733],[84.331,25.745],[84.337,25.745],[84.366,25.738],[84.372,25.738],[84.373,25.742],[84.384,25.738],[84.394,25.729],[84.395,25.724],[84.397,25.709],[84.411,25.698],[84.424,25.712],[84.432,25.712],[84.449,25.714],[84.455,25.71],[84.459,25.698],[84.46,25.691],[84.467,25.686],[84.499,25.677],[84.516,25.678],[84.528,25.715],[84.531,25.693],[84.552,25.684],[84.559,25.701],[84.556,25.736],[84.622,25.747],[84.615,25.753],[84.603,25.772],[84.61,25.777],[84.619,25.789],[84.62,25.794],[84.598,25.81],[84.571,25.83],[84.533,25.832],[84.527,25.834],[84.52,25.861],[84.54,25.86],[84.532,25.873],[84.507,25.872],[84.479,25.888],[84.451,25.89],[84.422,25.902],[84.409,25.924],[84.349,25.96],[84.296,25.947],[84.275,25.961],[84.24,25.983],[84.235,25.986],[84.214,25.996],[84.195,25.991],[84.176,25.998],[84.166,26.003],[84.159,26.032],[84.128,26.056],[84.107,26.082],[84.069,26.099],[84.049,26.1]]]},"properties":{"code":"IN-UP-ballia","name":"Ballia","state":"Uttar Pradesh"}},{"type":"Feature","geometry":{"type":"Polygon","coordinates":[[[82.736,27.504],[82.757,27.588],[82.716,27.662],[82.707,27.716],[82.607,27.706],[82.543,27.686],[82.451,27.679],[82.404,27.703],[82.369,27.742],[82.305,27.773],[82.198,27.848],[82.19,27.811],[82.134,27.772],[82.119,27.707],[82.068,27.632],[82.034,27.618],[82.025,27.575],[82.05,27.503],[82.046,27.455],[82.065,27.412],[82.071,27.4],[82.075,27.402],[82.085,27.407],[82.093,27.404],[82.099,27.412],[82.109,27.402],[82.111,27.399],[82.102,27.38],[82.121,27.376],[82.123,27.371],[82.133,27.36],[82.138,27.351],[82.147,27.328],[82.157,27.331],[82.165,27.332],[82.168,27.331],[82.173,27.324],[82.18,27.325],[82.191,27.317],[82.196,27.317],[82.197,27.315],[82.194,27.31],[82.21,27.304],[82.23,27.289],[82.239,27.283],[82.245,27.282],[82.248,27.27],[82.252,27.272],[82.264,27.268],[82.264,27.26],[82.267,27.258],[82.276,27.26],[82.277,27.255],[82.282,27.253],[82.286,27.254],[82.285,27.246],[82.291,27.242],[82.292,27.239],[82.297,27.238],[82.297,27.229],[82.294,27.225],[82.292,27.222],[82.281,27.227],[82.276,27.233],[82.262,27.243],[82.236,27.229],[82.234,27.225],[82.231,27.22],[82.217,27.178],[82.222,27.173],[82.224,27.166],[82.224,27.164],[82.226,27.161],[82.231,27.164],[82.232,27.159],[82.229,27.154],[82.307,27.121],[82.34,27.1],[82.389,27.05],[82.449,27.1],[82.472,27.156],[82.486,27.161],[82.483,27.166],[82.479,27.166],[82.478,27.169],[82.472,27.173],[82.472,27.17],[82.462,27.17],[82.462,27.168],[82.473,27.161],[82.471,27.16],[82.456,27.163],[82.447,27.157],[82.435,27.166],[82.429,27.178],[82.44,27.19],[82.474,27.209],[82.476,27.207],[82.495,27.198],[82.545,27.187],[82.552,27.188],[82.552,27.203],[82.537,27.209],[82.536,27.211],[82.545,27.212],[82.547,27.22],[82.522,27.219],[82.51,27.221],[82.503,27.219],[82.513,27.239],[82.494,27.243],[82.489,27.245],[82.496,27.252],[82.517,27.259],[82.513,27.267],[82.481,27.291],[82.485,27.297],[82.505,27.307],[82.503,27.311],[82.491,27.307],[82.48,27.317],[82.489,27.323],[82.495,27.322],[82.504,27.318],[82.5,27.329],[82.491,27.332],[82.471,27.325],[82.462,27.328],[82.461,27.332],[82.466,27.333],[82.482,27.34],[82.484,27.343],[82.483,27.364],[82.49,27.371],[82.5,27.375],[82.517,27.376],[82.527,27.374],[82.558,27.407],[82.564,27.414],[82.563,27.423],[82.567,27.423],[82.568,27.427],[82.589,27.426],[82.597,27.424],[82.607,27.424],[82.611,27.423],[82.613,27.413],[82.617,27.417],[82.618,27.413],[82.62,27.41],[82.627,27.418],[82.63,27.413],[82.637,27.415],[82.651,27.416],[82.658,27.415],[82.644,27.415],[82.643,27.414],[82.65,27.409],[82.659,27.411],[82.678,27.416],[82.683,27.419],[82.686,27.417],[82.689,27.425],[82.693,27.422],[82.696,27.427],[82.704,27.419],[82.707,27.409],[82.718,27.417],[82.721,27.415],[82.729,27.423],[82.731,27.455],[82.726,27.464],[82.724,27.465],[82.714,27.465],[82.711,27.471],[82.736,27.504]]]},"properties":{"code":"IN-UP-balrampur","name":"Balrampur","state":"Uttar Pradesh"}},{"type":"Feature","geometry":{"type":"Polygon","coordinates":[[[81.014,25.548],[81.025,25.596],[81.011,25.637],[80.939,25.625],[80.939,25.685],[80.854,25.68],[80.839,25.724],[80.759,25.689],[80.711,25.685],[80.583,25.715],[80.515,25.781],[80.461,25.815],[80.527,25.84],[80.548,25.871],[80.381,25.915],[80.342,25.904],[80.344,25.875],[80.254,25.81],[80.339,25.721],[80.296,25.698],[80.309,25.65],[80.268,25.625],[80.206,25.559],[80.215,25.505],[80.182,25.447],[80.131,25.461],[80.113,25.412],[80.096,25.352],[80.127,25.341],[80.189,25.406],[80.245,25.405],[80.274,25.425],[80.309,25.392],[80.303,25.297],[80.341,25.279],[80.402,25.221],[80.424,25.174],[80.349,25.141],[80.267,25.03],[80.314,25.004],[80.368,25.025],[80.394,25.072],[80.441,25.082],[80.494,25.045],[80.579,25.088],[80.595,25.155],[80.674,25.054],[80.714,25.068],[80.68,25.135],[80.712,25.193],[80.759,25.209],[80.743,25.255],[80.775,25.266],[80.772,25.334],[80.856,25.378],[80.879,25.424],[80.975,25.467],[81.018,25.508],[81.014,25.548]]]},"properties":{"code":"IN-UP-banda","name":"Banda","state":"Uttar Pradesh"}},{"type":"Feature","geometry":{"type":"Polygon","coordinates":[[[81.402,27.342],[81.367,27.275],[81.311,27.279],[81.287,27.342],[81.244,27.323],[81.234,27.289],[81.173,27.251],[81.107,27.28],[81.067,27.233],[80.956,27.226],[80.917,27.195],[80.919,27.164],[81.002,27.146],[81.042,27.095],[80.99,27.08],[80.99,27.005],[81.021,26.99],[81.033,26.944],[81.093,26.875],[81.084,26.843],[81.147,26.819],[81.209,26.711],[81.161,26.653],[81.156,26.597],[81.181,26.609],[81.273,26.575],[81.307,26.544],[81.348,26.551],[81.374,26.592],[81.407,26.569],[81.452,26.575],[81.481,26.543],[81.533,26.526],[81.556,26.591],[81.551,26.646],[81.609,26.631],[81.645,26.587],[81.695,26.591],[81.736,26.616],[81.729,26.657],[81.797,26.698],[81.852,26.81],[81.848,26.839],[81.746,26.89],[81.708,26.936],[81.648,26.967],[81.645,27.009],[81.55,27.055],[81.497,27.064],[81.438,27.139],[81.434,27.314],[81.402,27.342]]]},"properties":{"code":"IN-UP-bara-banki","name":"Bara Banki","state":"Uttar Pradesh"}},{"type":"Feature","geometry":{"type":"Polygon","coordinates":[[[79.631,28.859],[79.533,28.89],[79.507,28.863],[79.411,28.856],[79.396,28.885],[79.374,28.8],[79.377,28.763],[79.293,28.725],[79.228,28.645],[79.211,28.579],[79.172,28.563],[79.129,28.496],[78.989,28.438],[78.989,28.391],[79.04,28.381],[79.091,28.283],[79.107,28.21],[79.185,28.181],[79.325,28.161],[79.377,28.182],[79.413,28.175],[79.488,28.114],[79.487,28.027],[79.518,28.065],[79.575,28.097],[79.619,28.09],[79.611,28.155],[79.674,28.269],[79.667,28.312],[79.733,28.472],[79.736,28.513],[79.674,28.535],[79.664,28.589],[79.588,28.622],[79.618,28.715],[79.661,28.75],[79.631,28.859]]]},"properties":{"code":"IN-UP-bareilly","name":"Bareilly","state":"Uttar Pradesh"}},{"type":"Feature","geometry":{"type":"Polygon","coordinates":[[[82.92,26.925],[82.895,26.994],[82.82,26.938],[82.77,26.986],[82.733,26.984],[82.693,27.023],[82.607,27.008],[82.51,26.956],[82.477,26.909],[82.389,26.951],[82.35,26.936],[82.319,26.96],[82.234,26.939],[82.215,26.812],[82.226,26.756],[82.308,26.727],[82.373,26.662],[82.469,26.656],[82.57,26.608],[82.655,26.608],[82.704,26.559],[82.805,26.578],[82.864,26.541],[82.894,26.544],[82.891,26.555],[82.898,26.559],[82.904,26.565],[82.902,26.58],[82.894,26.579],[82.886,26.584],[82.879,26.608],[82.879,26.614],[82.892,26.628],[82.899,26.632],[82.898,26.632],[82.904,26.637],[82.922,26.671],[82.935,26.681],[82.95,26.674],[82.962,26.677],[82.958,26.685],[82.959,26.695],[82.966,26.7],[82.969,26.714],[82.958,26.726],[82.952,26.741],[82.945,26.752],[82.944,26.756],[82.934,26.757],[82.922,26.772],[82.912,26.766],[82.912,26.768],[82.922,26.79],[82.899,26.788],[82.895,26.792],[82.89,26.79],[82.889,26.787],[82.877,26.789],[82.875,26.793],[82.876,26.811],[82.875,26.814],[82.879,26.822],[82.864,26.839],[82.861,26.839],[82.842,26.845],[82.837,26.845],[82.83,26.849],[82.819,26.861],[82.826,26.863],[82.839,26.881],[82.843,26.881],[82.862,26.886],[82.856,26.892],[82.849,26.899],[82.849,26.903],[82.862,26.908],[82.852,26.922],[82.845,26.918],[82.844,26.93],[82.857,26.938],[82.864,26.946],[82.872,26.946],[82.92,26.925]]]},"properties":{"code":"IN-UP-basti","name":"Basti","state":"Uttar Pradesh"}},{"type":"Feature","geometry":{"type":"Polygon","coordinates":[[[78.896,29.456],[78.766,29.484],[78.693,29.509],[78.576,29.581],[78.512,29.651],[78.488,29.741],[78.332,29.796],[78.303,29.758],[78.231,29.704],[78.194,29.71],[78.166,29.68],[78.044,29.593],[78.033,29.552],[77.988,29.546],[77.982,29.499],[78.054,29.408],[78.056,29.365],[78.098,29.329],[78.126,29.259],[78.124,29.171],[78.098,29.146],[78.095,29.089],[78.195,29.056],[78.278,29.046],[78.404,29.044],[78.456,29.07],[78.59,29.09],[78.653,29.15],[78.658,29.179],[78.695,29.273],[78.759,29.287],[78.726,29.33],[78.784,29.343],[78.836,29.372],[78.887,29.409],[78.896,29.456]]]},"properties":{"code":"IN-UP-bijnor","name":"Bijnor","state":"Uttar Pradesh"}},{"type":"Feature","geometry":{"type":"Polygon","coordinates":[[[78.199,28.621],[78.118,28.628],[78.017,28.677],[77.957,28.719],[77.891,28.665],[77.847,28.657],[77.715,28.552],[77.678,28.558],[77.68,28.514],[77.608,28.472],[77.586,28.429],[77.655,28.367],[77.665,28.266],[77.716,28.218],[77.753,28.157],[77.836,28.177],[77.86,28.136],[77.91,28.099],[77.977,28.086],[78.04,28.135],[78.128,28.11],[78.134,28.077],[78.25,28.122],[78.297,28.124],[78.342,28.155],[78.419,28.1],[78.476,28.13],[78.401,28.203],[78.364,28.268],[78.312,28.295],[78.274,28.378],[78.281,28.409],[78.294,28.465],[78.261,28.496],[78.209,28.506],[78.219,28.579],[78.199,28.621]]]},"properties":{"code":"IN-UP-bulandshahr","name":"Bulandshahr","state":"Uttar Pradesh"}},{"type":"Feature","geometry":{"type":"Polygon","coordinates":[[[83.535,25.315],[83.541,25.35],[83.496,25.408],[83.405,25.489],[83.332,25.466],[83.28,25.506],[83.192,25.534],[83.171,25.513],[83.168,25.506],[83.162,25.49],[83.127,25.462],[83.131,25.443],[83.15,25.438],[83.186,25.408],[83.18,25.388],[83.179,25.382],[83.171,25.362],[83.153,25.333],[83.137,25.32],[83.132,25.319],[83.108,25.326],[83.091,25.331],[83.065,25.329],[83.021,25.315],[83.005,25.295],[83.041,25.284],[83.038,25.272],[83.043,25.27],[83.05,25.257],[83.058,25.252],[83.063,25.247],[83.047,25.249],[83.041,25.25],[83.026,25.244],[83.12,25.19],[83.167,25.187],[83.159,25.137],[83.128,25.115],[83.114,25.058],[83.057,25.067],[83.068,24.979],[83.059,24.931],[83.1,24.818],[83.094,24.77],[83.179,24.716],[83.221,24.733],[83.281,24.731],[83.322,24.771],[83.387,24.784],[83.386,24.787],[83.388,24.792],[83.39,24.802],[83.395,24.82],[83.389,24.836],[83.381,24.843],[83.356,24.869],[83.364,24.879],[83.355,24.887],[83.36,24.892],[83.352,24.908],[83.357,24.919],[83.358,24.946],[83.357,24.955],[83.338,24.964],[83.34,24.979],[83.346,24.992],[83.345,25.003],[83.318,25.017],[83.323,25.048],[83.322,25.056],[83.325,25.056],[83.332,25.051],[83.331,25.06],[83.328,25.061],[83.332,25.082],[83.334,25.085],[83.338,25.088],[83.34,25.112],[83.348,25.111],[83.357,25.124],[83.351,25.153],[83.345,25.167],[83.348,25.179],[83.338,25.18],[83.336,25.184],[83.344,25.187],[83.36,25.196],[83.375,25.203],[83.39,25.212],[83.395,25.217],[83.397,25.225],[83.409,25.249],[83.419,25.246],[83.419,25.253],[83.429,25.244],[83.431,25.245],[83.44,25.259],[83.454,25.251],[83.463,25.256],[83.472,25.265],[83.491,25.287],[83.518,25.293],[83.517,25.301],[83.518,25.302],[83.523,25.3],[83.526,25.3],[83.543,25.309],[83.533,25.313],[83.535,25.315]]]},"properties":{"code":"IN-UP-chandauli","name":"Chandauli","state":"Uttar Pradesh"}},{"type":"Feature","geometry":{"type":"Polygon","coordinates":[[[81.184,25.456],[81.183,25.492],[81.054,25.525],[81.014,25.548],[81.018,25.508],[80.975,25.467],[80.879,25.424],[80.856,25.378],[80.772,25.334],[80.775,25.266],[80.743,25.255],[80.759,25.209],[80.712,25.193],[80.68,25.135],[80.714,25.068],[80.751,25.142],[80.819,25.131],[80.87,25.189],[80.906,25.164],[80.865,25.124],[80.871,25.071],[80.829,25.03],[80.85,25.003],[80.802,24.944],[80.857,24.936],[80.937,24.972],[80.953,24.939],[81.076,24.952],[81.117,24.902],[81.155,24.932],[81.206,24.939],[81.202,24.996],[81.262,25.068],[81.246,25.106],[81.269,25.165],[81.349,25.167],[81.389,25.124],[81.484,25.075],[81.492,25.149],[81.534,25.188],[81.518,25.238],[81.556,25.242],[81.542,25.294],[81.451,25.262],[81.381,25.276],[81.389,25.333],[81.316,25.351],[81.257,25.329],[81.241,25.358],[81.143,25.401],[81.184,25.456]]]},"properties":{"code":"IN-UP-chitrakoot","name":"Chitrakoot","state":"Uttar Pradesh"}},{"type":"Feature","geometry":{"type":"Polygon","coordinates":[[[84.049,26.55],[84.002,26.579],[83.961,26.626],[83.952,26.674],[83.897,26.694],[83.865,26.75],[83.803,26.75],[83.792,26.717],[83.622,26.66],[83.593,26.518],[83.491,26.497],[83.472,26.46],[83.515,26.403],[83.557,26.396],[83.616,26.325],[83.649,26.322],[83.626,26.226],[83.733,26.265],[83.781,26.232],[83.802,26.193],[83.855,26.188],[83.89,26.129],[83.949,26.134],[84.049,26.1],[84.048,26.104],[84.045,26.106],[84.044,26.117],[84.042,26.132],[84.034,26.137],[84.024,26.154],[84.028,26.16],[84.023,26.165],[84.02,26.164],[84.003,26.178],[84.015,26.197],[84.024,26.201],[84.023,26.204],[84.019,26.209],[84.02,26.224],[84.017,26.222],[84.008,26.225],[84.006,26.234],[84.01,26.239],[84.012,26.241],[84.018,26.239],[84.024,26.24],[84.034,26.232],[84.047,26.23],[84.058,26.227],[84.074,26.225],[84.082,26.227],[84.08,26.232],[84.092,26.24],[84.101,26.243],[84.113,26.25],[84.112,26.257],[84.124,26.259],[84.157,26.244],[84.156,26.253],[84.155,26.258],[84.164,26.261],[84.171,26.268],[84.168,26.274],[84.171,26.287],[84.169,26.293],[84.182,26.317],[84.171,26.374],[84.156,26.378],[84.131,26.382],[84.128,26.384],[84.115,26.388],[84.092,26.39],[84.088,26.39],[84.081,26.386],[84.077,26.384],[84.055,26.4],[84.045,26.405],[84.041,26.408],[84.036,26.408],[84.033,26.414],[84.016,26.432],[84.009,26.445],[83.99,26.448],[83.982,26.435],[83.946,26.438],[83.936,26.442],[83.908,26.45],[83.902,26.45],[83.902,26.467],[83.907,26.5],[83.902,26.51],[83.902,26.518],[83.915,26.52],[83.944,26.516],[83.943,26.513],[83.963,26.509],[83.968,26.526],[83.974,26.532],[83.984,26.531],[83.998,26.527],[83.999,26.525],[84.014,26.532],[84.048,26.543],[84.049,26.55]]]},"properties":{"code":"IN-UP-deoria","name":"Deoria","state":"Uttar Pradesh"}},{"type":"Feature","geometry":{"type":"Polygon","coordinates":[[[79.199,27.713],[79.202,27.745],[79.159,27.785],[79.153,27.825],[79.113,27.853],[79.012,27.848],[78.955,27.857],[78.808,27.958],[78.718,27.967],[78.67,28.007],[78.661,28.041],[78.61,28.045],[78.59,27.986],[78.542,27.915],[78.484,27.861],[78.466,27.814],[78.466,27.808],[78.464,27.805],[78.471,27.796],[78.474,27.795],[78.47,27.787],[78.47,27.78],[78.472,27.773],[78.465,27.77],[78.466,27.764],[78.485,27.751],[78.505,27.746],[78.515,27.734],[78.5,27.708],[78.496,27.691],[78.502,27.677],[78.506,27.676],[78.501,27.67],[78.491,27.65],[78.492,27.642],[78.496,27.63],[78.482,27.619],[78.46,27.624],[78.437,27.602],[78.407,27.586],[78.398,27.586],[78.38,27.584],[78.378,27.572],[78.354,27.565],[78.354,27.58],[78.34,27.581],[78.329,27.586],[78.324,27.589],[78.324,27.585],[78.309,27.579],[78.305,27.565],[78.309,27.553],[78.273,27.559],[78.275,27.542],[78.264,27.532],[78.261,27.533],[78.239,27.528],[78.22,27.531],[78.205,27.529],[78.211,27.519],[78.196,27.511],[78.199,27.489],[78.193,27.481],[78.191,27.466],[78.184,27.462],[78.171,27.439],[78.172,27.433],[78.188,27.439],[78.189,27.409],[78.288,27.388],[78.27,27.343],[78.302,27.319],[78.391,27.377],[78.429,27.367],[78.476,27.388],[78.457,27.427],[78.536,27.448],[78.598,27.516],[78.652,27.496],[78.636,27.426],[78.712,27.35],[78.827,27.367],[78.83,27.415],[78.897,27.47],[78.95,27.425],[78.99,27.439],[79.054,27.423],[79.1,27.438],[79.207,27.335],[79.241,27.337],[79.259,27.353],[79.239,27.423],[79.238,27.479],[79.265,27.517],[79.216,27.542],[79.214,27.58],[79.174,27.619],[79.124,27.638],[79.126,27.709],[79.199,27.713]]]},"properties":{"code":"IN-UP-etah","name":"Etah","state":"Uttar Pradesh"}},{"type":"Feature","geometry":{"type":"Polygon","coordinates":[[[79.318,26.966],[79.27,26.99],[79.188,26.981],[79.184,27.006],[79.108,27.006],[79.046,26.989],[78.993,26.938],[78.947,26.977],[78.821,26.958],[78.799,26.964],[78.74,26.92],[78.774,26.871],[78.799,26.875],[78.843,26.815],[78.785,26.803],[78.771,26.764],[78.811,26.765],[78.865,26.705],[78.904,26.713],[78.984,26.686],[79.006,26.61],[78.998,26.551],[79.033,26.536],[79.064,26.487],[79.214,26.555],[79.249,26.614],[79.303,26.646],[79.298,26.699],[79.334,26.731],[79.317,26.774],[79.341,26.94],[79.318,26.966]]]},"properties":{"code":"IN-UP-etawah","name":"Etawah","state":"Uttar Pradesh"}},{"type":"Feature","geometry":{"type":"Polygon","coordinates":[[[82.215,26.812],[82.176,26.837],[82.03,26.811],[81.967,26.783],[81.91,26.793],[81.848,26.839],[81.852,26.81],[81.797,26.698],[81.729,26.657],[81.736,26.616],[81.695,26.591],[81.692,26.545],[81.853,26.537],[81.927,26.51],[82.074,26.474],[82.1,26.475],[82.154,26.427],[82.212,26.411],[82.27,26.458],[82.329,26.581],[82.421,26.55],[82.459,26.586],[82.469,26.656],[82.373,26.662],[82.308,26.727],[82.226,26.756],[82.215,26.812]]]},"properties":{"code":"IN-UP-faizabad","name":"Faizabad","state":"Uttar Pradesh"}},{"type":"Feature","geometry":{"type":"Polygon","coordinates":[[[79.34,27.658],[79.199,27.713],[79.126,27.709],[79.124,27.638],[79.174,27.619],[79.214,27.58],[79.216,27.542],[79.265,27.517],[79.238,27.479],[79.239,27.423],[79.259,27.353],[79.241,27.337],[79.28,27.288],[79.311,27.293],[79.33,27.221],[79.385,27.202],[79.438,27.216],[79.512,27.215],[79.552,27.165],[79.623,27.189],[79.671,27.177],[79.716,27.222],[79.69,27.235],[79.723,27.286],[79.712,27.333],[79.68,27.374],[79.737,27.458],[79.706,27.479],[79.654,27.501],[79.643,27.62],[79.58,27.597],[79.47,27.602],[79.435,27.646],[79.34,27.658]]]},"properties":{"code":"IN-UP-farrukhabad","name":"Farrukhabad","state":"Uttar Pradesh"}},{"type":"Feature","geometry":{"type":"Polygon","coordinates":[[[80.667,26.126],[80.605,26.156],[80.593,26.229],[80.558,26.232],[80.535,26.207],[80.53,26.202],[80.522,26.203],[80.512,26.198],[80.501,26.193],[80.483,26.197],[80.472,26.182],[80.466,26.186],[80.404,26.166],[80.316,26.118],[80.294,26.066],[80.254,26.053],[80.239,25.995],[80.209,25.977],[80.228,25.927],[80.263,25.936],[80.293,25.898],[80.342,25.904],[80.381,25.915],[80.548,25.871],[80.527,25.84],[80.461,25.815],[80.515,25.781],[80.583,25.715],[80.711,25.685],[80.759,25.689],[80.839,25.724],[80.854,25.68],[80.939,25.685],[80.939,25.625],[81.011,25.637],[81.025,25.596],[81.014,25.548],[81.054,25.525],[81.183,25.492],[81.184,25.456],[81.211,25.451],[81.254,25.548],[81.217,25.599],[81.203,25.646],[81.229,25.746],[81.306,25.786],[81.328,25.814],[81.288,25.848],[81.212,25.878],[81.208,25.931],[81.107,25.959],[81.01,26.068],[80.931,26.07],[80.803,26.038],[80.752,26.078],[80.699,26.091],[80.667,26.126]]]},"properties":{"code":"IN-UP-fatehpur","name":"Fatehpur","state":"Uttar Pradesh"}},{"type":"Feature","geometry":{"type":"Polygon","coordinates":[[[78.712,27.35],[78.636,27.426],[78.652,27.496],[78.598,27.516],[78.536,27.448],[78.457,27.427],[78.476,27.388],[78.429,27.367],[78.391,27.377],[78.302,27.319],[78.27,27.343],[78.288,27.388],[78.189,27.409],[78.182,27.408],[78.17,27.415],[78.169,27.414],[78.167,27.396],[78.16,27.392],[78.149,27.39],[78.132,27.375],[78.128,27.371],[78.112,27.377],[78.098,27.375],[78.082,27.39],[78.073,27.398],[78.069,27.395],[78.043,27.375],[78.064,27.371],[78.076,27.363],[78.077,27.357],[78.07,27.355],[78.064,27.341],[78.049,27.348],[78.034,27.352],[78.03,27.346],[78.03,27.34],[78.021,27.336],[78.006,27.333],[78.005,27.327],[77.991,27.333],[77.976,27.314],[77.983,27.302],[77.973,27.286],[77.972,27.284],[77.96,27.273],[77.954,27.27],[78.021,27.252],[78.032,27.183],[78.073,27.206],[78.105,27.186],[78.197,27.187],[78.194,27.136],[78.218,27.082],[78.355,27.085],[78.425,27.047],[78.443,26.99],[78.508,26.963],[78.564,26.969],[78.584,26.931],[78.665,26.884],[78.668,26.923],[78.74,26.92],[78.799,26.964],[78.763,27.031],[78.759,27.071],[78.799,27.15],[78.751,27.186],[78.75,27.23],[78.711,27.268],[78.712,27.35]]]},"properties":{"code":"IN-UP-firozabad","name":"Firozabad","state":"Uttar Pradesh"}},{"type":"Feature","geometry":{"type":"Polygon","coordinates":[[[77.678,28.558],[77.645,28.601],[77.556,28.622],[77.512,28.653],[77.465,28.631],[77.396,28.634],[77.401,28.679],[77.327,28.685],[77.318,28.672],[77.328,28.605],[77.31,28.599],[77.295,28.582],[77.294,28.58],[77.303,28.55],[77.315,28.541],[77.331,28.524],[77.337,28.516],[77.338,28.509],[77.436,28.432],[77.494,28.358],[77.466,28.341],[77.538,28.191],[77.499,28.163],[77.499,28.123],[77.47,28.084],[77.563,28.085],[77.599,28.114],[77.649,28.118],[77.688,28.085],[77.727,28.094],[77.753,28.157],[77.716,28.218],[77.665,28.266],[77.655,28.367],[77.586,28.429],[77.608,28.472],[77.68,28.514],[77.678,28.558]]]},"properties":{"code":"IN-UP-gautam-buddha-nagar","name":"Gautam Buddha Nagar","state":"Uttar Pradesh"}},{"type":"Feature","geometry":{"type":"Polygon","coordinates":[[[78.105,28.862],[78.024,28.869],[77.958,28.849],[77.858,28.868],[77.843,28.807],[77.782,28.792],[77.722,28.742],[77.682,28.881],[77.587,28.88],[77.451,28.911],[77.449,28.931],[77.433,28.927],[77.431,28.92],[77.425,28.905],[77.409,28.849],[77.407,28.841],[77.388,28.834],[77.395,28.815],[77.402,28.797],[77.355,28.797],[77.353,28.807],[77.322,28.806],[77.318,28.804],[77.308,28.798],[77.294,28.807],[77.286,28.834],[77.281,28.837],[77.266,28.838],[77.248,28.829],[77.234,28.826],[77.194,28.802],[77.197,28.795],[77.208,28.787],[77.213,28.786],[77.225,28.788],[77.221,28.778],[77.229,28.772],[77.246,28.757],[77.253,28.753],[77.256,28.74],[77.266,28.739],[77.271,28.738],[77.284,28.719],[77.293,28.71],[77.296,28.713],[77.317,28.717],[77.322,28.712],[77.327,28.685],[77.401,28.679],[77.396,28.634],[77.465,28.631],[77.512,28.653],[77.556,28.622],[77.645,28.601],[77.678,28.558],[77.715,28.552],[77.847,28.657],[77.891,28.665],[77.957,28.719],[78.017,28.677],[78.118,28.628],[78.199,28.621],[78.182,28.676],[78.13,28.727],[78.108,28.794],[78.105,28.862]]]},"properties":{"code":"IN-UP-ghaziabad","name":"Ghaziabad","state":"Uttar Pradesh"}},{"type":"Feature","geometry":{"type":"Polygon","coordinates":[[[83.724,25.859],[83.651,25.894],[83.499,25.866],[83.337,25.817],[83.277,25.762],[83.213,25.762],[83.177,25.675],[83.139,25.656],[83.058,25.654],[83.074,25.572],[83.064,25.553],[83.069,25.541],[83.063,25.537],[83.062,25.524],[83.078,25.496],[83.085,25.497],[83.089,25.506],[83.099,25.497],[83.104,25.497],[83.098,25.511],[83.09,25.523],[83.11,25.524],[83.144,25.508],[83.151,25.505],[83.15,25.509],[83.158,25.525],[83.165,25.526],[83.171,25.513],[83.192,25.534],[83.28,25.506],[83.332,25.466],[83.405,25.489],[83.496,25.408],[83.541,25.35],[83.535,25.315],[83.554,25.314],[83.561,25.316],[83.563,25.31],[83.584,25.325],[83.603,25.332],[83.611,25.333],[83.62,25.329],[83.625,25.335],[83.629,25.338],[83.63,25.343],[83.632,25.342],[83.643,25.341],[83.645,25.358],[83.656,25.364],[83.669,25.364],[83.679,25.367],[83.689,25.371],[83.688,25.374],[83.676,25.382],[83.693,25.394],[83.696,25.396],[83.709,25.395],[83.725,25.398],[83.735,25.409],[83.741,25.4],[83.748,25.404],[83.751,25.405],[83.759,25.401],[83.75,25.392],[83.762,25.388],[83.763,25.399],[83.771,25.4],[83.797,25.408],[83.794,25.432],[83.803,25.433],[83.824,25.433],[83.83,25.451],[83.819,25.453],[83.808,25.453],[83.807,25.459],[83.815,25.468],[83.829,25.461],[83.855,25.485],[83.86,25.489],[83.867,25.493],[83.893,25.525],[83.914,25.554],[83.921,25.562],[83.938,25.592],[83.924,25.642],[83.946,25.75],[83.875,25.765],[83.854,25.795],[83.811,25.785],[83.724,25.859]]]},"properties":{"code":"IN-UP-ghazipur","name":"Ghazipur","state":"Uttar Pradesh"}},{"type":"Feature","geometry":{"type":"Polygon","coordinates":[[[81.963,27.444],[81.961,27.447],[81.955,27.441],[81.952,27.439],[81.946,27.436],[81.938,27.439],[81.935,27.443],[81.933,27.438],[81.928,27.427],[81.93,27.396],[81.931,27.393],[81.908,27.381],[81.902,27.379],[81.899,27.371],[81.903,27.359],[81.908,27.352],[81.901,27.346],[81.9,27.341],[81.911,27.335],[81.895,27.326],[81.883,27.323],[81.88,27.329],[81.88,27.331],[81.87,27.335],[81.866,27.337],[81.844,27.334],[81.842,27.329],[81.829,27.287],[81.82,27.284],[81.814,27.277],[81.81,27.279],[81.806,27.272],[81.796,27.278],[81.79,27.291],[81.786,27.3],[81.777,27.3],[81.767,27.301],[81.767,27.315],[81.761,27.315],[81.754,27.317],[81.748,27.32],[81.741,27.327],[81.727,27.337],[81.715,27.331],[81.713,27.332],[81.695,27.276],[81.66,27.244],[81.622,27.142],[81.598,27.146],[81.506,27.088],[81.497,27.064],[81.55,27.055],[81.645,27.009],[81.648,26.967],[81.708,26.936],[81.746,26.89],[81.848,26.839],[81.91,26.793],[81.967,26.783],[82.03,26.811],[82.176,26.837],[82.215,26.812],[82.234,26.939],[82.319,26.96],[82.35,26.936],[82.389,26.951],[82.477,26.909],[82.51,26.956],[82.607,27.008],[82.562,27.025],[82.539,27.113],[82.486,27.161],[82.472,27.156],[82.449,27.1],[82.389,27.05],[82.34,27.1],[82.307,27.121],[82.229,27.154],[82.232,27.159],[82.231,27.164],[82.226,27.161],[82.224,27.164],[82.224,27.166],[82.222,27.173],[82.217,27.178],[82.231,27.22],[82.234,27.225],[82.236,27.229],[82.262,27.243],[82.276,27.233],[82.281,27.227],[82.292,27.222],[82.294,27.225],[82.297,27.229],[82.297,27.238],[82.292,27.239],[82.291,27.242],[82.285,27.246],[82.286,27.254],[82.282,27.253],[82.277,27.255],[82.276,27.26],[82.267,27.258],[82.264,27.26],[82.264,27.268],[82.252,27.272],[82.248,27.27],[82.245,27.282],[82.239,27.283],[82.23,27.289],[82.21,27.304],[82.194,27.31],[82.197,27.315],[82.196,27.317],[82.191,27.317],[82.18,27.325],[82.173,27.324],[82.168,27.331],[82.165,27.332],[82.157,27.331],[82.147,27.328],[82.138,27.351],[82.133,27.36],[82.123,27.371],[82.121,27.376],[82.102,27.38],[82.111,27.399],[82.109,27.402],[82.099,27.412],[82.093,27.404],[82.085,27.407],[82.075,27.402],[82.071,27.4],[82.065,27.412],[82.046,27.422],[82.034,27.419],[82.029,27.423],[82.012,27.422],[81.992,27.417],[81.99,27.424],[81.988,27.43],[81.981,27.435],[81.97,27.445],[81.963,27.444]]]},"properties":{"code":"IN-UP-gonda","name":"Gonda","state":"Uttar Pradesh"}},{"type":"Feature","geometry":{"type":"Polygon","coordinates":[[[83.238,26.976],[83.211,26.997],[83.217,26.99],[83.21,26.976],[83.206,26.974],[83.196,26.971],[83.199,26.958],[83.198,26.956],[83.186,26.951],[83.189,26.945],[83.199,26.948],[83.216,26.946],[83.211,26.936],[83.202,26.941],[83.2,26.929],[83.212,26.919],[83.21,26.911],[83.199,26.908],[83.198,26.885],[83.159,26.885],[83.148,26.875],[83.127,26.877],[83.124,26.871],[83.118,26.851],[83.105,26.815],[83.1,26.814],[83.091,26.811],[83.106,26.782],[83.103,26.77],[83.113,26.768],[83.121,26.772],[83.123,26.78],[83.128,26.776],[83.135,26.771],[83.133,26.745],[83.12,26.732],[83.1,26.727],[83.1,26.717],[83.092,26.722],[83.085,26.723],[83.08,26.718],[83.08,26.703],[83.087,26.692],[83.094,26.686],[83.101,26.69],[83.105,26.69],[83.095,26.669],[83.114,26.663],[83.123,26.658],[83.125,26.651],[83.122,26.641],[83.103,26.623],[83.108,26.603],[83.116,26.6],[83.136,26.575],[83.133,26.569],[83.132,26.566],[83.149,26.542],[83.162,26.534],[83.174,26.53],[83.178,26.533],[83.193,26.523],[83.188,26.506],[83.184,26.495],[83.177,26.493],[83.163,26.505],[83.099,26.492],[83.083,26.483],[83.079,26.478],[83.089,26.457],[83.088,26.443],[83.089,26.435],[83.087,26.428],[83.073,26.419],[83.061,26.411],[83.126,26.388],[83.222,26.396],[83.279,26.361],[83.328,26.353],[83.432,26.274],[83.499,26.28],[83.525,26.28],[83.626,26.226],[83.649,26.322],[83.616,26.325],[83.557,26.396],[83.515,26.403],[83.472,26.46],[83.491,26.497],[83.593,26.518],[83.622,26.66],[83.611,26.756],[83.551,26.839],[83.538,26.893],[83.485,26.902],[83.487,26.912],[83.476,26.916],[83.474,26.919],[83.462,26.929],[83.462,26.933],[83.467,26.942],[83.451,26.951],[83.447,26.952],[83.436,26.953],[83.421,26.952],[83.426,26.961],[83.359,26.963],[83.344,26.955],[83.312,26.923],[83.31,26.915],[83.316,26.909],[83.301,26.906],[83.293,26.919],[83.28,26.935],[83.282,26.957],[83.269,26.962],[83.26,26.974],[83.259,26.978],[83.238,26.976]]]},"properties":{"code":"IN-UP-gorakhpur","name":"Gorakhpur","state":"Uttar Pradesh"}},{"type":"Feature","geometry":{"type":"Polygon","coordinates":[[[80.228,25.927],[80.133,25.972],[80.075,26.01],[80.1,26.03],[80.087,26.083],[80.004,26.073],[79.913,26.096],[79.946,26.012],[79.858,25.941],[79.862,25.887],[79.797,25.869],[79.743,25.912],[79.608,25.908],[79.567,25.89],[79.566,25.856],[79.533,25.825],[79.5,25.862],[79.452,25.829],[79.442,25.792],[79.39,25.801],[79.366,25.782],[79.379,25.688],[79.367,25.608],[79.403,25.55],[79.381,25.527],[79.527,25.488],[79.585,25.5],[79.637,25.491],[79.652,25.547],[79.693,25.555],[79.806,25.504],[79.823,25.554],[79.906,25.601],[79.934,25.597],[79.972,25.636],[80.018,25.593],[79.992,25.537],[79.992,25.494],[80.016,25.449],[80.113,25.412],[80.131,25.461],[80.182,25.447],[80.215,25.505],[80.206,25.559],[80.268,25.625],[80.309,25.65],[80.296,25.698],[80.339,25.721],[80.254,25.81],[80.344,25.875],[80.342,25.904],[80.293,25.898],[80.263,25.936],[80.228,25.927]]]},"properties":{"code":"IN-UP-hamirpur","name":"Hamirpur","state":"Uttar Pradesh"}},{"type":"Feature","geometry":{"type":"Polygon","coordinates":[[[80.302,27.684],[80.24,27.762],[80.191,27.781],[80.134,27.76],[80.079,27.789],[80.052,27.776],[80.049,27.747],[79.951,27.734],[79.871,27.706],[79.856,27.658],[79.804,27.663],[79.756,27.719],[79.686,27.659],[79.718,27.543],[79.706,27.479],[79.737,27.458],[79.68,27.374],[79.712,27.333],[79.723,27.286],[79.69,27.235],[79.716,27.222],[79.795,27.174],[79.85,27.179],[79.896,27.152],[79.913,27.103],[79.966,27.07],[79.965,27.041],[80.011,26.958],[80.042,26.925],[80.091,26.985],[80.152,26.991],[80.165,26.964],[80.22,26.976],[80.242,27.032],[80.295,27.031],[80.329,26.954],[80.375,26.936],[80.436,26.972],[80.551,27.016],[80.611,27.051],[80.637,27.084],[80.676,27.069],[80.732,27.107],[80.817,27.107],[80.806,27.171],[80.718,27.241],[80.647,27.233],[80.631,27.271],[80.508,27.273],[80.438,27.408],[80.409,27.424],[80.381,27.479],[80.344,27.49],[80.296,27.587],[80.302,27.684]]]},"properties":{"code":"IN-UP-hardoi","name":"Hardoi","state":"Uttar Pradesh"}},{"type":"Feature","geometry":{"type":"Polygon","coordinates":[[[78.466,27.814],[78.463,27.815],[78.452,27.82],[78.448,27.828],[78.399,27.759],[78.362,27.69],[78.322,27.669],[78.266,27.666],[78.21,27.692],[78.193,27.703],[78.165,27.721],[78.174,27.73],[78.167,27.745],[78.145,27.766],[78.138,27.771],[78.126,27.774],[78.118,27.777],[78.111,27.772],[78.094,27.772],[78.073,27.777],[78.062,27.774],[78.062,27.787],[78.039,27.79],[78.034,27.778],[78.018,27.772],[78.01,27.763],[78.011,27.759],[78.025,27.754],[78.021,27.739],[78.014,27.743],[77.997,27.734],[78.003,27.73],[77.994,27.713],[77.991,27.704],[78.013,27.674],[78.006,27.661],[78.011,27.649],[77.991,27.647],[77.984,27.643],[77.977,27.629],[77.991,27.608],[77.958,27.612],[77.95,27.618],[77.932,27.61],[77.92,27.608],[77.9,27.592],[77.89,27.588],[77.899,27.57],[77.89,27.557],[77.886,27.553],[77.881,27.522],[77.895,27.521],[77.905,27.502],[77.918,27.475],[77.92,27.323],[77.951,27.3],[77.953,27.298],[77.973,27.286],[77.983,27.302],[77.976,27.314],[77.991,27.333],[78.005,27.327],[78.006,27.333],[78.021,27.336],[78.03,27.34],[78.03,27.346],[78.034,27.352],[78.049,27.348],[78.064,27.341],[78.07,27.355],[78.077,27.357],[78.076,27.363],[78.064,27.371],[78.043,27.375],[78.069,27.395],[78.073,27.398],[78.082,27.39],[78.098,27.375],[78.112,27.377],[78.128,27.371],[78.132,27.375],[78.149,27.39],[78.16,27.392],[78.167,27.396],[78.169,27.414],[78.17,27.415],[78.182,27.408],[78.188,27.439],[78.172,27.433],[78.171,27.439],[78.184,27.462],[78.191,27.466],[78.193,27.481],[78.199,27.489],[78.196,27.511],[78.211,27.519],[78.205,27.529],[78.22,27.531],[78.239,27.528],[78.261,27.533],[78.264,27.532],[78.275,27.542],[78.273,27.559],[78.309,27.553],[78.305,27.565],[78.309,27.579],[78.324,27.585],[78.324,27.589],[78.329,27.586],[78.34,27.581],[78.354,27.58],[78.354,27.565],[78.378,27.572],[78.38,27.584],[78.398,27.586],[78.407,27.586],[78.437,27.602],[78.46,27.624],[78.482,27.619],[78.496,27.63],[78.492,27.642],[78.491,27.65],[78.501,27.67],[78.506,27.676],[78.502,27.677],[78.496,27.691],[78.5,27.708],[78.515,27.734],[78.505,27.746],[78.485,27.751],[78.466,27.764],[78.465,27.77],[78.472,27.773],[78.47,27.78],[78.47,27.787],[78.474,27.795],[78.471,27.796],[78.464,27.805],[78.466,27.808],[78.466,27.814]]]},"properties":{"code":"IN-UP-hathras","name":"Hathras","state":"Uttar Pradesh"}},{"type":"Feature","geometry":{"type":"Polygon","coordinates":[[[79.495,26.369],[79.478,26.425],[79.428,26.437],[79.333,26.407],[79.284,26.448],[79.243,26.433],[79.127,26.445],[79.081,26.406],[79.117,26.354],[79.058,26.284],[79.041,26.229],[79.002,26.197],[79.001,26.155],[78.944,26.138],[79.003,26.082],[78.944,26.037],[78.927,25.955],[79.034,25.933],[79.033,25.873],[79.119,25.852],[79.126,25.819],[79.206,25.795],[79.23,25.813],[79.312,25.775],[79.39,25.801],[79.442,25.792],[79.452,25.829],[79.5,25.862],[79.533,25.825],[79.566,25.856],[79.567,25.89],[79.608,25.908],[79.743,25.912],[79.797,25.869],[79.862,25.887],[79.858,25.941],[79.946,26.012],[79.913,26.096],[79.859,26.12],[79.778,26.114],[79.736,26.14],[79.76,26.172],[79.642,26.216],[79.644,26.248],[79.54,26.281],[79.495,26.369]]]},"properties":{"code":"IN-UP-jalaun","name":"Jalaun","state":"Uttar Pradesh"}},{"type":"Feature","geometry":{"type":"Polygon","coordinates":[[[82.673,26.155],[82.592,26.2],[82.557,26.145],[82.469,26.134],[82.428,26.106],[82.458,26.078],[82.476,26.004],[82.423,26.012],[82.417,25.985],[82.34,25.965],[82.366,25.917],[82.287,25.895],[82.247,25.836],[82.168,25.824],[82.188,25.743],[82.147,25.683],[82.112,25.647],[82.174,25.585],[82.22,25.591],[82.322,25.539],[82.325,25.539],[82.327,25.539],[82.338,25.533],[82.341,25.531],[82.344,25.518],[82.348,25.515],[82.353,25.513],[82.358,25.512],[82.367,25.511],[82.368,25.515],[82.365,25.517],[82.364,25.522],[82.372,25.521],[82.375,25.519],[82.385,25.517],[82.384,25.521],[82.385,25.524],[82.388,25.524],[82.389,25.523],[82.391,25.517],[82.397,25.505],[82.402,25.497],[82.404,25.493],[82.405,25.495],[82.41,25.5],[82.409,25.502],[82.408,25.504],[82.406,25.507],[82.411,25.51],[82.413,25.512],[82.419,25.519],[82.424,25.519],[82.432,25.52],[82.439,25.518],[82.439,25.514],[82.439,25.513],[82.44,25.5],[82.44,25.498],[82.442,25.497],[82.444,25.496],[82.452,25.493],[82.456,25.492],[82.466,25.491],[82.471,25.488],[82.467,25.484],[82.466,25.483],[82.462,25.481],[82.458,25.477],[82.457,25.476],[82.463,25.471],[82.471,25.474],[82.474,25.475],[82.483,25.48],[82.486,25.48],[82.492,25.479],[82.494,25.478],[82.497,25.475],[82.498,25.473],[82.5,25.469],[82.5,25.464],[82.504,25.458],[82.506,25.45],[82.506,25.445],[82.516,25.444],[82.523,25.442],[82.529,25.44],[82.536,25.44],[82.538,25.44],[82.544,25.442],[82.545,25.446],[82.546,25.45],[82.545,25.451],[82.54,25.454],[82.538,25.455],[82.534,25.456],[82.534,25.457],[82.533,25.465],[82.538,25.465],[82.546,25.463],[82.55,25.459],[82.555,25.453],[82.557,25.443],[82.557,25.437],[82.557,25.435],[82.559,25.422],[82.565,25.418],[82.567,25.418],[82.574,25.43],[82.574,25.432],[82.574,25.435],[82.573,25.441],[82.572,25.448],[82.577,25.456],[82.587,25.453],[82.595,25.453],[82.598,25.453],[82.603,25.451],[82.605,25.446],[82.604,25.44],[82.594,25.429],[82.59,25.422],[82.593,25.418],[82.594,25.418],[82.6,25.419],[82.605,25.42],[82.615,25.416],[82.621,25.414],[82.627,25.412],[82.63,25.41],[82.628,25.404],[82.626,25.403],[82.613,25.407],[82.618,25.395],[82.624,25.396],[82.628,25.397],[82.63,25.397],[82.636,25.399],[82.638,25.4],[82.639,25.401],[82.657,25.402],[82.66,25.402],[82.666,25.402],[82.674,25.401],[82.684,25.397],[82.685,25.397],[82.685,25.399],[82.683,25.402],[82.678,25.41],[82.677,25.411],[82.676,25.416],[82.676,25.42],[82.687,25.435],[82.695,25.435],[82.704,25.435],[82.712,25.436],[82.711,25.441],[82.71,25.443],[82.708,25.445],[82.705,25.447],[82.701,25.448],[82.699,25.45],[82.696,25.449],[82.694,25.451],[82.697,25.457],[82.697,25.46],[82.702,25.462],[82.713,25.463],[82.721,25.464],[82.725,25.464],[82.728,25.465],[82.728,25.466],[82.728,25.471],[82.727,25.474],[82.721,25.475],[82.712,25.48],[82.702,25.489],[82.706,25.5],[82.71,25.503],[82.717,25.514],[82.717,25.522],[82.715,25.526],[82.709,25.53],[82.706,25.533],[82.705,25.534],[82.707,25.536],[82.717,25.544],[82.728,25.549],[82.733,25.549],[82.735,25.549],[82.736,25.548],[82.74,25.546],[82.748,25.544],[82.757,25.537],[82.759,25.535],[82.765,25.532],[82.769,25.532],[82.773,25.533],[82.774,25.534],[82.776,25.542],[82.776,25.544],[82.78,25.546],[82.783,25.545],[82.785,25.545],[82.786,25.548],[82.788,25.552],[82.789,25.554],[82.792,25.555],[82.794,25.556],[82.801,25.556],[82.804,25.555],[82.808,25.555],[82.82,25.554],[82.822,25.555],[82.829,25.556],[82.832,25.571],[82.837,25.568],[82.839,25.568],[82.845,25.566],[82.848,25.57],[82.856,25.581],[82.857,25.582],[82.863,25.58],[82.868,25.572],[82.871,25.568],[82.874,25.569],[82.886,25.572],[82.888,25.572],[82.895,25.572],[82.896,25.572],[82.912,25.572],[82.915,25.573],[82.922,25.572],[82.925,25.57],[82.929,25.563],[82.933,25.554],[82.937,25.548],[82.938,25.546],[82.936,25.533],[82.946,25.527],[82.952,25.527],[82.955,25.528],[82.96,25.535],[82.97,25.55],[82.975,25.557],[82.979,25.557],[82.991,25.553],[83.003,25.551],[83.008,25.574],[83.013,25.578],[83.021,25.573],[83.039,25.543],[83.044,25.547],[83.064,25.553],[83.074,25.572],[83.058,25.654],[83.066,25.686],[82.996,25.711],[82.937,25.707],[82.89,25.776],[82.816,25.774],[82.778,25.828],[82.767,25.884],[82.719,25.993],[82.713,26.045],[82.672,26.11],[82.673,26.155]]]},"properties":{"code":"IN-UP-jaunpur","name":"Jaunpur","state":"Uttar Pradesh"}},{"type":"Feature","geometry":{"type":"Polygon","coordinates":[[[79.39,25.801],[79.312,25.775],[79.23,25.813],[79.206,25.795],[79.126,25.819],[79.119,25.852],[79.033,25.873],[79.034,25.933],[78.927,25.955],[78.876,25.916],[78.858,25.872],[78.863,25.802],[78.816,25.831],[78.761,25.721],[78.811,25.674],[78.795,25.618],[78.677,25.594],[78.649,25.566],[78.604,25.587],[78.581,25.564],[78.481,25.58],[78.437,25.564],[78.409,25.533],[78.422,25.48],[78.335,25.431],[78.294,25.368],[78.331,25.337],[78.355,25.25],[78.385,25.195],[78.442,25.157],[78.443,25.129],[78.527,25.188],[78.563,25.226],[78.569,25.259],[78.521,25.288],[78.534,25.331],[78.576,25.352],[78.603,25.417],[78.689,25.445],[78.658,25.388],[78.764,25.358],[78.765,25.43],[78.725,25.463],[78.79,25.484],[78.854,25.452],[78.834,25.516],[78.876,25.524],[78.886,25.561],[78.942,25.531],[78.929,25.428],[78.96,25.439],[78.974,25.373],[78.875,25.388],[78.793,25.293],[78.835,25.233],[78.885,25.347],[78.931,25.332],[78.97,25.291],[78.909,25.274],[78.867,25.19],[78.953,25.221],[78.987,25.275],[79.026,25.235],[79.025,25.187],[79.091,25.176],[79.133,25.111],[79.198,25.128],[79.277,25.12],[79.314,25.151],[79.278,25.211],[79.341,25.23],[79.286,25.281],[79.277,25.327],[79.269,25.342],[79.362,25.47],[79.381,25.527],[79.403,25.55],[79.367,25.608],[79.379,25.688],[79.366,25.782],[79.39,25.801]]]},"properties":{"code":"IN-UP-jhansi","name":"Jhansi","state":"Uttar Pradesh"}},{"type":"Feature","geometry":{"type":"Polygon","coordinates":[[[78.658,29.179],[78.653,29.15],[78.59,29.09],[78.456,29.07],[78.404,29.044],[78.278,29.046],[78.195,29.056],[78.095,29.089],[78.083,28.983],[78.054,28.961],[78.053,28.898],[78.105,28.862],[78.108,28.794],[78.13,28.727],[78.182,28.676],[78.199,28.621],[78.219,28.579],[78.209,28.506],[78.261,28.496],[78.294,28.465],[78.281,28.409],[78.369,28.474],[78.405,28.467],[78.419,28.58],[78.39,28.65],[78.407,28.661],[78.396,28.743],[78.403,28.785],[78.479,28.773],[78.6,28.813],[78.675,28.913],[78.68,28.953],[78.631,29.007],[78.693,29.07],[78.656,29.108],[78.658,29.179]]]},"properties":{"code":"IN-UP-jyotiba-phule-nagar","name":"Jyotiba Phule Nagar","state":"Uttar Pradesh"}},{"type":"Feature","geometry":{"type":"Polygon","coordinates":[[[79.716,27.222],[79.671,27.177],[79.623,27.189],[79.552,27.165],[79.512,27.215],[79.438,27.216],[79.385,27.202],[79.381,27.126],[79.424,27.073],[79.392,27.055],[79.373,26.992],[79.318,26.966],[79.341,26.94],[79.429,26.947],[79.454,26.909],[79.551,26.866],[79.601,26.898],[79.656,26.871],[79.75,26.789],[79.832,26.777],[79.92,26.859],[79.943,26.923],[79.935,26.949],[80.011,26.958],[79.965,27.041],[79.966,27.07],[79.913,27.103],[79.896,27.152],[79.85,27.179],[79.795,27.174],[79.716,27.222]]]},"properties":{"code":"IN-UP-kannauj","name":"Kannauj","state":"Uttar Pradesh"}},{"type":"Feature","geometry":{"type":"Polygon","coordinates":[[[80.011,26.958],[79.935,26.949],[79.943,26.923],[79.92,26.859],[79.832,26.777],[79.75,26.789],[79.707,26.755],[79.714,26.671],[79.665,26.62],[79.633,26.612],[79.63,26.514],[79.592,26.487],[79.554,26.415],[79.495,26.369],[79.54,26.281],[79.644,26.248],[79.642,26.216],[79.76,26.172],[79.736,26.14],[79.778,26.114],[79.859,26.12],[79.913,26.096],[80.004,26.073],[80.087,26.083],[80.1,26.03],[80.075,26.01],[80.133,25.972],[80.228,25.927],[80.209,25.977],[80.239,25.995],[80.254,26.053],[80.294,26.066],[80.316,26.118],[80.404,26.166],[80.466,26.186],[80.462,26.195],[80.442,26.199],[80.416,26.209],[80.411,26.214],[80.408,26.227],[80.401,26.233],[80.406,26.242],[80.397,26.249],[80.391,26.257],[80.39,26.269],[80.369,26.281],[80.355,26.282],[80.328,26.288],[80.3,26.281],[80.291,26.277],[80.286,26.272],[80.276,26.265],[80.272,26.26],[80.263,26.261],[80.259,26.261],[80.249,26.264],[80.222,26.255],[80.213,26.258],[80.212,26.27],[80.21,26.277],[80.191,26.281],[80.184,26.284],[80.168,26.28],[80.171,26.278],[80.166,26.277],[80.161,26.278],[80.154,26.293],[80.148,26.303],[80.146,26.308],[80.158,26.309],[80.153,26.324],[80.148,26.333],[80.143,26.347],[80.148,26.36],[80.143,26.371],[80.131,26.372],[80.142,26.387],[80.134,26.393],[80.137,26.406],[80.134,26.41],[80.13,26.408],[80.132,26.425],[80.124,26.454],[80.116,26.464],[80.127,26.479],[80.131,26.477],[80.148,26.476],[80.135,26.488],[80.133,26.497],[80.139,26.495],[80.156,26.505],[80.158,26.521],[80.167,26.533],[80.187,26.532],[80.19,26.534],[80.201,26.536],[80.206,26.535],[80.212,26.563],[80.22,26.579],[80.23,26.575],[80.229,26.571],[80.24,26.568],[80.237,26.58],[80.251,26.597],[80.25,26.6],[80.246,26.625],[80.25,26.633],[80.266,26.638],[80.275,26.64],[80.224,26.693],[80.177,26.692],[80.124,26.748],[80.096,26.843],[80.097,26.877],[80.042,26.925],[80.011,26.958]]]},"properties":{"code":"IN-UP-kanpur-dehat","name":"Kanpur Dehat","state":"Uttar Pradesh"}},{"type":"Feature","geometry":{"type":"Polygon","coordinates":[[[80.275,26.64],[80.266,26.638],[80.25,26.633],[80.246,26.625],[80.25,26.6],[80.251,26.597],[80.237,26.58],[80.24,26.568],[80.229,26.571],[80.23,26.575],[80.22,26.579],[80.212,26.563],[80.206,26.535],[80.201,26.536],[80.19,26.534],[80.187,26.532],[80.167,26.533],[80.158,26.521],[80.156,26.505],[80.139,26.495],[80.133,26.497],[80.135,26.488],[80.148,26.476],[80.131,26.477],[80.127,26.479],[80.116,26.464],[80.124,26.454],[80.132,26.425],[80.13,26.408],[80.134,26.41],[80.137,26.406],[80.134,26.393],[80.142,26.387],[80.131,26.372],[80.143,26.371],[80.148,26.36],[80.143,26.347],[80.148,26.333],[80.153,26.324],[80.158,26.309],[80.146,26.308],[80.148,26.303],[80.154,26.293],[80.161,26.278],[80.166,26.277],[80.171,26.278],[80.168,26.28],[80.184,26.284],[80.191,26.281],[80.21,26.277],[80.212,26.27],[80.213,26.258],[80.222,26.255],[80.249,26.264],[80.259,26.261],[80.263,26.261],[80.272,26.26],[80.276,26.265],[80.286,26.272],[80.291,26.277],[80.3,26.281],[80.328,26.288],[80.355,26.282],[80.369,26.281],[80.39,26.269],[80.391,26.257],[80.397,26.249],[80.406,26.242],[80.401,26.233],[80.408,26.227],[80.411,26.214],[80.416,26.209],[80.442,26.199],[80.462,26.195],[80.472,26.182],[80.483,26.197],[80.501,26.193],[80.512,26.198],[80.522,26.203],[80.53,26.202],[80.535,26.207],[80.558,26.232],[80.552,26.251],[80.553,26.27],[80.552,26.271],[80.53,26.342],[80.526,26.355],[80.519,26.366],[80.498,26.377],[80.472,26.393],[80.458,26.402],[80.425,26.423],[80.402,26.44],[80.395,26.447],[80.391,26.469],[80.385,26.473],[80.339,26.491],[80.331,26.499],[80.301,26.531],[80.295,26.539],[80.286,26.565],[80.287,26.577],[80.295,26.611],[80.284,26.627],[80.275,26.64]]]},"properties":{"code":"IN-UP-kanpur","name":"Kanpur","state":"Uttar Pradesh"}},{"type":"Feature","geometry":{"type":"Polygon","coordinates":[[[81.606,25.596],[81.561,25.572],[81.522,25.623],[81.458,25.638],[81.36,25.716],[81.396,25.751],[81.328,25.814],[81.306,25.786],[81.229,25.746],[81.203,25.646],[81.217,25.599],[81.254,25.548],[81.211,25.451],[81.184,25.456],[81.143,25.401],[81.241,25.358],[81.257,25.329],[81.316,25.351],[81.389,25.333],[81.381,25.276],[81.451,25.262],[81.542,25.294],[81.628,25.354],[81.683,25.359],[81.808,25.345],[81.787,25.377],[81.81,25.412],[81.884,25.437],[81.904,25.473],[81.861,25.516],[81.789,25.473],[81.715,25.515],[81.658,25.517],[81.64,25.582],[81.606,25.596]]]},"properties":{"code":"IN-UP-kaushambi","name":"Kaushambi","state":"Uttar Pradesh"}},{"type":"Feature","geometry":{"type":"Polygon","coordinates":[[[83.886,27.288],[83.867,27.301],[83.862,27.299],[83.84,27.293],[83.828,27.277],[83.829,27.269],[83.818,27.251],[83.807,27.248],[83.802,27.251],[83.8,27.252],[83.794,27.252],[83.786,27.248],[83.799,27.232],[83.806,27.233],[83.817,27.232],[83.821,27.22],[83.821,27.211],[83.81,27.203],[83.805,27.205],[83.802,27.21],[83.796,27.219],[83.795,27.22],[83.79,27.203],[83.792,27.197],[83.8,27.188],[83.785,27.178],[83.772,27.169],[83.782,27.169],[83.816,27.179],[83.802,27.169],[83.798,27.153],[83.795,27.133],[83.79,27.112],[83.772,27.109],[83.765,27.1],[83.762,27.092],[83.75,27.089],[83.737,27.078],[83.757,27.077],[83.755,27.056],[83.748,27.051],[83.739,27.059],[83.721,27.058],[83.728,27.041],[83.742,27.039],[83.737,27.032],[83.737,27.017],[83.743,27.01],[83.754,26.998],[83.721,26.962],[83.705,26.956],[83.673,26.956],[83.645,26.953],[83.612,26.955],[83.615,26.949],[83.617,26.947],[83.617,26.933],[83.604,26.932],[83.601,26.929],[83.586,26.917],[83.565,26.933],[83.555,26.928],[83.551,26.926],[83.546,26.893],[83.538,26.893],[83.551,26.839],[83.611,26.756],[83.622,26.66],[83.792,26.717],[83.803,26.75],[83.865,26.75],[83.897,26.694],[83.952,26.674],[83.961,26.626],[84.002,26.579],[84.049,26.55],[84.048,26.558],[84.055,26.568],[84.057,26.573],[84.071,26.584],[84.079,26.594],[84.082,26.603],[84.084,26.618],[84.082,26.627],[84.081,26.637],[84.084,26.64],[84.095,26.636],[84.104,26.633],[84.121,26.635],[84.129,26.639],[84.149,26.628],[84.177,26.625],[84.204,26.621],[84.222,26.616],[84.229,26.613],[84.259,26.607],[84.273,26.601],[84.287,26.604],[84.293,26.606],[84.307,26.617],[84.351,26.62],[84.395,26.626],[84.414,26.627],[84.407,26.638],[84.402,26.671],[84.35,26.681],[84.337,26.681],[84.323,26.688],[84.319,26.716],[84.306,26.738],[84.298,26.753],[84.279,26.751],[84.259,26.741],[84.254,26.734],[84.234,26.74],[84.225,26.757],[84.248,26.793],[84.252,26.809],[84.249,26.821],[84.243,26.822],[84.252,26.845],[84.246,26.859],[84.229,26.87],[84.222,26.87],[84.209,26.871],[84.19,26.86],[84.181,26.857],[84.176,26.853],[84.175,26.846],[84.169,26.835],[84.132,26.856],[84.13,26.885],[84.109,26.894],[84.101,26.901],[84.101,26.894],[84.093,26.878],[84.088,26.882],[84.059,26.891],[84.049,26.9],[84.045,26.905],[84.042,26.909],[84.037,26.933],[84.03,26.94],[84.025,26.943],[84.032,26.949],[84.035,26.949],[84.041,26.957],[84.044,26.961],[84.043,26.98],[84.036,26.984],[84.05,26.991],[84.04,27.035],[84.036,27.047],[83.991,27.071],[84.017,27.084],[84.019,27.093],[84.021,27.095],[84.005,27.104],[83.993,27.1],[83.981,27.094],[83.978,27.093],[83.948,27.086],[83.941,27.09],[83.94,27.102],[83.941,27.12],[83.951,27.126],[83.952,27.129],[83.951,27.141],[83.967,27.161],[83.977,27.203],[83.965,27.211],[83.96,27.217],[83.963,27.221],[83.962,27.228],[83.956,27.234],[83.908,27.248],[83.902,27.252],[83.896,27.277],[83.898,27.279],[83.886,27.288]]]},"properties":{"code":"IN-UP-kushinagar","name":"Kushinagar","state":"Uttar Pradesh"}},{"type":"Feature","geometry":{"type":"Polygon","coordinates":[[[81.073,28.392],[81.001,28.454],[80.981,28.434],[80.786,28.529],[80.77,28.566],[80.716,28.568],[80.653,28.634],[80.613,28.639],[80.542,28.691],[80.505,28.665],[80.523,28.577],[80.473,28.591],[80.463,28.621],[80.416,28.639],[80.373,28.629],[80.324,28.689],[80.292,28.622],[80.36,28.601],[80.422,28.508],[80.365,28.466],[80.347,28.467],[80.33,28.481],[80.311,28.486],[80.299,28.473],[80.29,28.459],[80.347,28.389],[80.357,28.338],[80.296,28.264],[80.291,28.158],[80.24,28.156],[80.249,28.09],[80.196,28.036],[80.113,28.002],[80.059,27.927],[80.022,27.929],[80.027,27.843],[80.052,27.776],[80.079,27.789],[80.134,27.76],[80.191,27.781],[80.24,27.762],[80.302,27.684],[80.411,27.751],[80.48,27.778],[80.509,27.814],[80.556,27.754],[80.596,27.756],[80.628,27.842],[80.715,27.812],[80.837,27.828],[80.987,27.871],[80.989,27.832],[80.999,27.831],[81.015,27.829],[81.024,27.828],[81.029,27.819],[81.075,27.82],[81.085,27.807],[81.094,27.807],[81.094,27.799],[81.116,27.81],[81.133,27.813],[81.168,27.791],[81.189,27.782],[81.201,27.775],[81.215,27.769],[81.219,27.766],[81.217,27.759],[81.197,27.76],[81.187,27.758],[81.174,27.741],[81.19,27.732],[81.193,27.724],[81.201,27.721],[81.209,27.724],[81.211,27.728],[81.22,27.731],[81.221,27.736],[81.237,27.724],[81.243,27.72],[81.259,27.701],[81.243,27.693],[81.242,27.683],[81.251,27.679],[81.261,27.679],[81.27,27.685],[81.283,27.685],[81.29,27.691],[81.284,27.789],[81.294,27.819],[81.268,27.889],[81.295,27.91],[81.269,27.948],[81.156,28.05],[81.176,28.115],[81.057,28.241],[81.026,28.3],[81.073,28.392]]]},"properties":{"code":"IN-UP-lakhimpur-kheri","name":"Lakhimpur Kheri","state":"Uttar Pradesh"}},{"type":"Feature","geometry":{"type":"Polygon","coordinates":[[[78.982,24.447],[78.944,24.443],[78.946,24.553],[78.913,24.581],[78.882,24.64],[78.831,24.609],[78.752,24.602],[78.74,24.66],[78.772,24.704],[78.764,24.861],[78.668,24.902],[78.625,24.962],[78.642,25.061],[78.597,25.098],[78.594,25.157],[78.563,25.226],[78.527,25.188],[78.443,25.129],[78.39,25.127],[78.325,25.084],[78.328,25],[78.17,24.885],[78.165,24.848],[78.187,24.843],[78.226,24.777],[78.226,24.736],[78.268,24.67],[78.255,24.552],[78.224,24.541],[78.261,24.454],[78.363,24.378],[78.327,24.338],[78.386,24.273],[78.435,24.298],[78.5,24.394],[78.578,24.357],[78.617,24.296],[78.699,24.234],[78.754,24.247],[78.785,24.185],[78.858,24.214],[78.908,24.301],[78.968,24.357],[78.987,24.423],[78.982,24.447]]]},"properties":{"code":"IN-UP-lalitpur","name":"Lalitpur","state":"Uttar Pradesh"}},{"type":"Feature","geometry":{"type":"Polygon","coordinates":[[[81.156,26.597],[81.161,26.653],[81.209,26.711],[81.147,26.819],[81.084,26.843],[81.093,26.875],[81.033,26.944],[81.021,26.99],[80.99,27.005],[80.99,27.08],[81.042,27.095],[81.002,27.146],[80.919,27.164],[80.884,27.133],[80.817,27.107],[80.732,27.107],[80.676,27.069],[80.637,27.084],[80.611,27.051],[80.551,27.016],[80.59,26.989],[80.618,26.894],[80.671,26.866],[80.728,26.781],[80.693,26.752],[80.69,26.694],[80.748,26.691],[80.785,26.651],[80.833,26.668],[80.882,26.603],[80.991,26.54],[81.035,26.507],[81.094,26.567],[81.156,26.597]]]},"properties":{"code":"IN-UP-lucknow","name":"Lucknow","state":"Uttar Pradesh"}},{"type":"Feature","geometry":{"type":"Polygon","coordinates":[[[83.859,27.351],[83.833,27.37],[83.617,27.469],[83.391,27.479],[83.408,27.405],[83.355,27.34],[83.294,27.336],[83.234,27.302],[83.21,27.248],[83.116,27.153],[83.129,27.07],[83.138,27.062],[83.132,27.056],[83.123,27.057],[83.123,27.05],[83.131,27.048],[83.141,27.044],[83.132,27.024],[83.14,27.026],[83.134,27.015],[83.137,27.007],[83.149,27.008],[83.15,27.017],[83.155,27.014],[83.165,27.011],[83.159,27.004],[83.187,27.017],[83.197,27.021],[83.207,27.02],[83.211,26.997],[83.238,26.976],[83.259,26.978],[83.26,26.974],[83.269,26.962],[83.282,26.957],[83.28,26.935],[83.293,26.919],[83.301,26.906],[83.316,26.909],[83.31,26.915],[83.312,26.923],[83.344,26.955],[83.359,26.963],[83.426,26.961],[83.421,26.952],[83.436,26.953],[83.447,26.952],[83.451,26.951],[83.467,26.942],[83.462,26.933],[83.462,26.929],[83.474,26.919],[83.476,26.916],[83.487,26.912],[83.485,26.902],[83.538,26.893],[83.546,26.893],[83.551,26.926],[83.555,26.928],[83.565,26.933],[83.586,26.917],[83.601,26.929],[83.604,26.932],[83.617,26.933],[83.617,26.947],[83.615,26.949],[83.612,26.955],[83.645,26.953],[83.673,26.956],[83.705,26.956],[83.721,26.962],[83.754,26.998],[83.743,27.01],[83.737,27.017],[83.737,27.032],[83.742,27.039],[83.728,27.041],[83.721,27.058],[83.739,27.059],[83.748,27.051],[83.755,27.056],[83.757,27.077],[83.737,27.078],[83.75,27.089],[83.762,27.092],[83.765,27.1],[83.772,27.109],[83.79,27.112],[83.795,27.133],[83.798,27.153],[83.802,27.169],[83.816,27.179],[83.782,27.169],[83.772,27.169],[83.785,27.178],[83.8,27.188],[83.792,27.197],[83.79,27.203],[83.795,27.22],[83.796,27.219],[83.802,27.21],[83.805,27.205],[83.81,27.203],[83.821,27.211],[83.821,27.22],[83.817,27.232],[83.806,27.233],[83.799,27.232],[83.786,27.248],[83.794,27.252],[83.8,27.252],[83.802,27.251],[83.807,27.248],[83.818,27.251],[83.829,27.269],[83.828,27.277],[83.84,27.293],[83.862,27.299],[83.867,27.301],[83.886,27.288],[83.898,27.279],[83.904,27.281],[83.908,27.33],[83.851,27.312],[83.847,27.317],[83.843,27.321],[83.831,27.321],[83.829,27.323],[83.829,27.327],[83.859,27.351]]]},"properties":{"code":"IN-UP-maharajganj","name":"Maharajganj","state":"Uttar Pradesh"}},{"type":"Feature","geometry":{"type":"Polygon","coordinates":[[[80.113,25.412],[80.016,25.449],[79.992,25.494],[79.992,25.537],[80.018,25.593],[79.972,25.636],[79.934,25.597],[79.906,25.601],[79.823,25.554],[79.806,25.504],[79.693,25.555],[79.652,25.547],[79.637,25.491],[79.585,25.5],[79.527,25.488],[79.381,25.527],[79.362,25.47],[79.269,25.342],[79.277,25.327],[79.295,25.34],[79.402,25.279],[79.442,25.221],[79.384,25.17],[79.389,25.121],[79.49,25.083],[79.55,25.169],[79.666,25.127],[79.74,25.143],[79.827,25.1],[79.861,25.156],[79.845,25.237],[79.997,25.27],[80.021,25.343],[80.096,25.352],[80.113,25.412]]]},"properties":{"code":"IN-UP-mahoba","name":"Mahoba","state":"Uttar Pradesh"}},{"type":"Feature","geometry":{"type":"Polygon","coordinates":[[[79.241,27.337],[79.207,27.335],[79.1,27.438],[79.054,27.423],[78.99,27.439],[78.95,27.425],[78.897,27.47],[78.83,27.415],[78.827,27.367],[78.712,27.35],[78.711,27.268],[78.75,27.23],[78.751,27.186],[78.799,27.15],[78.759,27.071],[78.763,27.031],[78.799,26.964],[78.821,26.958],[78.947,26.977],[78.993,26.938],[79.046,26.989],[79.108,27.006],[79.184,27.006],[79.188,26.981],[79.27,26.99],[79.318,26.966],[79.373,26.992],[79.392,27.055],[79.424,27.073],[79.381,27.126],[79.385,27.202],[79.33,27.221],[79.311,27.293],[79.28,27.288],[79.241,27.337]]]},"properties":{"code":"IN-UP-mainpuri","name":"Mainpuri","state":"Uttar Pradesh"}},{"type":"Feature","geometry":{"type":"MultiPolygon","coordinates":[[[[77.96,27.273],[77.972,27.284],[77.953,27.298],[77.955,27.285],[77.96,27.273]]],[[[77.89,27.588],[77.863,27.581],[77.842,27.659],[77.785,27.69],[77.788,27.739],[77.825,27.759],[77.752,27.91],[77.705,27.949],[77.617,27.942],[77.548,27.918],[77.519,27.932],[77.469,27.933],[77.47,27.895],[77.422,27.894],[77.329,27.852],[77.276,27.807],[77.304,27.788],[77.342,27.653],[77.326,27.597],[77.34,27.525],[77.376,27.519],[77.43,27.462],[77.432,27.399],[77.497,27.381],[77.592,27.301],[77.639,27.247],[77.693,27.258],[77.772,27.239],[77.839,27.294],[77.856,27.254],[77.872,27.258],[77.877,27.273],[77.858,27.284],[77.859,27.291],[77.894,27.297],[77.9,27.261],[77.903,27.244],[77.933,27.248],[77.924,27.269],[77.925,27.273],[77.933,27.281],[77.949,27.299],[77.951,27.3],[77.92,27.323],[77.918,27.475],[77.905,27.502],[77.895,27.521],[77.881,27.522],[77.886,27.553],[77.89,27.557],[77.899,27.57],[77.89,27.588]]]]},"properties":{"code":"IN-UP-mathura","name":"Mathura","state":"Uttar Pradesh"}},{"type":"Feature","geometry":{"type":"Polygon","coordinates":[[[83.626,26.226],[83.525,26.28],[83.499,26.28],[83.462,26.261],[83.401,26.171],[83.397,26.098],[83.37,26.081],[83.255,26.129],[83.253,26.098],[83.206,26.063],[83.192,26.009],[83.203,25.946],[83.171,25.93],[83.191,25.876],[83.226,25.859],[83.299,25.862],[83.337,25.817],[83.499,25.866],[83.651,25.894],[83.724,25.859],[83.79,25.925],[83.764,26.004],[83.68,26.012],[83.673,26.073],[83.787,26.11],[83.776,26.167],[83.802,26.193],[83.781,26.232],[83.733,26.265],[83.626,26.226]]]},"properties":{"code":"IN-UP-mau","name":"Mau","state":"Uttar Pradesh"}},{"type":"Feature","geometry":{"type":"Polygon","coordinates":[[[78.126,29.259],[78.026,29.268],[77.918,29.215],[77.857,29.228],[77.793,29.186],[77.739,29.22],[77.683,29.229],[77.654,29.256],[77.578,29.261],[77.5,29.195],[77.478,29.202],[77.44,29.119],[77.44,29.098],[77.442,29.079],[77.445,29.068],[77.444,29.042],[77.443,29.035],[77.454,29.025],[77.472,28.994],[77.471,28.973],[77.469,28.966],[77.449,28.931],[77.451,28.911],[77.587,28.88],[77.682,28.881],[77.722,28.742],[77.782,28.792],[77.843,28.807],[77.858,28.868],[77.958,28.849],[78.024,28.869],[78.105,28.862],[78.053,28.898],[78.054,28.961],[78.083,28.983],[78.095,29.089],[78.098,29.146],[78.124,29.171],[78.126,29.259]]]},"properties":{"code":"IN-UP-meerut","name":"Meerut","state":"Uttar Pradesh"}},{"type":"Feature","geometry":{"type":"Polygon","coordinates":[[[82.278,25.278],[82.276,25.278],[82.271,25.277],[82.264,25.276],[82.262,25.275],[82.26,25.274],[82.25,25.264],[82.245,25.258],[82.242,25.252],[82.239,25.243],[82.237,25.241],[82.234,25.235],[82.234,25.234],[82.237,25.217],[82.24,25.216],[82.249,25.213],[82.255,25.211],[82.256,25.211],[82.263,25.209],[82.272,25.206],[82.276,25.205],[82.28,25.201],[82.281,25.197],[82.278,25.192],[82.277,25.191],[82.269,25.187],[82.262,25.185],[82.261,25.185],[82.261,25.184],[82.261,25.182],[82.26,25.175],[82.262,25.164],[82.283,25.153],[82.319,25.078],[82.297,25.022],[82.161,24.893],[82.13,24.886],[82.076,24.835],[82.1,24.81],[82.238,24.754],[82.243,24.702],[82.292,24.665],[82.294,24.614],[82.33,24.624],[82.409,24.598],[82.402,24.684],[82.42,24.705],[82.487,24.676],[82.518,24.678],[82.542,24.697],[82.539,24.81],[82.575,24.833],[82.619,24.79],[82.651,24.787],[82.817,24.857],[82.831,24.845],[82.947,24.84],[83.005,24.902],[83.007,24.824],[83.049,24.801],[83.1,24.818],[83.059,24.931],[83.068,24.979],[83.057,25.067],[83.114,25.058],[83.128,25.115],[83.159,25.137],[83.167,25.187],[83.12,25.19],[83.026,25.244],[83.024,25.244],[83.013,25.221],[83.001,25.209],[82.992,25.205],[82.982,25.206],[82.973,25.207],[82.966,25.208],[82.955,25.209],[82.945,25.21],[82.94,25.211],[82.933,25.211],[82.925,25.211],[82.908,25.216],[82.904,25.216],[82.897,25.214],[82.896,25.215],[82.89,25.214],[82.889,25.212],[82.887,25.211],[82.886,25.211],[82.88,25.209],[82.878,25.206],[82.876,25.204],[82.875,25.202],[82.868,25.204],[82.867,25.204],[82.863,25.201],[82.861,25.198],[82.862,25.195],[82.867,25.193],[82.865,25.191],[82.861,25.188],[82.858,25.183],[82.856,25.182],[82.855,25.179],[82.853,25.176],[82.85,25.173],[82.845,25.17],[82.837,25.169],[82.831,25.17],[82.828,25.174],[82.826,25.177],[82.824,25.178],[82.821,25.178],[82.818,25.183],[82.815,25.188],[82.81,25.189],[82.805,25.19],[82.801,25.191],[82.801,25.189],[82.801,25.185],[82.799,25.179],[82.797,25.175],[82.793,25.176],[82.788,25.18],[82.787,25.183],[82.79,25.186],[82.795,25.191],[82.793,25.193],[82.786,25.194],[82.782,25.196],[82.782,25.197],[82.78,25.201],[82.779,25.205],[82.777,25.209],[82.784,25.212],[82.791,25.211],[82.793,25.21],[82.808,25.209],[82.809,25.21],[82.807,25.213],[82.806,25.214],[82.802,25.219],[82.797,25.227],[82.804,25.228],[82.805,25.229],[82.806,25.229],[82.808,25.23],[82.808,25.235],[82.805,25.237],[82.805,25.247],[82.808,25.248],[82.813,25.255],[82.813,25.258],[82.807,25.26],[82.796,25.258],[82.789,25.256],[82.782,25.253],[82.777,25.251],[82.778,25.245],[82.778,25.241],[82.782,25.236],[82.783,25.234],[82.782,25.232],[82.779,25.232],[82.774,25.232],[82.772,25.233],[82.771,25.235],[82.769,25.246],[82.771,25.249],[82.772,25.25],[82.77,25.253],[82.769,25.255],[82.767,25.257],[82.766,25.258],[82.764,25.26],[82.764,25.261],[82.763,25.263],[82.773,25.268],[82.771,25.274],[82.769,25.274],[82.766,25.27],[82.754,25.27],[82.753,25.269],[82.752,25.257],[82.751,25.254],[82.75,25.25],[82.747,25.244],[82.742,25.243],[82.739,25.244],[82.732,25.248],[82.731,25.25],[82.727,25.257],[82.718,25.256],[82.711,25.255],[82.707,25.256],[82.706,25.261],[82.702,25.265],[82.701,25.265],[82.696,25.266],[82.69,25.266],[82.687,25.266],[82.682,25.266],[82.678,25.265],[82.67,25.255],[82.669,25.253],[82.667,25.252],[82.665,25.251],[82.664,25.251],[82.662,25.251],[82.66,25.252],[82.654,25.26],[82.652,25.261],[82.646,25.264],[82.646,25.263],[82.64,25.262],[82.636,25.261],[82.633,25.252],[82.632,25.247],[82.632,25.243],[82.629,25.225],[82.629,25.223],[82.625,25.221],[82.621,25.222],[82.619,25.223],[82.612,25.227],[82.606,25.234],[82.606,25.248],[82.597,25.25],[82.59,25.251],[82.587,25.253],[82.582,25.253],[82.58,25.254],[82.575,25.254],[82.572,25.254],[82.568,25.252],[82.567,25.249],[82.567,25.247],[82.564,25.246],[82.558,25.248],[82.555,25.246],[82.549,25.242],[82.543,25.243],[82.541,25.243],[82.538,25.244],[82.535,25.243],[82.532,25.242],[82.523,25.242],[82.518,25.243],[82.509,25.245],[82.503,25.246],[82.498,25.245],[82.494,25.245],[82.489,25.245],[82.486,25.245],[82.479,25.246],[82.478,25.246],[82.471,25.248],[82.47,25.248],[82.468,25.25],[82.465,25.243],[82.464,25.24],[82.459,25.226],[82.452,25.225],[82.448,25.224],[82.444,25.224],[82.442,25.225],[82.442,25.228],[82.441,25.232],[82.44,25.235],[82.426,25.242],[82.424,25.243],[82.42,25.246],[82.419,25.247],[82.408,25.253],[82.401,25.256],[82.398,25.259],[82.396,25.261],[82.393,25.262],[82.387,25.264],[82.383,25.264],[82.38,25.263],[82.378,25.262],[82.376,25.26],[82.371,25.255],[82.369,25.252],[82.36,25.236],[82.358,25.233],[82.357,25.229],[82.356,25.225],[82.352,25.217],[82.347,25.214],[82.345,25.213],[82.34,25.212],[82.337,25.212],[82.331,25.213],[82.322,25.217],[82.32,25.219],[82.317,25.224],[82.316,25.228],[82.315,25.234],[82.312,25.246],[82.311,25.249],[82.31,25.25],[82.308,25.258],[82.306,25.261],[82.303,25.264],[82.302,25.266],[82.297,25.27],[82.293,25.273],[82.286,25.277],[82.278,25.278]]]},"properties":{"code":"IN-UP-mirzapur","name":"Mirzapur","state":"Uttar Pradesh"}},{"type":"Feature","geometry":{"type":"Polygon","coordinates":[[[78.759,29.287],[78.695,29.273],[78.658,29.179],[78.656,29.108],[78.693,29.07],[78.631,29.007],[78.68,28.953],[78.675,28.913],[78.6,28.813],[78.479,28.773],[78.403,28.785],[78.396,28.743],[78.407,28.661],[78.39,28.65],[78.419,28.58],[78.405,28.467],[78.484,28.421],[78.515,28.364],[78.628,28.339],[78.696,28.383],[78.744,28.383],[78.807,28.451],[78.86,28.487],[78.909,28.486],[78.927,28.569],[78.828,28.666],[78.868,28.697],[78.935,28.719],[78.964,28.769],[78.927,28.861],[78.876,28.904],[78.88,28.98],[78.938,29.039],[78.923,29.086],[78.961,29.162],[78.905,29.163],[78.899,29.203],[78.864,29.249],[78.814,29.252],[78.759,29.287]]]},"properties":{"code":"IN-UP-moradabad","name":"Moradabad","state":"Uttar Pradesh"}},{"type":"Feature","geometry":{"type":"Polygon","coordinates":[[[77.988,29.546],[77.977,29.642],[77.945,29.687],[77.874,29.702],[77.811,29.672],[77.732,29.609],[77.685,29.62],[77.655,29.58],[77.613,29.618],[77.477,29.638],[77.434,29.675],[77.379,29.651],[77.33,29.65],[77.288,29.676],[77.132,29.699],[77.086,29.601],[77.11,29.553],[77.085,29.534],[77.123,29.486],[77.124,29.453],[77.136,29.432],[77.126,29.411],[77.139,29.384],[77.131,29.381],[77.117,29.377],[77.117,29.373],[77.118,29.357],[77.128,29.344],[77.151,29.326],[77.154,29.317],[77.142,29.302],[77.149,29.299],[77.176,29.293],[77.229,29.285],[77.243,29.284],[77.271,29.272],[77.275,29.27],[77.287,29.263],[77.298,29.266],[77.312,29.261],[77.321,29.253],[77.344,29.245],[77.371,29.241],[77.373,29.242],[77.378,29.252],[77.385,29.253],[77.432,29.232],[77.446,29.231],[77.45,29.229],[77.462,29.217],[77.475,29.205],[77.478,29.202],[77.5,29.195],[77.578,29.261],[77.654,29.256],[77.683,29.229],[77.739,29.22],[77.793,29.186],[77.857,29.228],[77.918,29.215],[78.026,29.268],[78.126,29.259],[78.098,29.329],[78.056,29.365],[78.054,29.408],[77.982,29.499],[77.988,29.546]]]},"properties":{"code":"IN-UP-muzaffarnagar","name":"Muzaffarnagar","state":"Uttar Pradesh"}},{"type":"Feature","geometry":{"type":"Polygon","coordinates":[[[79.762,28.89],[79.71,28.879],[79.666,28.848],[79.631,28.859],[79.661,28.75],[79.618,28.715],[79.588,28.622],[79.664,28.589],[79.674,28.535],[79.736,28.513],[79.733,28.472],[79.667,28.312],[79.674,28.269],[79.703,28.211],[79.771,28.166],[79.829,28.215],[79.926,28.122],[79.954,28.174],[79.931,28.317],[79.946,28.337],[80.025,28.361],[80.04,28.356],[80.084,28.369],[80.092,28.379],[80.145,28.387],[80.152,28.378],[80.16,28.364],[80.163,28.357],[80.193,28.387],[80.203,28.392],[80.228,28.398],[80.241,28.419],[80.234,28.443],[80.228,28.45],[80.228,28.456],[80.235,28.461],[80.275,28.462],[80.299,28.473],[80.311,28.486],[80.33,28.481],[80.347,28.467],[80.365,28.466],[80.422,28.508],[80.36,28.601],[80.292,28.622],[80.324,28.689],[80.173,28.782],[80.12,28.829],[80.072,28.83],[79.988,28.717],[79.953,28.718],[79.918,28.752],[79.91,28.763],[79.899,28.774],[79.892,28.781],[79.889,28.786],[79.901,28.799],[79.895,28.801],[79.88,28.797],[79.867,28.796],[79.846,28.805],[79.846,28.821],[79.854,28.821],[79.875,28.821],[79.875,28.83],[79.856,28.839],[79.815,28.819],[79.816,28.812],[79.811,28.811],[79.805,28.809],[79.803,28.806],[79.783,28.805],[79.789,28.82],[79.795,28.815],[79.798,28.821],[79.801,28.83],[79.799,28.836],[79.794,28.843],[79.8,28.854],[79.809,28.859],[79.809,28.863],[79.806,28.869],[79.795,28.87],[79.791,28.877],[79.762,28.89]]]},"properties":{"code":"IN-UP-pilibhit","name":"Pilibhit","state":"Uttar Pradesh"}},{"type":"Feature","geometry":{"type":"Polygon","coordinates":[[[82.423,26.012],[82.369,26.035],[82.239,26.061],[82.178,26.045],[82.097,26.078],[82.058,26.056],[81.956,26.082],[81.924,26.056],[81.876,26.084],[81.852,26.05],[81.778,26.03],[81.761,26.072],[81.676,26.121],[81.61,26.183],[81.603,26.156],[81.532,26.123],[81.555,26.068],[81.563,25.977],[81.426,25.923],[81.403,25.9],[81.326,25.874],[81.328,25.814],[81.396,25.751],[81.36,25.716],[81.458,25.638],[81.522,25.623],[81.561,25.572],[81.606,25.596],[81.715,25.648],[81.742,25.672],[81.746,25.737],[81.797,25.753],[81.834,25.729],[81.909,25.718],[81.937,25.744],[82.012,25.747],[82.054,25.662],[82.102,25.658],[82.147,25.683],[82.188,25.743],[82.168,25.824],[82.247,25.836],[82.287,25.895],[82.366,25.917],[82.34,25.965],[82.417,25.985],[82.423,26.012]]]},"properties":{"code":"IN-UP-pratapgarh","name":"Pratapgarh","state":"Uttar Pradesh"}},{"type":"Feature","geometry":{"type":"Polygon","coordinates":[[[81.533,26.526],[81.481,26.543],[81.452,26.575],[81.407,26.569],[81.374,26.592],[81.348,26.551],[81.307,26.544],[81.273,26.575],[81.181,26.609],[81.156,26.597],[81.094,26.567],[81.035,26.507],[80.991,26.54],[80.975,26.478],[81.029,26.366],[80.99,26.319],[80.943,26.312],[80.929,26.362],[80.823,26.354],[80.879,26.297],[80.803,26.212],[80.723,26.181],[80.667,26.126],[80.699,26.091],[80.752,26.078],[80.803,26.038],[80.931,26.07],[81.01,26.068],[81.107,25.959],[81.208,25.931],[81.212,25.878],[81.288,25.848],[81.328,25.814],[81.326,25.874],[81.403,25.9],[81.426,25.923],[81.563,25.977],[81.555,26.068],[81.532,26.123],[81.603,26.156],[81.61,26.183],[81.575,26.28],[81.546,26.313],[81.557,26.389],[81.537,26.429],[81.562,26.453],[81.533,26.526]]]},"properties":{"code":"IN-UP-rae-bareli","name":"Rae Bareli","state":"Uttar Pradesh"}},{"type":"Feature","geometry":{"type":"Polygon","coordinates":[[[79.396,28.885],[79.401,28.932],[79.279,28.965],[79.135,29.082],[79.142,29.12],[79.073,29.152],[78.961,29.162],[78.923,29.086],[78.938,29.039],[78.88,28.98],[78.876,28.904],[78.927,28.861],[78.964,28.769],[78.935,28.719],[78.868,28.697],[78.828,28.666],[78.927,28.569],[78.909,28.486],[78.989,28.391],[78.989,28.438],[79.129,28.496],[79.172,28.563],[79.211,28.579],[79.228,28.645],[79.293,28.725],[79.377,28.763],[79.374,28.8],[79.396,28.885]]]},"properties":{"code":"IN-UP-rampur","name":"Rampur","state":"Uttar Pradesh"}},{"type":"Feature","geometry":{"type":"Polygon","coordinates":[[[77.931,30.247],[77.812,30.291],[77.711,30.339],[77.636,30.41],[77.563,30.404],[77.575,30.385],[77.583,30.358],[77.57,30.337],[77.57,30.332],[77.556,30.303],[77.545,30.294],[77.532,30.287],[77.525,30.278],[77.52,30.26],[77.494,30.227],[77.484,30.21],[77.415,30.157],[77.411,30.15],[77.416,30.133],[77.409,30.123],[77.41,30.111],[77.397,30.096],[77.38,30.093],[77.368,30.092],[77.325,30.062],[77.303,30.061],[77.292,30.058],[77.28,30.053],[77.27,30.048],[77.25,29.988],[77.211,29.941],[77.152,29.793],[77.113,29.749],[77.132,29.699],[77.288,29.676],[77.33,29.65],[77.379,29.651],[77.434,29.675],[77.477,29.638],[77.613,29.618],[77.655,29.58],[77.685,29.62],[77.732,29.609],[77.811,29.672],[77.758,29.716],[77.765,29.785],[77.73,29.853],[77.741,29.994],[77.786,30.1],[77.82,30.094],[77.896,30.186],[77.931,30.247]]]},"properties":{"code":"IN-UP-saharanpur","name":"Saharanpur","state":"Uttar Pradesh"}},{"type":"Feature","geometry":{"type":"Polygon","coordinates":[[[83.123,27.05],[83.113,27.04],[83.107,27.026],[83.102,27.024],[83.092,27.024],[83.087,27.031],[83.072,27.035],[83.078,27.023],[83.045,27.012],[83.034,26.996],[83.034,26.986],[83.033,26.964],[83.02,26.958],[83.006,26.937],[83.005,26.932],[82.998,26.924],[82.99,26.915],[82.963,26.914],[82.902,26.923],[82.872,26.946],[82.864,26.946],[82.857,26.938],[82.844,26.93],[82.845,26.918],[82.852,26.922],[82.862,26.908],[82.849,26.903],[82.849,26.899],[82.856,26.892],[82.862,26.886],[82.843,26.881],[82.839,26.881],[82.826,26.863],[82.819,26.861],[82.83,26.849],[82.837,26.845],[82.842,26.845],[82.861,26.839],[82.864,26.839],[82.879,26.822],[82.875,26.814],[82.876,26.811],[82.875,26.793],[82.877,26.789],[82.889,26.787],[82.89,26.79],[82.895,26.792],[82.899,26.788],[82.922,26.79],[82.912,26.768],[82.912,26.766],[82.922,26.772],[82.934,26.757],[82.944,26.756],[82.945,26.752],[82.952,26.741],[82.958,26.726],[82.969,26.714],[82.966,26.7],[82.959,26.695],[82.958,26.685],[82.962,26.677],[82.95,26.674],[82.935,26.681],[82.922,26.671],[82.904,26.637],[82.898,26.632],[82.899,26.632],[82.892,26.628],[82.879,26.614],[82.879,26.608],[82.886,26.584],[82.894,26.579],[82.902,26.58],[82.904,26.565],[82.898,26.559],[82.891,26.555],[82.894,26.544],[82.926,26.52],[82.947,26.509],[82.965,26.497],[83.009,26.482],[83.015,26.477],[83.04,26.436],[83.073,26.419],[83.087,26.428],[83.089,26.435],[83.088,26.443],[83.089,26.457],[83.079,26.478],[83.083,26.483],[83.099,26.492],[83.163,26.505],[83.177,26.493],[83.184,26.495],[83.188,26.506],[83.193,26.523],[83.178,26.533],[83.174,26.53],[83.162,26.534],[83.149,26.542],[83.132,26.566],[83.133,26.569],[83.136,26.575],[83.116,26.6],[83.108,26.603],[83.103,26.623],[83.122,26.641],[83.125,26.651],[83.123,26.658],[83.114,26.663],[83.095,26.669],[83.105,26.69],[83.101,26.69],[83.094,26.686],[83.087,26.692],[83.08,26.703],[83.08,26.718],[83.085,26.723],[83.092,26.722],[83.1,26.717],[83.1,26.727],[83.12,26.732],[83.133,26.745],[83.135,26.771],[83.128,26.776],[83.123,26.78],[83.121,26.772],[83.113,26.768],[83.103,26.77],[83.106,26.782],[83.091,26.811],[83.1,26.814],[83.105,26.815],[83.118,26.851],[83.124,26.871],[83.127,26.877],[83.148,26.875],[83.159,26.885],[83.198,26.885],[83.199,26.908],[83.21,26.911],[83.212,26.919],[83.2,26.929],[83.202,26.941],[83.211,26.936],[83.216,26.946],[83.199,26.948],[83.189,26.945],[83.186,26.951],[83.198,26.956],[83.199,26.958],[83.196,26.971],[83.206,26.974],[83.21,26.976],[83.217,26.99],[83.204,27.004],[83.207,27.02],[83.197,27.021],[83.187,27.017],[83.159,27.004],[83.165,27.011],[83.155,27.014],[83.15,27.017],[83.149,27.008],[83.137,27.007],[83.134,27.015],[83.14,27.026],[83.132,27.024],[83.141,27.044],[83.131,27.048],[83.123,27.05]]]},"properties":{"code":"IN-UP-sant-kabir-nagar","name":"Sant Kabir Nagar","state":"Uttar Pradesh"}},{"type":"Feature","geometry":{"type":"Polygon","coordinates":[[[82.388,25.524],[82.385,25.524],[82.384,25.521],[82.385,25.517],[82.375,25.519],[82.372,25.521],[82.364,25.522],[82.365,25.517],[82.368,25.515],[82.367,25.511],[82.358,25.512],[82.353,25.513],[82.348,25.515],[82.344,25.518],[82.341,25.531],[82.338,25.533],[82.327,25.539],[82.325,25.539],[82.322,25.539],[82.319,25.536],[82.32,25.529],[82.324,25.524],[82.328,25.519],[82.331,25.516],[82.326,25.506],[82.324,25.504],[82.317,25.506],[82.315,25.51],[82.314,25.514],[82.311,25.521],[82.308,25.526],[82.307,25.526],[82.297,25.525],[82.296,25.525],[82.291,25.523],[82.289,25.522],[82.287,25.519],[82.289,25.516],[82.299,25.513],[82.302,25.512],[82.307,25.509],[82.307,25.502],[82.304,25.501],[82.297,25.499],[82.291,25.5],[82.282,25.503],[82.28,25.503],[82.275,25.495],[82.275,25.491],[82.277,25.488],[82.279,25.486],[82.297,25.488],[82.3,25.488],[82.304,25.477],[82.304,25.475],[82.303,25.463],[82.306,25.462],[82.315,25.458],[82.32,25.453],[82.326,25.453],[82.328,25.452],[82.332,25.447],[82.335,25.44],[82.336,25.438],[82.34,25.432],[82.341,25.43],[82.345,25.422],[82.34,25.413],[82.338,25.409],[82.333,25.404],[82.328,25.404],[82.322,25.405],[82.322,25.404],[82.317,25.397],[82.311,25.399],[82.305,25.391],[82.304,25.389],[82.307,25.389],[82.308,25.389],[82.31,25.382],[82.309,25.379],[82.302,25.374],[82.3,25.373],[82.3,25.37],[82.307,25.36],[82.308,25.356],[82.31,25.341],[82.304,25.332],[82.3,25.331],[82.296,25.329],[82.295,25.328],[82.295,25.317],[82.295,25.314],[82.294,25.311],[82.293,25.31],[82.291,25.309],[82.286,25.306],[82.285,25.306],[82.282,25.303],[82.278,25.303],[82.277,25.303],[82.272,25.301],[82.269,25.299],[82.265,25.298],[82.264,25.297],[82.261,25.296],[82.259,25.296],[82.255,25.295],[82.254,25.292],[82.25,25.288],[82.25,25.287],[82.247,25.28],[82.244,25.277],[82.24,25.277],[82.229,25.277],[82.222,25.278],[82.214,25.279],[82.213,25.276],[82.211,25.269],[82.209,25.265],[82.206,25.257],[82.202,25.251],[82.2,25.248],[82.199,25.247],[82.197,25.243],[82.193,25.238],[82.188,25.207],[82.193,25.197],[82.196,25.193],[82.208,25.187],[82.218,25.185],[82.224,25.184],[82.227,25.184],[82.24,25.184],[82.249,25.184],[82.254,25.185],[82.258,25.186],[82.261,25.185],[82.262,25.185],[82.269,25.187],[82.277,25.191],[82.278,25.192],[82.281,25.197],[82.28,25.201],[82.276,25.205],[82.272,25.206],[82.263,25.209],[82.256,25.211],[82.255,25.211],[82.249,25.213],[82.24,25.216],[82.237,25.217],[82.234,25.234],[82.234,25.235],[82.237,25.241],[82.239,25.243],[82.242,25.252],[82.245,25.258],[82.25,25.264],[82.26,25.274],[82.262,25.275],[82.264,25.276],[82.271,25.277],[82.276,25.278],[82.278,25.278],[82.286,25.277],[82.293,25.273],[82.297,25.27],[82.302,25.266],[82.303,25.264],[82.306,25.261],[82.308,25.258],[82.31,25.25],[82.311,25.249],[82.312,25.246],[82.315,25.234],[82.316,25.228],[82.317,25.224],[82.32,25.219],[82.322,25.217],[82.331,25.213],[82.337,25.212],[82.34,25.212],[82.345,25.213],[82.347,25.214],[82.352,25.217],[82.356,25.225],[82.357,25.229],[82.358,25.233],[82.36,25.236],[82.369,25.252],[82.371,25.255],[82.376,25.26],[82.378,25.262],[82.38,25.263],[82.383,25.264],[82.387,25.264],[82.393,25.262],[82.396,25.261],[82.398,25.259],[82.401,25.256],[82.408,25.253],[82.419,25.247],[82.42,25.246],[82.424,25.243],[82.426,25.242],[82.44,25.235],[82.441,25.232],[82.442,25.228],[82.442,25.225],[82.444,25.224],[82.448,25.224],[82.452,25.225],[82.459,25.226],[82.464,25.24],[82.465,25.243],[82.468,25.25],[82.47,25.248],[82.471,25.248],[82.478,25.246],[82.479,25.246],[82.486,25.245],[82.489,25.245],[82.494,25.245],[82.498,25.245],[82.503,25.246],[82.509,25.245],[82.518,25.243],[82.523,25.242],[82.532,25.242],[82.535,25.243],[82.538,25.244],[82.541,25.243],[82.543,25.243],[82.549,25.242],[82.555,25.246],[82.558,25.248],[82.564,25.246],[82.567,25.247],[82.567,25.249],[82.568,25.252],[82.572,25.254],[82.575,25.254],[82.58,25.254],[82.582,25.253],[82.587,25.253],[82.59,25.251],[82.597,25.25],[82.606,25.248],[82.606,25.234],[82.612,25.227],[82.619,25.223],[82.621,25.222],[82.625,25.221],[82.629,25.223],[82.629,25.225],[82.632,25.243],[82.632,25.247],[82.633,25.252],[82.636,25.261],[82.64,25.262],[82.646,25.263],[82.646,25.264],[82.652,25.261],[82.654,25.26],[82.66,25.252],[82.662,25.251],[82.664,25.251],[82.663,25.256],[82.667,25.284],[82.68,25.282],[82.686,25.313],[82.685,25.397],[82.684,25.397],[82.674,25.401],[82.666,25.402],[82.66,25.402],[82.657,25.402],[82.639,25.401],[82.638,25.4],[82.636,25.399],[82.63,25.397],[82.628,25.397],[82.624,25.396],[82.618,25.395],[82.613,25.407],[82.626,25.403],[82.628,25.404],[82.63,25.41],[82.627,25.412],[82.621,25.414],[82.615,25.416],[82.605,25.42],[82.6,25.419],[82.594,25.418],[82.593,25.418],[82.59,25.422],[82.594,25.429],[82.604,25.44],[82.605,25.446],[82.603,25.451],[82.598,25.453],[82.595,25.453],[82.587,25.453],[82.577,25.456],[82.572,25.448],[82.573,25.441],[82.574,25.435],[82.574,25.432],[82.574,25.43],[82.567,25.418],[82.565,25.418],[82.559,25.422],[82.557,25.435],[82.557,25.437],[82.557,25.443],[82.555,25.453],[82.55,25.459],[82.546,25.463],[82.538,25.465],[82.533,25.465],[82.534,25.457],[82.534,25.456],[82.538,25.455],[82.54,25.454],[82.545,25.451],[82.546,25.45],[82.545,25.446],[82.544,25.442],[82.538,25.44],[82.536,25.44],[82.529,25.44],[82.523,25.442],[82.516,25.444],[82.506,25.445],[82.506,25.45],[82.504,25.458],[82.5,25.464],[82.5,25.469],[82.498,25.473],[82.497,25.475],[82.494,25.478],[82.492,25.479],[82.486,25.48],[82.483,25.48],[82.474,25.475],[82.471,25.474],[82.463,25.471],[82.457,25.476],[82.458,25.477],[82.462,25.481],[82.466,25.483],[82.467,25.484],[82.471,25.488],[82.466,25.491],[82.456,25.492],[82.452,25.493],[82.444,25.496],[82.442,25.497],[82.44,25.498],[82.44,25.5],[82.439,25.513],[82.439,25.514],[82.439,25.518],[82.432,25.52],[82.424,25.519],[82.419,25.519],[82.413,25.512],[82.411,25.51],[82.406,25.507],[82.408,25.504],[82.409,25.502],[82.41,25.5],[82.405,25.495],[82.404,25.493],[82.402,25.497],[82.397,25.505],[82.391,25.517],[82.389,25.523],[82.388,25.524]]]},"properties":{"code":"IN-UP-sant-ravi-das-nagar","name":"Sant Ravi Das Nagar","state":"Uttar Pradesh"}},{"type":"Feature","geometry":{"type":"Polygon","coordinates":[[[80.052,27.776],[80.027,27.843],[80.022,27.929],[80.059,27.927],[80.113,28.002],[80.196,28.036],[80.249,28.09],[80.24,28.156],[80.291,28.158],[80.296,28.264],[80.357,28.338],[80.347,28.389],[80.29,28.459],[80.275,28.462],[80.235,28.461],[80.228,28.456],[80.228,28.45],[80.234,28.443],[80.241,28.419],[80.228,28.398],[80.203,28.392],[80.193,28.387],[80.163,28.357],[80.16,28.364],[80.152,28.378],[80.145,28.387],[80.092,28.379],[80.084,28.369],[80.04,28.356],[80.025,28.361],[79.946,28.337],[79.931,28.317],[79.954,28.174],[79.926,28.122],[79.829,28.215],[79.771,28.166],[79.703,28.211],[79.674,28.269],[79.611,28.155],[79.619,28.09],[79.575,28.097],[79.518,28.065],[79.487,28.027],[79.461,27.968],[79.449,27.855],[79.365,27.823],[79.328,27.74],[79.34,27.658],[79.435,27.646],[79.47,27.602],[79.58,27.597],[79.643,27.62],[79.654,27.501],[79.706,27.479],[79.718,27.543],[79.686,27.659],[79.756,27.719],[79.804,27.663],[79.856,27.658],[79.871,27.706],[79.951,27.734],[80.049,27.747],[80.052,27.776]]]},"properties":{"code":"IN-UP-shahjahanpur","name":"Shahjahanpur","state":"Uttar Pradesh"}},{"type":"Feature","geometry":{"type":"MultiPolygon","coordinates":[[[[81.804,27.905],[81.757,27.943],[81.764,27.937],[81.804,27.905]]],[[[81.804,27.905],[81.796,27.907],[81.77,27.926],[81.768,27.928],[81.768,27.929],[81.757,27.938],[81.729,27.96],[81.727,27.962],[81.71,27.977],[81.706,27.98],[81.695,27.989],[81.65,27.993],[81.614,27.944],[81.518,27.949],[81.481,27.904],[81.524,27.821],[81.59,27.763],[81.553,27.739],[81.589,27.687],[81.582,27.68],[81.557,27.657],[81.546,27.681],[81.534,27.687],[81.532,27.694],[81.543,27.711],[81.544,27.719],[81.534,27.718],[81.517,27.729],[81.483,27.721],[81.49,27.714],[81.437,27.68],[81.438,27.671],[81.459,27.671],[81.466,27.671],[81.478,27.661],[81.496,27.661],[81.505,27.65],[81.515,27.639],[81.527,27.63],[81.547,27.621],[81.542,27.614],[81.546,27.612],[81.547,27.582],[81.569,27.583],[81.57,27.578],[81.574,27.573],[81.598,27.556],[81.608,27.555],[81.618,27.54],[81.636,27.532],[81.647,27.522],[81.651,27.52],[81.655,27.503],[81.661,27.504],[81.666,27.509],[81.671,27.507],[81.685,27.494],[81.687,27.486],[81.691,27.473],[81.694,27.457],[81.688,27.436],[81.689,27.414],[81.688,27.409],[81.681,27.392],[81.683,27.391],[81.696,27.391],[81.712,27.394],[81.727,27.385],[81.761,27.373],[81.763,27.366],[81.719,27.365],[81.707,27.366],[81.688,27.353],[81.708,27.339],[81.713,27.332],[81.715,27.331],[81.727,27.337],[81.741,27.327],[81.748,27.32],[81.754,27.317],[81.761,27.315],[81.767,27.315],[81.767,27.301],[81.777,27.3],[81.786,27.3],[81.79,27.291],[81.796,27.278],[81.806,27.272],[81.81,27.279],[81.814,27.277],[81.82,27.284],[81.829,27.287],[81.842,27.329],[81.844,27.334],[81.866,27.337],[81.87,27.335],[81.88,27.331],[81.88,27.329],[81.883,27.323],[81.895,27.326],[81.911,27.335],[81.9,27.341],[81.901,27.346],[81.908,27.352],[81.903,27.359],[81.899,27.371],[81.902,27.379],[81.908,27.381],[81.931,27.393],[81.93,27.396],[81.928,27.427],[81.933,27.438],[81.935,27.443],[81.938,27.439],[81.946,27.436],[81.952,27.439],[81.955,27.441],[81.961,27.447],[81.963,27.444],[81.97,27.445],[81.981,27.435],[81.988,27.43],[81.99,27.424],[81.992,27.417],[82.012,27.422],[82.029,27.423],[82.034,27.419],[82.046,27.422],[82.065,27.412],[82.046,27.455],[82.05,27.503],[82.025,27.575],[82.034,27.618],[82.068,27.632],[82.119,27.707],[82.134,27.772],[82.19,27.811],[82.198,27.848],[82.125,27.865],[82.073,27.923],[81.97,27.929],[81.904,27.854],[81.804,27.905]]]]},"properties":{"code":"IN-UP-shravasti","name":"Shravasti","state":"Uttar Pradesh"}},{"type":"Feature","geometry":{"type":"Polygon","coordinates":[[[82.736,27.504],[82.711,27.471],[82.714,27.465],[82.724,27.465],[82.726,27.464],[82.731,27.455],[82.729,27.423],[82.721,27.415],[82.718,27.417],[82.707,27.409],[82.704,27.419],[82.696,27.427],[82.693,27.422],[82.689,27.425],[82.686,27.417],[82.683,27.419],[82.678,27.416],[82.659,27.411],[82.65,27.409],[82.643,27.414],[82.644,27.415],[82.658,27.415],[82.651,27.416],[82.637,27.415],[82.63,27.413],[82.627,27.418],[82.62,27.41],[82.618,27.413],[82.617,27.417],[82.613,27.413],[82.611,27.423],[82.607,27.424],[82.597,27.424],[82.589,27.426],[82.568,27.427],[82.567,27.423],[82.563,27.423],[82.564,27.414],[82.558,27.407],[82.527,27.374],[82.517,27.376],[82.5,27.375],[82.49,27.371],[82.483,27.364],[82.484,27.343],[82.482,27.34],[82.466,27.333],[82.461,27.332],[82.462,27.328],[82.471,27.325],[82.491,27.332],[82.5,27.329],[82.504,27.318],[82.495,27.322],[82.489,27.323],[82.48,27.317],[82.491,27.307],[82.503,27.311],[82.505,27.307],[82.485,27.297],[82.481,27.291],[82.513,27.267],[82.517,27.259],[82.496,27.252],[82.489,27.245],[82.494,27.243],[82.513,27.239],[82.503,27.219],[82.51,27.221],[82.522,27.219],[82.547,27.22],[82.545,27.212],[82.536,27.211],[82.537,27.209],[82.552,27.203],[82.552,27.188],[82.545,27.187],[82.495,27.198],[82.476,27.207],[82.474,27.209],[82.44,27.19],[82.429,27.178],[82.435,27.166],[82.447,27.157],[82.456,27.163],[82.471,27.16],[82.473,27.161],[82.462,27.168],[82.462,27.17],[82.472,27.17],[82.472,27.173],[82.478,27.169],[82.479,27.166],[82.483,27.166],[82.486,27.161],[82.539,27.113],[82.562,27.025],[82.607,27.008],[82.693,27.023],[82.733,26.984],[82.77,26.986],[82.82,26.938],[82.895,26.994],[82.92,26.925],[82.963,26.914],[82.99,26.915],[82.998,26.924],[83.005,26.932],[83.006,26.937],[83.02,26.958],[83.033,26.964],[83.034,26.986],[83.034,26.996],[83.045,27.012],[83.078,27.023],[83.072,27.035],[83.087,27.031],[83.092,27.024],[83.102,27.024],[83.107,27.026],[83.113,27.04],[83.123,27.05],[83.123,27.057],[83.132,27.056],[83.138,27.062],[83.129,27.07],[83.116,27.153],[83.21,27.248],[83.234,27.302],[83.294,27.336],[83.274,27.383],[83.167,27.458],[83.036,27.449],[82.956,27.468],[82.932,27.501],[82.804,27.496],[82.736,27.504]]]},"properties":{"code":"IN-UP-siddharth-nagar","name":"Siddharth Nagar","state":"Uttar Pradesh"}},{"type":"Feature","geometry":{"type":"Polygon","coordinates":[[[80.989,27.832],[80.987,27.871],[80.837,27.828],[80.715,27.812],[80.628,27.842],[80.596,27.756],[80.556,27.754],[80.509,27.814],[80.48,27.778],[80.411,27.751],[80.302,27.684],[80.296,27.587],[80.344,27.49],[80.381,27.479],[80.409,27.424],[80.438,27.408],[80.508,27.273],[80.631,27.271],[80.647,27.233],[80.718,27.241],[80.806,27.171],[80.817,27.107],[80.884,27.133],[80.919,27.164],[80.917,27.195],[80.956,27.226],[81.067,27.233],[81.107,27.28],[81.173,27.251],[81.234,27.289],[81.244,27.323],[81.287,27.342],[81.311,27.279],[81.367,27.275],[81.402,27.342],[81.407,27.365],[81.341,27.433],[81.31,27.507],[81.309,27.643],[81.293,27.686],[81.283,27.685],[81.27,27.685],[81.261,27.679],[81.251,27.679],[81.242,27.683],[81.243,27.693],[81.259,27.701],[81.243,27.72],[81.237,27.724],[81.221,27.736],[81.22,27.731],[81.211,27.728],[81.209,27.724],[81.201,27.721],[81.193,27.724],[81.19,27.732],[81.174,27.741],[81.187,27.758],[81.197,27.76],[81.217,27.759],[81.219,27.766],[81.215,27.769],[81.201,27.775],[81.189,27.782],[81.168,27.791],[81.133,27.813],[81.116,27.81],[81.094,27.799],[81.094,27.807],[81.085,27.807],[81.075,27.82],[81.029,27.819],[81.024,27.828],[81.015,27.829],[80.999,27.831],[80.989,27.832]]]},"properties":{"code":"IN-UP-sitapur","name":"Sitapur","state":"Uttar Pradesh"}},{"type":"Feature","geometry":{"type":"Polygon","coordinates":[[[83.1,24.818],[83.049,24.801],[83.007,24.824],[83.005,24.902],[82.947,24.84],[82.831,24.845],[82.817,24.857],[82.651,24.787],[82.619,24.79],[82.575,24.833],[82.539,24.81],[82.542,24.697],[82.518,24.678],[82.529,24.652],[82.666,24.7],[82.692,24.649],[82.766,24.642],[82.796,24.6],[82.801,24.553],[82.746,24.542],[82.716,24.557],[82.726,24.426],[82.707,24.385],[82.761,24.373],[82.764,24.292],[82.727,24.223],[82.736,24.168],[82.72,24.139],[82.657,24.135],[82.708,24.081],[82.755,24.073],[82.746,24.013],[82.801,24.001],[82.808,23.963],[82.881,23.91],[82.954,23.873],[83.127,23.89],[83.19,23.921],[83.216,23.989],[83.276,24.023],[83.292,24.077],[83.324,24.101],[83.339,24.11],[83.35,24.137],[83.356,24.148],[83.369,24.181],[83.378,24.201],[83.378,24.217],[83.379,24.22],[83.381,24.24],[83.393,24.247],[83.401,24.285],[83.387,24.298],[83.376,24.313],[83.403,24.337],[83.411,24.34],[83.427,24.34],[83.43,24.345],[83.446,24.363],[83.451,24.365],[83.448,24.368],[83.443,24.373],[83.44,24.38],[83.439,24.389],[83.433,24.394],[83.43,24.404],[83.426,24.406],[83.412,24.41],[83.401,24.437],[83.39,24.438],[83.387,24.465],[83.393,24.48],[83.394,24.489],[83.392,24.497],[83.393,24.501],[83.462,24.518],[83.498,24.527],[83.493,24.542],[83.517,24.549],[83.524,24.575],[83.525,24.58],[83.524,24.588],[83.517,24.599],[83.517,24.603],[83.542,24.625],[83.541,24.626],[83.521,24.63],[83.524,24.642],[83.522,24.645],[83.516,24.643],[83.503,24.649],[83.499,24.668],[83.5,24.695],[83.495,24.703],[83.492,24.705],[83.483,24.703],[83.48,24.716],[83.483,24.723],[83.48,24.738],[83.467,24.735],[83.441,24.744],[83.434,24.757],[83.403,24.777],[83.394,24.779],[83.387,24.784],[83.322,24.771],[83.281,24.731],[83.221,24.733],[83.179,24.716],[83.094,24.77],[83.1,24.818]]]},"properties":{"code":"IN-UP-sonbhadra","name":"Sonbhadra","state":"Uttar Pradesh"}},{"type":"Feature","geometry":{"type":"Polygon","coordinates":[[[81.695,26.591],[81.645,26.587],[81.609,26.631],[81.551,26.646],[81.556,26.591],[81.533,26.526],[81.562,26.453],[81.537,26.429],[81.557,26.389],[81.546,26.313],[81.575,26.28],[81.61,26.183],[81.676,26.121],[81.761,26.072],[81.778,26.03],[81.852,26.05],[81.876,26.084],[81.924,26.056],[81.956,26.082],[82.058,26.056],[82.097,26.078],[82.178,26.045],[82.239,26.061],[82.369,26.035],[82.423,26.012],[82.476,26.004],[82.458,26.078],[82.428,26.106],[82.469,26.134],[82.557,26.145],[82.592,26.2],[82.673,26.155],[82.671,26.259],[82.572,26.26],[82.544,26.288],[82.461,26.287],[82.393,26.33],[82.378,26.379],[82.271,26.393],[82.212,26.411],[82.154,26.427],[82.1,26.475],[82.074,26.474],[81.927,26.51],[81.853,26.537],[81.692,26.545],[81.695,26.591]]]},"properties":{"code":"IN-UP-sultanpur","name":"Sultanpur","state":"Uttar Pradesh"}},{"type":"Feature","geometry":{"type":"Polygon","coordinates":[[[80.551,27.016],[80.436,26.972],[80.375,26.936],[80.329,26.954],[80.295,27.031],[80.242,27.032],[80.22,26.976],[80.165,26.964],[80.152,26.991],[80.091,26.985],[80.042,26.925],[80.097,26.877],[80.096,26.843],[80.124,26.748],[80.177,26.692],[80.224,26.693],[80.275,26.64],[80.284,26.627],[80.295,26.611],[80.287,26.577],[80.286,26.565],[80.295,26.539],[80.301,26.531],[80.331,26.499],[80.339,26.491],[80.385,26.473],[80.391,26.469],[80.395,26.447],[80.402,26.44],[80.425,26.423],[80.458,26.402],[80.472,26.393],[80.498,26.377],[80.519,26.366],[80.526,26.355],[80.53,26.342],[80.552,26.271],[80.553,26.27],[80.552,26.251],[80.558,26.232],[80.593,26.229],[80.605,26.156],[80.667,26.126],[80.723,26.181],[80.803,26.212],[80.879,26.297],[80.823,26.354],[80.929,26.362],[80.943,26.312],[80.99,26.319],[81.029,26.366],[80.975,26.478],[80.991,26.54],[80.882,26.603],[80.833,26.668],[80.785,26.651],[80.748,26.691],[80.69,26.694],[80.693,26.752],[80.728,26.781],[80.671,26.866],[80.618,26.894],[80.59,26.989],[80.551,27.016]]]},"properties":{"code":"IN-UP-unnao","name":"Unnao","state":"Uttar Pradesh"}},{"type":"Feature","geometry":{"type":"Polygon","coordinates":[[[83.064,25.553],[83.044,25.547],[83.039,25.543],[83.021,25.573],[83.013,25.578],[83.008,25.574],[83.003,25.551],[82.991,25.553],[82.979,25.557],[82.975,25.557],[82.97,25.55],[82.96,25.535],[82.955,25.528],[82.952,25.527],[82.946,25.527],[82.936,25.533],[82.938,25.546],[82.937,25.548],[82.933,25.554],[82.929,25.563],[82.925,25.57],[82.922,25.572],[82.915,25.573],[82.912,25.572],[82.896,25.572],[82.895,25.572],[82.888,25.572],[82.886,25.572],[82.874,25.569],[82.871,25.568],[82.868,25.572],[82.863,25.58],[82.857,25.582],[82.856,25.581],[82.848,25.57],[82.845,25.566],[82.839,25.568],[82.837,25.568],[82.832,25.571],[82.829,25.556],[82.822,25.555],[82.82,25.554],[82.808,25.555],[82.804,25.555],[82.801,25.556],[82.794,25.556],[82.792,25.555],[82.789,25.554],[82.788,25.552],[82.786,25.548],[82.785,25.545],[82.783,25.545],[82.78,25.546],[82.776,25.544],[82.776,25.542],[82.774,25.534],[82.773,25.533],[82.769,25.532],[82.765,25.532],[82.759,25.535],[82.757,25.537],[82.748,25.544],[82.74,25.546],[82.736,25.548],[82.735,25.549],[82.733,25.549],[82.728,25.549],[82.717,25.544],[82.707,25.536],[82.705,25.534],[82.706,25.533],[82.709,25.53],[82.715,25.526],[82.717,25.522],[82.717,25.514],[82.71,25.503],[82.706,25.5],[82.702,25.489],[82.712,25.48],[82.721,25.475],[82.727,25.474],[82.728,25.471],[82.728,25.466],[82.728,25.465],[82.725,25.464],[82.721,25.464],[82.713,25.463],[82.702,25.462],[82.697,25.46],[82.697,25.457],[82.694,25.451],[82.696,25.449],[82.699,25.45],[82.701,25.448],[82.705,25.447],[82.708,25.445],[82.71,25.443],[82.711,25.441],[82.712,25.436],[82.704,25.435],[82.695,25.435],[82.687,25.435],[82.676,25.42],[82.676,25.416],[82.677,25.411],[82.678,25.41],[82.683,25.402],[82.685,25.399],[82.685,25.397],[82.686,25.313],[82.68,25.282],[82.667,25.284],[82.663,25.256],[82.664,25.251],[82.667,25.252],[82.669,25.253],[82.67,25.255],[82.678,25.265],[82.682,25.266],[82.687,25.266],[82.69,25.266],[82.696,25.266],[82.701,25.265],[82.702,25.265],[82.706,25.261],[82.707,25.256],[82.711,25.255],[82.718,25.256],[82.727,25.257],[82.731,25.25],[82.732,25.248],[82.739,25.244],[82.742,25.243],[82.747,25.244],[82.75,25.25],[82.751,25.254],[82.752,25.257],[82.753,25.269],[82.754,25.27],[82.766,25.27],[82.769,25.274],[82.771,25.274],[82.773,25.268],[82.763,25.263],[82.764,25.261],[82.764,25.26],[82.766,25.258],[82.767,25.257],[82.769,25.255],[82.77,25.253],[82.772,25.25],[82.771,25.249],[82.769,25.246],[82.771,25.235],[82.772,25.233],[82.774,25.232],[82.779,25.232],[82.782,25.232],[82.783,25.234],[82.782,25.236],[82.778,25.241],[82.778,25.245],[82.777,25.251],[82.782,25.253],[82.789,25.256],[82.796,25.258],[82.807,25.26],[82.813,25.258],[82.813,25.255],[82.808,25.248],[82.805,25.247],[82.805,25.237],[82.808,25.235],[82.808,25.23],[82.806,25.229],[82.805,25.229],[82.804,25.228],[82.797,25.227],[82.802,25.219],[82.806,25.214],[82.807,25.213],[82.809,25.21],[82.808,25.209],[82.793,25.21],[82.791,25.211],[82.784,25.212],[82.777,25.209],[82.779,25.205],[82.78,25.201],[82.782,25.197],[82.782,25.196],[82.786,25.194],[82.793,25.193],[82.795,25.191],[82.79,25.186],[82.787,25.183],[82.788,25.18],[82.793,25.176],[82.797,25.175],[82.799,25.179],[82.801,25.185],[82.801,25.189],[82.801,25.191],[82.805,25.19],[82.81,25.189],[82.815,25.188],[82.818,25.183],[82.821,25.178],[82.824,25.178],[82.826,25.177],[82.828,25.174],[82.831,25.17],[82.837,25.169],[82.845,25.17],[82.85,25.173],[82.853,25.176],[82.855,25.179],[82.856,25.182],[82.858,25.183],[82.861,25.188],[82.865,25.191],[82.867,25.193],[82.862,25.195],[82.861,25.198],[82.863,25.201],[82.867,25.204],[82.868,25.204],[82.875,25.202],[82.876,25.204],[82.878,25.206],[82.88,25.209],[82.886,25.211],[82.887,25.211],[82.889,25.212],[82.89,25.214],[82.896,25.215],[82.897,25.214],[82.904,25.216],[82.908,25.216],[82.925,25.211],[82.933,25.211],[82.94,25.211],[82.945,25.21],[82.955,25.209],[82.966,25.208],[82.973,25.207],[82.982,25.206],[82.992,25.205],[83.001,25.209],[83.013,25.221],[83.024,25.244],[83.026,25.244],[83.041,25.25],[83.047,25.249],[83.063,25.247],[83.058,25.252],[83.05,25.257],[83.043,25.27],[83.038,25.272],[83.041,25.284],[83.005,25.295],[83.021,25.315],[83.065,25.329],[83.091,25.331],[83.108,25.326],[83.132,25.319],[83.137,25.32],[83.153,25.333],[83.171,25.362],[83.179,25.382],[83.18,25.388],[83.186,25.408],[83.15,25.438],[83.131,25.443],[83.127,25.462],[83.162,25.49],[83.168,25.506],[83.165,25.526],[83.158,25.525],[83.15,25.509],[83.151,25.505],[83.144,25.508],[83.11,25.524],[83.09,25.523],[83.098,25.511],[83.104,25.497],[83.099,25.497],[83.089,25.506],[83.085,25.497],[83.078,25.496],[83.062,25.524],[83.063,25.537],[83.069,25.541],[83.064,25.553]]]},"properties":{"code":"IN-UP-varanasi","name":"Varanasi","state":"Uttar Pradesh"}},{"type":"Feature","geometry":{"type":"Polygon","coordinates":[[[79.49,29.939],[79.487,29.952],[79.48,29.955],[79.477,29.973],[79.457,29.989],[79.417,29.943],[79.313,29.935],[79.215,29.983],[79.216,29.953],[79.07,29.891],[79.11,29.814],[79.109,29.714],[79.074,29.663],[79.049,29.593],[79.024,29.591],[79.106,29.552],[79.211,29.527],[79.296,29.605],[79.366,29.593],[79.436,29.526],[79.489,29.505],[79.517,29.552],[79.602,29.56],[79.651,29.546],[79.678,29.479],[79.732,29.437],[79.774,29.455],[79.839,29.44],[79.841,29.46],[79.849,29.455],[79.854,29.462],[79.859,29.468],[79.895,29.495],[79.907,29.485],[79.909,29.48],[79.932,29.484],[79.948,29.481],[79.966,29.49],[79.982,29.494],[79.995,29.493],[80.004,29.497],[80.017,29.509],[80.06,29.526],[80.053,29.53],[80.044,29.543],[80.04,29.546],[80.017,29.552],[79.997,29.554],[79.99,29.566],[79.987,29.574],[79.981,29.592],[79.954,29.654],[79.946,29.663],[79.949,29.667],[79.945,29.674],[79.943,29.685],[79.932,29.691],[79.9,29.701],[79.883,29.708],[79.863,29.697],[79.851,29.695],[79.825,29.706],[79.803,29.702],[79.782,29.698],[79.735,29.696],[79.726,29.708],[79.71,29.743],[79.697,29.754],[79.676,29.776],[79.696,29.801],[79.693,29.826],[79.669,29.825],[79.647,29.831],[79.598,29.849],[79.557,29.848],[79.537,29.863],[79.507,29.873],[79.495,29.878],[79.492,29.887],[79.49,29.907],[79.492,29.914],[79.489,29.934],[79.49,29.939]]]},"properties":{"code":"IN-UK-almora","name":"Almora","state":"Uttaranchal"}},{"type":"Feature","geometry":{"type":"Polygon","coordinates":[[[80.015,30.318],[79.971,30.314],[79.954,30.297],[79.94,30.294],[79.933,30.3],[79.92,30.302],[79.909,30.294],[79.905,30.291],[79.876,30.278],[79.864,30.276],[79.794,30.29],[79.785,30.286],[79.802,30.24],[79.806,30.228],[79.805,30.226],[79.783,30.2],[79.779,30.194],[79.768,30.184],[79.77,30.173],[79.77,30.16],[79.752,30.144],[79.751,30.142],[79.762,30.125],[79.767,30.114],[79.766,30.106],[79.774,30.083],[79.804,30.075],[79.81,30.054],[79.801,30.047],[79.799,30.035],[79.793,30.023],[79.759,30.009],[79.753,30.013],[79.734,30.011],[79.727,30.01],[79.682,30.009],[79.664,30.012],[79.651,30.01],[79.636,30.02],[79.587,30.021],[79.572,30.012],[79.543,30.009],[79.542,30.007],[79.53,30.001],[79.521,30.005],[79.474,30.03],[79.457,29.989],[79.477,29.973],[79.48,29.955],[79.487,29.952],[79.49,29.939],[79.489,29.934],[79.492,29.914],[79.49,29.907],[79.492,29.887],[79.495,29.878],[79.507,29.873],[79.537,29.863],[79.557,29.848],[79.598,29.849],[79.647,29.831],[79.669,29.825],[79.693,29.826],[79.696,29.801],[79.676,29.776],[79.697,29.754],[79.71,29.743],[79.726,29.708],[79.735,29.696],[79.782,29.698],[79.803,29.702],[79.825,29.706],[79.851,29.695],[79.863,29.697],[79.88,29.712],[79.881,29.722],[79.857,29.745],[79.85,29.746],[79.809,29.778],[79.82,29.788],[79.874,29.781],[79.881,29.798],[79.908,29.797],[79.919,29.777],[79.967,29.765],[79.982,29.772],[79.987,29.776],[80.026,29.798],[80.019,29.812],[80.011,29.815],[79.979,29.848],[79.999,29.858],[80,29.86],[79.996,29.874],[79.996,29.881],[80.054,29.908],[80.132,29.903],[80.139,29.902],[80.147,29.914],[80.136,29.935],[80.084,29.972],[80.075,29.983],[80.065,30.006],[80.058,30.025],[80.058,30.03],[80.071,30.119],[80.093,30.167],[80.104,30.22],[80.105,30.23],[80.1,30.233],[80.07,30.238],[80.067,30.242],[80.061,30.264],[80.055,30.27],[80.055,30.284],[80.015,30.318]]]},"properties":{"code":"IN-UK-bageshwar","name":"Bageshwar","state":"Uttaranchal"}},{"type":"Feature","geometry":{"type":"Polygon","coordinates":[[[80.087,30.792],[80.044,30.844],[79.88,30.925],[79.855,30.979],[79.809,30.977],[79.746,31.006],[79.696,30.982],[79.654,30.986],[79.585,30.944],[79.497,31.041],[79.413,31.038],[79.392,31.08],[79.316,31.034],[79.314,30.978],[79.27,30.941],[79.216,30.814],[79.276,30.757],[79.266,30.732],[79.271,30.731],[79.284,30.726],[79.287,30.702],[79.292,30.69],[79.293,30.683],[79.303,30.678],[79.318,30.667],[79.341,30.654],[79.342,30.639],[79.342,30.636],[79.324,30.603],[79.32,30.6],[79.308,30.601],[79.289,30.577],[79.26,30.571],[79.233,30.565],[79.23,30.557],[79.22,30.536],[79.212,30.516],[79.21,30.501],[79.186,30.489],[79.163,30.465],[79.153,30.449],[79.158,30.441],[79.159,30.417],[79.152,30.393],[79.15,30.389],[79.112,30.384],[79.109,30.389],[79.1,30.39],[79.091,30.377],[79.075,30.349],[79.071,30.346],[79.061,30.344],[79.044,30.347],[79.028,30.342],[79.025,30.335],[79.017,30.332],[79.021,30.314],[79.06,30.227],[79.128,30.171],[79.123,30.128],[79.19,30.072],[79.215,29.983],[79.313,29.935],[79.417,29.943],[79.457,29.989],[79.474,30.03],[79.521,30.005],[79.53,30.001],[79.542,30.007],[79.543,30.009],[79.572,30.012],[79.587,30.021],[79.636,30.02],[79.651,30.01],[79.664,30.012],[79.682,30.009],[79.727,30.01],[79.734,30.011],[79.753,30.013],[79.759,30.009],[79.793,30.023],[79.799,30.035],[79.801,30.047],[79.81,30.054],[79.804,30.075],[79.774,30.083],[79.766,30.106],[79.767,30.114],[79.762,30.125],[79.751,30.142],[79.752,30.144],[79.77,30.16],[79.77,30.173],[79.768,30.184],[79.779,30.194],[79.783,30.2],[79.805,30.226],[79.806,30.228],[79.802,30.24],[79.785,30.286],[79.794,30.29],[79.864,30.276],[79.876,30.278],[79.905,30.291],[79.909,30.294],[79.92,30.302],[79.933,30.3],[79.94,30.294],[79.954,30.297],[79.971,30.314],[79.979,30.32],[79.985,30.37],[80.024,30.409],[80.023,30.446],[79.982,30.544],[80.028,30.607],[80.02,30.64],[79.966,30.711],[80.022,30.738],[80.089,30.728],[80.087,30.792]]]},"properties":{"code":"IN-UK-chamoli","name":"Chamoli","state":"Uttaranchal"}},{"type":"Feature","geometry":{"type":"Polygon","coordinates":[[[80.122,29.493],[80.114,29.511],[80.06,29.526],[80.017,29.509],[80.004,29.497],[79.995,29.493],[79.982,29.494],[79.966,29.49],[79.948,29.481],[79.932,29.484],[79.909,29.48],[79.907,29.485],[79.895,29.495],[79.859,29.468],[79.854,29.462],[79.849,29.455],[79.841,29.46],[79.839,29.44],[79.844,29.439],[79.824,29.404],[79.879,29.374],[79.857,29.341],[79.856,29.338],[79.851,29.324],[79.849,29.321],[79.841,29.321],[79.811,29.345],[79.786,29.341],[79.794,29.322],[79.8,29.318],[79.806,29.311],[79.847,29.279],[79.854,29.273],[79.863,29.266],[79.87,29.26],[79.879,29.257],[79.89,29.255],[79.902,29.234],[79.911,29.226],[79.913,29.215],[79.902,29.206],[79.868,29.176],[79.868,29.162],[79.904,29.131],[79.906,29.132],[79.937,29.132],[79.966,29.123],[79.958,29.113],[79.949,29.096],[79.947,29.071],[79.954,29.062],[79.96,29.058],[79.989,29.092],[79.999,29.094],[80.02,29.078],[80.037,29.086],[80.056,29.079],[80.067,29.09],[80.085,29.122],[80.136,29.133],[80.16,29.113],[80.186,29.137],[80.235,29.118],[80.274,29.145],[80.295,29.198],[80.306,29.285],[80.247,29.438],[80.233,29.447],[80.234,29.447],[80.187,29.459],[80.174,29.462],[80.145,29.477],[80.133,29.481],[80.122,29.493]]]},"properties":{"code":"IN-UK-champawat","name":"Champawat","state":"Uttaranchal"}},{"type":"Feature","geometry":{"type":"Polygon","coordinates":[[[78.002,30.618],[78.058,30.677],[78.075,30.724],[77.974,30.854],[77.966,30.902],[78.008,30.917],[77.957,30.98],[77.791,30.926],[77.784,30.872],[77.688,30.769],[77.741,30.711],[77.733,30.686],[77.775,30.641],[77.732,30.607],[77.754,30.57],[77.806,30.561],[77.799,30.511],[77.662,30.449],[77.604,30.437],[77.563,30.404],[77.636,30.41],[77.711,30.339],[77.812,30.291],[77.931,30.247],[77.994,30.177],[78.023,30.115],[78.059,30.08],[78.082,30.023],[78.122,30.006],[78.14,29.966],[78.181,29.95],[78.222,29.998],[78.216,30.023],[78.268,30.069],[78.299,30.118],[78.243,30.148],[78.234,30.209],[78.286,30.249],[78.257,30.309],[78.175,30.309],[78.137,30.329],[78.129,30.371],[78.219,30.418],[78.216,30.442],[78.089,30.486],[78.034,30.488],[77.974,30.471],[77.975,30.519],[78.002,30.618]]]},"properties":{"code":"IN-UK-dehra-dun","name":"Dehra Dun","state":"Uttaranchal"}},{"type":"Feature","geometry":{"type":"Polygon","coordinates":[[[78.181,29.95],[78.14,29.966],[78.122,30.006],[78.082,30.023],[78.059,30.08],[78.023,30.115],[77.994,30.177],[77.931,30.247],[77.896,30.186],[77.82,30.094],[77.786,30.1],[77.741,29.994],[77.73,29.853],[77.765,29.785],[77.758,29.716],[77.811,29.672],[77.874,29.702],[77.945,29.687],[77.977,29.642],[77.988,29.546],[78.033,29.552],[78.044,29.593],[78.166,29.68],[78.194,29.71],[78.231,29.704],[78.303,29.758],[78.332,29.796],[78.309,29.858],[78.239,29.925],[78.181,29.95]]]},"properties":{"code":"IN-UK-haridwar","name":"Haridwar","state":"Uttaranchal"}},{"type":"Feature","geometry":{"type":"Polygon","coordinates":[[[79.839,29.44],[79.774,29.455],[79.732,29.437],[79.678,29.479],[79.651,29.546],[79.602,29.56],[79.517,29.552],[79.489,29.505],[79.436,29.526],[79.366,29.593],[79.296,29.605],[79.211,29.527],[79.106,29.552],[79.024,29.591],[78.954,29.545],[78.927,29.478],[78.896,29.456],[78.887,29.409],[78.836,29.372],[78.913,29.357],[78.951,29.376],[78.995,29.345],[79.113,29.304],[79.137,29.273],[79.268,29.244],[79.235,29.189],[79.407,29.054],[79.616,29.055],[79.641,29.07],[79.699,29.028],[79.788,29.02],[79.851,28.988],[79.896,29.023],[79.902,29.031],[79.925,29.044],[79.955,29.052],[79.954,29.062],[79.947,29.071],[79.949,29.096],[79.958,29.113],[79.966,29.123],[79.937,29.132],[79.906,29.132],[79.904,29.131],[79.868,29.162],[79.868,29.176],[79.902,29.206],[79.913,29.215],[79.911,29.226],[79.902,29.234],[79.89,29.255],[79.879,29.257],[79.87,29.26],[79.863,29.266],[79.854,29.273],[79.847,29.279],[79.806,29.311],[79.8,29.318],[79.794,29.322],[79.786,29.341],[79.811,29.345],[79.841,29.321],[79.849,29.321],[79.851,29.324],[79.856,29.338],[79.857,29.341],[79.879,29.374],[79.824,29.404],[79.844,29.439],[79.839,29.44]]]},"properties":{"code":"IN-UK-naini-tal","name":"Naini Tal","state":"Uttaranchal"}},{"type":"Feature","geometry":{"type":"Polygon","coordinates":[[[79.215,29.983],[79.19,30.072],[79.123,30.128],[79.128,30.171],[79.06,30.227],[79.021,30.314],[79.005,30.308],[78.988,30.306],[78.98,30.303],[78.968,30.295],[78.79,30.228],[78.743,30.221],[78.677,30.248],[78.636,30.216],[78.581,30.145],[78.581,30.071],[78.52,30.081],[78.495,30.063],[78.426,30.085],[78.4,30.141],[78.299,30.118],[78.268,30.069],[78.216,30.023],[78.222,29.998],[78.181,29.95],[78.239,29.925],[78.309,29.858],[78.332,29.796],[78.488,29.741],[78.512,29.651],[78.576,29.581],[78.693,29.509],[78.766,29.484],[78.896,29.456],[78.927,29.478],[78.954,29.545],[79.024,29.591],[79.049,29.593],[79.074,29.663],[79.109,29.714],[79.11,29.814],[79.07,29.891],[79.216,29.953],[79.215,29.983]]]},"properties":{"code":"IN-UK-pauri-garhwal","name":"Pauri Garhwal","state":"Uttaranchal"}},{"type":"Feature","geometry":{"type":"Polygon","coordinates":[[[80.247,29.438],[80.304,29.453],[80.298,29.488],[80.342,29.51],[80.409,29.595],[80.418,29.651],[80.386,29.675],[80.366,29.74],[80.409,29.792],[80.466,29.802],[80.555,29.853],[80.576,29.923],[80.605,29.959],[80.678,29.958],[80.74,30],[80.808,30.09],[80.88,30.132],[80.865,30.169],[80.929,30.236],[80.978,30.238],[81.011,30.263],[80.811,30.32],[80.731,30.402],[80.594,30.482],[80.531,30.461],[80.485,30.49],[80.368,30.527],[80.278,30.574],[80.211,30.582],[80.209,30.645],[80.237,30.741],[80.19,30.764],[80.159,30.812],[80.087,30.792],[80.089,30.728],[80.022,30.738],[79.966,30.711],[80.02,30.64],[80.028,30.607],[79.982,30.544],[80.023,30.446],[80.024,30.409],[79.985,30.37],[79.979,30.32],[80.015,30.318],[80.055,30.284],[80.055,30.27],[80.061,30.264],[80.067,30.242],[80.07,30.238],[80.1,30.233],[80.105,30.23],[80.104,30.22],[80.093,30.167],[80.071,30.119],[80.058,30.03],[80.058,30.025],[80.065,30.006],[80.075,29.983],[80.084,29.972],[80.136,29.935],[80.147,29.914],[80.139,29.902],[80.132,29.903],[80.054,29.908],[79.996,29.881],[79.996,29.874],[80,29.86],[79.999,29.858],[79.979,29.848],[80.011,29.815],[80.019,29.812],[80.026,29.798],[79.987,29.776],[79.982,29.772],[79.967,29.765],[79.919,29.777],[79.908,29.797],[79.881,29.798],[79.874,29.781],[79.82,29.788],[79.809,29.778],[79.85,29.746],[79.857,29.745],[79.881,29.722],[79.88,29.712],[79.883,29.708],[79.9,29.701],[79.932,29.691],[79.943,29.685],[79.945,29.674],[79.949,29.667],[79.946,29.663],[79.954,29.654],[79.981,29.592],[79.987,29.574],[79.99,29.566],[79.997,29.554],[80.017,29.552],[80.04,29.546],[80.044,29.543],[80.053,29.53],[80.06,29.526],[80.114,29.511],[80.122,29.493],[80.133,29.481],[80.145,29.477],[80.174,29.462],[80.187,29.459],[80.234,29.447],[80.233,29.447],[80.247,29.438]]]},"properties":{"code":"IN-UK-pithoragarh","name":"Pithoragarh","state":"Uttaranchal"}},{"type":"Feature","geometry":{"type":"Polygon","coordinates":[[[79.271,30.731],[79.245,30.729],[79.185,30.741],[79.147,30.762],[79.134,30.758],[79.12,30.757],[79.115,30.767],[79.104,30.779],[79.086,30.781],[79.065,30.791],[79.019,30.812],[79.012,30.804],[79.012,30.774],[79.007,30.769],[79.004,30.759],[78.988,30.755],[78.941,30.74],[78.932,30.728],[78.912,30.72],[78.9,30.694],[78.901,30.691],[78.899,30.638],[78.943,30.591],[78.966,30.586],[78.973,30.556],[78.986,30.553],[78.998,30.506],[79.001,30.494],[79,30.489],[79.003,30.472],[79.002,30.465],[79.007,30.461],[79.023,30.453],[79.043,30.439],[79.021,30.423],[79.014,30.43],[78.996,30.408],[78.998,30.401],[78.986,30.382],[78.962,30.357],[78.957,30.35],[78.959,30.343],[78.961,30.324],[78.968,30.299],[78.98,30.303],[78.988,30.306],[79.005,30.308],[79.021,30.314],[79.017,30.332],[79.025,30.335],[79.028,30.342],[79.044,30.347],[79.061,30.344],[79.071,30.346],[79.075,30.349],[79.091,30.377],[79.1,30.39],[79.109,30.389],[79.112,30.384],[79.15,30.389],[79.152,30.393],[79.159,30.417],[79.158,30.441],[79.153,30.449],[79.163,30.465],[79.186,30.489],[79.21,30.501],[79.212,30.516],[79.22,30.536],[79.23,30.557],[79.233,30.565],[79.26,30.571],[79.289,30.577],[79.308,30.601],[79.32,30.6],[79.324,30.603],[79.342,30.636],[79.342,30.639],[79.341,30.654],[79.318,30.667],[79.303,30.678],[79.293,30.683],[79.292,30.69],[79.287,30.702],[79.284,30.726],[79.271,30.731]]]},"properties":{"code":"IN-UK-rudra-prayag","name":"Rudra Prayag","state":"Uttaranchal"}},{"type":"Feature","geometry":{"type":"Polygon","coordinates":[[[79.019,30.812],[78.985,30.868],[78.932,30.862],[78.864,30.883],[78.837,30.855],[78.841,30.761],[78.794,30.727],[78.711,30.737],[78.649,30.697],[78.588,30.697],[78.582,30.633],[78.536,30.578],[78.534,30.539],[78.483,30.544],[78.5,30.6],[78.47,30.632],[78.427,30.595],[78.442,30.546],[78.399,30.488],[78.269,30.615],[78.195,30.583],[78.154,30.596],[78.142,30.64],[78.074,30.635],[78.035,30.603],[78.002,30.618],[77.975,30.519],[77.974,30.471],[78.034,30.488],[78.089,30.486],[78.216,30.442],[78.219,30.418],[78.129,30.371],[78.137,30.329],[78.175,30.309],[78.257,30.309],[78.286,30.249],[78.234,30.209],[78.243,30.148],[78.299,30.118],[78.4,30.141],[78.426,30.085],[78.495,30.063],[78.52,30.081],[78.581,30.071],[78.581,30.145],[78.636,30.216],[78.677,30.248],[78.743,30.221],[78.79,30.228],[78.968,30.295],[78.968,30.299],[78.961,30.324],[78.959,30.343],[78.957,30.35],[78.962,30.357],[78.986,30.382],[78.998,30.401],[78.996,30.408],[79.014,30.43],[79.021,30.423],[79.043,30.439],[79.023,30.453],[79.007,30.461],[79.002,30.465],[79.003,30.472],[79,30.489],[79.001,30.494],[78.998,30.506],[78.986,30.553],[78.973,30.556],[78.966,30.586],[78.943,30.591],[78.899,30.638],[78.901,30.691],[78.9,30.694],[78.912,30.72],[78.932,30.728],[78.941,30.74],[78.988,30.755],[79.004,30.759],[79.007,30.769],[79.012,30.774],[79.012,30.804],[79.019,30.812]]]},"properties":{"code":"IN-UK-tehri-garhwal","name":"Tehri Garhwal","state":"Uttaranchal"}},{"type":"Feature","geometry":{"type":"Polygon","coordinates":[[[78.836,29.372],[78.784,29.343],[78.726,29.33],[78.759,29.287],[78.814,29.252],[78.864,29.249],[78.899,29.203],[78.905,29.163],[78.961,29.162],[79.073,29.152],[79.142,29.12],[79.135,29.082],[79.279,28.965],[79.401,28.932],[79.396,28.885],[79.411,28.856],[79.507,28.863],[79.533,28.89],[79.631,28.859],[79.666,28.848],[79.71,28.879],[79.762,28.89],[79.791,28.877],[79.795,28.87],[79.806,28.869],[79.809,28.863],[79.809,28.859],[79.8,28.854],[79.794,28.843],[79.799,28.836],[79.801,28.83],[79.798,28.821],[79.795,28.815],[79.789,28.82],[79.783,28.805],[79.803,28.806],[79.805,28.809],[79.811,28.811],[79.816,28.812],[79.815,28.819],[79.856,28.839],[79.875,28.83],[79.875,28.821],[79.854,28.821],[79.846,28.821],[79.846,28.805],[79.867,28.796],[79.88,28.797],[79.895,28.801],[79.901,28.799],[79.889,28.786],[79.892,28.781],[79.899,28.774],[79.91,28.763],[79.918,28.752],[79.953,28.718],[79.988,28.717],[80.072,28.83],[80.06,28.916],[80.129,29.006],[80.13,29.061],[80.16,29.113],[80.136,29.133],[80.085,29.122],[80.067,29.09],[80.056,29.079],[80.037,29.086],[80.02,29.078],[79.999,29.094],[79.989,29.092],[79.96,29.058],[79.955,29.052],[79.925,29.044],[79.902,29.031],[79.896,29.023],[79.851,28.988],[79.788,29.02],[79.699,29.028],[79.641,29.07],[79.616,29.055],[79.407,29.054],[79.235,29.189],[79.268,29.244],[79.137,29.273],[79.113,29.304],[78.995,29.345],[78.951,29.376],[78.913,29.357],[78.836,29.372]]]},"properties":{"code":"IN-UK-udham-singh-nagar","name":"Udham Singh Nagar","state":"Uttaranchal"}},{"type":"Feature","geometry":{"type":"Polygon","coordinates":[[[79.392,31.08],[79.382,31.118],[79.3,31.149],[79.248,31.297],[79.129,31.439],[79.057,31.472],[78.981,31.357],[78.93,31.338],[78.907,31.259],[78.946,31.194],[78.972,31.182],[78.997,31.118],[78.88,31.104],[78.819,31.147],[78.795,31.205],[78.749,31.194],[78.651,31.198],[78.601,31.236],[78.537,31.207],[78.47,31.204],[78.419,31.26],[78.369,31.288],[78.298,31.288],[78.233,31.235],[78.148,31.232],[78.092,31.193],[78.03,31.185],[78.008,31.157],[77.955,31.179],[77.902,31.159],[77.805,31.054],[77.825,31.005],[77.796,30.97],[77.754,30.977],[77.746,30.922],[77.791,30.926],[77.957,30.98],[78.008,30.917],[77.966,30.902],[77.974,30.854],[78.075,30.724],[78.058,30.677],[78.002,30.618],[78.035,30.603],[78.074,30.635],[78.142,30.64],[78.154,30.596],[78.195,30.583],[78.269,30.615],[78.399,30.488],[78.442,30.546],[78.427,30.595],[78.47,30.632],[78.5,30.6],[78.483,30.544],[78.534,30.539],[78.536,30.578],[78.582,30.633],[78.588,30.697],[78.649,30.697],[78.711,30.737],[78.794,30.727],[78.841,30.761],[78.837,30.855],[78.864,30.883],[78.932,30.862],[78.985,30.868],[79.019,30.812],[79.065,30.791],[79.086,30.781],[79.104,30.779],[79.115,30.767],[79.12,30.757],[79.134,30.758],[79.147,30.762],[79.185,30.741],[79.245,30.729],[79.266,30.732],[79.276,30.757],[79.216,30.814],[79.27,30.941],[79.314,30.978],[79.316,31.034],[79.392,31.08]]]},"properties":{"code":"IN-UK-uttarkashi","name":"Uttarkashi","state":"Uttaranchal"}},{"type":"Feature","geometry":{"type":"Polygon","coordinates":[[[87.71,23.008],[87.74,23.028],[87.76,23.077],[87.745,23.105],[87.684,23.128],[87.646,23.195],[87.652,23.236],[87.598,23.256],[87.556,23.307],[87.496,23.346],[87.442,23.403],[87.25,23.514],[87.209,23.553],[87.12,23.574],[87.012,23.632],[86.911,23.627],[86.894,23.638],[86.888,23.627],[86.878,23.604],[86.878,23.591],[86.878,23.579],[86.87,23.569],[86.858,23.57],[86.869,23.555],[86.872,23.546],[86.873,23.537],[86.882,23.528],[86.892,23.494],[86.864,23.487],[86.858,23.477],[86.856,23.463],[86.851,23.461],[86.841,23.464],[86.815,23.464],[86.814,23.44],[86.84,23.41],[86.842,23.399],[86.838,23.388],[86.824,23.382],[86.824,23.372],[86.818,23.359],[86.812,23.361],[86.801,23.358],[86.798,23.341],[86.789,23.339],[86.784,23.34],[86.775,23.336],[86.773,23.318],[86.773,23.296],[86.769,23.294],[86.769,23.269],[86.77,23.262],[86.769,23.251],[86.766,23.24],[86.769,23.228],[86.776,23.216],[86.771,23.199],[86.753,23.199],[86.746,23.191],[86.748,23.179],[86.733,23.166],[86.719,23.148],[86.711,23.119],[86.706,23.117],[86.714,23.109],[86.736,23.072],[86.722,23.048],[86.728,23.044],[86.718,23.034],[86.723,22.999],[86.716,22.989],[86.714,22.981],[86.711,22.971],[86.709,22.962],[86.706,22.954],[86.698,22.948],[86.691,22.933],[86.687,22.927],[86.693,22.914],[86.699,22.907],[86.702,22.893],[86.699,22.89],[86.699,22.869],[86.668,22.852],[86.652,22.835],[86.636,22.825],[86.61,22.814],[86.607,22.796],[86.655,22.784],[86.784,22.708],[86.842,22.681],[86.922,22.623],[86.946,22.666],[87.016,22.664],[87.033,22.716],[87.083,22.735],[87.049,22.821],[87.058,22.846],[87.128,22.842],[87.163,22.878],[87.282,22.908],[87.355,22.949],[87.475,22.91],[87.52,22.927],[87.614,22.888],[87.642,22.919],[87.641,22.985],[87.71,23.008]]]},"properties":{"code":"IN-WB-bankura","name":"Bankura","state":"West Bengal"}},{"type":"Feature","geometry":{"type":"Polygon","coordinates":[[[86.924,23.866],[86.885,23.873],[86.88,23.842],[86.885,23.83],[86.888,23.822],[86.882,23.814],[86.873,23.834],[86.854,23.832],[86.844,23.822],[86.826,23.813],[86.797,23.832],[86.793,23.831],[86.817,23.776],[86.796,23.693],[86.829,23.682],[86.849,23.671],[86.853,23.661],[86.866,23.655],[86.893,23.641],[86.894,23.638],[86.911,23.627],[87.012,23.632],[87.12,23.574],[87.209,23.553],[87.25,23.514],[87.442,23.403],[87.496,23.346],[87.556,23.307],[87.598,23.256],[87.652,23.236],[87.646,23.195],[87.684,23.128],[87.745,23.105],[87.76,23.077],[87.74,23.028],[87.71,23.008],[87.748,22.957],[87.79,22.938],[87.889,22.935],[88.009,22.96],[88.048,22.985],[88.048,23.036],[88.098,23.044],[88.147,23.074],[88.167,23.148],[88.252,23.148],[88.27,23.128],[88.345,23.129],[88.416,23.209],[88.361,23.251],[88.327,23.31],[88.34,23.421],[88.388,23.494],[88.358,23.541],[88.292,23.557],[88.261,23.614],[88.214,23.603],[88.153,23.625],[88.142,23.683],[88.192,23.734],[88.193,23.763],[88.09,23.749],[88.058,23.718],[88.033,23.761],[88.021,23.823],[87.962,23.801],[87.933,23.727],[87.908,23.713],[87.911,23.658],[87.952,23.622],[87.904,23.538],[87.803,23.557],[87.714,23.615],[87.664,23.615],[87.588,23.593],[87.513,23.615],[87.441,23.613],[87.412,23.682],[87.356,23.714],[87.289,23.721],[87.261,23.748],[87.159,23.744],[87.085,23.805],[87.077,23.809],[87.064,23.813],[87.034,23.837],[86.963,23.865],[86.951,23.846],[86.924,23.866]]]},"properties":{"code":"IN-WB-barddhaman","name":"Barddhaman","state":"West Bengal"}},{"type":"Feature","geometry":{"type":"Polygon","coordinates":[[[87.802,24.578],[87.78,24.582],[87.768,24.576],[87.778,24.571],[87.792,24.566],[87.803,24.554],[87.804,24.54],[87.797,24.539],[87.797,24.53],[87.799,24.521],[87.801,24.515],[87.8,24.504],[87.794,24.5],[87.801,24.495],[87.803,24.502],[87.807,24.511],[87.808,24.509],[87.812,24.499],[87.819,24.492],[87.82,24.493],[87.822,24.496],[87.822,24.492],[87.821,24.488],[87.817,24.486],[87.809,24.477],[87.814,24.473],[87.817,24.465],[87.817,24.459],[87.815,24.454],[87.807,24.453],[87.801,24.447],[87.8,24.444],[87.796,24.439],[87.79,24.435],[87.792,24.427],[87.79,24.422],[87.786,24.419],[87.799,24.411],[87.805,24.418],[87.808,24.412],[87.807,24.404],[87.802,24.402],[87.793,24.396],[87.793,24.393],[87.797,24.392],[87.798,24.391],[87.798,24.382],[87.794,24.381],[87.785,24.368],[87.779,24.357],[87.765,24.339],[87.761,24.333],[87.764,24.325],[87.76,24.32],[87.759,24.317],[87.758,24.308],[87.748,24.301],[87.743,24.298],[87.74,24.293],[87.736,24.289],[87.73,24.288],[87.72,24.288],[87.71,24.292],[87.708,24.28],[87.705,24.275],[87.706,24.268],[87.705,24.264],[87.697,24.26],[87.693,24.257],[87.685,24.253],[87.678,24.246],[87.671,24.244],[87.662,24.245],[87.659,24.238],[87.654,24.237],[87.65,24.244],[87.649,24.247],[87.643,24.225],[87.638,24.216],[87.645,24.208],[87.659,24.207],[87.671,24.206],[87.678,24.191],[87.684,24.189],[87.693,24.186],[87.696,24.171],[87.694,24.159],[87.69,24.15],[87.651,24.155],[87.636,24.157],[87.628,24.163],[87.622,24.164],[87.61,24.165],[87.59,24.16],[87.584,24.161],[87.569,24.156],[87.576,24.153],[87.601,24.135],[87.608,24.129],[87.595,24.125],[87.593,24.124],[87.58,24.12],[87.575,24.109],[87.569,24.107],[87.574,24.09],[87.573,24.086],[87.567,24.086],[87.563,24.085],[87.553,24.085],[87.544,24.087],[87.534,24.091],[87.531,24.099],[87.527,24.104],[87.521,24.104],[87.517,24.111],[87.507,24.111],[87.493,24.112],[87.495,24.105],[87.494,24.097],[87.493,24.095],[87.49,24.09],[87.489,24.088],[87.493,24.085],[87.506,24.082],[87.504,24.078],[87.503,24.075],[87.5,24.073],[87.489,24.07],[87.493,24.065],[87.494,24.063],[87.495,24.05],[87.504,24.046],[87.508,24.043],[87.511,24.04],[87.504,24.03],[87.501,24.026],[87.496,24.023],[87.495,24.024],[87.486,24.016],[87.473,24.011],[87.469,24.012],[87.464,24.013],[87.462,24.013],[87.455,24.015],[87.452,24.015],[87.446,24.014],[87.439,24.013],[87.437,24.008],[87.438,24.009],[87.444,24.009],[87.447,24.008],[87.441,24.003],[87.45,24],[87.458,23.993],[87.454,23.983],[87.439,23.978],[87.434,23.982],[87.429,23.982],[87.422,23.991],[87.415,23.991],[87.394,23.999],[87.351,23.999],[87.328,23.996],[87.32,23.999],[87.318,24.002],[87.316,24.007],[87.318,24.007],[87.332,24.018],[87.336,24.024],[87.326,24.03],[87.304,24.029],[87.29,24.03],[87.274,24.032],[87.269,24.033],[87.258,24.035],[87.244,24.042],[87.233,24.025],[87.239,24.015],[87.241,24.006],[87.244,24.001],[87.246,23.998],[87.247,23.997],[87.248,23.997],[87.248,23.996],[87.249,23.996],[87.25,23.996],[87.252,23.996],[87.253,23.996],[87.255,23.997],[87.256,23.998],[87.256,23.999],[87.268,23.985],[87.266,23.982],[87.26,23.97],[87.262,23.966],[87.269,23.965],[87.29,23.947],[87.288,23.926],[87.295,23.899],[87.293,23.89],[87.278,23.882],[87.262,23.878],[87.257,23.908],[87.248,23.907],[87.246,23.895],[87.245,23.881],[87.249,23.866],[87.252,23.848],[87.255,23.839],[87.239,23.825],[87.229,23.823],[87.22,23.827],[87.222,23.835],[87.232,23.845],[87.199,23.847],[87.192,23.84],[87.189,23.846],[87.187,23.857],[87.184,23.853],[87.177,23.852],[87.169,23.858],[87.153,23.866],[87.136,23.868],[87.128,23.862],[87.13,23.851],[87.154,23.826],[87.159,23.828],[87.166,23.82],[87.11,23.799],[87.113,23.806],[87.106,23.8],[87.091,23.81],[87.085,23.805],[87.159,23.744],[87.261,23.748],[87.289,23.721],[87.356,23.714],[87.412,23.682],[87.441,23.613],[87.513,23.615],[87.588,23.593],[87.664,23.615],[87.714,23.615],[87.803,23.557],[87.904,23.538],[87.952,23.622],[87.911,23.658],[87.908,23.713],[87.933,23.727],[87.962,23.801],[87.922,23.838],[87.891,23.834],[87.85,23.884],[87.865,23.915],[87.871,24.015],[87.906,24.097],[87.896,24.144],[87.984,24.199],[87.985,24.205],[87.984,24.21],[87.988,24.211],[87.989,24.206],[87.994,24.209],[87.995,24.241],[88.019,24.242],[88.01,24.313],[87.958,24.338],[87.974,24.414],[87.97,24.469],[87.946,24.515],[87.887,24.563],[87.877,24.561],[87.869,24.561],[87.864,24.559],[87.86,24.555],[87.854,24.556],[87.849,24.557],[87.845,24.553],[87.835,24.556],[87.823,24.567],[87.817,24.57],[87.802,24.578]]]},"properties":{"code":"IN-WB-birbhum","name":"Birbhum","state":"West Bengal"}},{"type":"Feature","geometry":{"type":"Polygon","coordinates":[[[88.446,25.196],[88.478,25.213],[88.553,25.196],[88.709,25.21],[88.804,25.172],[88.848,25.21],[88.923,25.167],[88.959,25.22],[88.958,25.261],[88.989,25.296],[88.919,25.309],[88.905,25.336],[88.844,25.362],[88.827,25.399],[88.842,25.453],[88.798,25.522],[88.767,25.491],[88.71,25.496],[88.665,25.471],[88.551,25.516],[88.456,25.596],[88.444,25.597],[88.389,25.569],[88.357,25.544],[88.317,25.512],[88.295,25.478],[88.263,25.39],[88.246,25.356],[88.178,25.289],[88.215,25.307],[88.343,25.3],[88.381,25.287],[88.425,25.303],[88.458,25.25],[88.446,25.196]]]},"properties":{"code":"IN-WB-dakshin-dinajpur","name":"Dakshin Dinajpur","state":"West Bengal"}},{"type":"Feature","geometry":{"type":"Polygon","coordinates":[[[88.137,27.117],[88.123,27.124],[88.093,27.136],[88.083,27.149],[88.083,27.165],[88.067,27.19],[88.075,27.201],[88.058,27.214],[88.033,27.221],[88.017,27.219],[88.014,27.097],[88.04,27.036],[88.086,27.029],[88.121,26.987],[88.139,26.898],[88.174,26.869],[88.19,26.771],[88.166,26.646],[88.105,26.539],[88.106,26.536],[88.151,26.517],[88.157,26.519],[88.18,26.534],[88.182,26.543],[88.197,26.544],[88.199,26.539],[88.212,26.542],[88.221,26.546],[88.186,26.5],[88.179,26.491],[88.226,26.472],[88.215,26.466],[88.237,26.449],[88.245,26.459],[88.257,26.471],[88.305,26.489],[88.31,26.497],[88.337,26.497],[88.37,26.573],[88.41,26.633],[88.407,26.638],[88.401,26.649],[88.4,26.653],[88.391,26.676],[88.397,26.683],[88.411,26.699],[88.43,26.694],[88.446,26.7],[88.441,26.712],[88.43,26.715],[88.422,26.725],[88.422,26.739],[88.426,26.746],[88.427,26.756],[88.431,26.753],[88.439,26.782],[88.441,26.789],[88.431,26.817],[88.435,26.826],[88.474,26.846],[88.492,26.854],[88.477,26.876],[88.507,26.862],[88.571,26.889],[88.604,26.879],[88.662,26.926],[88.761,26.924],[88.757,26.964],[88.812,26.99],[88.872,26.965],[88.879,27.038],[88.87,27.109],[88.8,27.137],[88.718,27.144],[88.715,27.15],[88.702,27.174],[88.684,27.18],[88.66,27.162],[88.642,27.167],[88.619,27.188],[88.598,27.191],[88.594,27.191],[88.529,27.178],[88.521,27.178],[88.52,27.175],[88.532,27.154],[88.522,27.15],[88.519,27.148],[88.508,27.136],[88.481,27.123],[88.465,27.105],[88.454,27.09],[88.446,27.085],[88.411,27.091],[88.364,27.098],[88.341,27.111],[88.324,27.105],[88.32,27.117],[88.304,27.129],[88.3,27.128],[88.278,27.131],[88.271,27.13],[88.24,27.12],[88.196,27.136],[88.184,27.135],[88.179,27.135],[88.158,27.114],[88.152,27.112],[88.137,27.117]]]},"properties":{"code":"IN-WB-darjiling","name":"Darjiling","state":"West Bengal"}},{"type":"Feature","geometry":{"type":"MultiPolygon","coordinates":[[[[88.141,22.026],[88.07,21.991],[88.088,21.933],[88.141,22.026]]],[[[87.857,22.509],[87.84,22.508],[87.838,22.506],[87.83,22.502],[87.817,22.498],[87.813,22.495],[87.801,22.488],[87.783,22.485],[87.77,22.477],[87.766,22.476],[87.745,22.475],[87.737,22.485],[87.707,22.489],[87.693,22.506],[87.69,22.505],[87.672,22.477],[87.672,22.466],[87.654,22.458],[87.648,22.438],[87.651,22.418],[87.656,22.405],[87.65,22.376],[87.644,22.337],[87.647,22.324],[87.652,22.328],[87.662,22.329],[87.665,22.324],[87.681,22.323],[87.704,22.327],[87.715,22.321],[87.702,22.279],[87.703,22.255],[87.697,22.231],[87.697,22.225],[87.705,22.213],[87.711,22.204],[87.72,22.203],[87.727,22.19],[87.719,22.182],[87.711,22.177],[87.706,22.179],[87.705,22.161],[87.668,22.104],[87.535,22.08],[87.493,22.086],[87.463,22.024],[87.484,21.952],[87.477,21.897],[87.446,21.885],[87.439,21.764],[87.444,21.761],[87.443,21.742],[87.451,21.735],[87.444,21.732],[87.465,21.726],[87.466,21.724],[87.463,21.717],[87.469,21.698],[87.468,21.696],[87.468,21.677],[87.46,21.657],[87.461,21.644],[87.482,21.614],[87.482,21.609],[87.56,21.633],[87.678,21.654],[87.79,21.695],[87.895,21.784],[87.927,21.8],[87.98,21.858],[88.053,22.013],[88.167,22.074],[88.194,22.111],[88.136,22.185],[88.066,22.19],[87.99,22.209],[87.937,22.267],[87.943,22.364],[87.916,22.417],[87.877,22.44],[87.882,22.506],[87.857,22.509]]]]},"properties":{"code":"IN-WB-east-midnapore","name":"East Midnapore","state":"West Bengal"}},{"type":"Feature","geometry":{"type":"Polygon","coordinates":[[[87.994,22.762],[87.965,22.768],[87.95,22.768],[87.948,22.764],[87.947,22.754],[87.948,22.737],[87.925,22.687],[87.928,22.659],[87.939,22.635],[87.937,22.626],[87.92,22.633],[87.914,22.627],[87.902,22.627],[87.899,22.623],[87.884,22.606],[87.88,22.6],[87.858,22.605],[87.851,22.594],[87.855,22.585],[87.845,22.571],[87.842,22.558],[87.85,22.544],[87.872,22.528],[87.879,22.526],[87.883,22.524],[87.882,22.506],[87.877,22.44],[87.916,22.417],[87.949,22.399],[87.96,22.28],[87.984,22.246],[88.049,22.22],[88.095,22.302],[88.095,22.372],[88.139,22.404],[88.116,22.46],[88.163,22.476],[88.238,22.533],[88.244,22.557],[88.257,22.555],[88.284,22.548],[88.329,22.552],[88.352,22.597],[88.36,22.606],[88.366,22.612],[88.364,22.621],[88.36,22.63],[88.352,22.647],[88.341,22.661],[88.193,22.664],[88.118,22.695],[88.066,22.697],[88.063,22.705],[88.047,22.679],[88.043,22.678],[88.039,22.681],[88.027,22.682],[88.024,22.686],[88.016,22.683],[87.993,22.7],[87.995,22.713],[87.996,22.736],[87.998,22.737],[87.999,22.738],[88,22.739],[88.001,22.74],[88.001,22.741],[88.001,22.743],[88,22.744],[87.998,22.746],[87.997,22.746],[87.996,22.747],[87.994,22.762]]]},"properties":{"code":"IN-WB-haora","name":"Haora","state":"West Bengal"}},{"type":"Feature","geometry":{"type":"Polygon","coordinates":[[[88.408,22.942],[88.415,23.013],[88.49,23.076],[88.499,23.121],[88.449,23.145],[88.472,23.207],[88.416,23.209],[88.345,23.129],[88.27,23.128],[88.252,23.148],[88.167,23.148],[88.147,23.074],[88.098,23.044],[88.048,23.036],[88.048,22.985],[88.009,22.96],[87.889,22.935],[87.79,22.938],[87.748,22.957],[87.71,23.008],[87.641,22.985],[87.642,22.919],[87.614,22.888],[87.52,22.927],[87.506,22.901],[87.632,22.809],[87.742,22.77],[87.741,22.736],[87.812,22.613],[87.851,22.594],[87.858,22.605],[87.88,22.6],[87.884,22.606],[87.899,22.623],[87.902,22.627],[87.914,22.627],[87.92,22.633],[87.937,22.626],[87.939,22.635],[87.928,22.659],[87.925,22.687],[87.948,22.737],[87.947,22.754],[87.948,22.764],[87.95,22.768],[87.965,22.768],[87.994,22.762],[87.996,22.747],[87.997,22.746],[87.998,22.746],[88,22.744],[88.001,22.743],[88.001,22.741],[88.001,22.74],[88,22.739],[87.999,22.738],[87.998,22.737],[87.996,22.736],[87.995,22.713],[87.993,22.7],[88.016,22.683],[88.024,22.686],[88.027,22.682],[88.039,22.681],[88.043,22.678],[88.047,22.679],[88.063,22.705],[88.066,22.697],[88.118,22.695],[88.193,22.664],[88.341,22.661],[88.352,22.647],[88.364,22.68],[88.353,22.791],[88.371,22.851],[88.407,22.881],[88.408,22.942]]]},"properties":{"code":"IN-WB-hugli","name":"Hugli","state":"West Bengal"}},{"type":"Feature","geometry":{"type":"Polygon","coordinates":[[[89.869,26.674],[89.861,26.7],[89.642,26.747],[89.654,26.772],[89.528,26.819],[89.459,26.806],[89.448,26.835],[89.32,26.853],[89.252,26.816],[89.129,26.809],[89.102,26.836],[89.086,26.897],[89.027,26.938],[88.985,26.921],[88.941,26.939],[88.947,26.977],[88.911,26.994],[88.872,26.965],[88.812,26.99],[88.757,26.964],[88.761,26.924],[88.662,26.926],[88.604,26.879],[88.571,26.889],[88.507,26.862],[88.477,26.876],[88.492,26.854],[88.474,26.846],[88.435,26.826],[88.431,26.817],[88.441,26.789],[88.439,26.782],[88.431,26.753],[88.427,26.756],[88.426,26.746],[88.422,26.739],[88.422,26.725],[88.43,26.715],[88.441,26.712],[88.446,26.7],[88.43,26.694],[88.411,26.699],[88.397,26.683],[88.391,26.676],[88.4,26.653],[88.401,26.649],[88.407,26.638],[88.41,26.633],[88.432,26.551],[88.486,26.541],[88.557,26.457],[88.65,26.427],[88.697,26.344],[88.744,26.354],[88.848,26.382],[88.944,26.477],[88.982,26.534],[89.024,26.517],[89.072,26.538],[89.24,26.492],[89.305,26.483],[89.356,26.495],[89.389,26.465],[89.454,26.49],[89.528,26.477],[89.55,26.426],[89.621,26.416],[89.662,26.435],[89.695,26.421],[89.762,26.464],[89.829,26.458],[89.833,26.412],[89.845,26.41],[89.85,26.414],[89.869,26.457],[89.871,26.46],[89.862,26.466],[89.855,26.494],[89.862,26.53],[89.861,26.543],[89.864,26.561],[89.862,26.575],[89.873,26.598],[89.862,26.615],[89.857,26.623],[89.861,26.636],[89.876,26.646],[89.868,26.661],[89.87,26.663],[89.869,26.674]]]},"properties":{"code":"IN-WB-jalpaiguri","name":"Jalpaiguri","state":"West Bengal"}},{"type":"Feature","geometry":{"type":"Polygon","coordinates":[[[89.833,26.412],[89.829,26.458],[89.762,26.464],[89.695,26.421],[89.662,26.435],[89.621,26.416],[89.55,26.426],[89.528,26.477],[89.454,26.49],[89.389,26.465],[89.356,26.495],[89.305,26.483],[89.24,26.492],[89.072,26.538],[89.024,26.517],[88.982,26.534],[88.944,26.477],[88.848,26.382],[88.744,26.354],[88.762,26.301],[88.822,26.301],[88.819,26.26],[88.853,26.236],[88.881,26.29],[88.935,26.288],[88.962,26.245],[89.057,26.245],[89.067,26.293],[89.003,26.302],[89.007,26.333],[88.918,26.375],[88.965,26.461],[89,26.42],[89.1,26.385],[89.111,26.289],[89.147,26.235],[89.141,26.18],[89.16,26.142],[89.254,26.102],[89.262,26.064],[89.328,26.037],[89.363,26.008],[89.397,26.02],[89.467,25.998],[89.545,25.994],[89.65,26.069],[89.632,26.115],[89.599,26.139],[89.661,26.218],[89.696,26.175],[89.719,26.166],[89.725,26.172],[89.733,26.173],[89.734,26.175],[89.72,26.178],[89.707,26.173],[89.703,26.177],[89.695,26.189],[89.711,26.189],[89.716,26.191],[89.714,26.206],[89.726,26.206],[89.724,26.217],[89.715,26.215],[89.698,26.216],[89.7,26.219],[89.706,26.217],[89.712,26.228],[89.718,26.232],[89.729,26.238],[89.716,26.246],[89.716,26.255],[89.711,26.258],[89.701,26.261],[89.705,26.27],[89.711,26.265],[89.717,26.259],[89.732,26.26],[89.734,26.266],[89.729,26.283],[89.716,26.302],[89.723,26.308],[89.721,26.296],[89.732,26.293],[89.746,26.291],[89.757,26.289],[89.759,26.293],[89.752,26.322],[89.762,26.317],[89.779,26.347],[89.782,26.353],[89.81,26.367],[89.82,26.371],[89.817,26.366],[89.811,26.358],[89.816,26.351],[89.821,26.351],[89.824,26.377],[89.828,26.381],[89.841,26.378],[89.844,26.394],[89.828,26.393],[89.827,26.396],[89.833,26.412]]]},"properties":{"code":"IN-WB-kochbihar","name":"Kochbihar","state":"West Bengal"}},{"type":"Feature","geometry":{"type":"Polygon","coordinates":[[[88.407,22.556],[88.394,22.583],[88.393,22.598],[88.389,22.626],[88.381,22.628],[88.364,22.621],[88.366,22.612],[88.36,22.606],[88.352,22.597],[88.329,22.552],[88.284,22.548],[88.282,22.543],[88.321,22.505],[88.324,22.505],[88.336,22.498],[88.368,22.501],[88.376,22.521],[88.387,22.534],[88.387,22.539],[88.398,22.554],[88.407,22.556]]]},"properties":{"code":"IN-WB-kolkata","name":"Kolkata","state":"West Bengal"}},{"type":"Feature","geometry":{"type":"Polygon","coordinates":[[[88.178,25.289],[88.168,25.292],[88.146,25.288],[88.146,25.273],[88.151,25.27],[88.137,25.253],[88.125,25.243],[88.126,25.263],[88.114,25.27],[88.11,25.282],[88.126,25.291],[88.127,25.295],[88.109,25.322],[88.114,25.335],[88.121,25.354],[88.122,25.363],[88.101,25.383],[88.114,25.404],[88.098,25.415],[88.096,25.424],[88.112,25.433],[88.098,25.429],[88.097,25.441],[88.079,25.458],[88.074,25.463],[88.07,25.481],[88.004,25.494],[87.956,25.538],[87.87,25.503],[87.863,25.465],[87.787,25.449],[87.763,25.396],[87.782,25.338],[87.85,25.297],[87.849,25.253],[87.788,25.22],[87.773,25.099],[87.864,25.04],[87.962,24.936],[87.967,24.881],[87.897,24.854],[87.906,24.838],[87.919,24.819],[87.932,24.806],[87.94,24.797],[87.961,24.769],[87.965,24.756],[87.965,24.74],[87.964,24.722],[87.963,24.71],[87.956,24.688],[87.979,24.667],[87.985,24.665],[87.994,24.657],[87.995,24.656],[88.008,24.668],[88.06,24.715],[88.067,24.75],[88.112,24.813],[88.167,24.863],[88.141,24.917],[88.18,24.954],[88.231,24.958],[88.267,24.893],[88.315,24.881],[88.326,24.915],[88.397,24.969],[88.453,25.041],[88.446,25.196],[88.458,25.25],[88.425,25.303],[88.381,25.287],[88.343,25.3],[88.215,25.307],[88.178,25.289]]]},"properties":{"code":"IN-WB-maldah","name":"Maldah","state":"West Bengal"}},{"type":"Feature","geometry":{"type":"Polygon","coordinates":[[[87.932,24.806],[87.919,24.819],[87.897,24.854],[87.889,24.853],[87.891,24.848],[87.895,24.848],[87.897,24.842],[87.894,24.829],[87.898,24.825],[87.887,24.82],[87.868,24.823],[87.872,24.812],[87.873,24.805],[87.878,24.798],[87.875,24.79],[87.868,24.787],[87.867,24.782],[87.867,24.776],[87.865,24.774],[87.855,24.764],[87.85,24.761],[87.839,24.765],[87.834,24.766],[87.837,24.777],[87.839,24.78],[87.83,24.783],[87.828,24.772],[87.822,24.767],[87.814,24.753],[87.825,24.752],[87.852,24.735],[87.861,24.731],[87.875,24.735],[87.878,24.739],[87.885,24.729],[87.891,24.723],[87.903,24.712],[87.901,24.711],[87.899,24.7],[87.898,24.695],[87.889,24.682],[87.89,24.67],[87.903,24.667],[87.912,24.662],[87.91,24.655],[87.908,24.642],[87.904,24.63],[87.902,24.629],[87.897,24.63],[87.889,24.631],[87.887,24.624],[87.902,24.623],[87.902,24.617],[87.902,24.613],[87.896,24.612],[87.879,24.615],[87.873,24.611],[87.875,24.61],[87.878,24.609],[87.889,24.608],[87.899,24.608],[87.908,24.608],[87.908,24.604],[87.909,24.591],[87.905,24.584],[87.903,24.582],[87.896,24.581],[87.887,24.563],[87.946,24.515],[87.97,24.469],[87.974,24.414],[87.958,24.338],[88.01,24.313],[88.019,24.242],[87.995,24.241],[87.994,24.209],[87.989,24.206],[87.988,24.211],[87.984,24.21],[87.985,24.205],[87.984,24.199],[87.896,24.144],[87.906,24.097],[87.871,24.015],[87.865,23.915],[87.85,23.884],[87.891,23.834],[87.922,23.838],[87.962,23.801],[88.021,23.823],[88.033,23.761],[88.058,23.718],[88.09,23.749],[88.193,23.763],[88.268,23.808],[88.336,23.805],[88.407,23.816],[88.474,23.855],[88.458,23.918],[88.518,23.946],[88.51,23.981],[88.581,24.026],[88.622,23.978],[88.651,24.07],[88.704,24.094],[88.7,24.166],[88.732,24.197],[88.737,24.268],[88.723,24.297],[88.673,24.315],[88.629,24.307],[88.507,24.345],[88.438,24.381],[88.392,24.372],[88.328,24.387],[88.265,24.445],[88.205,24.458],[88.107,24.545],[88.046,24.637],[88.008,24.668],[87.995,24.656],[87.994,24.657],[87.985,24.665],[87.979,24.667],[87.956,24.688],[87.963,24.71],[87.964,24.722],[87.965,24.74],[87.965,24.756],[87.961,24.769],[87.94,24.797],[87.932,24.806]]]},"properties":{"code":"IN-WB-murshidabad","name":"Murshidabad","state":"West Bengal"}},{"type":"Feature","geometry":{"type":"Polygon","coordinates":[[[88.75,23.237],[88.697,23.293],[88.747,23.318],[88.736,23.349],[88.764,23.442],[88.743,23.481],[88.662,23.55],[88.644,23.608],[88.562,23.646],[88.581,23.789],[88.602,23.817],[88.576,23.86],[88.667,23.884],[88.733,23.914],[88.737,24.056],[88.704,24.094],[88.651,24.07],[88.622,23.978],[88.581,24.026],[88.51,23.981],[88.518,23.946],[88.458,23.918],[88.474,23.855],[88.407,23.816],[88.336,23.805],[88.268,23.808],[88.193,23.763],[88.192,23.734],[88.142,23.683],[88.153,23.625],[88.214,23.603],[88.261,23.614],[88.292,23.557],[88.358,23.541],[88.388,23.494],[88.34,23.421],[88.327,23.31],[88.361,23.251],[88.416,23.209],[88.472,23.207],[88.449,23.145],[88.499,23.121],[88.49,23.076],[88.415,23.013],[88.408,22.942],[88.507,22.94],[88.611,22.902],[88.656,22.871],[88.661,22.98],[88.685,23.023],[88.675,23.091],[88.717,23.184],[88.709,23.233],[88.75,23.237]]]},"properties":{"code":"IN-WB-nadia","name":"Nadia","state":"West Bengal"}},{"type":"Feature","geometry":{"type":"MultiPolygon","coordinates":[[[[88.835,21.607],[88.854,21.55],[88.893,21.579],[88.835,21.607]]],[[[88.772,21.653],[88.736,21.645],[88.749,21.579],[88.798,21.592],[88.772,21.653]]],[[[89.059,21.722],[89.018,21.708],[89.026,21.644],[89.049,21.62],[89.093,21.637],[89.059,21.722]]],[[[88.883,21.745],[88.873,21.694],[88.922,21.633],[88.942,21.69],[88.883,21.745]]],[[[88.832,21.766],[88.782,21.733],[88.819,21.703],[88.809,21.64],[88.86,21.643],[88.832,21.766]]],[[[88.716,21.807],[88.695,21.744],[88.711,21.69],[88.755,21.666],[88.759,21.759],[88.716,21.807]]],[[[88.856,21.865],[88.839,21.849],[88.835,21.782],[88.891,21.763],[88.897,21.782],[88.88,21.808],[88.88,21.829],[88.875,21.846],[88.877,21.852],[88.856,21.857],[88.856,21.865]]],[[[88.789,21.879],[88.766,21.831],[88.821,21.825],[88.829,21.863],[88.789,21.879]]],[[[88.979,21.893],[88.98,21.869],[88.951,21.842],[88.976,21.804],[89.02,21.818],[89.031,21.863],[88.979,21.893]]],[[[88.718,21.907],[88.696,21.842],[88.751,21.801],[88.775,21.865],[88.718,21.907]]],[[[88.837,21.918],[88.849,21.896],[88.861,21.856],[88.874,21.855],[88.879,21.852],[88.878,21.846],[88.882,21.83],[88.881,21.82],[88.89,21.812],[88.964,21.863],[88.972,21.899],[88.915,21.928],[88.887,21.914],[88.837,21.918]]],[[[88.724,21.932],[88.729,21.9],[88.797,21.877],[88.799,21.92],[88.724,21.932]]],[[[88.813,22.019],[88.761,22.015],[88.752,21.959],[88.825,21.94],[88.857,21.919],[88.907,21.93],[88.9,22.013],[88.813,22.019]]],[[[89.016,22.051],[88.986,22.049],[88.974,21.995],[89.018,21.976],[89.03,21.926],[89.063,21.935],[89.078,21.986],[89.04,22.049],[89.016,22.051]]],[[[88.865,22.167],[88.846,22.121],[88.872,22.088],[88.923,22.109],[88.865,22.167]]],[[[88.95,22.189],[88.909,22.134],[88.931,22.098],[88.902,22.064],[88.931,21.942],[88.992,21.907],[88.994,21.97],[88.972,21.988],[88.958,22.06],[88.985,22.148],[88.95,22.189]]],[[[88.845,22.189],[88.806,22.178],[88.703,22.078],[88.75,22.081],[88.798,22.125],[88.85,22.143],[88.845,22.189]]],[[[88.813,22.283],[88.793,22.262],[88.792,22.258],[88.786,22.257],[88.774,22.251],[88.752,22.23],[88.747,22.199],[88.815,22.181],[88.827,22.196],[88.806,22.208],[88.801,22.228],[88.813,22.283]]],[[[88.85,22.363],[88.818,22.359],[88.808,22.333],[88.812,22.314],[88.805,22.296],[88.827,22.265],[88.826,22.239],[88.807,22.209],[88.837,22.207],[88.867,22.196],[88.902,22.177],[88.937,22.297],[88.892,22.343],[88.85,22.363]]],[[[88.985,22.382],[88.955,22.361],[88.947,22.256],[88.968,22.215],[89.069,22.19],[89.034,22.255],[88.996,22.283],[88.985,22.382]]],[[[88.898,22.549],[88.867,22.53],[88.861,22.413],[88.905,22.412],[88.908,22.434],[88.901,22.445],[88.897,22.459],[88.892,22.466],[88.896,22.472],[88.893,22.487],[88.898,22.549]]],[[[88.92,22.565],[88.896,22.561],[88.914,22.515],[88.896,22.484],[88.899,22.477],[88.895,22.466],[88.903,22.455],[88.904,22.446],[88.919,22.43],[88.926,22.406],[88.896,22.38],[88.907,22.336],[88.949,22.355],[88.995,22.468],[88.956,22.551],[88.92,22.565]]],[[[88.821,22.363],[88.849,22.365],[88.852,22.433],[88.869,22.546],[88.896,22.563],[88.938,22.571],[88.93,22.641],[88.959,22.691],[88.921,22.734],[88.921,22.765],[88.958,22.794],[88.968,22.842],[88.946,22.877],[88.909,22.877],[88.897,22.949],[88.869,22.969],[88.878,23.029],[88.87,23.096],[88.931,23.139],[88.962,23.19],[88.913,23.23],[88.785,23.218],[88.75,23.237],[88.709,23.233],[88.717,23.184],[88.675,23.091],[88.685,23.023],[88.661,22.98],[88.656,22.871],[88.611,22.902],[88.507,22.94],[88.408,22.942],[88.407,22.881],[88.371,22.851],[88.353,22.791],[88.364,22.68],[88.352,22.647],[88.36,22.63],[88.381,22.628],[88.389,22.626],[88.393,22.598],[88.394,22.583],[88.407,22.556],[88.413,22.576],[88.423,22.571],[88.438,22.567],[88.486,22.554],[88.507,22.552],[88.513,22.546],[88.525,22.548],[88.539,22.572],[88.548,22.6],[88.552,22.604],[88.554,22.616],[88.568,22.619],[88.579,22.611],[88.59,22.612],[88.665,22.487],[88.786,22.366],[88.821,22.363]]]]},"properties":{"code":"IN-WB-north-24-parganas","name":"North 24 Parganas","state":"West Bengal"}},{"type":"Feature","geometry":{"type":"Polygon","coordinates":[[[86.888,23.627],[86.893,23.641],[86.866,23.655],[86.853,23.661],[86.849,23.671],[86.829,23.682],[86.796,23.693],[86.792,23.687],[86.738,23.678],[86.737,23.689],[86.732,23.694],[86.669,23.686],[86.633,23.676],[86.616,23.672],[86.588,23.669],[86.591,23.662],[86.552,23.64],[86.529,23.629],[86.481,23.635],[86.472,23.631],[86.466,23.63],[86.445,23.632],[86.438,23.624],[86.44,23.609],[86.427,23.61],[86.418,23.603],[86.41,23.598],[86.4,23.589],[86.382,23.576],[86.365,23.557],[86.364,23.551],[86.36,23.546],[86.36,23.538],[86.36,23.531],[86.364,23.528],[86.368,23.523],[86.367,23.519],[86.357,23.51],[86.359,23.49],[86.364,23.482],[86.349,23.472],[86.352,23.464],[86.338,23.461],[86.338,23.457],[86.331,23.447],[86.329,23.455],[86.312,23.449],[86.3,23.444],[86.306,23.436],[86.312,23.437],[86.314,23.428],[86.3,23.42],[86.281,23.435],[86.278,23.441],[86.267,23.44],[86.266,23.438],[86.252,23.437],[86.248,23.431],[86.251,23.422],[86.243,23.42],[86.239,23.426],[86.24,23.432],[86.225,23.436],[86.227,23.45],[86.235,23.456],[86.223,23.465],[86.221,23.456],[86.2,23.464],[86.181,23.467],[86.179,23.475],[86.172,23.479],[86.153,23.477],[86.143,23.477],[86.145,23.494],[86.155,23.504],[86.153,23.552],[86.146,23.559],[86.145,23.568],[86.132,23.566],[86.119,23.574],[86.094,23.57],[86.071,23.578],[86.051,23.579],[86.037,23.583],[86.035,23.575],[86.021,23.545],[86.019,23.542],[86.052,23.499],[86.041,23.49],[86.026,23.488],[86.015,23.485],[86.001,23.479],[85.99,23.476],[85.968,23.465],[85.953,23.46],[85.938,23.455],[85.906,23.472],[85.878,23.476],[85.861,23.428],[85.863,23.41],[85.872,23.409],[85.882,23.404],[85.878,23.402],[85.885,23.387],[85.882,23.384],[85.894,23.38],[85.885,23.374],[85.867,23.361],[85.871,23.353],[85.878,23.324],[85.861,23.315],[85.852,23.294],[85.826,23.263],[85.831,23.211],[85.834,23.202],[85.832,23.195],[85.835,23.192],[85.844,23.194],[85.86,23.192],[85.877,23.173],[85.877,23.161],[85.889,23.152],[85.915,23.13],[85.982,23.146],[86.037,23.144],[86.044,23.112],[86.116,23.094],[86.176,23.013],[86.234,22.993],[86.279,23.011],[86.393,22.974],[86.416,22.995],[86.497,22.99],[86.512,22.966],[86.432,22.916],[86.416,22.777],[86.479,22.722],[86.555,22.708],[86.562,22.723],[86.578,22.745],[86.598,22.786],[86.595,22.791],[86.607,22.796],[86.61,22.814],[86.636,22.825],[86.652,22.835],[86.668,22.852],[86.699,22.869],[86.699,22.89],[86.702,22.893],[86.699,22.907],[86.693,22.914],[86.687,22.927],[86.691,22.933],[86.698,22.948],[86.706,22.954],[86.709,22.962],[86.711,22.971],[86.714,22.981],[86.716,22.989],[86.723,22.999],[86.718,23.034],[86.728,23.044],[86.722,23.048],[86.736,23.072],[86.714,23.109],[86.706,23.117],[86.711,23.119],[86.719,23.148],[86.733,23.166],[86.748,23.179],[86.746,23.191],[86.753,23.199],[86.771,23.199],[86.776,23.216],[86.769,23.228],[86.766,23.24],[86.769,23.251],[86.77,23.262],[86.769,23.269],[86.769,23.294],[86.773,23.296],[86.773,23.318],[86.775,23.336],[86.784,23.34],[86.789,23.339],[86.798,23.341],[86.801,23.358],[86.812,23.361],[86.818,23.359],[86.824,23.372],[86.824,23.382],[86.838,23.388],[86.842,23.399],[86.84,23.41],[86.814,23.44],[86.815,23.464],[86.841,23.464],[86.851,23.461],[86.856,23.463],[86.858,23.477],[86.864,23.487],[86.892,23.494],[86.882,23.528],[86.873,23.537],[86.872,23.546],[86.869,23.555],[86.858,23.57],[86.87,23.569],[86.878,23.579],[86.878,23.591],[86.878,23.604],[86.888,23.627]]]},"properties":{"code":"IN-WB-puruliya","name":"Puruliya","state":"West Bengal"}},{"type":"Feature","geometry":{"type":"MultiPolygon","coordinates":[[[[88.537,21.639],[88.51,21.601],[88.55,21.564],[88.584,21.611],[88.537,21.639]]],[[[88.311,21.706],[88.317,21.665],[88.306,21.629],[88.337,21.621],[88.351,21.678],[88.311,21.706]]],[[[88.205,21.721],[88.181,21.689],[88.205,21.61],[88.232,21.641],[88.205,21.721]]],[[[88.546,21.736],[88.517,21.712],[88.541,21.64],[88.586,21.699],[88.546,21.736]]],[[[88.221,21.762],[88.212,21.72],[88.233,21.669],[88.235,21.635],[88.217,21.62],[88.248,21.564],[88.292,21.563],[88.293,21.637],[88.312,21.672],[88.272,21.728],[88.221,21.762]]],[[[88.545,21.81],[88.505,21.772],[88.525,21.718],[88.562,21.76],[88.545,21.81]]],[[[88.331,21.861],[88.308,21.83],[88.266,21.814],[88.26,21.807],[88.264,21.794],[88.282,21.791],[88.304,21.761],[88.34,21.751],[88.361,21.796],[88.352,21.855],[88.331,21.861]]],[[[88.137,21.875],[88.122,21.866],[88.044,21.718],[88.042,21.649],[88.135,21.629],[88.155,21.653],[88.171,21.745],[88.157,21.83],[88.137,21.875]]],[[[88.622,21.898],[88.595,21.856],[88.639,21.785],[88.653,21.869],[88.622,21.898]]],[[[88.446,21.905],[88.436,21.902],[88.42,21.903],[88.417,21.887],[88.4,21.873],[88.393,21.833],[88.443,21.802],[88.491,21.85],[88.484,21.885],[88.461,21.894],[88.446,21.905]]],[[[88.66,22.019],[88.632,21.953],[88.678,21.943],[88.716,22.001],[88.66,22.019]]],[[[88.747,22.196],[88.698,22.209],[88.653,22.163],[88.634,22.106],[88.663,22.024],[88.72,22.006],[88.729,22.038],[88.688,22.06],[88.689,22.09],[88.789,22.168],[88.773,22.178],[88.766,22.189],[88.747,22.196]]],[[[88.579,22.611],[88.568,22.619],[88.554,22.616],[88.552,22.604],[88.548,22.6],[88.539,22.572],[88.525,22.548],[88.513,22.546],[88.507,22.552],[88.486,22.554],[88.438,22.567],[88.423,22.571],[88.413,22.576],[88.407,22.556],[88.398,22.554],[88.387,22.539],[88.387,22.534],[88.376,22.521],[88.368,22.501],[88.336,22.498],[88.324,22.505],[88.321,22.505],[88.282,22.543],[88.257,22.555],[88.244,22.557],[88.238,22.533],[88.163,22.476],[88.116,22.46],[88.139,22.404],[88.095,22.372],[88.095,22.302],[88.073,22.21],[88.188,22.187],[88.224,22.09],[88.214,22.035],[88.154,21.96],[88.176,21.92],[88.164,21.879],[88.201,21.819],[88.217,21.764],[88.282,21.755],[88.258,21.801],[88.26,21.81],[88.269,21.818],[88.306,21.831],[88.311,21.855],[88.326,21.862],[88.355,21.856],[88.386,21.839],[88.397,21.886],[88.416,21.901],[88.424,21.908],[88.432,21.903],[88.442,21.911],[88.462,21.918],[88.458,21.898],[88.474,21.895],[88.528,21.853],[88.548,21.882],[88.602,21.907],[88.598,21.968],[88.635,22.043],[88.619,22.105],[88.673,22.205],[88.699,22.21],[88.746,22.203],[88.746,22.205],[88.749,22.219],[88.749,22.221],[88.748,22.232],[88.772,22.251],[88.786,22.259],[88.791,22.26],[88.793,22.27],[88.793,22.276],[88.805,22.284],[88.803,22.295],[88.81,22.317],[88.805,22.324],[88.803,22.329],[88.821,22.363],[88.786,22.366],[88.665,22.487],[88.59,22.612],[88.579,22.611]]]]},"properties":{"code":"IN-WB-south-24-parganas","name":"South 24 Parganas","state":"West Bengal"}},{"type":"Feature","geometry":{"type":"Polygon","coordinates":[[[88.337,26.497],[88.31,26.497],[88.305,26.489],[88.257,26.471],[88.245,26.459],[88.237,26.449],[88.252,26.434],[88.23,26.394],[88.232,26.385],[88.245,26.376],[88.255,26.374],[88.262,26.38],[88.27,26.379],[88.282,26.36],[88.29,26.357],[88.289,26.351],[88.279,26.346],[88.272,26.331],[88.27,26.333],[88.265,26.336],[88.261,26.338],[88.256,26.33],[88.227,26.297],[88.221,26.288],[88.214,26.282],[88.204,26.28],[88.177,26.262],[88.163,26.258],[88.159,26.257],[88.137,26.244],[88.126,26.227],[88.12,26.228],[88.116,26.223],[88.106,26.216],[88.102,26.212],[88.094,26.207],[88.09,26.203],[88.087,26.194],[88.073,26.185],[88.07,26.176],[88.059,26.174],[88.037,26.178],[88.034,26.17],[88.012,26.155],[88.015,26.143],[88.007,26.143],[87.996,26.142],[87.982,26.159],[87.963,26.149],[87.969,26.139],[87.968,26.132],[87.967,26.125],[87.969,26.109],[87.954,26.103],[87.969,26.092],[87.972,26.085],[87.968,26.081],[87.96,26.084],[87.931,26.069],[87.922,26.077],[87.918,26.088],[87.896,26.08],[87.893,26.08],[87.888,26.072],[87.876,26.066],[87.875,26.056],[87.849,26.045],[87.842,26.032],[87.833,26.001],[87.826,25.984],[87.831,25.962],[87.824,25.946],[87.828,25.941],[87.827,25.932],[87.818,25.933],[87.806,25.928],[87.807,25.918],[87.804,25.912],[87.811,25.914],[87.817,25.905],[87.817,25.883],[87.818,25.881],[87.823,25.871],[87.835,25.869],[87.85,25.867],[87.856,25.865],[87.868,25.864],[87.872,25.86],[87.899,25.86],[87.897,25.84],[87.897,25.835],[87.891,25.827],[87.894,25.829],[87.894,25.825],[87.899,25.82],[87.911,25.815],[87.909,25.811],[87.903,25.814],[87.902,25.811],[87.899,25.806],[87.899,25.8],[87.898,25.799],[87.901,25.769],[87.905,25.772],[87.929,25.768],[87.929,25.772],[87.938,25.758],[87.951,25.739],[87.96,25.732],[87.961,25.725],[87.982,25.722],[87.997,25.712],[88.007,25.707],[88.018,25.702],[88.014,25.694],[88.022,25.692],[88.03,25.699],[88.043,25.695],[88.049,25.681],[88.043,25.674],[88.049,25.644],[88.044,25.643],[88.043,25.639],[88.036,25.641],[88.036,25.637],[88.044,25.628],[88.037,25.616],[88.031,25.598],[88.039,25.595],[88.021,25.587],[88.03,25.574],[88.025,25.569],[88.033,25.561],[88.03,25.559],[88.027,25.553],[88.03,25.55],[88.046,25.534],[88.056,25.53],[88.064,25.506],[88.066,25.505],[88.068,25.497],[88.074,25.463],[88.079,25.458],[88.097,25.441],[88.098,25.429],[88.112,25.433],[88.096,25.424],[88.098,25.415],[88.114,25.404],[88.101,25.383],[88.122,25.363],[88.121,25.354],[88.114,25.335],[88.109,25.322],[88.127,25.295],[88.126,25.291],[88.11,25.282],[88.114,25.27],[88.126,25.263],[88.125,25.243],[88.137,25.253],[88.151,25.27],[88.146,25.273],[88.146,25.288],[88.168,25.292],[88.178,25.289],[88.246,25.356],[88.263,25.39],[88.295,25.478],[88.317,25.512],[88.357,25.544],[88.389,25.569],[88.444,25.597],[88.457,25.66],[88.407,25.669],[88.379,25.712],[88.272,25.78],[88.27,25.808],[88.158,25.776],[88.106,25.824],[88.112,25.933],[88.131,25.988],[88.188,26.063],[88.161,26.092],[88.18,26.146],[88.251,26.189],[88.353,26.22],[88.352,26.282],[88.444,26.356],[88.509,26.359],[88.484,26.46],[88.337,26.497]]]},"properties":{"code":"IN-WB-uttar-dinajpur","name":"Uttar Dinajpur","state":"West Bengal"}},{"type":"Feature","geometry":{"type":"Polygon","coordinates":[[[87.52,22.927],[87.475,22.91],[87.355,22.949],[87.282,22.908],[87.163,22.878],[87.128,22.842],[87.058,22.846],[87.049,22.821],[87.083,22.735],[87.033,22.716],[87.016,22.664],[86.946,22.666],[86.922,22.623],[86.842,22.681],[86.784,22.708],[86.655,22.784],[86.607,22.796],[86.595,22.791],[86.598,22.786],[86.578,22.745],[86.562,22.723],[86.581,22.689],[86.603,22.68],[86.61,22.677],[86.622,22.666],[86.637,22.655],[86.632,22.61],[86.634,22.604],[86.639,22.594],[86.651,22.584],[86.657,22.573],[86.661,22.574],[86.674,22.573],[86.763,22.565],[86.767,22.556],[86.765,22.551],[86.771,22.546],[86.783,22.536],[86.783,22.524],[86.791,22.517],[86.789,22.51],[86.791,22.494],[86.797,22.489],[86.796,22.48],[86.783,22.477],[86.749,22.46],[86.757,22.446],[86.757,22.442],[86.764,22.423],[86.789,22.418],[86.844,22.396],[86.84,22.384],[86.841,22.369],[86.829,22.342],[86.829,22.329],[86.841,22.314],[86.868,22.305],[86.873,22.299],[86.881,22.296],[86.887,22.287],[86.886,22.263],[86.886,22.252],[86.865,22.253],[86.85,22.259],[86.834,22.26],[86.823,22.261],[86.816,22.249],[86.813,22.259],[86.812,22.264],[86.809,22.254],[86.809,22.246],[86.802,22.242],[86.797,22.245],[86.796,22.25],[86.79,22.263],[86.798,22.234],[86.81,22.238],[86.8,22.214],[86.776,22.214],[86.783,22.225],[86.791,22.22],[86.78,22.232],[86.776,22.232],[86.772,22.228],[86.775,22.223],[86.755,22.208],[86.748,22.208],[86.723,22.215],[86.715,22.143],[86.79,22.154],[86.806,22.114],[86.848,22.098],[86.957,22.083],[87.018,22.041],[87.034,21.989],[86.998,21.908],[87.03,21.865],[87.095,21.86],[87.096,21.882],[87.096,21.886],[87.089,21.892],[87.089,21.895],[87.091,21.899],[87.105,21.918],[87.11,21.918],[87.114,21.922],[87.152,21.928],[87.158,21.931],[87.16,21.949],[87.167,21.973],[87.175,21.966],[87.203,21.956],[87.221,21.953],[87.224,21.954],[87.235,21.954],[87.232,21.94],[87.235,21.934],[87.252,21.918],[87.249,21.867],[87.245,21.856],[87.255,21.844],[87.262,21.833],[87.268,21.82],[87.262,21.814],[87.273,21.806],[87.273,21.804],[87.281,21.799],[87.295,21.804],[87.297,21.795],[87.306,21.794],[87.318,21.791],[87.317,21.789],[87.323,21.786],[87.326,21.786],[87.333,21.787],[87.337,21.779],[87.34,21.784],[87.355,21.779],[87.37,21.768],[87.383,21.771],[87.392,21.769],[87.425,21.766],[87.439,21.764],[87.446,21.885],[87.477,21.897],[87.484,21.952],[87.463,22.024],[87.493,22.086],[87.535,22.08],[87.668,22.104],[87.705,22.161],[87.706,22.179],[87.711,22.177],[87.719,22.182],[87.727,22.19],[87.72,22.203],[87.711,22.204],[87.705,22.213],[87.697,22.225],[87.697,22.231],[87.703,22.255],[87.702,22.279],[87.715,22.321],[87.704,22.327],[87.681,22.323],[87.665,22.324],[87.662,22.329],[87.652,22.328],[87.647,22.324],[87.644,22.337],[87.65,22.376],[87.656,22.405],[87.651,22.418],[87.648,22.438],[87.654,22.458],[87.672,22.466],[87.672,22.477],[87.69,22.505],[87.693,22.506],[87.707,22.489],[87.737,22.485],[87.745,22.475],[87.766,22.476],[87.77,22.477],[87.783,22.485],[87.801,22.488],[87.813,22.495],[87.817,22.498],[87.83,22.502],[87.838,22.506],[87.84,22.508],[87.857,22.509],[87.882,22.506],[87.883,22.524],[87.879,22.526],[87.872,22.528],[87.85,22.544],[87.842,22.558],[87.845,22.571],[87.855,22.585],[87.851,22.594],[87.812,22.613],[87.741,22.736],[87.742,22.77],[87.632,22.809],[87.506,22.901],[87.52,22.927]]]},"properties":{"code":"IN-WB-west-midnapore","name":"West Midnapore","state":"West Bengal"}}]}