admin_unit_code,sector,indicator_key,indicator_label,coverage_pct,deficit_pct,source,year
IN-AP-adilabad,health,pct_births_non_institutional,Births not delivered in a health facility,97.9,2.1,NFHS-5,2021
IN-AP-adilabad,education,pct_females_never_attended_school,Females age 6+ who never attended school,60.0,40.0,NFHS-5,2021
IN-AP-adilabad,water_sanitation,pct_households_no_improved_sanitation,Households without an improved sanitation facility,71.6,28.4,NFHS-5,2021
IN-AP-adilabad,water_sanitation,pct_households_no_improved_water,Households without an improved drinking water source,87.7,12.3,NFHS-5,2021
IN-AP-adilabad,electricity,pct_households_no_electricity,Households without an electricity connection,99.9,0.1,NFHS-5,2021
IN-UP-agra,health,pct_births_non_institutional,Births not delivered in a health facility,89.1,10.9,NFHS-5,2021
IN-UP-agra,education,pct_females_never_attended_school,Females age 6+ who never attended school,69.4,30.6,NFHS-5,2021
IN-UP-agra,water_sanitation,pct_households_no_improved_sanitation,Households without an improved sanitation facility,70.8,29.2,NFHS-5,2021
IN-UP-agra,water_sanitation,pct_households_no_improved_water,Households without an improved drinking water source,99.8,0.2,NFHS-5,2021
IN-UP-agra,electricity,pct_households_no_electricity,Households without an electricity connection,99.1,0.9,NFHS-5,2021
IN-GJ-ahmadabad,health,pct_births_non_institutional,Births not delivered in a health facility,94.5,5.5,NFHS-5,2021
IN-GJ-ahmadabad,education,pct_females_never_attended_school,Females age 6+ who never attended school,79.8,20.2,NFHS-5,2021
IN-GJ-ahmadabad,water_sanitation,pct_households_no_improved_sanitation,Households without an improved sanitation facility,86.4,13.6,NFHS-5,2021
IN-GJ-ahmadabad,water_sanitation,pct_households_no_improved_water,Households without an improved drinking water source,98.7,1.3,NFHS-5,2021
IN-GJ-ahmadabad,electricity,pct_households_no_electricity,Households without an electricity connection,99.5,0.5,NFHS-5,2021
IN-MH-ahmadnagar,health,pct_births_non_institutional,Births not delivered in a health facility,97.9,2.1,NFHS-5,2021
IN-MH-ahmadnagar,education,pct_females_never_attended_school,Females age 6+ who never attended school,77.4,22.6,NFHS-5,2021
IN-MH-ahmadnagar,water_sanitation,pct_households_no_improved_sanitation,Households without an improved sanitation facility,79.5,20.5,NFHS-5,2021
IN-MH-ahmadnagar,water_sanitation,pct_households_no_improved_water,Households without an improved drinking water source,90.0,10.0,NFHS-5,2021
IN-MH-ahmadnagar,electricity,pct_households_no_electricity,Households without an electricity connection,94.5,5.5,NFHS-5,2021
IN-MZ-aizawl,health,pct_births_non_institutional,Births not delivered in a health facility,97.4,2.6,NFHS-5,2021
IN-MZ-aizawl,education,pct_females_never_attended_school,Females age 6+ who never attended school,97.8,2.2,NFHS-5,2021
IN-MZ-aizawl,water_sanitation,pct_households_no_improved_sanitation,Households without an improved sanitation facility,96.1,3.9,NFHS-5,2021
IN-MZ-aizawl,water_sanitation,pct_households_no_improved_water,Households without an improved drinking water source,98.3,1.7,NFHS-5,2021
IN-MZ-aizawl,electricity,pct_households_no_electricity,Households without an electricity connection,99.7,0.3,NFHS-5,2021
IN-RJ-ajmer,health,pct_births_non_institutional,Births not delivered in a health facility,95.1,4.9,NFHS-5,2021
IN-RJ-ajmer,education,pct_females_never_attended_school,Females age 6+ who never attended school,67.3,32.7,NFHS-5,2021
IN-RJ-ajmer,water_sanitation,pct_households_no_improved_sanitation,Households without an improved sanitation facility,77.5,22.5,NFHS-5,2021
IN-RJ-ajmer,water_sanitation,pct_households_no_improved_water,Households without an improved drinking water source,98.1,1.9,NFHS-5,2021
IN-RJ-ajmer,electricity,pct_households_no_electricity,Households without an electricity connection,99.9,0.1,NFHS-5,2021
IN-MH-akola,health,pct_births_non_institutional,Births not delivered in a health facility,97.7,2.3,NFHS-5,2021
IN-MH-akola,education,pct_females_never_attended_school,Females age 6+ who never attended school,86.3,13.7,NFHS-5,2021
IN-MH-akola,water_sanitation,pct_households_no_improved_sanitation,Households without an improved sanitation facility,69.5,30.5,NFHS-5,2021
IN-MH-akola,water_sanitation,pct_households_no_improved_water,Households without an improved drinking water source,95.1,4.9,NFHS-5,2021
IN-MH-akola,electricity,pct_households_no_electricity,Households without an electricity connection,97.6,2.4,NFHS-5,2021
IN-KL-alappuzha,health,pct_births_non_institutional,Births not delivered in a health facility,99.4,0.6,NFHS-5,2021
IN-KL-alappuzha,education,pct_females_never_attended_school,Females age 6+ who never attended school,97.8,2.2,NFHS-5,2021
IN-KL-alappuzha,water_sanitation,pct_households_no_improved_sanitation,Households without an improved sanitation facility,99.2,0.8,NFHS-5,2021
IN-KL-alappuzha,water_sanitation,pct_households_no_improved_water,Households without an improved drinking water source,98.4,1.6,NFHS-5,2021
IN-KL-alappuzha,electricity,pct_households_no_electricity,Households without an electricity connection,99.9,0.1,NFHS-5,2021
IN-UP-aligarh,health,pct_births_non_institutional,Births not delivered in a health facility,82.6,17.4,NFHS-5,2021
IN-UP-aligarh,education,pct_females_never_attended_school,Females age 6+ who never attended school,68.0,32.0,NFHS-5,2021
IN-UP-aligarh,water_sanitation,pct_households_no_improved_sanitation,Households without an improved sanitation facility,69.4,30.6,NFHS-5,2021
IN-UP-aligarh,water_sanitation,pct_households_no_improved_water,Households without an improved drinking water source,100.0,0.0,NFHS-5,2021
IN-UP-aligarh,electricity,pct_households_no_electricity,Households without an electricity connection,95.3,4.7,NFHS-5,2021
IN-MP-alirajpur,health,pct_births_non_institutional,Births not delivered in a health facility,83.2,16.8,NFHS-5,2021
IN-MP-alirajpur,education,pct_females_never_attended_school,Females age 6+ who never attended school,45.4,54.6,NFHS-5,2021
IN-MP-alirajpur,water_sanitation,pct_households_no_improved_sanitation,Households without an improved sanitation facility,84.7,15.3,NFHS-5,2021
IN-MP-alirajpur,water_sanitation,pct_households_no_improved_water,Households without an improved drinking water source,89.6,10.4,NFHS-5,2021
IN-MP-alirajpur,electricity,pct_households_no_electricity,Households without an electricity connection,98.5,1.5,NFHS-5,2021
IN-UP-allahabad,health,pct_births_non_institutional,Births not delivered in a health facility,83.2,16.8,NFHS-5,2021
IN-UP-allahabad,education,pct_females_never_attended_school,Females age 6+ who never attended school,70.6,29.4,NFHS-5,2021
IN-UP-allahabad,water_sanitation,pct_households_no_improved_sanitation,Households without an improved sanitation facility,59.5,40.5,NFHS-5,2021
IN-UP-allahabad,water_sanitation,pct_households_no_improved_water,Households without an improved drinking water source,95.8,4.2,NFHS-5,2021
IN-UP-allahabad,electricity,pct_households_no_electricity,Households without an electricity connection,95.0,5.0,NFHS-5,2021
IN-UT-almora,health,pct_births_non_institutional,Births not delivered in a health facility,80.1,19.9,NFHS-5,2021
IN-UT-almora,education,pct_females_never_attended_school,Females age 6+ who never attended school,72.3,27.7,NFHS-5,2021
IN-UT-almora,water_sanitation,pct_households_no_improved_sanitation,Households without an improved sanitation facility,89.2,10.8,NFHS-5,2021
IN-UT-almora,water_sanitation,pct_households_no_improved_water,Households without an improved drinking water source,93.3,6.7,NFHS-5,2021
IN-UT-almora,electricity,pct_households_no_electricity,Households without an electricity connection,99.9,0.1,NFHS-5,2021
IN-RJ-alwar,health,pct_births_non_institutional,Births not delivered in a health facility,91.3,8.7,NFHS-5,2021
IN-RJ-alwar,education,pct_females_never_attended_school,Females age 6+ who never attended school,64.0,36.0,NFHS-5,2021
IN-RJ-alwar,water_sanitation,pct_households_no_improved_sanitation,Households without an improved sanitation facility,66.0,34.0,NFHS-5,2021
IN-RJ-alwar,water_sanitation,pct_households_no_improved_water,Households without an improved drinking water source,97.6,2.4,NFHS-5,2021
IN-RJ-alwar,electricity,pct_households_no_electricity,Households without an electricity connection,97.8,2.2,NFHS-5,2021
IN-HR-ambala,health,pct_births_non_institutional,Births not delivered in a health facility,97.8,2.2,NFHS-5,2021
IN-HR-ambala,education,pct_females_never_attended_school,Females age 6+ who never attended school,82.2,17.8,NFHS-5,2021
IN-HR-ambala,water_sanitation,pct_households_no_improved_sanitation,Households without an improved sanitation facility,87.2,12.8,NFHS-5,2021
IN-HR-ambala,water_sanitation,pct_households_no_improved_water,Households without an improved drinking water source,99.3,0.7,NFHS-5,2021
IN-HR-ambala,electricity,pct_households_no_electricity,Households without an electricity connection,99.6,0.4,NFHS-5,2021
IN-UP-ambedkar-nagar,health,pct_births_non_institutional,Births not delivered in a health facility,92.2,7.8,NFHS-5,2021
IN-UP-ambedkar-nagar,education,pct_females_never_attended_school,Females age 6+ who never attended school,71.6,28.4,NFHS-5,2021
IN-UP-ambedkar-nagar,water_sanitation,pct_households_no_improved_sanitation,Households without an improved sanitation facility,63.6,36.4,NFHS-5,2021
IN-UP-ambedkar-nagar,water_sanitation,pct_households_no_improved_water,Households without an improved drinking water source,100.0,0.0,NFHS-5,2021
IN-UP-ambedkar-nagar,electricity,pct_households_no_electricity,Households without an electricity connection,94.2,5.8,NFHS-5,2021
IN-MH-amravati,health,pct_births_non_institutional,Births not delivered in a health facility,91.3,8.7,NFHS-5,2021
IN-MH-amravati,education,pct_females_never_attended_school,Females age 6+ who never attended school,86.2,13.8,NFHS-5,2021
IN-MH-amravati,water_sanitation,pct_households_no_improved_sanitation,Households without an improved sanitation facility,75.7,24.3,NFHS-5,2021
IN-MH-amravati,water_sanitation,pct_households_no_improved_water,Households without an improved drinking water source,95.8,4.2,NFHS-5,2021
IN-MH-amravati,electricity,pct_households_no_electricity,Households without an electricity connection,99.1,0.9,NFHS-5,2021
IN-GJ-amreli,health,pct_births_non_institutional,Births not delivered in a health facility,90.1,9.9,NFHS-5,2021
IN-GJ-amreli,education,pct_females_never_attended_school,Females age 6+ who never attended school,69.9,30.1,NFHS-5,2021
IN-GJ-amreli,water_sanitation,pct_households_no_improved_sanitation,Households without an improved sanitation facility,73.3,26.7,NFHS-5,2021
IN-GJ-amreli,water_sanitation,pct_households_no_improved_water,Households without an improved drinking water source,97.8,2.2,NFHS-5,2021
IN-GJ-amreli,electricity,pct_households_no_electricity,Households without an electricity connection,99.6,0.4,NFHS-5,2021
IN-PB-amritsar,health,pct_births_non_institutional,Births not delivered in a health facility,95.9,4.1,NFHS-5,2021
IN-PB-amritsar,education,pct_females_never_attended_school,Females age 6+ who never attended school,78.0,22.0,NFHS-5,2021
IN-PB-amritsar,water_sanitation,pct_households_no_improved_sanitation,Households without an improved sanitation facility,86.0,14.0,NFHS-5,2021
IN-PB-amritsar,water_sanitation,pct_households_no_improved_water,Households without an improved drinking water source,99.6,0.4,NFHS-5,2021
IN-PB-amritsar,electricity,pct_households_no_electricity,Households without an electricity connection,99.9,0.1,NFHS-5,2021
IN-GJ-anand,health,pct_births_non_institutional,Births not delivered in a health facility,96.0,4.0,NFHS-5,2021
IN-GJ-anand,education,pct_females_never_attended_school,Females age 6+ who never attended school,75.2,24.8,NFHS-5,2021
IN-GJ-anand,water_sanitation,pct_households_no_improved_sanitation,Households without an improved sanitation facility,82.1,17.9,NFHS-5,2021
IN-GJ-anand,water_sanitation,pct_households_no_improved_water,Households without an improved drinking water source,99.7,0.3,NFHS-5,2021
IN-GJ-anand,electricity,pct_households_no_electricity,Households without an electricity connection,98.0,2.0,NFHS-5,2021
IN-AP-anantapur,health,pct_births_non_institutional,Births not delivered in a health facility,94.7,5.3,NFHS-5,2021
IN-AP-anantapur,education,pct_females_never_attended_school,Females age 6+ who never attended school,59.5,40.5,NFHS-5,2021
IN-AP-anantapur,water_sanitation,pct_households_no_improved_sanitation,Households without an improved sanitation facility,71.3,28.7,NFHS-5,2021
IN-AP-anantapur,water_sanitation,pct_households_no_improved_water,Households without an improved drinking water source,98.8,1.2,NFHS-5,2021
IN-AP-anantapur,electricity,pct_households_no_electricity,Households without an electricity connection,99.6,0.4,NFHS-5,2021
IN-JK-anantnag,health,pct_births_non_institutional,Births not delivered in a health facility,90.5,9.5,NFHS-5,2021
IN-JK-anantnag,education,pct_females_never_attended_school,Females age 6+ who never attended school,65.5,34.5,NFHS-5,2021
IN-JK-anantnag,water_sanitation,pct_households_no_improved_sanitation,Households without an improved sanitation facility,84.7,15.3,NFHS-5,2021
IN-JK-anantnag,water_sanitation,pct_households_no_improved_water,Households without an improved drinking water source,99.3,0.7,NFHS-5,2021
IN-JK-anantnag,electricity,pct_households_no_electricity,Households without an electricity connection,98.7,1.3,NFHS-5,2021
IN-AR-anjaw,health,pct_births_non_institutional,Births not delivered in a health facility,78.0,22.0,NFHS-5,2021
IN-AR-anjaw,education,pct_females_never_attended_school,Females age 6+ who never attended school,61.5,38.5,NFHS-5,2021
IN-AR-anjaw,water_sanitation,pct_households_no_improved_sanitation,Households without an improved sanitation facility,86.8,13.2,NFHS-5,2021
IN-AR-anjaw,water_sanitation,pct_households_no_improved_water,Households without an improved drinking water source,86.6,13.4,NFHS-5,2021
IN-AR-anjaw,electricity,pct_households_no_electricity,Households without an electricity connection,96.4,3.6,NFHS-5,2021
IN-OR-anugul,health,pct_births_non_institutional,Births not delivered in a health facility,85.7,14.3,NFHS-5,2021
IN-OR-anugul,education,pct_females_never_attended_school,Females age 6+ who never attended school,73.2,26.8,NFHS-5,2021
IN-OR-anugul,water_sanitation,pct_households_no_improved_sanitation,Households without an improved sanitation facility,66.4,33.6,NFHS-5,2021
IN-OR-anugul,water_sanitation,pct_households_no_improved_water,Households without an improved drinking water source,76.2,23.8,NFHS-5,2021
IN-OR-anugul,electricity,pct_households_no_electricity,Households without an electricity connection,96.7,3.3,NFHS-5,2021
IN-MP-anuppur,health,pct_births_non_institutional,Births not delivered in a health facility,84.8,15.2,NFHS-5,2021
IN-MP-anuppur,education,pct_females_never_attended_school,Females age 6+ who never attended school,65.0,35.0,NFHS-5,2021
IN-MP-anuppur,water_sanitation,pct_households_no_improved_sanitation,Households without an improved sanitation facility,69.4,30.6,NFHS-5,2021
IN-MP-anuppur,water_sanitation,pct_households_no_improved_water,Households without an improved drinking water source,79.8,20.2,NFHS-5,2021
IN-MP-anuppur,electricity,pct_households_no_electricity,Households without an electricity connection,97.0,3.0,NFHS-5,2021
IN-BR-araria,health,pct_births_non_institutional,Births not delivered in a health facility,66.2,33.8,NFHS-5,2021
IN-BR-araria,education,pct_females_never_attended_school,Females age 6+ who never attended school,53.0,47.0,NFHS-5,2021
IN-BR-araria,water_sanitation,pct_households_no_improved_sanitation,Households without an improved sanitation facility,32.2,67.8,NFHS-5,2021
IN-BR-araria,water_sanitation,pct_households_no_improved_water,Households without an improved drinking water source,100.0,0.0,NFHS-5,2021
IN-BR-araria,electricity,pct_households_no_electricity,Households without an electricity connection,96.2,3.8,NFHS-5,2021
IN-TN-ariyalur,health,pct_births_non_institutional,Births not delivered in a health facility,100.0,0.0,NFHS-5,2021
IN-TN-ariyalur,education,pct_females_never_attended_school,Females age 6+ who never attended school,73.5,26.5,NFHS-5,2021
IN-TN-ariyalur,water_sanitation,pct_households_no_improved_sanitation,Households without an improved sanitation facility,54.6,45.4,NFHS-5,2021
IN-TN-ariyalur,water_sanitation,pct_households_no_improved_water,Households without an improved drinking water source,93.2,6.8,NFHS-5,2021
IN-TN-ariyalur,electricity,pct_households_no_electricity,Households without an electricity connection,98.2,1.8,NFHS-5,2021
IN-MP-ashoknagar,health,pct_births_non_institutional,Births not delivered in a health facility,91.3,8.7,NFHS-5,2021
IN-MP-ashoknagar,education,pct_females_never_attended_school,Females age 6+ who never attended school,62.4,37.6,NFHS-5,2021
IN-MP-ashoknagar,water_sanitation,pct_households_no_improved_sanitation,Households without an improved sanitation facility,53.7,46.3,NFHS-5,2021
IN-MP-ashoknagar,water_sanitation,pct_households_no_improved_water,Households without an improved drinking water source,90.1,9.9,NFHS-5,2021
IN-MP-ashoknagar,electricity,pct_households_no_electricity,Households without an electricity connection,98.6,1.4,NFHS-5,2021
IN-UP-auraiya,health,pct_births_non_institutional,Births not delivered in a health facility,90.1,9.9,NFHS-5,2021
IN-UP-auraiya,education,pct_females_never_attended_school,Females age 6+ who never attended school,75.9,24.1,NFHS-5,2021
IN-UP-auraiya,water_sanitation,pct_households_no_improved_sanitation,Households without an improved sanitation facility,74.3,25.7,NFHS-5,2021
IN-UP-auraiya,water_sanitation,pct_households_no_improved_water,Households without an improved drinking water source,99.5,0.5,NFHS-5,2021
IN-UP-auraiya,electricity,pct_households_no_electricity,Households without an electricity connection,94.0,6.0,NFHS-5,2021
IN-BR-aurangabad,health,pct_births_non_institutional,Births not delivered in a health facility,77.5,22.5,NFHS-5,2021
IN-BR-aurangabad,education,pct_females_never_attended_school,Females age 6+ who never attended school,65.0,35.0,NFHS-5,2021
IN-BR-aurangabad,water_sanitation,pct_households_no_improved_sanitation,Households without an improved sanitation facility,47.1,52.9,NFHS-5,2021
IN-BR-aurangabad,water_sanitation,pct_households_no_improved_water,Households without an improved drinking water source,100.0,0.0,NFHS-5,2021
IN-BR-aurangabad,electricity,pct_households_no_electricity,Households without an electricity connection,97.7,2.3,NFHS-5,2021
IN-MH-aurangabad,health,pct_births_non_institutional,Births not delivered in a health facility,94.8,5.2,NFHS-5,2021
IN-MH-aurangabad,education,pct_females_never_attended_school,Females age 6+ who never attended school,78.4,21.6,NFHS-5,2021
IN-MH-aurangabad,water_sanitation,pct_households_no_improved_sanitation,Households without an improved sanitation facility,69.1,30.9,NFHS-5,2021
IN-MH-aurangabad,water_sanitation,pct_households_no_improved_water,Households without an improved drinking water source,91.7,8.3,NFHS-5,2021
IN-MH-aurangabad,electricity,pct_households_no_electricity,Households without an electricity connection,97.0,3.0,NFHS-5,2021
IN-UP-azamgarh,health,pct_births_non_institutional,Births not delivered in a health facility,93.2,6.8,NFHS-5,2021
IN-UP-azamgarh,education,pct_females_never_attended_school,Females age 6+ who never attended school,71.2,28.8,NFHS-5,2021
IN-UP-azamgarh,water_sanitation,pct_households_no_improved_sanitation,Households without an improved sanitation facility,72.8,27.2,NFHS-5,2021
IN-UP-azamgarh,water_sanitation,pct_households_no_improved_water,Households without an improved drinking water source,100.0,0.0,NFHS-5,2021
IN-UP-azamgarh,electricity,pct_households_no_electricity,Households without an electricity connection,96.5,3.5,NFHS-5,2021
IN-JK-badgam,health,pct_births_non_institutional,Births not delivered in a health facility,96.5,3.5,NFHS-5,2021
IN-JK-badgam,education,pct_females_never_attended_school,Females age 6+ who never attended school,62.5,37.5,NFHS-5,2021
IN-JK-badgam,water_sanitation,pct_households_no_improved_sanitation,Households without an improved sanitation facility,77.0,23.0,NFHS-5,2021
IN-JK-badgam,water_sanitation,pct_households_no_improved_water,Households without an improved drinking water source,95.8,4.2,NFHS-5,2021
IN-JK-badgam,electricity,pct_households_no_electricity,Households without an electricity connection,99.5,0.5,NFHS-5,2021
IN-KA-bagalkot,health,pct_births_non_institutional,Births not delivered in a health facility,95.2,4.8,NFHS-5,2021
IN-KA-bagalkot,education,pct_females_never_attended_school,Females age 6+ who never attended school,67.3,32.7,NFHS-5,2021
IN-KA-bagalkot,water_sanitation,pct_households_no_improved_sanitation,Households without an improved sanitation facility,51.3,48.7,NFHS-5,2021
IN-KA-bagalkot,water_sanitation,pct_households_no_improved_water,Households without an improved drinking water source,99.2,0.8,NFHS-5,2021
IN-KA-bagalkot,electricity,pct_households_no_electricity,Households without an electricity connection,98.9,1.1,NFHS-5,2021
IN-UT-bageshwar,health,pct_births_non_institutional,Births not delivered in a health facility,82.0,18.0,NFHS-5,2021
IN-UT-bageshwar,education,pct_females_never_attended_school,Females age 6+ who never attended school,73.9,26.1,NFHS-5,2021
IN-UT-bageshwar,water_sanitation,pct_households_no_improved_sanitation,Households without an improved sanitation facility,88.5,11.5,NFHS-5,2021
IN-UT-bageshwar,water_sanitation,pct_households_no_improved_water,Households without an improved drinking water source,92.0,8.0,NFHS-5,2021
IN-UT-bageshwar,electricity,pct_households_no_electricity,Households without an electricity connection,99.8,0.2,NFHS-5,2021
IN-UP-baghpat,health,pct_births_non_institutional,Births not delivered in a health facility,80.9,19.1,NFHS-5,2021
IN-UP-baghpat,education,pct_females_never_attended_school,Females age 6+ who never attended school,71.6,28.4,NFHS-5,2021
IN-UP-baghpat,water_sanitation,pct_households_no_improved_sanitation,Households without an improved sanitation facility,87.0,13.0,NFHS-5,2021
IN-UP-baghpat,water_sanitation,pct_households_no_improved_water,Households without an improved drinking water source,99.9,0.1,NFHS-5,2021
IN-UP-baghpat,electricity,pct_households_no_electricity,Households without an electricity connection,98.5,1.5,NFHS-5,2021
IN-UP-bahraich,health,pct_births_non_institutional,Births not delivered in a health facility,67.7,32.3,NFHS-5,2021
IN-UP-bahraich,education,pct_females_never_attended_school,Females age 6+ who never attended school,48.2,51.8,NFHS-5,2021
IN-UP-bahraich,water_sanitation,pct_households_no_improved_sanitation,Households without an improved sanitation facility,44.2,55.8,NFHS-5,2021
IN-UP-bahraich,water_sanitation,pct_households_no_improved_water,Households without an improved drinking water source,100.0,0.0,NFHS-5,2021
IN-UP-bahraich,electricity,pct_households_no_electricity,Households without an electricity connection,77.8,22.2,NFHS-5,2021
IN-AS-baksa,health,pct_births_non_institutional,Births not delivered in a health facility,89.9,10.1,NFHS-5,2021
IN-AS-baksa,education,pct_females_never_attended_school,Females age 6+ who never attended school,74.1,25.9,NFHS-5,2021
IN-AS-baksa,water_sanitation,pct_households_no_improved_sanitation,Households without an improved sanitation facility,68.9,31.1,NFHS-5,2021
IN-AS-baksa,water_sanitation,pct_households_no_improved_water,Households without an improved drinking water source,89.8,10.2,NFHS-5,2021
IN-AS-baksa,electricity,pct_households_no_electricity,Households without an electricity connection,98.1,1.9,NFHS-5,2021
IN-MP-balaghat,health,pct_births_non_institutional,Births not delivered in a health facility,95.1,4.9,NFHS-5,2021
IN-MP-balaghat,education,pct_females_never_attended_school,Females age 6+ who never attended school,72.8,27.2,NFHS-5,2021
IN-MP-balaghat,water_sanitation,pct_households_no_improved_sanitation,Households without an improved sanitation facility,79.6,20.4,NFHS-5,2021
IN-MP-balaghat,water_sanitation,pct_households_no_improved_water,Households without an improved drinking water source,83.3,16.7,NFHS-5,2021
IN-MP-balaghat,electricity,pct_households_no_electricity,Households without an electricity connection,98.7,1.3,NFHS-5,2021
IN-OR-balangir,health,pct_births_non_institutional,Births not delivered in a health facility,97.9,2.1,NFHS-5,2021
IN-OR-balangir,education,pct_females_never_attended_school,Females age 6+ who never attended school,69.3,30.7,NFHS-5,2021
IN-OR-balangir,water_sanitation,pct_households_no_improved_sanitation,Households without an improved sanitation facility,66.3,33.7,NFHS-5,2021
IN-OR-balangir,water_sanitation,pct_households_no_improved_water,Households without an improved drinking water source,92.9,7.1,NFHS-5,2021
IN-OR-balangir,electricity,pct_households_no_electricity,Households without an electricity connection,97.8,2.2,NFHS-5,2021
IN-OR-baleshwar,health,pct_births_non_institutional,Births not delivered in a health facility,97.6,2.4,NFHS-5,2021
IN-OR-baleshwar,education,pct_females_never_attended_school,Females age 6+ who never attended school,77.1,22.9,NFHS-5,2021
IN-OR-baleshwar,water_sanitation,pct_households_no_improved_sanitation,Households without an improved sanitation facility,70.9,29.1,NFHS-5,2021
IN-OR-baleshwar,water_sanitation,pct_households_no_improved_water,Households without an improved drinking water source,98.5,1.5,NFHS-5,2021
IN-OR-baleshwar,electricity,pct_households_no_electricity,Households without an electricity connection,97.1,2.9,NFHS-5,2021
IN-UP-ballia,health,pct_births_non_institutional,Births not delivered in a health facility,90.0,10.0,NFHS-5,2021
IN-UP-ballia,education,pct_females_never_attended_school,Females age 6+ who never attended school,68.1,31.9,NFHS-5,2021
IN-UP-ballia,water_sanitation,pct_households_no_improved_sanitation,Households without an improved sanitation facility,61.7,38.3,NFHS-5,2021
IN-UP-ballia,water_sanitation,pct_households_no_improved_water,Households without an improved drinking water source,99.8,0.2,NFHS-5,2021
IN-UP-ballia,electricity,pct_households_no_electricity,Households without an electricity connection,89.1,10.9,NFHS-5,2021
IN-UP-balrampur,health,pct_births_non_institutional,Births not delivered in a health facility,69.7,30.3,NFHS-5,2021
IN-UP-balrampur,education,pct_females_never_attended_school,Females age 6+ who never attended school,53.1,46.9,NFHS-5,2021
IN-UP-balrampur,water_sanitation,pct_households_no_improved_sanitation,Households without an improved sanitation facility,59.7,40.3,NFHS-5,2021
IN-UP-balrampur,water_sanitation,pct_households_no_improved_water,Households without an improved drinking water source,99.8,0.2,NFHS-5,2021
IN-UP-balrampur,electricity,pct_households_no_electricity,Households without an electricity connection,78.4,21.6,NFHS-5,2021
IN-GJ-banas-kantha,health,pct_births_non_institutional,Births not delivered in a health facility,92.9,7.1,NFHS-5,2021
IN-GJ-banas-kantha,education,pct_females_never_attended_school,Females age 6+ who never attended school,61.1,38.9,NFHS-5,2021
IN-GJ-banas-kantha,water_sanitation,pct_households_no_improved_sanitation,Households without an improved sanitation facility,53.9,46.1,NFHS-5,2021
IN-GJ-banas-kantha,water_sanitation,pct_households_no_improved_water,Households without an improved drinking water source,93.6,6.4,NFHS-5,2021
IN-GJ-banas-kantha,electricity,pct_households_no_electricity,Households without an electricity connection,91.1,8.9,NFHS-5,2021
IN-UP-banda,health,pct_births_non_institutional,Births not delivered in a health facility,89.8,10.2,NFHS-5,2021
IN-UP-banda,education,pct_females_never_attended_school,Females age 6+ who never attended school,61.8,38.2,NFHS-5,2021
IN-UP-banda,water_sanitation,pct_households_no_improved_sanitation,Households without an improved sanitation facility,59.3,40.7,NFHS-5,2021
IN-UP-banda,water_sanitation,pct_households_no_improved_water,Households without an improved drinking water source,98.2,1.8,NFHS-5,2021
IN-UP-banda,electricity,pct_households_no_electricity,Households without an electricity connection,89.2,10.8,NFHS-5,2021
IN-JK-bandipore,health,pct_births_non_institutional,Births not delivered in a health facility,92.8,7.2,NFHS-5,2021
IN-JK-bandipore,education,pct_females_never_attended_school,Females age 6+ who never attended school,62.4,37.6,NFHS-5,2021
IN-JK-bandipore,water_sanitation,pct_households_no_improved_sanitation,Households without an improved sanitation facility,66.8,33.2,NFHS-5,2021
IN-JK-bandipore,water_sanitation,pct_households_no_improved_water,Households without an improved drinking water source,89.8,10.2,NFHS-5,2021
IN-JK-bandipore,electricity,pct_households_no_electricity,Households without an electricity connection,99.0,1.0,NFHS-5,2021
IN-KA-bangalore-rural,health,pct_births_non_institutional,Births not delivered in a health facility,100.0,0.0,NFHS-5,2021
IN-KA-bangalore-rural,education,pct_females_never_attended_school,Females age 6+ who never attended school,74.3,25.7,NFHS-5,2021
IN-KA-bangalore-rural,water_sanitation,pct_households_no_improved_sanitation,Households without an improved sanitation facility,88.8,11.2,NFHS-5,2021
IN-KA-bangalore-rural,water_sanitation,pct_households_no_improved_water,Households without an improved drinking water source,97.9,2.1,NFHS-5,2021
IN-KA-bangalore-rural,electricity,pct_households_no_electricity,Households without an electricity connection,99.2,0.8,NFHS-5,2021
IN-KA-bangalore,health,pct_births_non_institutional,Births not delivered in a health facility,99.3,0.7,NFHS-5,2021
IN-KA-bangalore,education,pct_females_never_attended_school,Females age 6+ who never attended school,85.7,14.3,NFHS-5,2021
IN-KA-bangalore,water_sanitation,pct_households_no_improved_sanitation,Households without an improved sanitation facility,90.4,9.6,NFHS-5,2021
IN-KA-bangalore,water_sanitation,pct_households_no_improved_water,Households without an improved drinking water source,99.2,0.8,NFHS-5,2021
IN-KA-bangalore,electricity,pct_households_no_electricity,Households without an electricity connection,98.8,1.2,NFHS-5,2021
IN-BR-banka,health,pct_births_non_institutional,Births not delivered in a health facility,79.8,20.2,NFHS-5,2021
IN-BR-banka,education,pct_females_never_attended_school,Females age 6+ who never attended school,59.3,40.7,NFHS-5,2021
IN-BR-banka,water_sanitation,pct_households_no_improved_sanitation,Households without an improved sanitation facility,38.2,61.8,NFHS-5,2021
IN-BR-banka,water_sanitation,pct_households_no_improved_water,Households without an improved drinking water source,96.3,3.7,NFHS-5,2021
IN-BR-banka,electricity,pct_households_no_electricity,Households without an electricity connection,96.2,3.8,NFHS-5,2021
IN-WB-bankura,health,pct_births_non_institutional,Births not delivered in a health facility,93.3,6.7,NFHS-5,2021
IN-WB-bankura,education,pct_females_never_attended_school,Females age 6+ who never attended school,68.7,31.3,NFHS-5,2021
IN-WB-bankura,water_sanitation,pct_households_no_improved_sanitation,Households without an improved sanitation facility,49.2,50.8,NFHS-5,2021
IN-WB-bankura,water_sanitation,pct_households_no_improved_water,Households without an improved drinking water source,96.3,3.7,NFHS-5,2021
IN-WB-bankura,electricity,pct_households_no_electricity,Households without an electricity connection,92.3,7.7,NFHS-5,2021
IN-RJ-banswara,health,pct_births_non_institutional,Births not delivered in a health facility,97.7,2.3,NFHS-5,2021
IN-RJ-banswara,education,pct_females_never_attended_school,Females age 6+ who never attended school,55.9,44.1,NFHS-5,2021
IN-RJ-banswara,water_sanitation,pct_households_no_improved_sanitation,Households without an improved sanitation facility,40.8,59.2,NFHS-5,2021
IN-RJ-banswara,water_sanitation,pct_households_no_improved_water,Households without an improved drinking water source,95.6,4.4,NFHS-5,2021
IN-RJ-banswara,electricity,pct_households_no_electricity,Households without an electricity connection,93.1,6.9,NFHS-5,2021
IN-UP-bara-banki,health,pct_births_non_institutional,Births not delivered in a health facility,76.0,24.0,NFHS-5,2021
IN-UP-bara-banki,education,pct_females_never_attended_school,Females age 6+ who never attended school,65.1,34.9,NFHS-5,2021
IN-UP-bara-banki,water_sanitation,pct_households_no_improved_sanitation,Households without an improved sanitation facility,62.4,37.6,NFHS-5,2021
IN-UP-bara-banki,water_sanitation,pct_households_no_improved_water,Households without an improved drinking water source,98.8,1.2,NFHS-5,2021
IN-UP-bara-banki,electricity,pct_households_no_electricity,Households without an electricity connection,74.8,25.2,NFHS-5,2021
IN-OR-bargarh,health,pct_births_non_institutional,Births not delivered in a health facility,99.6,0.4,NFHS-5,2021
IN-OR-bargarh,education,pct_females_never_attended_school,Females age 6+ who never attended school,72.1,27.9,NFHS-5,2021
IN-OR-bargarh,water_sanitation,pct_households_no_improved_sanitation,Households without an improved sanitation facility,61.9,38.1,NFHS-5,2021
IN-OR-bargarh,water_sanitation,pct_households_no_improved_water,Households without an improved drinking water source,98.0,2.0,NFHS-5,2021
IN-OR-bargarh,electricity,pct_households_no_electricity,Households without an electricity connection,98.4,1.6,NFHS-5,2021
IN-JK-baramula,health,pct_births_non_institutional,Births not delivered in a health facility,96.2,3.8,NFHS-5,2021
IN-JK-baramula,education,pct_females_never_attended_school,Females age 6+ who never attended school,62.9,37.1,NFHS-5,2021
IN-JK-baramula,water_sanitation,pct_households_no_improved_sanitation,Households without an improved sanitation facility,77.7,22.3,NFHS-5,2021
IN-JK-baramula,water_sanitation,pct_households_no_improved_water,Households without an improved drinking water source,93.3,6.7,NFHS-5,2021
IN-JK-baramula,electricity,pct_households_no_electricity,Households without an electricity connection,98.7,1.3,NFHS-5,2021
IN-RJ-baran,health,pct_births_non_institutional,Births not delivered in a health facility,97.3,2.7,NFHS-5,2021
IN-RJ-baran,education,pct_females_never_attended_school,Females age 6+ who never attended school,61.7,38.3,NFHS-5,2021
IN-RJ-baran,water_sanitation,pct_households_no_improved_sanitation,Households without an improved sanitation facility,59.0,41.0,NFHS-5,2021
IN-RJ-baran,water_sanitation,pct_households_no_improved_water,Households without an improved drinking water source,96.1,3.9,NFHS-5,2021
IN-RJ-baran,electricity,pct_households_no_electricity,Households without an electricity connection,98.3,1.7,NFHS-5,2021
IN-WB-barddhaman,health,pct_births_non_institutional,Births not delivered in a health facility,89.8,10.2,NFHS-5,2021
IN-WB-barddhaman,education,pct_females_never_attended_school,Females age 6+ who never attended school,74.8,25.2,NFHS-5,2021
IN-WB-barddhaman,water_sanitation,pct_households_no_improved_sanitation,Households without an improved sanitation facility,71.5,28.5,NFHS-5,2021
IN-WB-barddhaman,water_sanitation,pct_households_no_improved_water,Households without an improved drinking water source,95.2,4.8,NFHS-5,2021
IN-WB-barddhaman,electricity,pct_households_no_electricity,Households without an electricity connection,97.0,3.0,NFHS-5,2021
IN-UP-bareilly,health,pct_births_non_institutional,Births not delivered in a health facility,75.1,24.9,NFHS-5,2021
IN-UP-bareilly,education,pct_females_never_attended_school,Females age 6+ who never attended school,55.8,44.2,NFHS-5,2021
IN-UP-bareilly,water_sanitation,pct_households_no_improved_sanitation,Households without an improved sanitation facility,79.7,20.3,NFHS-5,2021
IN-UP-bareilly,water_sanitation,pct_households_no_improved_water,Households without an improved drinking water source,100.0,0.0,NFHS-5,2021
IN-UP-bareilly,electricity,pct_households_no_electricity,Households without an electricity connection,92.5,7.5,NFHS-5,2021
IN-RJ-barmer,health,pct_births_non_institutional,Births not delivered in a health facility,93.3,6.7,NFHS-5,2021
IN-RJ-barmer,education,pct_females_never_attended_school,Females age 6+ who never attended school,67.0,33.0,NFHS-5,2021
IN-RJ-barmer,water_sanitation,pct_households_no_improved_sanitation,Households without an improved sanitation facility,83.6,16.4,NFHS-5,2021
IN-RJ-barmer,water_sanitation,pct_households_no_improved_water,Households without an improved drinking water source,99.9,0.1,NFHS-5,2021
IN-RJ-barmer,electricity,pct_households_no_electricity,Households without an electricity connection,95.5,4.5,NFHS-5,2021
IN-PB-barnala,health,pct_births_non_institutional,Births not delivered in a health facility,96.7,3.3,NFHS-5,2021
IN-PB-barnala,education,pct_females_never_attended_school,Females age 6+ who never attended school,72.4,27.6,NFHS-5,2021
IN-PB-barnala,water_sanitation,pct_households_no_improved_sanitation,Households without an improved sanitation facility,90.7,9.3,NFHS-5,2021
IN-PB-barnala,water_sanitation,pct_households_no_improved_water,Households without an improved drinking water source,99.8,0.2,NFHS-5,2021
IN-PB-barnala,electricity,pct_households_no_electricity,Households without an electricity connection,99.8,0.2,NFHS-5,2021
IN-AS-barpeta,health,pct_births_non_institutional,Births not delivered in a health facility,87.6,12.4,NFHS-5,2021
IN-AS-barpeta,education,pct_females_never_attended_school,Females age 6+ who never attended school,75.4,24.6,NFHS-5,2021
IN-AS-barpeta,water_sanitation,pct_households_no_improved_sanitation,Households without an improved sanitation facility,63.7,36.3,NFHS-5,2021
IN-AS-barpeta,water_sanitation,pct_households_no_improved_water,Households without an improved drinking water source,98.1,1.9,NFHS-5,2021
IN-AS-barpeta,electricity,pct_households_no_electricity,Households without an electricity connection,88.9,11.1,NFHS-5,2021
IN-MP-barwani,health,pct_births_non_institutional,Births not delivered in a health facility,85.1,14.9,NFHS-5,2021
IN-MP-barwani,education,pct_females_never_attended_school,Females age 6+ who never attended school,54.1,45.9,NFHS-5,2021
IN-MP-barwani,water_sanitation,pct_households_no_improved_sanitation,Households without an improved sanitation facility,61.0,39.0,NFHS-5,2021
IN-MP-barwani,water_sanitation,pct_households_no_improved_water,Households without an improved drinking water source,90.4,9.6,NFHS-5,2021
IN-MP-barwani,electricity,pct_households_no_electricity,Households without an electricity connection,99.3,0.7,NFHS-5,2021
IN-CT-bastar,health,pct_births_non_institutional,Births not delivered in a health facility,63.5,36.5,NFHS-5,2021
IN-CT-bastar,education,pct_females_never_attended_school,Females age 6+ who never attended school,58.0,42.0,NFHS-5,2021
IN-CT-bastar,water_sanitation,pct_households_no_improved_sanitation,Households without an improved sanitation facility,61.0,39.0,NFHS-5,2021
IN-CT-bastar,water_sanitation,pct_households_no_improved_water,Households without an improved drinking water source,94.1,5.9,NFHS-5,2021
IN-CT-bastar,electricity,pct_households_no_electricity,Households without an electricity connection,96.8,3.2,NFHS-5,2021
IN-UP-basti,health,pct_births_non_institutional,Births not delivered in a health facility,93.2,6.8,NFHS-5,2021
IN-UP-basti,education,pct_females_never_attended_school,Females age 6+ who never attended school,64.4,35.6,NFHS-5,2021
IN-UP-basti,water_sanitation,pct_households_no_improved_sanitation,Households without an improved sanitation facility,64.2,35.8,NFHS-5,2021
IN-UP-basti,water_sanitation,pct_households_no_improved_water,Households without an improved drinking water source,100.0,0.0,NFHS-5,2021
IN-UP-basti,electricity,pct_households_no_electricity,Households without an electricity connection,94.6,5.4,NFHS-5,2021
IN-PB-bathinda,health,pct_births_non_institutional,Births not delivered in a health facility,93.1,6.9,NFHS-5,2021
IN-PB-bathinda,education,pct_females_never_attended_school,Females age 6+ who never attended school,68.7,31.3,NFHS-5,2021
IN-PB-bathinda,water_sanitation,pct_households_no_improved_sanitation,Households without an improved sanitation facility,88.4,11.6,NFHS-5,2021
IN-PB-bathinda,water_sanitation,pct_households_no_improved_water,Households without an improved drinking water source,99.1,0.9,NFHS-5,2021
IN-PB-bathinda,electricity,pct_households_no_electricity,Households without an electricity connection,100.0,0.0,NFHS-5,2021
IN-OR-bauda,health,pct_births_non_institutional,Births not delivered in a health facility,93.4,6.6,NFHS-5,2021
IN-OR-bauda,education,pct_females_never_attended_school,Females age 6+ who never attended school,68.6,31.4,NFHS-5,2021
IN-OR-bauda,water_sanitation,pct_households_no_improved_sanitation,Households without an improved sanitation facility,52.9,47.1,NFHS-5,2021
IN-OR-bauda,water_sanitation,pct_households_no_improved_water,Households without an improved drinking water source,92.5,7.5,NFHS-5,2021
IN-OR-bauda,electricity,pct_households_no_electricity,Households without an electricity connection,96.3,3.7,NFHS-5,2021
IN-BR-begusarai,health,pct_births_non_institutional,Births not delivered in a health facility,86.0,14.0,NFHS-5,2021
IN-BR-begusarai,education,pct_females_never_attended_school,Females age 6+ who never attended school,65.0,35.0,NFHS-5,2021
IN-BR-begusarai,water_sanitation,pct_households_no_improved_sanitation,Households without an improved sanitation facility,62.2,37.8,NFHS-5,2021
IN-BR-begusarai,water_sanitation,pct_households_no_improved_water,Households without an improved drinking water source,99.1,0.9,NFHS-5,2021
IN-BR-begusarai,electricity,pct_households_no_electricity,Households without an electricity connection,96.2,3.8,NFHS-5,2021
IN-KA-belgaum,health,pct_births_non_institutional,Births not delivered in a health facility,97.5,2.5,NFHS-5,2021
IN-KA-belgaum,education,pct_females_never_attended_school,Females age 6+ who never attended school,72.4,27.6,NFHS-5,2021
IN-KA-belgaum,water_sanitation,pct_households_no_improved_sanitation,Households without an improved sanitation facility,67.7,32.3,NFHS-5,2021
IN-KA-belgaum,water_sanitation,pct_households_no_improved_water,Households without an improved drinking water source,94.4,5.6,NFHS-5,2021
IN-KA-belgaum,electricity,pct_households_no_electricity,Households without an electricity connection,99.1,0.9,NFHS-5,2021
IN-KA-bellary,health,pct_births_non_institutional,Births not delivered in a health facility,95.7,4.3,NFHS-5,2021
IN-KA-bellary,education,pct_females_never_attended_school,Females age 6+ who never attended school,64.2,35.8,NFHS-5,2021
IN-KA-bellary,water_sanitation,pct_households_no_improved_sanitation,Households without an improved sanitation facility,64.1,35.9,NFHS-5,2021
IN-KA-bellary,water_sanitation,pct_households_no_improved_water,Households without an improved drinking water source,94.7,5.3,NFHS-5,2021
IN-KA-bellary,electricity,pct_households_no_electricity,Households without an electricity connection,98.9,1.1,NFHS-5,2021
IN-MP-betul,health,pct_births_non_institutional,Births not delivered in a health facility,87.6,12.4,NFHS-5,2021
IN-MP-betul,education,pct_females_never_attended_school,Females age 6+ who never attended school,71.2,28.8,NFHS-5,2021
IN-MP-betul,water_sanitation,pct_households_no_improved_sanitation,Households without an improved sanitation facility,59.8,40.2,NFHS-5,2021
IN-MP-betul,water_sanitation,pct_households_no_improved_water,Households without an improved drinking water source,87.1,12.9,NFHS-5,2021
IN-MP-betul,electricity,pct_households_no_electricity,Households without an electricity connection,98.1,1.9,NFHS-5,2021
IN-OR-bhadrak,health,pct_births_non_institutional,Births not delivered in a health facility,96.1,3.9,NFHS-5,2021
IN-OR-bhadrak,education,pct_females_never_attended_school,Females age 6+ who never attended school,81.2,18.8,NFHS-5,2021
IN-OR-bhadrak,water_sanitation,pct_households_no_improved_sanitation,Households without an improved sanitation facility,62.0,38.0,NFHS-5,2021
IN-OR-bhadrak,water_sanitation,pct_households_no_improved_water,Households without an improved drinking water source,100.0,0.0,NFHS-5,2021
IN-OR-bhadrak,electricity,pct_households_no_electricity,Households without an electricity connection,97.8,2.2,NFHS-5,2021
IN-BR-bhagalpur,health,pct_births_non_institutional,Births not delivered in a health facility,77.2,22.8,NFHS-5,2021
IN-BR-bhagalpur,education,pct_females_never_attended_school,Females age 6+ who never attended school,65.1,34.9,NFHS-5,2021
IN-BR-bhagalpur,water_sanitation,pct_households_no_improved_sanitation,Households without an improved sanitation facility,60.9,39.1,NFHS-5,2021
IN-BR-bhagalpur,water_sanitation,pct_households_no_improved_water,Households without an improved drinking water source,98.0,2.0,NFHS-5,2021
IN-BR-bhagalpur,electricity,pct_households_no_electricity,Households without an electricity connection,94.5,5.5,NFHS-5,2021
IN-MH-bhandara,health,pct_births_non_institutional,Births not delivered in a health facility,100.0,0.0,NFHS-5,2021
IN-MH-bhandara,education,pct_females_never_attended_school,Females age 6+ who never attended school,80.3,19.7,NFHS-5,2021
IN-MH-bhandara,water_sanitation,pct_households_no_improved_sanitation,Households without an improved sanitation facility,81.8,18.2,NFHS-5,2021
IN-MH-bhandara,water_sanitation,pct_households_no_improved_water,Households without an improved drinking water source,92.0,8.0,NFHS-5,2021
IN-MH-bhandara,electricity,pct_households_no_electricity,Households without an electricity connection,98.8,1.2,NFHS-5,2021
IN-RJ-bharatpur,health,pct_births_non_institutional,Births not delivered in a health facility,92.1,7.9,NFHS-5,2021
IN-RJ-bharatpur,education,pct_females_never_attended_school,Females age 6+ who never attended school,62.4,37.6,NFHS-5,2021
IN-RJ-bharatpur,water_sanitation,pct_households_no_improved_sanitation,Households without an improved sanitation facility,62.7,37.3,NFHS-5,2021
IN-RJ-bharatpur,water_sanitation,pct_households_no_improved_water,Households without an improved drinking water source,93.9,6.1,NFHS-5,2021
IN-RJ-bharatpur,electricity,pct_households_no_electricity,Households without an electricity connection,98.3,1.7,NFHS-5,2021
IN-GJ-bharuch,health,pct_births_non_institutional,Births not delivered in a health facility,91.1,8.9,NFHS-5,2021
IN-GJ-bharuch,education,pct_females_never_attended_school,Females age 6+ who never attended school,76.7,23.3,NFHS-5,2021
IN-GJ-bharuch,water_sanitation,pct_households_no_improved_sanitation,Households without an improved sanitation facility,77.7,22.3,NFHS-5,2021
IN-GJ-bharuch,water_sanitation,pct_households_no_improved_water,Households without an improved drinking water source,97.2,2.8,NFHS-5,2021
IN-GJ-bharuch,electricity,pct_households_no_electricity,Households without an electricity connection,98.2,1.8,NFHS-5,2021
IN-GJ-bhavnagar,health,pct_births_non_institutional,Births not delivered in a health facility,94.2,5.8,NFHS-5,2021
IN-GJ-bhavnagar,education,pct_females_never_attended_school,Females age 6+ who never attended school,72.0,28.0,NFHS-5,2021
IN-GJ-bhavnagar,water_sanitation,pct_households_no_improved_sanitation,Households without an improved sanitation facility,72.9,27.1,NFHS-5,2021
IN-GJ-bhavnagar,water_sanitation,pct_households_no_improved_water,Households without an improved drinking water source,95.1,4.9,NFHS-5,2021
IN-GJ-bhavnagar,electricity,pct_households_no_electricity,Households without an electricity connection,96.9,3.1,NFHS-5,2021
IN-RJ-bhilwara,health,pct_births_non_institutional,Births not delivered in a health facility,95.0,5.0,NFHS-5,2021
IN-RJ-bhilwara,education,pct_females_never_attended_school,Females age 6+ who never attended school,57.1,42.9,NFHS-5,2021
IN-RJ-bhilwara,water_sanitation,pct_households_no_improved_sanitation,Households without an improved sanitation facility,62.3,37.7,NFHS-5,2021
IN-RJ-bhilwara,water_sanitation,pct_households_no_improved_water,Households without an improved drinking water source,93.1,6.9,NFHS-5,2021
IN-RJ-bhilwara,electricity,pct_households_no_electricity,Households without an electricity connection,99.3,0.7,NFHS-5,2021
IN-MP-bhind,health,pct_births_non_institutional,Births not delivered in a health facility,93.5,6.5,NFHS-5,2021
IN-MP-bhind,education,pct_females_never_attended_school,Females age 6+ who never attended school,66.9,33.1,NFHS-5,2021
IN-MP-bhind,water_sanitation,pct_households_no_improved_sanitation,Households without an improved sanitation facility,79.9,20.1,NFHS-5,2021
IN-MP-bhind,water_sanitation,pct_households_no_improved_water,Households without an improved drinking water source,95.5,4.5,NFHS-5,2021
IN-MP-bhind,electricity,pct_households_no_electricity,Households without an electricity connection,98.2,1.8,NFHS-5,2021
IN-HR-bhiwani,health,pct_births_non_institutional,Births not delivered in a health facility,97.7,2.3,NFHS-5,2021
IN-HR-bhiwani,education,pct_females_never_attended_school,Females age 6+ who never attended school,70.2,29.8,NFHS-5,2021
IN-HR-bhiwani,water_sanitation,pct_households_no_improved_sanitation,Households without an improved sanitation facility,89.7,10.3,NFHS-5,2021
IN-HR-bhiwani,water_sanitation,pct_households_no_improved_water,Households without an improved drinking water source,97.5,2.5,NFHS-5,2021
IN-HR-bhiwani,electricity,pct_households_no_electricity,Households without an electricity connection,100.0,0.0,NFHS-5,2021
IN-BR-bhojpur,health,pct_births_non_institutional,Births not delivered in a health facility,86.9,13.1,NFHS-5,2021
IN-BR-bhojpur,education,pct_females_never_attended_school,Females age 6+ who never attended school,67.9,32.1,NFHS-5,2021
IN-BR-bhojpur,water_sanitation,pct_households_no_improved_sanitation,Households without an improved sanitation facility,45.9,54.1,NFHS-5,2021
IN-BR-bhojpur,water_sanitation,pct_households_no_improved_water,Households without an improved drinking water source,99.7,0.3,NFHS-5,2021
IN-BR-bhojpur,electricity,pct_households_no_electricity,Households without an electricity connection,97.9,2.1,NFHS-5,2021
IN-MP-bhopal,health,pct_births_non_institutional,Births not delivered in a health facility,98.3,1.7,NFHS-5,2021
IN-MP-bhopal,education,pct_females_never_attended_school,Females age 6+ who never attended school,78.3,21.7,NFHS-5,2021
IN-MP-bhopal,water_sanitation,pct_households_no_improved_sanitation,Households without an improved sanitation facility,79.6,20.4,NFHS-5,2021
IN-MP-bhopal,water_sanitation,pct_households_no_improved_water,Households without an improved drinking water source,96.7,3.3,NFHS-5,2021
IN-MP-bhopal,electricity,pct_households_no_electricity,Households without an electricity connection,99.6,0.4,NFHS-5,2021
IN-MH-bid,health,pct_births_non_institutional,Births not delivered in a health facility,94.0,6.0,NFHS-5,2021
IN-MH-bid,education,pct_females_never_attended_school,Females age 6+ who never attended school,64.6,35.4,NFHS-5,2021
IN-MH-bid,water_sanitation,pct_households_no_improved_sanitation,Households without an improved sanitation facility,66.4,33.6,NFHS-5,2021
IN-MH-bid,water_sanitation,pct_households_no_improved_water,Households without an improved drinking water source,85.4,14.6,NFHS-5,2021
IN-MH-bid,electricity,pct_households_no_electricity,Households without an electricity connection,94.8,5.2,NFHS-5,2021
IN-KA-bidar,health,pct_births_non_institutional,Births not delivered in a health facility,99.0,1.0,NFHS-5,2021
IN-KA-bidar,education,pct_females_never_attended_school,Females age 6+ who never attended school,68.2,31.8,NFHS-5,2021
IN-KA-bidar,water_sanitation,pct_households_no_improved_sanitation,Households without an improved sanitation facility,56.5,43.5,NFHS-5,2021
IN-KA-bidar,water_sanitation,pct_households_no_improved_water,Households without an improved drinking water source,98.9,1.1,NFHS-5,2021
IN-KA-bidar,electricity,pct_households_no_electricity,Households without an electricity connection,98.8,1.2,NFHS-5,2021
IN-CT-bijapur,health,pct_births_non_institutional,Births not delivered in a health facility,63.6,36.4,NFHS-5,2021
IN-CT-bijapur,education,pct_females_never_attended_school,Females age 6+ who never attended school,47.4,52.6,NFHS-5,2021
IN-CT-bijapur,water_sanitation,pct_households_no_improved_sanitation,Households without an improved sanitation facility,30.6,69.4,NFHS-5,2021
IN-CT-bijapur,water_sanitation,pct_households_no_improved_water,Households without an improved drinking water source,94.3,5.7,NFHS-5,2021
IN-CT-bijapur,electricity,pct_households_no_electricity,Households without an electricity connection,86.8,13.2,NFHS-5,2021
IN-KA-bijapur,health,pct_births_non_institutional,Births not delivered in a health facility,91.8,8.2,NFHS-5,2021
IN-KA-bijapur,education,pct_females_never_attended_school,Females age 6+ who never attended school,66.1,33.9,NFHS-5,2021
IN-KA-bijapur,water_sanitation,pct_households_no_improved_sanitation,Households without an improved sanitation facility,44.8,55.2,NFHS-5,2021
IN-KA-bijapur,water_sanitation,pct_households_no_improved_water,Households without an improved drinking water source,92.5,7.5,NFHS-5,2021
IN-KA-bijapur,electricity,pct_households_no_electricity,Households without an electricity connection,97.6,2.4,NFHS-5,2021
IN-UP-bijnor,health,pct_births_non_institutional,Births not delivered in a health facility,83.7,16.3,NFHS-5,2021
IN-UP-bijnor,education,pct_females_never_attended_school,Females age 6+ who never attended school,69.6,30.4,NFHS-5,2021
IN-UP-bijnor,water_sanitation,pct_households_no_improved_sanitation,Households without an improved sanitation facility,78.2,21.8,NFHS-5,2021
IN-UP-bijnor,water_sanitation,pct_households_no_improved_water,Households without an improved drinking water source,99.7,0.3,NFHS-5,2021
IN-UP-bijnor,electricity,pct_households_no_electricity,Households without an electricity connection,96.1,3.9,NFHS-5,2021
IN-RJ-bikaner,health,pct_births_non_institutional,Births not delivered in a health facility,90.0,10.0,NFHS-5,2021
IN-RJ-bikaner,education,pct_females_never_attended_school,Females age 6+ who never attended school,64.6,35.4,NFHS-5,2021
IN-RJ-bikaner,water_sanitation,pct_households_no_improved_sanitation,Households without an improved sanitation facility,79.8,20.2,NFHS-5,2021
IN-RJ-bikaner,water_sanitation,pct_households_no_improved_water,Households without an improved drinking water source,94.9,5.1,NFHS-5,2021
IN-RJ-bikaner,electricity,pct_households_no_electricity,Households without an electricity connection,96.1,3.9,NFHS-5,2021
IN-CT-bilaspur,health,pct_births_non_institutional,Births not delivered in a health facility,79.4,20.6,NFHS-5,2021
IN-CT-bilaspur,education,pct_females_never_attended_school,Females age 6+ who never attended school,71.0,29.0,NFHS-5,2021
IN-CT-bilaspur,water_sanitation,pct_households_no_improved_sanitation,Households without an improved sanitation facility,80.5,19.5,NFHS-5,2021
IN-CT-bilaspur,water_sanitation,pct_households_no_improved_water,Households without an improved drinking water source,93.6,6.4,NFHS-5,2021
IN-CT-bilaspur,electricity,pct_households_no_electricity,Households without an electricity connection,98.6,1.4,NFHS-5,2021
IN-HP-bilaspur,health,pct_births_non_institutional,Births not delivered in a health facility,91.7,8.3,NFHS-5,2021
IN-HP-bilaspur,education,pct_females_never_attended_school,Females age 6+ who never attended school,81.3,18.7,NFHS-5,2021
IN-HP-bilaspur,water_sanitation,pct_households_no_improved_sanitation,Households without an improved sanitation facility,80.8,19.2,NFHS-5,2021
IN-HP-bilaspur,water_sanitation,pct_households_no_improved_water,Households without an improved drinking water source,92.9,7.1,NFHS-5,2021
IN-HP-bilaspur,electricity,pct_households_no_electricity,Households without an electricity connection,100.0,0.0,NFHS-5,2021
IN-WB-birbhum,health,pct_births_non_institutional,Births not delivered in a health facility,90.3,9.7,NFHS-5,2021
IN-WB-birbhum,education,pct_females_never_attended_school,Females age 6+ who never attended school,73.6,26.4,NFHS-5,2021
IN-WB-birbhum,water_sanitation,pct_households_no_improved_sanitation,Households without an improved sanitation facility,55.0,45.0,NFHS-5,2021
IN-WB-birbhum,water_sanitation,pct_households_no_improved_water,Households without an improved drinking water source,99.4,0.6,NFHS-5,2021
IN-WB-birbhum,electricity,pct_households_no_electricity,Households without an electricity connection,97.8,2.2,NFHS-5,2021
IN-MN-bishnupur,health,pct_births_non_institutional,Births not delivered in a health facility,89.5,10.5,NFHS-5,2021
IN-MN-bishnupur,education,pct_females_never_attended_school,Females age 6+ who never attended school,81.5,18.5,NFHS-5,2021
IN-MN-bishnupur,water_sanitation,pct_households_no_improved_sanitation,Households without an improved sanitation facility,52.6,47.4,NFHS-5,2021
IN-MN-bishnupur,water_sanitation,pct_households_no_improved_water,Households without an improved drinking water source,77.7,22.3,NFHS-5,2021
IN-MN-bishnupur,electricity,pct_households_no_electricity,Households without an electricity connection,98.6,1.4,NFHS-5,2021
IN-JH-bokaro,health,pct_births_non_institutional,Births not delivered in a health facility,80.9,19.1,NFHS-5,2021
IN-JH-bokaro,education,pct_females_never_attended_school,Females age 6+ who never attended school,71.5,28.5,NFHS-5,2021
IN-JH-bokaro,water_sanitation,pct_households_no_improved_sanitation,Households without an improved sanitation facility,64.4,35.6,NFHS-5,2021
IN-JH-bokaro,water_sanitation,pct_households_no_improved_water,Households without an improved drinking water source,86.4,13.6,NFHS-5,2021
IN-JH-bokaro,electricity,pct_households_no_electricity,Households without an electricity connection,97.3,2.7,NFHS-5,2021
IN-AS-bongaigaon,health,pct_births_non_institutional,Births not delivered in a health facility,84.5,15.5,NFHS-5,2021
IN-AS-bongaigaon,education,pct_females_never_attended_school,Females age 6+ who never attended school,77.0,23.0,NFHS-5,2021
IN-AS-bongaigaon,water_sanitation,pct_households_no_improved_sanitation,Households without an improved sanitation facility,72.5,27.5,NFHS-5,2021
IN-AS-bongaigaon,water_sanitation,pct_households_no_improved_water,Households without an improved drinking water source,95.3,4.7,NFHS-5,2021
IN-AS-bongaigaon,electricity,pct_households_no_electricity,Households without an electricity connection,97.0,3.0,NFHS-5,2021
IN-UP-budaun,health,pct_births_non_institutional,Births not delivered in a health facility,72.3,27.7,NFHS-5,2021
IN-UP-budaun,education,pct_females_never_attended_school,Females age 6+ who never attended school,54.9,45.1,NFHS-5,2021
IN-UP-budaun,water_sanitation,pct_households_no_improved_sanitation,Households without an improved sanitation facility,69.7,30.3,NFHS-5,2021
IN-UP-budaun,water_sanitation,pct_households_no_improved_water,Households without an improved drinking water source,99.8,0.2,NFHS-5,2021
IN-UP-budaun,electricity,pct_households_no_electricity,Households without an electricity connection,80.7,19.3,NFHS-5,2021
IN-UP-bulandshahr,health,pct_births_non_institutional,Births not delivered in a health facility,83.5,16.5,NFHS-5,2021
IN-UP-bulandshahr,education,pct_females_never_attended_school,Females age 6+ who never attended school,67.7,32.3,NFHS-5,2021
IN-UP-bulandshahr,water_sanitation,pct_households_no_improved_sanitation,Households without an improved sanitation facility,81.5,18.5,NFHS-5,2021
IN-UP-bulandshahr,water_sanitation,pct_households_no_improved_water,Households without an improved drinking water source,100.0,0.0,NFHS-5,2021
IN-UP-bulandshahr,electricity,pct_households_no_electricity,Households without an electricity connection,96.3,3.7,NFHS-5,2021
IN-MH-buldana,health,pct_births_non_institutional,Births not delivered in a health facility,93.9,6.1,NFHS-5,2021
IN-MH-buldana,education,pct_females_never_attended_school,Females age 6+ who never attended school,78.1,21.9,NFHS-5,2021
IN-MH-buldana,water_sanitation,pct_households_no_improved_sanitation,Households without an improved sanitation facility,68.9,31.1,NFHS-5,2021
IN-MH-buldana,water_sanitation,pct_households_no_improved_water,Households without an improved drinking water source,89.7,10.3,NFHS-5,2021
IN-MH-buldana,electricity,pct_households_no_electricity,Households without an electricity connection,97.1,2.9,NFHS-5,2021
IN-RJ-bundi,health,pct_births_non_institutional,Births not delivered in a health facility,95.3,4.7,NFHS-5,2021
IN-RJ-bundi,education,pct_females_never_attended_school,Females age 6+ who never attended school,57.9,42.1,NFHS-5,2021
IN-RJ-bundi,water_sanitation,pct_households_no_improved_sanitation,Households without an improved sanitation facility,56.3,43.7,NFHS-5,2021
IN-RJ-bundi,water_sanitation,pct_households_no_improved_water,Households without an improved drinking water source,95.7,4.3,NFHS-5,2021
IN-RJ-bundi,electricity,pct_households_no_electricity,Households without an electricity connection,98.4,1.6,NFHS-5,2021
IN-MP-burhanpur,health,pct_births_non_institutional,Births not delivered in a health facility,90.7,9.3,NFHS-5,2021
IN-MP-burhanpur,education,pct_females_never_attended_school,Females age 6+ who never attended school,69.8,30.2,NFHS-5,2021
IN-MP-burhanpur,water_sanitation,pct_households_no_improved_sanitation,Households without an improved sanitation facility,74.0,26.0,NFHS-5,2021
IN-MP-burhanpur,water_sanitation,pct_households_no_improved_water,Households without an improved drinking water source,96.0,4.0,NFHS-5,2021
IN-MP-burhanpur,electricity,pct_households_no_electricity,Households without an electricity connection,98.3,1.7,NFHS-5,2021
IN-BR-buxar,health,pct_births_non_institutional,Births not delivered in a health facility,89.5,10.5,NFHS-5,2021
IN-BR-buxar,education,pct_females_never_attended_school,Females age 6+ who never attended school,64.8,35.2,NFHS-5,2021
IN-BR-buxar,water_sanitation,pct_households_no_improved_sanitation,Households without an improved sanitation facility,52.4,47.6,NFHS-5,2021
IN-BR-buxar,water_sanitation,pct_households_no_improved_water,Households without an improved drinking water source,99.8,0.2,NFHS-5,2021
IN-BR-buxar,electricity,pct_households_no_electricity,Households without an electricity connection,98.5,1.5,NFHS-5,2021
IN-AS-cachar,health,pct_births_non_institutional,Births not delivered in a health facility,79.2,20.8,NFHS-5,2021
IN-AS-cachar,education,pct_females_never_attended_school,Females age 6+ who never attended school,80.5,19.5,NFHS-5,2021
IN-AS-cachar,water_sanitation,pct_households_no_improved_sanitation,Households without an improved sanitation facility,57.6,42.4,NFHS-5,2021
IN-AS-cachar,water_sanitation,pct_households_no_improved_water,Households without an improved drinking water source,43.8,56.2,NFHS-5,2021
IN-AS-cachar,electricity,pct_households_no_electricity,Households without an electricity connection,81.7,18.3,NFHS-5,2021
IN-DL-central,health,pct_births_non_institutional,Births not delivered in a health facility,92.2,7.8,NFHS-5,2021
IN-DL-central,education,pct_females_never_attended_school,Females age 6+ who never attended school,84.4,15.6,NFHS-5,2021
IN-DL-central,water_sanitation,pct_households_no_improved_sanitation,Households without an improved sanitation facility,77.0,23.0,NFHS-5,2021
IN-DL-central,water_sanitation,pct_households_no_improved_water,Households without an improved drinking water source,99.7,0.3,NFHS-5,2021
IN-DL-central,electricity,pct_households_no_electricity,Households without an electricity connection,99.8,0.2,NFHS-5,2021
IN-HP-chamba,health,pct_births_non_institutional,Births not delivered in a health facility,72.0,28.0,NFHS-5,2021
IN-HP-chamba,education,pct_females_never_attended_school,Females age 6+ who never attended school,70.1,29.9,NFHS-5,2021
IN-HP-chamba,water_sanitation,pct_households_no_improved_sanitation,Households without an improved sanitation facility,86.5,13.5,NFHS-5,2021
IN-HP-chamba,water_sanitation,pct_households_no_improved_water,Households without an improved drinking water source,85.5,14.5,NFHS-5,2021
IN-HP-chamba,electricity,pct_households_no_electricity,Households without an electricity connection,99.1,0.9,NFHS-5,2021
IN-UT-chamoli,health,pct_births_non_institutional,Births not delivered in a health facility,73.9,26.1,NFHS-5,2021
IN-UT-chamoli,education,pct_females_never_attended_school,Females age 6+ who never attended school,79.1,20.9,NFHS-5,2021
IN-UT-chamoli,water_sanitation,pct_households_no_improved_sanitation,Households without an improved sanitation facility,87.6,12.4,NFHS-5,2021
IN-UT-chamoli,water_sanitation,pct_households_no_improved_water,Households without an improved drinking water source,94.4,5.6,NFHS-5,2021
IN-UT-chamoli,electricity,pct_households_no_electricity,Households without an electricity connection,99.5,0.5,NFHS-5,2021
IN-UT-champawat,health,pct_births_non_institutional,Births not delivered in a health facility,79.8,20.2,NFHS-5,2021
IN-UT-champawat,education,pct_females_never_attended_school,Females age 6+ who never attended school,75.9,24.1,NFHS-5,2021
IN-UT-champawat,water_sanitation,pct_households_no_improved_sanitation,Households without an improved sanitation facility,82.7,17.3,NFHS-5,2021
IN-UT-champawat,water_sanitation,pct_households_no_improved_water,Households without an improved drinking water source,95.4,4.6,NFHS-5,2021
IN-UT-champawat,electricity,pct_households_no_electricity,Households without an electricity connection,99.6,0.4,NFHS-5,2021
IN-MZ-champhai,health,pct_births_non_institutional,Births not delivered in a health facility,96.7,3.3,NFHS-5,2021
IN-MZ-champhai,education,pct_females_never_attended_school,Females age 6+ who never attended school,93.3,6.7,NFHS-5,2021
IN-MZ-champhai,water_sanitation,pct_households_no_improved_sanitation,Households without an improved sanitation facility,98.3,1.7,NFHS-5,2021
IN-MZ-champhai,water_sanitation,pct_households_no_improved_water,Households without an improved drinking water source,98.6,1.4,NFHS-5,2021
IN-MZ-champhai,electricity,pct_households_no_electricity,Households without an electricity connection,100.0,0.0,NFHS-5,2021
IN-KA-chamrajnagar,health,pct_births_non_institutional,Births not delivered in a health facility,100.0,0.0,NFHS-5,2021
IN-KA-chamrajnagar,education,pct_females_never_attended_school,Females age 6+ who never attended school,63.2,36.8,NFHS-5,2021
IN-KA-chamrajnagar,water_sanitation,pct_households_no_improved_sanitation,Households without an improved sanitation facility,75.2,24.8,NFHS-5,2021
IN-KA-chamrajnagar,water_sanitation,pct_households_no_improved_water,Households without an improved drinking water source,99.9,0.1,NFHS-5,2021
IN-KA-chamrajnagar,electricity,pct_households_no_electricity,Households without an electricity connection,98.7,1.3,NFHS-5,2021
IN-UP-chandauli,health,pct_births_non_institutional,Births not delivered in a health facility,86.2,13.8,NFHS-5,2021
IN-UP-chandauli,education,pct_females_never_attended_school,Females age 6+ who never attended school,68.8,31.2,NFHS-5,2021
IN-UP-chandauli,water_sanitation,pct_households_no_improved_sanitation,Households without an improved sanitation facility,66.7,33.3,NFHS-5,2021
IN-UP-chandauli,water_sanitation,pct_households_no_improved_water,Households without an improved drinking water source,97.5,2.5,NFHS-5,2021
IN-UP-chandauli,electricity,pct_households_no_electricity,Households without an electricity connection,91.9,8.1,NFHS-5,2021
IN-MN-chandel,health,pct_births_non_institutional,Births not delivered in a health facility,55.5,44.5,NFHS-5,2021
IN-MN-chandel,education,pct_females_never_attended_school,Females age 6+ who never attended school,76.9,23.1,NFHS-5,2021
IN-MN-chandel,water_sanitation,pct_households_no_improved_sanitation,Households without an improved sanitation facility,85.2,14.8,NFHS-5,2021
IN-MN-chandel,water_sanitation,pct_households_no_improved_water,Households without an improved drinking water source,68.6,31.4,NFHS-5,2021
IN-MN-chandel,electricity,pct_households_no_electricity,Households without an electricity connection,99.9,0.1,NFHS-5,2021
IN-CH-chandigarh,health,pct_births_non_institutional,Births not delivered in a health facility,96.9,3.1,NFHS-5,2021
IN-CH-chandigarh,education,pct_females_never_attended_school,Females age 6+ who never attended school,86.7,13.3,NFHS-5,2021
IN-CH-chandigarh,water_sanitation,pct_households_no_improved_sanitation,Households without an improved sanitation facility,85.0,15.0,NFHS-5,2021
IN-CH-chandigarh,water_sanitation,pct_households_no_improved_water,Households without an improved drinking water source,99.1,0.9,NFHS-5,2021
IN-CH-chandigarh,electricity,pct_households_no_electricity,Households without an electricity connection,99.9,0.1,NFHS-5,2021
IN-MH-chandrapur,health,pct_births_non_institutional,Births not delivered in a health facility,99.6,0.4,NFHS-5,2021
IN-MH-chandrapur,education,pct_females_never_attended_school,Females age 6+ who never attended school,78.9,21.1,NFHS-5,2021
IN-MH-chandrapur,water_sanitation,pct_households_no_improved_sanitation,Households without an improved sanitation facility,77.3,22.7,NFHS-5,2021
IN-MH-chandrapur,water_sanitation,pct_households_no_improved_water,Households without an improved drinking water source,96.5,3.5,NFHS-5,2021
IN-MH-chandrapur,electricity,pct_households_no_electricity,Households without an electricity connection,98.9,1.1,NFHS-5,2021
IN-AR-changlang,health,pct_births_non_institutional,Births not delivered in a health facility,75.1,24.9,NFHS-5,2021
IN-AR-changlang,education,pct_females_never_attended_school,Females age 6+ who never attended school,74.6,25.4,NFHS-5,2021
IN-AR-changlang,water_sanitation,pct_households_no_improved_sanitation,Households without an improved sanitation facility,82.3,17.7,NFHS-5,2021
IN-AR-changlang,water_sanitation,pct_households_no_improved_water,Households without an improved drinking water source,81.8,18.2,NFHS-5,2021
IN-AR-changlang,electricity,pct_households_no_electricity,Households without an electricity connection,95.2,4.8,NFHS-5,2021
IN-JH-chatra,health,pct_births_non_institutional,Births not delivered in a health facility,71.5,28.5,NFHS-5,2021
IN-JH-chatra,education,pct_females_never_attended_school,Females age 6+ who never attended school,60.7,39.3,NFHS-5,2021
IN-JH-chatra,water_sanitation,pct_households_no_improved_sanitation,Households without an improved sanitation facility,48.1,51.9,NFHS-5,2021
IN-JH-chatra,water_sanitation,pct_households_no_improved_water,Households without an improved drinking water source,83.3,16.7,NFHS-5,2021
IN-JH-chatra,electricity,pct_households_no_electricity,Households without an electricity connection,92.1,7.9,NFHS-5,2021
IN-TN-chennai,health,pct_births_non_institutional,Births not delivered in a health facility,100.0,0.0,NFHS-5,2021
IN-TN-chennai,education,pct_females_never_attended_school,Females age 6+ who never attended school,92.7,7.3,NFHS-5,2021
IN-TN-chennai,water_sanitation,pct_households_no_improved_sanitation,Households without an improved sanitation facility,90.4,9.6,NFHS-5,2021
IN-TN-chennai,water_sanitation,pct_households_no_improved_water,Households without an improved drinking water source,98.7,1.3,NFHS-5,2021
IN-TN-chennai,electricity,pct_households_no_electricity,Households without an electricity connection,99.9,0.1,NFHS-5,2021
IN-MP-chhatarpur,health,pct_births_non_institutional,Births not delivered in a health facility,85.2,14.8,NFHS-5,2021
IN-MP-chhatarpur,education,pct_females_never_attended_school,Females age 6+ who never attended school,65.1,34.9,NFHS-5,2021
IN-MP-chhatarpur,water_sanitation,pct_households_no_improved_sanitation,Households without an improved sanitation facility,55.5,44.5,NFHS-5,2021
IN-MP-chhatarpur,water_sanitation,pct_households_no_improved_water,Households without an improved drinking water source,86.5,13.5,NFHS-5,2021
IN-MP-chhatarpur,electricity,pct_households_no_electricity,Households without an electricity connection,96.8,3.2,NFHS-5,2021
IN-MP-chhindwara,health,pct_births_non_institutional,Births not delivered in a health facility,92.2,7.8,NFHS-5,2021
IN-MP-chhindwara,education,pct_females_never_attended_school,Females age 6+ who never attended school,73.1,26.9,NFHS-5,2021
IN-MP-chhindwara,water_sanitation,pct_households_no_improved_sanitation,Households without an improved sanitation facility,77.1,22.9,NFHS-5,2021
IN-MP-chhindwara,water_sanitation,pct_households_no_improved_water,Households without an improved drinking water source,89.1,10.9,NFHS-5,2021
IN-MP-chhindwara,electricity,pct_households_no_electricity,Households without an electricity connection,98.9,1.1,NFHS-5,2021
IN-KA-chikkaballapura,health,pct_births_non_institutional,Births not delivered in a health facility,99.0,1.0,NFHS-5,2021
IN-KA-chikkaballapura,education,pct_females_never_attended_school,Females age 6+ who never attended school,65.9,34.1,NFHS-5,2021
IN-KA-chikkaballapura,water_sanitation,pct_households_no_improved_sanitation,Households without an improved sanitation facility,84.9,15.1,NFHS-5,2021
IN-KA-chikkaballapura,water_sanitation,pct_households_no_improved_water,Households without an improved drinking water source,98.1,1.9,NFHS-5,2021
IN-KA-chikkaballapura,electricity,pct_households_no_electricity,Households without an electricity connection,99.9,0.1,NFHS-5,2021
IN-KA-chikmagalur,health,pct_births_non_institutional,Births not delivered in a health facility,98.4,1.6,NFHS-5,2021
IN-KA-chikmagalur,education,pct_females_never_attended_school,Females age 6+ who never attended school,76.2,23.8,NFHS-5,2021
IN-KA-chikmagalur,water_sanitation,pct_households_no_improved_sanitation,Households without an improved sanitation facility,92.3,7.7,NFHS-5,2021
IN-KA-chikmagalur,water_sanitation,pct_households_no_improved_water,Households without an improved drinking water source,95.7,4.3,NFHS-5,2021
IN-KA-chikmagalur,electricity,pct_households_no_electricity,Households without an electricity connection,99.3,0.7,NFHS-5,2021
IN-AS-chirang,health,pct_births_non_institutional,Births not delivered in a health facility,83.7,16.3,NFHS-5,2021
IN-AS-chirang,education,pct_females_never_attended_school,Females age 6+ who never attended school,71.5,28.5,NFHS-5,2021
IN-AS-chirang,water_sanitation,pct_households_no_improved_sanitation,Households without an improved sanitation facility,77.1,22.9,NFHS-5,2021
IN-AS-chirang,water_sanitation,pct_households_no_improved_water,Households without an improved drinking water source,92.1,7.9,NFHS-5,2021
IN-AS-chirang,electricity,pct_households_no_electricity,Households without an electricity connection,97.8,2.2,NFHS-5,2021
IN-KA-chitradurga,health,pct_births_non_institutional,Births not delivered in a health facility,98.3,1.7,NFHS-5,2021
IN-KA-chitradurga,education,pct_females_never_attended_school,Females age 6+ who never attended school,73.0,27.0,NFHS-5,2021
IN-KA-chitradurga,water_sanitation,pct_households_no_improved_sanitation,Households without an improved sanitation facility,63.1,36.9,NFHS-5,2021
IN-KA-chitradurga,water_sanitation,pct_households_no_improved_water,Households without an improved drinking water source,97.8,2.2,NFHS-5,2021
IN-KA-chitradurga,electricity,pct_households_no_electricity,Households without an electricity connection,99.8,0.2,NFHS-5,2021
IN-UP-chitrakoot,health,pct_births_non_institutional,Births not delivered in a health facility,81.1,18.9,NFHS-5,2021
IN-UP-chitrakoot,education,pct_females_never_attended_school,Females age 6+ who never attended school,63.8,36.2,NFHS-5,2021
IN-UP-chitrakoot,water_sanitation,pct_households_no_improved_sanitation,Households without an improved sanitation facility,56.7,43.3,NFHS-5,2021
IN-UP-chitrakoot,water_sanitation,pct_households_no_improved_water,Households without an improved drinking water source,97.0,3.0,NFHS-5,2021
IN-UP-chitrakoot,electricity,pct_households_no_electricity,Households without an electricity connection,92.0,8.0,NFHS-5,2021
IN-RJ-chittaurgarh,health,pct_births_non_institutional,Births not delivered in a health facility,96.8,3.2,NFHS-5,2021
IN-RJ-chittaurgarh,education,pct_females_never_attended_school,Females age 6+ who never attended school,55.3,44.7,NFHS-5,2021
IN-RJ-chittaurgarh,water_sanitation,pct_households_no_improved_sanitation,Households without an improved sanitation facility,63.8,36.2,NFHS-5,2021
IN-RJ-chittaurgarh,water_sanitation,pct_households_no_improved_water,Households without an improved drinking water source,97.6,2.4,NFHS-5,2021
IN-RJ-chittaurgarh,electricity,pct_households_no_electricity,Households without an electricity connection,99.0,1.0,NFHS-5,2021
IN-AP-chittoor,health,pct_births_non_institutional,Births not delivered in a health facility,97.1,2.9,NFHS-5,2021
IN-AP-chittoor,education,pct_females_never_attended_school,Females age 6+ who never attended school,65.6,34.4,NFHS-5,2021
IN-AP-chittoor,water_sanitation,pct_households_no_improved_sanitation,Households without an improved sanitation facility,74.6,25.4,NFHS-5,2021
IN-AP-chittoor,water_sanitation,pct_households_no_improved_water,Households without an improved drinking water source,98.5,1.5,NFHS-5,2021
IN-AP-chittoor,electricity,pct_households_no_electricity,Households without an electricity connection,99.7,0.3,NFHS-5,2021
IN-MN-churachandpur,health,pct_births_non_institutional,Births not delivered in a health facility,72.9,27.1,NFHS-5,2021
IN-MN-churachandpur,education,pct_females_never_attended_school,Females age 6+ who never attended school,84.0,16.0,NFHS-5,2021
IN-MN-churachandpur,water_sanitation,pct_households_no_improved_sanitation,Households without an improved sanitation facility,81.2,18.8,NFHS-5,2021
IN-MN-churachandpur,water_sanitation,pct_households_no_improved_water,Households without an improved drinking water source,62.5,37.5,NFHS-5,2021
IN-MN-churachandpur,electricity,pct_households_no_electricity,Households without an electricity connection,94.0,6.0,NFHS-5,2021
IN-RJ-churu,health,pct_births_non_institutional,Births not delivered in a health facility,87.8,12.2,NFHS-5,2021
IN-RJ-churu,education,pct_females_never_attended_school,Females age 6+ who never attended school,62.9,37.1,NFHS-5,2021
IN-RJ-churu,water_sanitation,pct_households_no_improved_sanitation,Households without an improved sanitation facility,80.2,19.8,NFHS-5,2021
IN-RJ-churu,water_sanitation,pct_households_no_improved_water,Households without an improved drinking water source,98.2,1.8,NFHS-5,2021
IN-RJ-churu,electricity,pct_households_no_electricity,Households without an electricity connection,96.6,3.4,NFHS-5,2021
IN-TN-coimbatore,health,pct_births_non_institutional,Births not delivered in a health facility,100.0,0.0,NFHS-5,2021
IN-TN-coimbatore,education,pct_females_never_attended_school,Females age 6+ who never attended school,84.2,15.8,NFHS-5,2021
IN-TN-coimbatore,water_sanitation,pct_households_no_improved_sanitation,Households without an improved sanitation facility,78.5,21.5,NFHS-5,2021
IN-TN-coimbatore,water_sanitation,pct_households_no_improved_water,Households without an improved drinking water source,99.9,0.1,NFHS-5,2021
IN-TN-coimbatore,electricity,pct_households_no_electricity,Households without an electricity connection,99.4,0.6,NFHS-5,2021
IN-TN-cuddalore,health,pct_births_non_institutional,Births not delivered in a health facility,99.2,0.8,NFHS-5,2021
IN-TN-cuddalore,education,pct_females_never_attended_school,Females age 6+ who never attended school,76.8,23.2,NFHS-5,2021
IN-TN-cuddalore,water_sanitation,pct_households_no_improved_sanitation,Households without an improved sanitation facility,61.3,38.7,NFHS-5,2021
IN-TN-cuddalore,water_sanitation,pct_households_no_improved_water,Households without an improved drinking water source,99.5,0.5,NFHS-5,2021
IN-TN-cuddalore,electricity,pct_households_no_electricity,Households without an electricity connection,99.2,0.8,NFHS-5,2021
IN-AP-y-s-r,health,pct_births_non_institutional,Births not delivered in a health facility,99.4,0.6,NFHS-5,2021
IN-AP-y-s-r,education,pct_females_never_attended_school,Females age 6+ who never attended school,61.9,38.1,NFHS-5,2021
IN-AP-y-s-r,water_sanitation,pct_households_no_improved_sanitation,Households without an improved sanitation facility,85.4,14.6,NFHS-5,2021
IN-AP-y-s-r,water_sanitation,pct_households_no_improved_water,Households without an improved drinking water source,99.9,0.1,NFHS-5,2021
IN-AP-y-s-r,electricity,pct_households_no_electricity,Households without an electricity connection,99.8,0.2,NFHS-5,2021
IN-OR-cuttack,health,pct_births_non_institutional,Births not delivered in a health facility,98.9,1.1,NFHS-5,2021
IN-OR-cuttack,education,pct_females_never_attended_school,Females age 6+ who never attended school,80.6,19.4,NFHS-5,2021
IN-OR-cuttack,water_sanitation,pct_households_no_improved_sanitation,Households without an improved sanitation facility,60.2,39.8,NFHS-5,2021
IN-OR-cuttack,water_sanitation,pct_households_no_improved_water,Households without an improved drinking water source,92.3,7.7,NFHS-5,2021
IN-OR-cuttack,electricity,pct_households_no_electricity,Households without an electricity connection,98.2,1.8,NFHS-5,2021
IN-DH-dadra-nagar-haveli,health,pct_births_non_institutional,Births not delivered in a health facility,96.3,3.7,NFHS-5,2021
IN-DH-dadra-nagar-haveli,education,pct_females_never_attended_school,Females age 6+ who never attended school,70.8,29.2,NFHS-5,2021
IN-DH-dadra-nagar-haveli,water_sanitation,pct_households_no_improved_sanitation,Households without an improved sanitation facility,63.1,36.9,NFHS-5,2021
IN-DH-dadra-nagar-haveli,water_sanitation,pct_households_no_improved_water,Households without an improved drinking water source,94.8,5.2,NFHS-5,2021
IN-DH-dadra-nagar-haveli,electricity,pct_households_no_electricity,Households without an electricity connection,99.7,0.3,NFHS-5,2021
IN-CT-dakshin-bastar-dantewada,health,pct_births_non_institutional,Births not delivered in a health facility,90.5,9.5,NFHS-5,2021
IN-CT-dakshin-bastar-dantewada,education,pct_females_never_attended_school,Females age 6+ who never attended school,51.0,49.0,NFHS-5,2021
IN-CT-dakshin-bastar-dantewada,water_sanitation,pct_households_no_improved_sanitation,Households without an improved sanitation facility,60.5,39.5,NFHS-5,2021
IN-CT-dakshin-bastar-dantewada,water_sanitation,pct_households_no_improved_water,Households without an improved drinking water source,95.1,4.9,NFHS-5,2021
IN-CT-dakshin-bastar-dantewada,electricity,pct_households_no_electricity,Households without an electricity connection,95.9,4.1,NFHS-5,2021
IN-WB-dakshin-dinajpur,health,pct_births_non_institutional,Births not delivered in a health facility,91.4,8.6,NFHS-5,2021
IN-WB-dakshin-dinajpur,education,pct_females_never_attended_school,Females age 6+ who never attended school,77.7,22.3,NFHS-5,2021
IN-WB-dakshin-dinajpur,water_sanitation,pct_households_no_improved_sanitation,Households without an improved sanitation facility,79.0,21.0,NFHS-5,2021
IN-WB-dakshin-dinajpur,water_sanitation,pct_households_no_improved_water,Households without an improved drinking water source,99.7,0.3,NFHS-5,2021
IN-WB-dakshin-dinajpur,electricity,pct_households_no_electricity,Households without an electricity connection,96.5,3.5,NFHS-5,2021
IN-KA-dakshina-kannada,health,pct_births_non_institutional,Births not delivered in a health facility,100.0,0.0,NFHS-5,2021
IN-KA-dakshina-kannada,education,pct_females_never_attended_school,Females age 6+ who never attended school,83.9,16.1,NFHS-5,2021
IN-KA-dakshina-kannada,water_sanitation,pct_households_no_improved_sanitation,Households without an improved sanitation facility,97.1,2.9,NFHS-5,2021
IN-KA-dakshina-kannada,water_sanitation,pct_households_no_improved_water,Households without an improved drinking water source,88.6,11.4,NFHS-5,2021
IN-KA-dakshina-kannada,electricity,pct_households_no_electricity,Households without an electricity connection,99.8,0.2,NFHS-5,2021
IN-DH-daman,health,pct_births_non_institutional,Births not delivered in a health facility,97.4,2.6,NFHS-5,2021
IN-DH-daman,education,pct_females_never_attended_school,Females age 6+ who never attended school,83.8,16.2,NFHS-5,2021
IN-DH-daman,water_sanitation,pct_households_no_improved_sanitation,Households without an improved sanitation facility,67.1,32.9,NFHS-5,2021
IN-DH-daman,water_sanitation,pct_households_no_improved_water,Households without an improved drinking water source,96.0,4.0,NFHS-5,2021
IN-DH-daman,electricity,pct_households_no_electricity,Households without an electricity connection,99.5,0.5,NFHS-5,2021
IN-MP-damoh,health,pct_births_non_institutional,Births not delivered in a health facility,85.0,15.0,NFHS-5,2021
IN-MP-damoh,education,pct_females_never_attended_school,Females age 6+ who never attended school,70.3,29.7,NFHS-5,2021
IN-MP-damoh,water_sanitation,pct_households_no_improved_sanitation,Households without an improved sanitation facility,40.6,59.4,NFHS-5,2021
IN-MP-damoh,water_sanitation,pct_households_no_improved_water,Households without an improved drinking water source,81.0,19.0,NFHS-5,2021
IN-MP-damoh,electricity,pct_households_no_electricity,Households without an electricity connection,97.3,2.7,NFHS-5,2021
IN-BR-darbhanga,health,pct_births_non_institutional,Births not delivered in a health facility,69.9,30.1,NFHS-5,2021
IN-BR-darbhanga,education,pct_females_never_attended_school,Females age 6+ who never attended school,54.9,45.1,NFHS-5,2021
IN-BR-darbhanga,water_sanitation,pct_households_no_improved_sanitation,Households without an improved sanitation facility,48.7,51.3,NFHS-5,2021
IN-BR-darbhanga,water_sanitation,pct_households_no_improved_water,Households without an improved drinking water source,99.8,0.2,NFHS-5,2021
IN-BR-darbhanga,electricity,pct_households_no_electricity,Households without an electricity connection,97.2,2.8,NFHS-5,2021
IN-WB-darjiling,health,pct_births_non_institutional,Births not delivered in a health facility,98.4,1.6,NFHS-5,2021
IN-WB-darjiling,education,pct_females_never_attended_school,Females age 6+ who never attended school,78.3,21.7,NFHS-5,2021
IN-WB-darjiling,water_sanitation,pct_households_no_improved_sanitation,Households without an improved sanitation facility,83.0,17.0,NFHS-5,2021
IN-WB-darjiling,water_sanitation,pct_households_no_improved_water,Households without an improved drinking water source,90.8,9.2,NFHS-5,2021
IN-WB-darjiling,electricity,pct_households_no_electricity,Households without an electricity connection,98.2,1.8,NFHS-5,2021
IN-AS-darrang,health,pct_births_non_institutional,Births not delivered in a health facility,84.4,15.6,NFHS-5,2021
IN-AS-darrang,education,pct_females_never_attended_school,Females age 6+ who never attended school,75.2,24.8,NFHS-5,2021
IN-AS-darrang,water_sanitation,pct_households_no_improved_sanitation,Households without an improved sanitation facility,67.9,32.1,NFHS-5,2021
IN-AS-darrang,water_sanitation,pct_households_no_improved_water,Households without an improved drinking water source,99.7,0.3,NFHS-5,2021
IN-AS-darrang,electricity,pct_households_no_electricity,Households without an electricity connection,89.5,10.5,NFHS-5,2021
IN-MP-datia,health,pct_births_non_institutional,Births not delivered in a health facility,89.4,10.6,NFHS-5,2021
IN-MP-datia,education,pct_females_never_attended_school,Females age 6+ who never attended school,67.4,32.6,NFHS-5,2021
IN-MP-datia,water_sanitation,pct_households_no_improved_sanitation,Households without an improved sanitation facility,66.8,33.2,NFHS-5,2021
IN-MP-datia,water_sanitation,pct_households_no_improved_water,Households without an improved drinking water source,95.8,4.2,NFHS-5,2021
IN-MP-datia,electricity,pct_households_no_electricity,Households without an electricity connection,99.8,0.2,NFHS-5,2021
IN-KA-davanagere,health,pct_births_non_institutional,Births not delivered in a health facility,98.3,1.7,NFHS-5,2021
IN-KA-davanagere,education,pct_females_never_attended_school,Females age 6+ who never attended school,74.9,25.1,NFHS-5,2021
IN-KA-davanagere,water_sanitation,pct_households_no_improved_sanitation,Households without an improved sanitation facility,83.3,16.7,NFHS-5,2021
IN-KA-davanagere,water_sanitation,pct_households_no_improved_water,Households without an improved drinking water source,97.5,2.5,NFHS-5,2021
IN-KA-davanagere,electricity,pct_households_no_electricity,Households without an electricity connection,98.8,1.2,NFHS-5,2021
IN-OR-debagarh,health,pct_births_non_institutional,Births not delivered in a health facility,91.2,8.8,NFHS-5,2021
IN-OR-debagarh,education,pct_females_never_attended_school,Females age 6+ who never attended school,71.8,28.2,NFHS-5,2021
IN-OR-debagarh,water_sanitation,pct_households_no_improved_sanitation,Households without an improved sanitation facility,69.9,30.1,NFHS-5,2021
IN-OR-debagarh,water_sanitation,pct_households_no_improved_water,Households without an improved drinking water source,86.2,13.8,NFHS-5,2021
IN-OR-debagarh,electricity,pct_households_no_electricity,Households without an electricity connection,95.3,4.7,NFHS-5,2021
IN-UT-dehradun,health,pct_births_non_institutional,Births not delivered in a health facility,91.7,8.3,NFHS-5,2021
IN-UT-dehradun,education,pct_females_never_attended_school,Females age 6+ who never attended school,82.9,17.1,NFHS-5,2021
IN-UT-dehradun,water_sanitation,pct_households_no_improved_sanitation,Households without an improved sanitation facility,83.9,16.1,NFHS-5,2021
IN-UT-dehradun,water_sanitation,pct_households_no_improved_water,Households without an improved drinking water source,99.0,1.0,NFHS-5,2021
IN-UT-dehradun,electricity,pct_households_no_electricity,Households without an electricity connection,99.7,0.3,NFHS-5,2021
IN-JH-deoghar,health,pct_births_non_institutional,Births not delivered in a health facility,61.3,38.7,NFHS-5,2021
IN-JH-deoghar,education,pct_females_never_attended_school,Females age 6+ who never attended school,59.8,40.2,NFHS-5,2021
IN-JH-deoghar,water_sanitation,pct_households_no_improved_sanitation,Households without an improved sanitation facility,41.6,58.4,NFHS-5,2021
IN-JH-deoghar,water_sanitation,pct_households_no_improved_water,Households without an improved drinking water source,90.8,9.2,NFHS-5,2021
IN-JH-deoghar,electricity,pct_households_no_electricity,Households without an electricity connection,95.6,4.4,NFHS-5,2021
IN-UP-deoria,health,pct_births_non_institutional,Births not delivered in a health facility,93.4,6.6,NFHS-5,2021
IN-UP-deoria,education,pct_females_never_attended_school,Females age 6+ who never attended school,69.0,31.0,NFHS-5,2021
IN-UP-deoria,water_sanitation,pct_households_no_improved_sanitation,Households without an improved sanitation facility,69.1,30.9,NFHS-5,2021
IN-UP-deoria,water_sanitation,pct_households_no_improved_water,Households without an improved drinking water source,99.8,0.2,NFHS-5,2021
IN-UP-deoria,electricity,pct_households_no_electricity,Households without an electricity connection,95.3,4.7,NFHS-5,2021
IN-MP-dewas,health,pct_births_non_institutional,Births not delivered in a health facility,92.2,7.8,NFHS-5,2021
IN-MP-dewas,education,pct_females_never_attended_school,Females age 6+ who never attended school,68.6,31.4,NFHS-5,2021
IN-MP-dewas,water_sanitation,pct_households_no_improved_sanitation,Households without an improved sanitation facility,69.6,30.4,NFHS-5,2021
IN-MP-dewas,water_sanitation,pct_households_no_improved_water,Households without an improved drinking water source,93.6,6.4,NFHS-5,2021
IN-MP-dewas,electricity,pct_households_no_electricity,Households without an electricity connection,99.6,0.4,NFHS-5,2021
IN-TR-dhalai,health,pct_births_non_institutional,Births not delivered in a health facility,87.3,12.7,NFHS-5,2021
IN-TR-dhalai,education,pct_females_never_attended_school,Females age 6+ who never attended school,74.8,25.2,NFHS-5,2021
IN-TR-dhalai,water_sanitation,pct_households_no_improved_sanitation,Households without an improved sanitation facility,67.6,32.4,NFHS-5,2021
IN-TR-dhalai,water_sanitation,pct_households_no_improved_water,Households without an improved drinking water source,70.3,29.7,NFHS-5,2021
IN-TR-dhalai,electricity,pct_households_no_electricity,Households without an electricity connection,97.7,2.3,NFHS-5,2021
IN-CT-dhamtari,health,pct_births_non_institutional,Births not delivered in a health facility,94.3,5.7,NFHS-5,2021
IN-CT-dhamtari,education,pct_females_never_attended_school,Females age 6+ who never attended school,77.3,22.7,NFHS-5,2021
IN-CT-dhamtari,water_sanitation,pct_households_no_improved_sanitation,Households without an improved sanitation facility,89.8,10.2,NFHS-5,2021
IN-CT-dhamtari,water_sanitation,pct_households_no_improved_water,Households without an improved drinking water source,99.1,0.9,NFHS-5,2021
IN-CT-dhamtari,electricity,pct_households_no_electricity,Households without an electricity connection,99.9,0.1,NFHS-5,2021
IN-JH-dhanbad,health,pct_births_non_institutional,Births not delivered in a health facility,78.8,21.2,NFHS-5,2021
IN-JH-dhanbad,education,pct_females_never_attended_school,Females age 6+ who never attended school,68.7,31.3,NFHS-5,2021
IN-JH-dhanbad,water_sanitation,pct_households_no_improved_sanitation,Households without an improved sanitation facility,67.6,32.4,NFHS-5,2021
IN-JH-dhanbad,water_sanitation,pct_households_no_improved_water,Households without an improved drinking water source,88.9,11.1,NFHS-5,2021
IN-JH-dhanbad,electricity,pct_households_no_electricity,Households without an electricity connection,98.5,1.5,NFHS-5,2021
IN-MP-dhar,health,pct_births_non_institutional,Births not delivered in a health facility,95.5,4.5,NFHS-5,2021
IN-MP-dhar,education,pct_females_never_attended_school,Females age 6+ who never attended school,59.5,40.5,NFHS-5,2021
IN-MP-dhar,water_sanitation,pct_households_no_improved_sanitation,Households without an improved sanitation facility,61.9,38.1,NFHS-5,2021
IN-MP-dhar,water_sanitation,pct_households_no_improved_water,Households without an improved drinking water source,89.2,10.8,NFHS-5,2021
IN-MP-dhar,electricity,pct_households_no_electricity,Households without an electricity connection,97.6,2.4,NFHS-5,2021
IN-TN-dharmapuri,health,pct_births_non_institutional,Births not delivered in a health facility,99.6,0.4,NFHS-5,2021
IN-TN-dharmapuri,education,pct_females_never_attended_school,Females age 6+ who never attended school,72.6,27.4,NFHS-5,2021
IN-TN-dharmapuri,water_sanitation,pct_households_no_improved_sanitation,Households without an improved sanitation facility,72.4,27.6,NFHS-5,2021
IN-TN-dharmapuri,water_sanitation,pct_households_no_improved_water,Households without an improved drinking water source,98.7,1.3,NFHS-5,2021
IN-TN-dharmapuri,electricity,pct_households_no_electricity,Households without an electricity connection,99.4,0.6,NFHS-5,2021
IN-KA-dharwad,health,pct_births_non_institutional,Births not delivered in a health facility,99.7,0.3,NFHS-5,2021
IN-KA-dharwad,education,pct_females_never_attended_school,Females age 6+ who never attended school,78.2,21.8,NFHS-5,2021
IN-KA-dharwad,water_sanitation,pct_households_no_improved_sanitation,Households without an improved sanitation facility,79.3,20.7,NFHS-5,2021
IN-KA-dharwad,water_sanitation,pct_households_no_improved_water,Households without an improved drinking water source,87.9,12.1,NFHS-5,2021
IN-KA-dharwad,electricity,pct_households_no_electricity,Households without an electricity connection,99.4,0.6,NFHS-5,2021
IN-RJ-dhaulpur,health,pct_births_non_institutional,Births not delivered in a health facility,94.4,5.6,NFHS-5,2021
IN-RJ-dhaulpur,education,pct_females_never_attended_school,Females age 6+ who never attended school,63.2,36.8,NFHS-5,2021
IN-RJ-dhaulpur,water_sanitation,pct_households_no_improved_sanitation,Households without an improved sanitation facility,57.5,42.5,NFHS-5,2021
IN-RJ-dhaulpur,water_sanitation,pct_households_no_improved_water,Households without an improved drinking water source,94.8,5.2,NFHS-5,2021
IN-RJ-dhaulpur,electricity,pct_households_no_electricity,Households without an electricity connection,97.5,2.5,NFHS-5,2021
IN-AS-dhemaji,health,pct_births_non_institutional,Births not delivered in a health facility,87.3,12.7,NFHS-5,2021
IN-AS-dhemaji,education,pct_females_never_attended_school,Females age 6+ who never attended school,77.3,22.7,NFHS-5,2021
IN-AS-dhemaji,water_sanitation,pct_households_no_improved_sanitation,Households without an improved sanitation facility,70.8,29.2,NFHS-5,2021
IN-AS-dhemaji,water_sanitation,pct_households_no_improved_water,Households without an improved drinking water source,95.3,4.7,NFHS-5,2021
IN-AS-dhemaji,electricity,pct_households_no_electricity,Households without an electricity connection,95.0,5.0,NFHS-5,2021
IN-OR-dhenkanal,health,pct_births_non_institutional,Births not delivered in a health facility,94.8,5.2,NFHS-5,2021
IN-OR-dhenkanal,education,pct_females_never_attended_school,Females age 6+ who never attended school,76.2,23.8,NFHS-5,2021
IN-OR-dhenkanal,water_sanitation,pct_households_no_improved_sanitation,Households without an improved sanitation facility,58.2,41.8,NFHS-5,2021
IN-OR-dhenkanal,water_sanitation,pct_households_no_improved_water,Households without an improved drinking water source,63.4,36.6,NFHS-5,2021
IN-OR-dhenkanal,electricity,pct_households_no_electricity,Households without an electricity connection,96.3,3.7,NFHS-5,2021
IN-AS-dhubri,health,pct_births_non_institutional,Births not delivered in a health facility,64.2,35.8,NFHS-5,2021
IN-AS-dhubri,education,pct_females_never_attended_school,Females age 6+ who never attended school,71.8,28.2,NFHS-5,2021
IN-AS-dhubri,water_sanitation,pct_households_no_improved_sanitation,Households without an improved sanitation facility,61.8,38.2,NFHS-5,2021
IN-AS-dhubri,water_sanitation,pct_households_no_improved_water,Households without an improved drinking water source,96.7,3.3,NFHS-5,2021
IN-AS-dhubri,electricity,pct_households_no_electricity,Households without an electricity connection,92.5,7.5,NFHS-5,2021
IN-MH-dhule,health,pct_births_non_institutional,Births not delivered in a health facility,77.2,22.8,NFHS-5,2021
IN-MH-dhule,education,pct_females_never_attended_school,Females age 6+ who never attended school,73.5,26.5,NFHS-5,2021
IN-MH-dhule,water_sanitation,pct_households_no_improved_sanitation,Households without an improved sanitation facility,58.9,41.1,NFHS-5,2021
IN-MH-dhule,water_sanitation,pct_households_no_improved_water,Households without an improved drinking water source,89.9,10.1,NFHS-5,2021
IN-MH-dhule,electricity,pct_households_no_electricity,Households without an electricity connection,96.0,4.0,NFHS-5,2021
IN-AR-dibang-valley,health,pct_births_non_institutional,Births not delivered in a health facility,85.5,14.5,NFHS-5,2021
IN-AR-dibang-valley,education,pct_females_never_attended_school,Females age 6+ who never attended school,67.6,32.4,NFHS-5,2021
IN-AR-dibang-valley,water_sanitation,pct_households_no_improved_sanitation,Households without an improved sanitation facility,95.0,5.0,NFHS-5,2021
IN-AR-dibang-valley,water_sanitation,pct_households_no_improved_water,Households without an improved drinking water source,100.0,0.0,NFHS-5,2021
IN-AR-dibang-valley,electricity,pct_households_no_electricity,Households without an electricity connection,79.2,20.8,NFHS-5,2021
IN-AS-dibrugarh,health,pct_births_non_institutional,Births not delivered in a health facility,93.1,6.9,NFHS-5,2021
IN-AS-dibrugarh,education,pct_females_never_attended_school,Females age 6+ who never attended school,79.5,20.5,NFHS-5,2021
IN-AS-dibrugarh,water_sanitation,pct_households_no_improved_sanitation,Households without an improved sanitation facility,75.3,24.7,NFHS-5,2021
IN-AS-dibrugarh,water_sanitation,pct_households_no_improved_water,Households without an improved drinking water source,98.1,1.9,NFHS-5,2021
IN-AS-dibrugarh,electricity,pct_households_no_electricity,Households without an electricity connection,94.4,5.6,NFHS-5,2021
IN-TN-dindigul,health,pct_births_non_institutional,Births not delivered in a health facility,97.0,3.0,NFHS-5,2021
IN-TN-dindigul,education,pct_females_never_attended_school,Females age 6+ who never attended school,77.8,22.2,NFHS-5,2021
IN-TN-dindigul,water_sanitation,pct_households_no_improved_sanitation,Households without an improved sanitation facility,61.0,39.0,NFHS-5,2021
IN-TN-dindigul,water_sanitation,pct_households_no_improved_water,Households without an improved drinking water source,99.5,0.5,NFHS-5,2021
IN-TN-dindigul,electricity,pct_households_no_electricity,Households without an electricity connection,98.8,1.2,NFHS-5,2021
IN-MP-dindori,health,pct_births_non_institutional,Births not delivered in a health facility,77.6,22.4,NFHS-5,2021
IN-MP-dindori,education,pct_females_never_attended_school,Females age 6+ who never attended school,64.8,35.2,NFHS-5,2021
IN-MP-dindori,water_sanitation,pct_households_no_improved_sanitation,Households without an improved sanitation facility,47.9,52.1,NFHS-5,2021
IN-MP-dindori,water_sanitation,pct_households_no_improved_water,Households without an improved drinking water source,66.1,33.9,NFHS-5,2021
IN-MP-dindori,electricity,pct_households_no_electricity,Households without an electricity connection,97.4,2.6,NFHS-5,2021
IN-DH-diu,health,pct_births_non_institutional,Births not delivered in a health facility,95.7,4.3,NFHS-5,2021
IN-DH-diu,education,pct_females_never_attended_school,Females age 6+ who never attended school,77.8,22.2,NFHS-5,2021
IN-DH-diu,water_sanitation,pct_households_no_improved_sanitation,Households without an improved sanitation facility,89.7,10.3,NFHS-5,2021
IN-DH-diu,water_sanitation,pct_households_no_improved_water,Households without an improved drinking water source,99.7,0.3,NFHS-5,2021
IN-DH-diu,electricity,pct_households_no_electricity,Households without an electricity connection,100.0,0.0,NFHS-5,2021
IN-JK-doda,health,pct_births_non_institutional,Births not delivered in a health facility,73.5,26.5,NFHS-5,2021
IN-JK-doda,education,pct_females_never_attended_school,Females age 6+ who never attended school,65.1,34.9,NFHS-5,2021
IN-JK-doda,water_sanitation,pct_households_no_improved_sanitation,Households without an improved sanitation facility,70.9,29.1,NFHS-5,2021
IN-JK-doda,water_sanitation,pct_households_no_improved_water,Households without an improved drinking water source,92.6,7.4,NFHS-5,2021
IN-JK-doda,electricity,pct_households_no_electricity,Households without an electricity connection,99.6,0.4,NFHS-5,2021
IN-GJ-dohad,health,pct_births_non_institutional,Births not delivered in a health facility,92.5,7.5,NFHS-5,2021
IN-GJ-dohad,education,pct_females_never_attended_school,Females age 6+ who never attended school,59.6,40.4,NFHS-5,2021
IN-GJ-dohad,water_sanitation,pct_households_no_improved_sanitation,Households without an improved sanitation facility,35.9,64.1,NFHS-5,2021
IN-GJ-dohad,water_sanitation,pct_households_no_improved_water,Households without an improved drinking water source,91.0,9.0,NFHS-5,2021
IN-GJ-dohad,electricity,pct_households_no_electricity,Households without an electricity connection,89.3,10.7,NFHS-5,2021
IN-JH-dumka,health,pct_births_non_institutional,Births not delivered in a health facility,60.3,39.7,NFHS-5,2021
IN-JH-dumka,education,pct_females_never_attended_school,Females age 6+ who never attended school,59.7,40.3,NFHS-5,2021
IN-JH-dumka,water_sanitation,pct_households_no_improved_sanitation,Households without an improved sanitation facility,41.5,58.5,NFHS-5,2021
IN-JH-dumka,water_sanitation,pct_households_no_improved_water,Households without an improved drinking water source,92.6,7.4,NFHS-5,2021
IN-JH-dumka,electricity,pct_households_no_electricity,Households without an electricity connection,93.2,6.8,NFHS-5,2021
IN-RJ-dungarpur,health,pct_births_non_institutional,Births not delivered in a health facility,94.1,5.9,NFHS-5,2021
IN-RJ-dungarpur,education,pct_females_never_attended_school,Females age 6+ who never attended school,64.6,35.4,NFHS-5,2021
IN-RJ-dungarpur,water_sanitation,pct_households_no_improved_sanitation,Households without an improved sanitation facility,59.9,40.1,NFHS-5,2021
IN-RJ-dungarpur,water_sanitation,pct_households_no_improved_water,Households without an improved drinking water source,94.1,5.9,NFHS-5,2021
IN-RJ-dungarpur,electricity,pct_households_no_electricity,Households without an electricity connection,99.4,0.6,NFHS-5,2021
IN-CT-durg,health,pct_births_non_institutional,Births not delivered in a health facility,96.7,3.3,NFHS-5,2021
IN-CT-durg,education,pct_females_never_attended_school,Females age 6+ who never attended school,79.4,20.6,NFHS-5,2021
IN-CT-durg,water_sanitation,pct_households_no_improved_sanitation,Households without an improved sanitation facility,89.5,10.5,NFHS-5,2021
IN-CT-durg,water_sanitation,pct_households_no_improved_water,Households without an improved drinking water source,98.5,1.5,NFHS-5,2021
IN-CT-durg,electricity,pct_households_no_electricity,Households without an electricity connection,99.6,0.4,NFHS-5,2021
IN-NL-dimapur,health,pct_births_non_institutional,Births not delivered in a health facility,73.7,26.3,NFHS-5,2021
IN-NL-dimapur,education,pct_females_never_attended_school,Females age 6+ who never attended school,89.8,10.2,NFHS-5,2021
IN-NL-dimapur,water_sanitation,pct_households_no_improved_sanitation,Households without an improved sanitation facility,81.1,18.9,NFHS-5,2021
IN-NL-dimapur,water_sanitation,pct_households_no_improved_water,Households without an improved drinking water source,92.4,7.6,NFHS-5,2021
IN-NL-dimapur,electricity,pct_households_no_electricity,Households without an electricity connection,99.8,0.2,NFHS-5,2021
IN-DL-east,health,pct_births_non_institutional,Births not delivered in a health facility,92.6,7.4,NFHS-5,2021
IN-DL-east,education,pct_females_never_attended_school,Females age 6+ who never attended school,84.4,15.6,NFHS-5,2021
IN-DL-east,water_sanitation,pct_households_no_improved_sanitation,Households without an improved sanitation facility,78.0,22.0,NFHS-5,2021
IN-DL-east,water_sanitation,pct_households_no_improved_water,Households without an improved drinking water source,98.4,1.6,NFHS-5,2021
IN-DL-east,electricity,pct_households_no_electricity,Households without an electricity connection,99.5,0.5,NFHS-5,2021
IN-SK-east,health,pct_births_non_institutional,Births not delivered in a health facility,91.8,8.2,NFHS-5,2021
IN-SK-east,education,pct_females_never_attended_school,Females age 6+ who never attended school,86.4,13.6,NFHS-5,2021
IN-SK-east,water_sanitation,pct_households_no_improved_sanitation,Households without an improved sanitation facility,85.0,15.0,NFHS-5,2021
IN-SK-east,water_sanitation,pct_households_no_improved_water,Households without an improved drinking water source,93.6,6.4,NFHS-5,2021
IN-SK-east,electricity,pct_households_no_electricity,Households without an electricity connection,99.4,0.6,NFHS-5,2021
IN-ML-east-garo-hills,health,pct_births_non_institutional,Births not delivered in a health facility,73.8,26.2,NFHS-5,2021
IN-ML-east-garo-hills,education,pct_females_never_attended_school,Females age 6+ who never attended school,90.9,9.1,NFHS-5,2021
IN-ML-east-garo-hills,water_sanitation,pct_households_no_improved_sanitation,Households without an improved sanitation facility,83.9,16.1,NFHS-5,2021
IN-ML-east-garo-hills,water_sanitation,pct_households_no_improved_water,Households without an improved drinking water source,67.0,33.0,NFHS-5,2021
IN-ML-east-garo-hills,electricity,pct_households_no_electricity,Households without an electricity connection,97.4,2.6,NFHS-5,2021
IN-AP-east-godavari,health,pct_births_non_institutional,Births not delivered in a health facility,96.6,3.4,NFHS-5,2021
IN-AP-east-godavari,education,pct_females_never_attended_school,Females age 6+ who never attended school,75.4,24.6,NFHS-5,2021
IN-AP-east-godavari,water_sanitation,pct_households_no_improved_sanitation,Households without an improved sanitation facility,77.7,22.3,NFHS-5,2021
IN-AP-east-godavari,water_sanitation,pct_households_no_improved_water,Households without an improved drinking water source,97.9,2.1,NFHS-5,2021
IN-AP-east-godavari,electricity,pct_households_no_electricity,Households without an electricity connection,98.8,1.2,NFHS-5,2021
IN-AR-east-kameng,health,pct_births_non_institutional,Births not delivered in a health facility,76.0,24.0,NFHS-5,2021
IN-AR-east-kameng,education,pct_females_never_attended_school,Females age 6+ who never attended school,63.1,36.9,NFHS-5,2021
IN-AR-east-kameng,water_sanitation,pct_households_no_improved_sanitation,Households without an improved sanitation facility,75.6,24.4,NFHS-5,2021
IN-AR-east-kameng,water_sanitation,pct_households_no_improved_water,Households without an improved drinking water source,93.6,6.4,NFHS-5,2021
IN-AR-east-kameng,electricity,pct_households_no_electricity,Households without an electricity connection,86.3,13.7,NFHS-5,2021
IN-ML-east-khasi-hills,health,pct_births_non_institutional,Births not delivered in a health facility,63.4,36.6,NFHS-5,2021
IN-ML-east-khasi-hills,education,pct_females_never_attended_school,Females age 6+ who never attended school,88.7,11.3,NFHS-5,2021
IN-ML-east-khasi-hills,water_sanitation,pct_households_no_improved_sanitation,Households without an improved sanitation facility,80.9,19.1,NFHS-5,2021
IN-ML-east-khasi-hills,water_sanitation,pct_households_no_improved_water,Households without an improved drinking water source,90.0,10.0,NFHS-5,2021
IN-ML-east-khasi-hills,electricity,pct_households_no_electricity,Households without an electricity connection,96.6,3.4,NFHS-5,2021
IN-MP-east-nimar,health,pct_births_non_institutional,Births not delivered in a health facility,93.2,6.8,NFHS-5,2021
IN-MP-east-nimar,education,pct_females_never_attended_school,Females age 6+ who never attended school,67.1,32.9,NFHS-5,2021
IN-MP-east-nimar,water_sanitation,pct_households_no_improved_sanitation,Households without an improved sanitation facility,76.7,23.3,NFHS-5,2021
IN-MP-east-nimar,water_sanitation,pct_households_no_improved_water,Households without an improved drinking water source,88.7,11.3,NFHS-5,2021
IN-MP-east-nimar,electricity,pct_households_no_electricity,Households without an electricity connection,99.3,0.7,NFHS-5,2021
IN-AR-east-siang,health,pct_births_non_institutional,Births not delivered in a health facility,90.8,9.2,NFHS-5,2021
IN-AR-east-siang,education,pct_females_never_attended_school,Females age 6+ who never attended school,76.8,23.2,NFHS-5,2021
IN-AR-east-siang,water_sanitation,pct_households_no_improved_sanitation,Households without an improved sanitation facility,83.9,16.1,NFHS-5,2021
IN-AR-east-siang,water_sanitation,pct_households_no_improved_water,Households without an improved drinking water source,97.3,2.7,NFHS-5,2021
IN-AR-east-siang,electricity,pct_households_no_electricity,Households without an electricity connection,97.3,2.7,NFHS-5,2021
IN-KL-ernakulam,health,pct_births_non_institutional,Births not delivered in a health facility,99.1,0.9,NFHS-5,2021
IN-KL-ernakulam,education,pct_females_never_attended_school,Females age 6+ who never attended school,97.2,2.8,NFHS-5,2021
IN-KL-ernakulam,water_sanitation,pct_households_no_improved_sanitation,Households without an improved sanitation facility,99.3,0.7,NFHS-5,2021
IN-KL-ernakulam,water_sanitation,pct_households_no_improved_water,Households without an improved drinking water source,98.2,1.8,NFHS-5,2021
IN-KL-ernakulam,electricity,pct_households_no_electricity,Households without an electricity connection,100.0,0.0,NFHS-5,2021
IN-TN-erode,health,pct_births_non_institutional,Births not delivered in a health facility,100.0,0.0,NFHS-5,2021
IN-TN-erode,education,pct_females_never_attended_school,Females age 6+ who never attended school,73.1,26.9,NFHS-5,2021
IN-TN-erode,water_sanitation,pct_households_no_improved_sanitation,Households without an improved sanitation facility,67.6,32.4,NFHS-5,2021
IN-TN-erode,water_sanitation,pct_households_no_improved_water,Households without an improved drinking water source,98.9,1.1,NFHS-5,2021
IN-TN-erode,electricity,pct_households_no_electricity,Households without an electricity connection,99.6,0.4,NFHS-5,2021
IN-UP-etah,health,pct_births_non_institutional,Births not delivered in a health facility,76.7,23.3,NFHS-5,2021
IN-UP-etah,education,pct_females_never_attended_school,Females age 6+ who never attended school,68.0,32.0,NFHS-5,2021
IN-UP-etah,water_sanitation,pct_households_no_improved_sanitation,Households without an improved sanitation facility,62.7,37.3,NFHS-5,2021
IN-UP-etah,water_sanitation,pct_households_no_improved_water,Households without an improved drinking water source,99.8,0.2,NFHS-5,2021
IN-UP-etah,electricity,pct_households_no_electricity,Households without an electricity connection,88.0,12.0,NFHS-5,2021
IN-UP-etawah,health,pct_births_non_institutional,Births not delivered in a health facility,85.2,14.8,NFHS-5,2021
IN-UP-etawah,education,pct_females_never_attended_school,Females age 6+ who never attended school,74.6,25.4,NFHS-5,2021
IN-UP-etawah,water_sanitation,pct_households_no_improved_sanitation,Households without an improved sanitation facility,78.1,21.9,NFHS-5,2021
IN-UP-etawah,water_sanitation,pct_households_no_improved_water,Households without an improved drinking water source,99.5,0.5,NFHS-5,2021
IN-UP-etawah,electricity,pct_households_no_electricity,Households without an electricity connection,95.7,4.3,NFHS-5,2021
IN-UP-faizabad,health,pct_births_non_institutional,Births not delivered in a health facility,89.1,10.9,NFHS-5,2021
IN-UP-faizabad,education,pct_females_never_attended_school,Females age 6+ who never attended school,71.1,28.9,NFHS-5,2021
IN-UP-faizabad,water_sanitation,pct_households_no_improved_sanitation,Households without an improved sanitation facility,64.4,35.6,NFHS-5,2021
IN-UP-faizabad,water_sanitation,pct_households_no_improved_water,Households without an improved drinking water source,100.0,0.0,NFHS-5,2021
IN-UP-faizabad,electricity,pct_households_no_electricity,Households without an electricity connection,90.3,9.7,NFHS-5,2021
IN-HR-faridabad,health,pct_births_non_institutional,Births not delivered in a health facility,92.5,7.5,NFHS-5,2021
IN-HR-faridabad,education,pct_females_never_attended_school,Females age 6+ who never attended school,80.5,19.5,NFHS-5,2021
IN-HR-faridabad,water_sanitation,pct_households_no_improved_sanitation,Households without an improved sanitation facility,84.2,15.8,NFHS-5,2021
IN-HR-faridabad,water_sanitation,pct_households_no_improved_water,Households without an improved drinking water source,97.9,2.1,NFHS-5,2021
IN-HR-faridabad,electricity,pct_households_no_electricity,Households without an electricity connection,100.0,0.0,NFHS-5,2021
IN-PB-faridkot,health,pct_births_non_institutional,Births not delivered in a health facility,94.3,5.7,NFHS-5,2021
IN-PB-faridkot,education,pct_females_never_attended_school,Females age 6+ who never attended school,71.7,28.3,NFHS-5,2021
IN-PB-faridkot,water_sanitation,pct_households_no_improved_sanitation,Households without an improved sanitation facility,87.5,12.5,NFHS-5,2021
IN-PB-faridkot,water_sanitation,pct_households_no_improved_water,Households without an improved drinking water source,92.5,7.5,NFHS-5,2021
IN-PB-faridkot,electricity,pct_households_no_electricity,Households without an electricity connection,99.0,1.0,NFHS-5,2021
IN-UP-farrukhabad,health,pct_births_non_institutional,Births not delivered in a health facility,69.3,30.7,NFHS-5,2021
IN-UP-farrukhabad,education,pct_females_never_attended_school,Females age 6+ who never attended school,67.1,32.9,NFHS-5,2021
IN-UP-farrukhabad,water_sanitation,pct_households_no_improved_sanitation,Households without an improved sanitation facility,72.6,27.4,NFHS-5,2021
IN-UP-farrukhabad,water_sanitation,pct_households_no_improved_water,Households without an improved drinking water source,99.7,0.3,NFHS-5,2021
IN-UP-farrukhabad,electricity,pct_households_no_electricity,Households without an electricity connection,91.8,8.2,NFHS-5,2021
IN-HR-fatehabad,health,pct_births_non_institutional,Births not delivered in a health facility,97.9,2.1,NFHS-5,2021
IN-HR-fatehabad,education,pct_females_never_attended_school,Females age 6+ who never attended school,67.3,32.7,NFHS-5,2021
IN-HR-fatehabad,water_sanitation,pct_households_no_improved_sanitation,Households without an improved sanitation facility,87.3,12.7,NFHS-5,2021
IN-HR-fatehabad,water_sanitation,pct_households_no_improved_water,Households without an improved drinking water source,99.8,0.2,NFHS-5,2021
IN-HR-fatehabad,electricity,pct_households_no_electricity,Households without an electricity connection,99.8,0.2,NFHS-5,2021
IN-PB-fatehgarh-sahib,health,pct_births_non_institutional,Births not delivered in a health facility,96.6,3.4,NFHS-5,2021
IN-PB-fatehgarh-sahib,education,pct_females_never_attended_school,Females age 6+ who never attended school,80.1,19.9,NFHS-5,2021
IN-PB-fatehgarh-sahib,water_sanitation,pct_households_no_improved_sanitation,Households without an improved sanitation facility,87.6,12.4,NFHS-5,2021
IN-PB-fatehgarh-sahib,water_sanitation,pct_households_no_improved_water,Households without an improved drinking water source,99.7,0.3,NFHS-5,2021
IN-PB-fatehgarh-sahib,electricity,pct_households_no_electricity,Households without an electricity connection,99.6,0.4,NFHS-5,2021
IN-UP-fatehpur,health,pct_births_non_institutional,Births not delivered in a health facility,81.4,18.6,NFHS-5,2021
IN-UP-fatehpur,education,pct_females_never_attended_school,Females age 6+ who never attended school,63.4,36.6,NFHS-5,2021
IN-UP-fatehpur,water_sanitation,pct_households_no_improved_sanitation,Households without an improved sanitation facility,63.1,36.9,NFHS-5,2021
IN-UP-fatehpur,water_sanitation,pct_households_no_improved_water,Households without an improved drinking water source,98.8,1.2,NFHS-5,2021
IN-UP-fatehpur,electricity,pct_households_no_electricity,Households without an electricity connection,76.8,23.2,NFHS-5,2021
IN-UP-firozabad,health,pct_births_non_institutional,Births not delivered in a health facility,80.1,19.9,NFHS-5,2021
IN-UP-firozabad,education,pct_females_never_attended_school,Females age 6+ who never attended school,72.5,27.5,NFHS-5,2021
IN-UP-firozabad,water_sanitation,pct_households_no_improved_sanitation,Households without an improved sanitation facility,69.0,31.0,NFHS-5,2021
IN-UP-firozabad,water_sanitation,pct_households_no_improved_water,Households without an improved drinking water source,99.4,0.6,NFHS-5,2021
IN-UP-firozabad,electricity,pct_households_no_electricity,Households without an electricity connection,96.3,3.7,NFHS-5,2021
IN-PB-firozpur,health,pct_births_non_institutional,Births not delivered in a health facility,95.5,4.5,NFHS-5,2021
IN-PB-firozpur,education,pct_females_never_attended_school,Females age 6+ who never attended school,72.5,27.5,NFHS-5,2021
IN-PB-firozpur,water_sanitation,pct_households_no_improved_sanitation,Households without an improved sanitation facility,84.8,15.2,NFHS-5,2021
IN-PB-firozpur,water_sanitation,pct_households_no_improved_water,Households without an improved drinking water source,95.6,4.4,NFHS-5,2021
IN-PB-firozpur,electricity,pct_households_no_electricity,Households without an electricity connection,99.6,0.4,NFHS-5,2021
IN-KA-gadag,health,pct_births_non_institutional,Births not delivered in a health facility,96.2,3.8,NFHS-5,2021
IN-KA-gadag,education,pct_females_never_attended_school,Females age 6+ who never attended school,73.3,26.7,NFHS-5,2021
IN-KA-gadag,water_sanitation,pct_households_no_improved_sanitation,Households without an improved sanitation facility,55.2,44.8,NFHS-5,2021
IN-KA-gadag,water_sanitation,pct_households_no_improved_water,Households without an improved drinking water source,95.5,4.5,NFHS-5,2021
IN-KA-gadag,electricity,pct_households_no_electricity,Households without an electricity connection,98.6,1.4,NFHS-5,2021
IN-OR-gajapati,health,pct_births_non_institutional,Births not delivered in a health facility,76.4,23.6,NFHS-5,2021
IN-OR-gajapati,education,pct_females_never_attended_school,Females age 6+ who never attended school,55.5,44.5,NFHS-5,2021
IN-OR-gajapati,water_sanitation,pct_households_no_improved_sanitation,Households without an improved sanitation facility,58.3,41.7,NFHS-5,2021
IN-OR-gajapati,water_sanitation,pct_households_no_improved_water,Households without an improved drinking water source,78.1,21.9,NFHS-5,2021
IN-OR-gajapati,electricity,pct_households_no_electricity,Households without an electricity connection,94.1,5.9,NFHS-5,2021
IN-JK-ganderbal,health,pct_births_non_institutional,Births not delivered in a health facility,98.0,2.0,NFHS-5,2021
IN-JK-ganderbal,education,pct_females_never_attended_school,Females age 6+ who never attended school,60.2,39.8,NFHS-5,2021
IN-JK-ganderbal,water_sanitation,pct_households_no_improved_sanitation,Households without an improved sanitation facility,78.4,21.6,NFHS-5,2021
IN-JK-ganderbal,water_sanitation,pct_households_no_improved_water,Households without an improved drinking water source,97.2,2.8,NFHS-5,2021
IN-JK-ganderbal,electricity,pct_households_no_electricity,Households without an electricity connection,99.5,0.5,NFHS-5,2021
IN-GJ-gandhinagar,health,pct_births_non_institutional,Births not delivered in a health facility,97.8,2.2,NFHS-5,2021
IN-GJ-gandhinagar,education,pct_females_never_attended_school,Females age 6+ who never attended school,77.6,22.4,NFHS-5,2021
IN-GJ-gandhinagar,water_sanitation,pct_households_no_improved_sanitation,Households without an improved sanitation facility,84.6,15.4,NFHS-5,2021
IN-GJ-gandhinagar,water_sanitation,pct_households_no_improved_water,Households without an improved drinking water source,99.7,0.3,NFHS-5,2021
IN-GJ-gandhinagar,electricity,pct_households_no_electricity,Households without an electricity connection,97.8,2.2,NFHS-5,2021
IN-RJ-ganganagar,health,pct_births_non_institutional,Births not delivered in a health facility,97.7,2.3,NFHS-5,2021
IN-RJ-ganganagar,education,pct_females_never_attended_school,Females age 6+ who never attended school,68.6,31.4,NFHS-5,2021
IN-RJ-ganganagar,water_sanitation,pct_households_no_improved_sanitation,Households without an improved sanitation facility,83.4,16.6,NFHS-5,2021
IN-RJ-ganganagar,water_sanitation,pct_households_no_improved_water,Households without an improved drinking water source,94.4,5.6,NFHS-5,2021
IN-RJ-ganganagar,electricity,pct_households_no_electricity,Households without an electricity connection,96.9,3.1,NFHS-5,2021
IN-OR-ganjam,health,pct_births_non_institutional,Births not delivered in a health facility,93.0,7.0,NFHS-5,2021
IN-OR-ganjam,education,pct_females_never_attended_school,Females age 6+ who never attended school,68.6,31.4,NFHS-5,2021
IN-OR-ganjam,water_sanitation,pct_households_no_improved_sanitation,Households without an improved sanitation facility,72.9,27.1,NFHS-5,2021
IN-OR-ganjam,water_sanitation,pct_households_no_improved_water,Households without an improved drinking water source,89.6,10.4,NFHS-5,2021
IN-OR-ganjam,electricity,pct_households_no_electricity,Households without an electricity connection,99.3,0.7,NFHS-5,2021
IN-MH-garhchiroli,health,pct_births_non_institutional,Births not delivered in a health facility,97.3,2.7,NFHS-5,2021
IN-MH-garhchiroli,education,pct_females_never_attended_school,Females age 6+ who never attended school,67.1,32.9,NFHS-5,2021
IN-MH-garhchiroli,water_sanitation,pct_households_no_improved_sanitation,Households without an improved sanitation facility,62.4,37.6,NFHS-5,2021
IN-MH-garhchiroli,water_sanitation,pct_households_no_improved_water,Households without an improved drinking water source,83.0,17.0,NFHS-5,2021
IN-MH-garhchiroli,electricity,pct_households_no_electricity,Households without an electricity connection,95.8,4.2,NFHS-5,2021
IN-JH-garhwa,health,pct_births_non_institutional,Births not delivered in a health facility,84.0,16.0,NFHS-5,2021
IN-JH-garhwa,education,pct_females_never_attended_school,Females age 6+ who never attended school,60.5,39.5,NFHS-5,2021
IN-JH-garhwa,water_sanitation,pct_households_no_improved_sanitation,Households without an improved sanitation facility,54.1,45.9,NFHS-5,2021
IN-JH-garhwa,water_sanitation,pct_households_no_improved_water,Households without an improved drinking water source,92.5,7.5,NFHS-5,2021
IN-JH-garhwa,electricity,pct_households_no_electricity,Households without an electricity connection,85.0,15.0,NFHS-5,2021
IN-UT-garhwal,health,pct_births_non_institutional,Births not delivered in a health facility,76.0,24.0,NFHS-5,2021
IN-UT-garhwal,education,pct_females_never_attended_school,Females age 6+ who never attended school,75.5,24.5,NFHS-5,2021
IN-UT-garhwal,water_sanitation,pct_households_no_improved_sanitation,Households without an improved sanitation facility,83.3,16.7,NFHS-5,2021
IN-UT-garhwal,water_sanitation,pct_households_no_improved_water,Households without an improved drinking water source,83.5,16.5,NFHS-5,2021
IN-UT-garhwal,electricity,pct_households_no_electricity,Households without an electricity connection,99.4,0.6,NFHS-5,2021
IN-UP-gautam-buddha-nagar,health,pct_births_non_institutional,Births not delivered in a health facility,86.6,13.4,NFHS-5,2021
IN-UP-gautam-buddha-nagar,education,pct_females_never_attended_school,Females age 6+ who never attended school,78.0,22.0,NFHS-5,2021
IN-UP-gautam-buddha-nagar,water_sanitation,pct_households_no_improved_sanitation,Households without an improved sanitation facility,74.0,26.0,NFHS-5,2021
IN-UP-gautam-buddha-nagar,water_sanitation,pct_households_no_improved_water,Households without an improved drinking water source,99.9,0.1,NFHS-5,2021
IN-UP-gautam-buddha-nagar,electricity,pct_households_no_electricity,Households without an electricity connection,99.4,0.6,NFHS-5,2021
IN-BR-gaya,health,pct_births_non_institutional,Births not delivered in a health facility,76.6,23.4,NFHS-5,2021
IN-BR-gaya,education,pct_females_never_attended_school,Females age 6+ who never attended school,59.6,40.4,NFHS-5,2021
IN-BR-gaya,water_sanitation,pct_households_no_improved_sanitation,Households without an improved sanitation facility,44.4,55.6,NFHS-5,2021
IN-BR-gaya,water_sanitation,pct_households_no_improved_water,Households without an improved drinking water source,99.2,0.8,NFHS-5,2021
IN-BR-gaya,electricity,pct_households_no_electricity,Households without an electricity connection,97.9,2.1,NFHS-5,2021
IN-UP-ghaziabad,health,pct_births_non_institutional,Births not delivered in a health facility,86.4,13.6,NFHS-5,2021
IN-UP-ghaziabad,education,pct_females_never_attended_school,Females age 6+ who never attended school,78.9,21.1,NFHS-5,2021
IN-UP-ghaziabad,water_sanitation,pct_households_no_improved_sanitation,Households without an improved sanitation facility,84.5,15.5,NFHS-5,2021
IN-UP-ghaziabad,water_sanitation,pct_households_no_improved_water,Households without an improved drinking water source,99.1,0.9,NFHS-5,2021
IN-UP-ghaziabad,electricity,pct_households_no_electricity,Households without an electricity connection,99.9,0.1,NFHS-5,2021
IN-UP-ghazipur,health,pct_births_non_institutional,Births not delivered in a health facility,88.3,11.7,NFHS-5,2021
IN-UP-ghazipur,education,pct_females_never_attended_school,Females age 6+ who never attended school,69.7,30.3,NFHS-5,2021
IN-UP-ghazipur,water_sanitation,pct_households_no_improved_sanitation,Households without an improved sanitation facility,64.1,35.9,NFHS-5,2021
IN-UP-ghazipur,water_sanitation,pct_households_no_improved_water,Households without an improved drinking water source,99.3,0.7,NFHS-5,2021
IN-UP-ghazipur,electricity,pct_households_no_electricity,Households without an electricity connection,91.8,8.2,NFHS-5,2021
IN-JH-giridih,health,pct_births_non_institutional,Births not delivered in a health facility,70.7,29.3,NFHS-5,2021
IN-JH-giridih,education,pct_females_never_attended_school,Females age 6+ who never attended school,61.6,38.4,NFHS-5,2021
IN-JH-giridih,water_sanitation,pct_households_no_improved_sanitation,Households without an improved sanitation facility,59.2,40.8,NFHS-5,2021
IN-JH-giridih,water_sanitation,pct_households_no_improved_water,Households without an improved drinking water source,87.6,12.4,NFHS-5,2021
IN-JH-giridih,electricity,pct_households_no_electricity,Households without an electricity connection,96.5,3.5,NFHS-5,2021
IN-AS-goalpara,health,pct_births_non_institutional,Births not delivered in a health facility,92.3,7.7,NFHS-5,2021
IN-AS-goalpara,education,pct_females_never_attended_school,Females age 6+ who never attended school,78.5,21.5,NFHS-5,2021
IN-AS-goalpara,water_sanitation,pct_households_no_improved_sanitation,Households without an improved sanitation facility,75.3,24.7,NFHS-5,2021
IN-AS-goalpara,water_sanitation,pct_households_no_improved_water,Households without an improved drinking water source,90.7,9.3,NFHS-5,2021
IN-AS-goalpara,electricity,pct_households_no_electricity,Households without an electricity connection,89.6,10.4,NFHS-5,2021
IN-JH-godda,health,pct_births_non_institutional,Births not delivered in a health facility,70.2,29.8,NFHS-5,2021
IN-JH-godda,education,pct_females_never_attended_school,Females age 6+ who never attended school,52.7,47.3,NFHS-5,2021
IN-JH-godda,water_sanitation,pct_households_no_improved_sanitation,Households without an improved sanitation facility,54.9,45.1,NFHS-5,2021
IN-JH-godda,water_sanitation,pct_households_no_improved_water,Households without an improved drinking water source,91.4,8.6,NFHS-5,2021
IN-JH-godda,electricity,pct_households_no_electricity,Households without an electricity connection,93.5,6.5,NFHS-5,2021
IN-AS-golaghat,health,pct_births_non_institutional,Births not delivered in a health facility,90.4,9.6,NFHS-5,2021
IN-AS-golaghat,education,pct_females_never_attended_school,Females age 6+ who never attended school,77.6,22.4,NFHS-5,2021
IN-AS-golaghat,water_sanitation,pct_households_no_improved_sanitation,Households without an improved sanitation facility,73.1,26.9,NFHS-5,2021
IN-AS-golaghat,water_sanitation,pct_households_no_improved_water,Households without an improved drinking water source,93.7,6.3,NFHS-5,2021
IN-AS-golaghat,electricity,pct_households_no_electricity,Households without an electricity connection,96.4,3.6,NFHS-5,2021
IN-UP-gonda,health,pct_births_non_institutional,Births not delivered in a health facility,81.8,18.2,NFHS-5,2021
IN-UP-gonda,education,pct_females_never_attended_school,Females age 6+ who never attended school,61.7,38.3,NFHS-5,2021
IN-UP-gonda,water_sanitation,pct_households_no_improved_sanitation,Households without an improved sanitation facility,44.6,55.4,NFHS-5,2021
IN-UP-gonda,water_sanitation,pct_households_no_improved_water,Households without an improved drinking water source,100.0,0.0,NFHS-5,2021
IN-UP-gonda,electricity,pct_households_no_electricity,Households without an electricity connection,88.9,11.1,NFHS-5,2021
IN-MH-gondiya,health,pct_births_non_institutional,Births not delivered in a health facility,99.1,0.9,NFHS-5,2021
IN-MH-gondiya,education,pct_females_never_attended_school,Females age 6+ who never attended school,80.4,19.6,NFHS-5,2021
IN-MH-gondiya,water_sanitation,pct_households_no_improved_sanitation,Households without an improved sanitation facility,74.3,25.7,NFHS-5,2021
IN-MH-gondiya,water_sanitation,pct_households_no_improved_water,Households without an improved drinking water source,91.6,8.4,NFHS-5,2021
IN-MH-gondiya,electricity,pct_households_no_electricity,Households without an electricity connection,98.2,1.8,NFHS-5,2021
IN-BR-gopalganj,health,pct_births_non_institutional,Births not delivered in a health facility,85.9,14.1,NFHS-5,2021
IN-BR-gopalganj,education,pct_females_never_attended_school,Females age 6+ who never attended school,63.3,36.7,NFHS-5,2021
IN-BR-gopalganj,water_sanitation,pct_households_no_improved_sanitation,Households without an improved sanitation facility,60.1,39.9,NFHS-5,2021
IN-BR-gopalganj,water_sanitation,pct_households_no_improved_water,Households without an improved drinking water source,99.9,0.1,NFHS-5,2021
IN-BR-gopalganj,electricity,pct_households_no_electricity,Households without an electricity connection,96.2,3.8,NFHS-5,2021
IN-UP-gorakhpur,health,pct_births_non_institutional,Births not delivered in a health facility,91.6,8.4,NFHS-5,2021
IN-UP-gorakhpur,education,pct_females_never_attended_school,Females age 6+ who never attended school,67.6,32.4,NFHS-5,2021
IN-UP-gorakhpur,water_sanitation,pct_households_no_improved_sanitation,Households without an improved sanitation facility,69.6,30.4,NFHS-5,2021
IN-UP-gorakhpur,water_sanitation,pct_households_no_improved_water,Households without an improved drinking water source,99.8,0.2,NFHS-5,2021
IN-UP-gorakhpur,electricity,pct_households_no_electricity,Households without an electricity connection,94.9,5.1,NFHS-5,2021
IN-KA-gulbarga,health,pct_births_non_institutional,Births not delivered in a health facility,88.7,11.3,NFHS-5,2021
IN-KA-gulbarga,education,pct_females_never_attended_school,Females age 6+ who never attended school,65.0,35.0,NFHS-5,2021
IN-KA-gulbarga,water_sanitation,pct_households_no_improved_sanitation,Households without an improved sanitation facility,36.5,63.5,NFHS-5,2021
IN-KA-gulbarga,water_sanitation,pct_households_no_improved_water,Households without an improved drinking water source,92.5,7.5,NFHS-5,2021
IN-KA-gulbarga,electricity,pct_households_no_electricity,Households without an electricity connection,99.4,0.6,NFHS-5,2021
IN-JH-gumla,health,pct_births_non_institutional,Births not delivered in a health facility,83.8,16.2,NFHS-5,2021
IN-JH-gumla,education,pct_females_never_attended_school,Females age 6+ who never attended school,65.1,34.9,NFHS-5,2021
IN-JH-gumla,water_sanitation,pct_households_no_improved_sanitation,Households without an improved sanitation facility,50.1,49.9,NFHS-5,2021
IN-JH-gumla,water_sanitation,pct_households_no_improved_water,Households without an improved drinking water source,75.2,24.8,NFHS-5,2021
IN-JH-gumla,electricity,pct_households_no_electricity,Households without an electricity connection,89.1,10.9,NFHS-5,2021
IN-MP-guna,health,pct_births_non_institutional,Births not delivered in a health facility,98.0,2.0,NFHS-5,2021
IN-MP-guna,education,pct_females_never_attended_school,Females age 6+ who never attended school,61.4,38.6,NFHS-5,2021
IN-MP-guna,water_sanitation,pct_households_no_improved_sanitation,Households without an improved sanitation facility,55.6,44.4,NFHS-5,2021
IN-MP-guna,water_sanitation,pct_households_no_improved_water,Households without an improved drinking water source,81.4,18.6,NFHS-5,2021
IN-MP-guna,electricity,pct_households_no_electricity,Households without an electricity connection,98.3,1.7,NFHS-5,2021
IN-AP-guntur,health,pct_births_non_institutional,Births not delivered in a health facility,98.6,1.4,NFHS-5,2021
IN-AP-guntur,education,pct_females_never_attended_school,Females age 6+ who never attended school,64.9,35.1,NFHS-5,2021
IN-AP-guntur,water_sanitation,pct_households_no_improved_sanitation,Households without an improved sanitation facility,83.4,16.6,NFHS-5,2021
IN-AP-guntur,water_sanitation,pct_households_no_improved_water,Households without an improved drinking water source,99.3,0.7,NFHS-5,2021
IN-AP-guntur,electricity,pct_households_no_electricity,Households without an electricity connection,99.2,0.8,NFHS-5,2021
IN-PB-gurdaspur,health,pct_births_non_institutional,Births not delivered in a health facility,92.4,7.6,NFHS-5,2021
IN-PB-gurdaspur,education,pct_females_never_attended_school,Females age 6+ who never attended school,79.0,21.0,NFHS-5,2021
IN-PB-gurdaspur,water_sanitation,pct_households_no_improved_sanitation,Households without an improved sanitation facility,85.4,14.6,NFHS-5,2021
IN-PB-gurdaspur,water_sanitation,pct_households_no_improved_water,Households without an improved drinking water source,97.6,2.4,NFHS-5,2021
IN-PB-gurdaspur,electricity,pct_households_no_electricity,Households without an electricity connection,99.1,0.9,NFHS-5,2021
IN-HR-gurgaon,health,pct_births_non_institutional,Births not delivered in a health facility,96.7,3.3,NFHS-5,2021
IN-HR-gurgaon,education,pct_females_never_attended_school,Females age 6+ who never attended school,80.9,19.1,NFHS-5,2021
IN-HR-gurgaon,water_sanitation,pct_households_no_improved_sanitation,Households without an improved sanitation facility,84.5,15.5,NFHS-5,2021
IN-HR-gurgaon,water_sanitation,pct_households_no_improved_water,Households without an improved drinking water source,99.7,0.3,NFHS-5,2021
IN-HR-gurgaon,electricity,pct_households_no_electricity,Households without an electricity connection,99.4,0.6,NFHS-5,2021
IN-MP-gwalior,health,pct_births_non_institutional,Births not delivered in a health facility,94.8,5.2,NFHS-5,2021
IN-MP-gwalior,education,pct_females_never_attended_school,Females age 6+ who never attended school,72.2,27.8,NFHS-5,2021
IN-MP-gwalior,water_sanitation,pct_households_no_improved_sanitation,Households without an improved sanitation facility,83.2,16.8,NFHS-5,2021
IN-MP-gwalior,water_sanitation,pct_households_no_improved_water,Households without an improved drinking water source,98.6,1.4,NFHS-5,2021
IN-MP-gwalior,electricity,pct_households_no_electricity,Households without an electricity connection,99.5,0.5,NFHS-5,2021
IN-AS-hailakandi,health,pct_births_non_institutional,Births not delivered in a health facility,83.0,17.0,NFHS-5,2021
IN-AS-hailakandi,education,pct_females_never_attended_school,Females age 6+ who never attended school,81.5,18.5,NFHS-5,2021
IN-AS-hailakandi,water_sanitation,pct_households_no_improved_sanitation,Households without an improved sanitation facility,60.0,40.0,NFHS-5,2021
IN-AS-hailakandi,water_sanitation,pct_households_no_improved_water,Households without an improved drinking water source,41.2,58.8,NFHS-5,2021
IN-AS-hailakandi,electricity,pct_households_no_electricity,Households without an electricity connection,91.2,8.8,NFHS-5,2021
IN-HP-hamirpur,health,pct_births_non_institutional,Births not delivered in a health facility,97.6,2.4,NFHS-5,2021
IN-HP-hamirpur,education,pct_females_never_attended_school,Females age 6+ who never attended school,86.7,13.3,NFHS-5,2021
IN-HP-hamirpur,water_sanitation,pct_households_no_improved_sanitation,Households without an improved sanitation facility,85.5,14.5,NFHS-5,2021
IN-HP-hamirpur,water_sanitation,pct_households_no_improved_water,Households without an improved drinking water source,98.0,2.0,NFHS-5,2021
IN-HP-hamirpur,electricity,pct_households_no_electricity,Households without an electricity connection,99.7,0.3,NFHS-5,2021
IN-UP-hamirpur,health,pct_births_non_institutional,Births not delivered in a health facility,96.3,3.7,NFHS-5,2021
IN-UP-hamirpur,education,pct_females_never_attended_school,Females age 6+ who never attended school,70.8,29.2,NFHS-5,2021
IN-UP-hamirpur,water_sanitation,pct_households_no_improved_sanitation,Households without an improved sanitation facility,77.7,22.3,NFHS-5,2021
IN-UP-hamirpur,water_sanitation,pct_households_no_improved_water,Households without an improved drinking water source,99.4,0.6,NFHS-5,2021
IN-UP-hamirpur,electricity,pct_households_no_electricity,Households without an electricity connection,94.6,5.4,NFHS-5,2021
IN-RJ-hanumangarh,health,pct_births_non_institutional,Births not delivered in a health facility,94.9,5.1,NFHS-5,2021
IN-RJ-hanumangarh,education,pct_females_never_attended_school,Females age 6+ who never attended school,65.1,34.9,NFHS-5,2021
IN-RJ-hanumangarh,water_sanitation,pct_households_no_improved_sanitation,Households without an improved sanitation facility,83.8,16.2,NFHS-5,2021
IN-RJ-hanumangarh,water_sanitation,pct_households_no_improved_water,Households without an improved drinking water source,97.8,2.2,NFHS-5,2021
IN-RJ-hanumangarh,electricity,pct_households_no_electricity,Households without an electricity connection,99.0,1.0,NFHS-5,2021
IN-WB-haora,health,pct_births_non_institutional,Births not delivered in a health facility,95.5,4.5,NFHS-5,2021
IN-WB-haora,education,pct_females_never_attended_school,Females age 6+ who never attended school,82.0,18.0,NFHS-5,2021
IN-WB-haora,water_sanitation,pct_households_no_improved_sanitation,Households without an improved sanitation facility,72.9,27.1,NFHS-5,2021
IN-WB-haora,water_sanitation,pct_households_no_improved_water,Households without an improved drinking water source,99.5,0.5,NFHS-5,2021
IN-WB-haora,electricity,pct_households_no_electricity,Households without an electricity connection,99.0,1.0,NFHS-5,2021
IN-MP-harda,health,pct_births_non_institutional,Births not delivered in a health facility,88.4,11.6,NFHS-5,2021
IN-MP-harda,education,pct_females_never_attended_school,Females age 6+ who never attended school,74.1,25.9,NFHS-5,2021
IN-MP-harda,water_sanitation,pct_households_no_improved_sanitation,Households without an improved sanitation facility,68.8,31.2,NFHS-5,2021
IN-MP-harda,water_sanitation,pct_households_no_improved_water,Households without an improved drinking water source,92.3,7.7,NFHS-5,2021
IN-MP-harda,electricity,pct_households_no_electricity,Households without an electricity connection,98.8,1.2,NFHS-5,2021
IN-UP-hardoi,health,pct_births_non_institutional,Births not delivered in a health facility,73.9,26.1,NFHS-5,2021
IN-UP-hardoi,education,pct_females_never_attended_school,Females age 6+ who never attended school,64.6,35.4,NFHS-5,2021
IN-UP-hardoi,water_sanitation,pct_households_no_improved_sanitation,Households without an improved sanitation facility,55.7,44.3,NFHS-5,2021
IN-UP-hardoi,water_sanitation,pct_households_no_improved_water,Households without an improved drinking water source,99.9,0.1,NFHS-5,2021
IN-UP-hardoi,electricity,pct_households_no_electricity,Households without an electricity connection,71.0,29.0,NFHS-5,2021
IN-UT-hardwar,health,pct_births_non_institutional,Births not delivered in a health facility,79.8,20.2,NFHS-5,2021
IN-UT-hardwar,education,pct_females_never_attended_school,Females age 6+ who never attended school,73.9,26.1,NFHS-5,2021
IN-UT-hardwar,water_sanitation,pct_households_no_improved_sanitation,Households without an improved sanitation facility,69.8,30.2,NFHS-5,2021
IN-UT-hardwar,water_sanitation,pct_households_no_improved_water,Households without an improved drinking water source,99.6,0.4,NFHS-5,2021
IN-UT-hardwar,electricity,pct_households_no_electricity,Households without an electricity connection,99.7,0.3,NFHS-5,2021
IN-KA-hassan,health,pct_births_non_institutional,Births not delivered in a health facility,100.0,0.0,NFHS-5,2021
IN-KA-hassan,education,pct_females_never_attended_school,Females age 6+ who never attended school,74.4,25.6,NFHS-5,2021
IN-KA-hassan,water_sanitation,pct_households_no_improved_sanitation,Households without an improved sanitation facility,87.9,12.1,NFHS-5,2021
IN-KA-hassan,water_sanitation,pct_households_no_improved_water,Households without an improved drinking water source,96.8,3.2,NFHS-5,2021
IN-KA-hassan,electricity,pct_households_no_electricity,Households without an electricity connection,99.3,0.7,NFHS-5,2021
IN-UP-mahamaya-nagar,health,pct_births_non_institutional,Births not delivered in a health facility,80.3,19.7,NFHS-5,2021
IN-UP-mahamaya-nagar,education,pct_females_never_attended_school,Females age 6+ who never attended school,67.9,32.1,NFHS-5,2021
IN-UP-mahamaya-nagar,water_sanitation,pct_households_no_improved_sanitation,Households without an improved sanitation facility,73.3,26.7,NFHS-5,2021
IN-UP-mahamaya-nagar,water_sanitation,pct_households_no_improved_water,Households without an improved drinking water source,99.0,1.0,NFHS-5,2021
IN-UP-mahamaya-nagar,electricity,pct_households_no_electricity,Households without an electricity connection,94.9,5.1,NFHS-5,2021
IN-KA-haveri,health,pct_births_non_institutional,Births not delivered in a health facility,97.2,2.8,NFHS-5,2021
IN-KA-haveri,education,pct_females_never_attended_school,Females age 6+ who never attended school,72.6,27.4,NFHS-5,2021
IN-KA-haveri,water_sanitation,pct_households_no_improved_sanitation,Households without an improved sanitation facility,68.9,31.1,NFHS-5,2021
IN-KA-haveri,water_sanitation,pct_households_no_improved_water,Households without an improved drinking water source,99.1,0.9,NFHS-5,2021
IN-KA-haveri,electricity,pct_households_no_electricity,Households without an electricity connection,99.1,0.9,NFHS-5,2021
IN-JH-hazaribagh,health,pct_births_non_institutional,Births not delivered in a health facility,82.0,18.0,NFHS-5,2021
IN-JH-hazaribagh,education,pct_females_never_attended_school,Females age 6+ who never attended school,66.1,33.9,NFHS-5,2021
IN-JH-hazaribagh,water_sanitation,pct_households_no_improved_sanitation,Households without an improved sanitation facility,55.6,44.4,NFHS-5,2021
IN-JH-hazaribagh,water_sanitation,pct_households_no_improved_water,Households without an improved drinking water source,85.5,14.5,NFHS-5,2021
IN-JH-hazaribagh,electricity,pct_households_no_electricity,Households without an electricity connection,98.2,1.8,NFHS-5,2021
IN-MH-hingoli,health,pct_births_non_institutional,Births not delivered in a health facility,94.0,6.0,NFHS-5,2021
IN-MH-hingoli,education,pct_females_never_attended_school,Females age 6+ who never attended school,69.4,30.6,NFHS-5,2021
IN-MH-hingoli,water_sanitation,pct_households_no_improved_sanitation,Households without an improved sanitation facility,69.0,31.0,NFHS-5,2021
IN-MH-hingoli,water_sanitation,pct_households_no_improved_water,Households without an improved drinking water source,92.4,7.6,NFHS-5,2021
IN-MH-hingoli,electricity,pct_households_no_electricity,Households without an electricity connection,98.1,1.9,NFHS-5,2021
IN-HR-hisar,health,pct_births_non_institutional,Births not delivered in a health facility,98.2,1.8,NFHS-5,2021
IN-HR-hisar,education,pct_females_never_attended_school,Females age 6+ who never attended school,69.3,30.7,NFHS-5,2021
IN-HR-hisar,water_sanitation,pct_households_no_improved_sanitation,Households without an improved sanitation facility,89.1,10.9,NFHS-5,2021
IN-HR-hisar,water_sanitation,pct_households_no_improved_water,Households without an improved drinking water source,99.3,0.7,NFHS-5,2021
IN-HR-hisar,electricity,pct_households_no_electricity,Households without an electricity connection,99.7,0.3,NFHS-5,2021
IN-MP-hoshangabad,health,pct_births_non_institutional,Births not delivered in a health facility,91.8,8.2,NFHS-5,2021
IN-MP-hoshangabad,education,pct_females_never_attended_school,Females age 6+ who never attended school,74.0,26.0,NFHS-5,2021
IN-MP-hoshangabad,water_sanitation,pct_households_no_improved_sanitation,Households without an improved sanitation facility,68.5,31.5,NFHS-5,2021
IN-MP-hoshangabad,water_sanitation,pct_households_no_improved_water,Households without an improved drinking water source,93.5,6.5,NFHS-5,2021
IN-MP-hoshangabad,electricity,pct_households_no_electricity,Households without an electricity connection,97.2,2.8,NFHS-5,2021
IN-PB-hoshiarpur,health,pct_births_non_institutional,Births not delivered in a health facility,98.3,1.7,NFHS-5,2021
IN-PB-hoshiarpur,education,pct_females_never_attended_school,Females age 6+ who never attended school,89.0,11.0,NFHS-5,2021
IN-PB-hoshiarpur,water_sanitation,pct_households_no_improved_sanitation,Households without an improved sanitation facility,89.7,10.3,NFHS-5,2021
IN-PB-hoshiarpur,water_sanitation,pct_households_no_improved_water,Households without an improved drinking water source,99.9,0.1,NFHS-5,2021
IN-PB-hoshiarpur,electricity,pct_households_no_electricity,Households without an electricity connection,99.9,0.1,NFHS-5,2021
IN-WB-hugli,health,pct_births_non_institutional,Births not delivered in a health facility,97.0,3.0,NFHS-5,2021
IN-WB-hugli,education,pct_females_never_attended_school,Females age 6+ who never attended school,81.0,19.0,NFHS-5,2021
IN-WB-hugli,water_sanitation,pct_households_no_improved_sanitation,Households without an improved sanitation facility,76.2,23.8,NFHS-5,2021
IN-WB-hugli,water_sanitation,pct_households_no_improved_water,Households without an improved drinking water source,98.1,1.9,NFHS-5,2021
IN-WB-hugli,electricity,pct_households_no_electricity,Households without an electricity connection,98.4,1.6,NFHS-5,2021
IN-AP-hyderabad,health,pct_births_non_institutional,Births not delivered in a health facility,98.7,1.3,NFHS-5,2021
IN-AP-hyderabad,education,pct_females_never_attended_school,Females age 6+ who never attended school,75.4,24.6,NFHS-5,2021
IN-AP-hyderabad,water_sanitation,pct_households_no_improved_sanitation,Households without an improved sanitation facility,80.8,19.2,NFHS-5,2021
IN-AP-hyderabad,water_sanitation,pct_households_no_improved_water,Households without an improved drinking water source,99.1,0.9,NFHS-5,2021
IN-AP-hyderabad,electricity,pct_households_no_electricity,Households without an electricity connection,99.3,0.7,NFHS-5,2021
IN-KL-idukki,health,pct_births_non_institutional,Births not delivered in a health facility,100.0,0.0,NFHS-5,2021
IN-KL-idukki,education,pct_females_never_attended_school,Females age 6+ who never attended school,93.0,7.0,NFHS-5,2021
IN-KL-idukki,water_sanitation,pct_households_no_improved_sanitation,Households without an improved sanitation facility,97.5,2.5,NFHS-5,2021
IN-KL-idukki,water_sanitation,pct_households_no_improved_water,Households without an improved drinking water source,82.3,17.7,NFHS-5,2021
IN-KL-idukki,electricity,pct_households_no_electricity,Households without an electricity connection,99.0,1.0,NFHS-5,2021
IN-MN-imphal-east,health,pct_births_non_institutional,Births not delivered in a health facility,91.7,8.3,NFHS-5,2021
IN-MN-imphal-east,education,pct_females_never_attended_school,Females age 6+ who never attended school,87.2,12.8,NFHS-5,2021
IN-MN-imphal-east,water_sanitation,pct_households_no_improved_sanitation,Households without an improved sanitation facility,59.5,40.5,NFHS-5,2021
IN-MN-imphal-east,water_sanitation,pct_households_no_improved_water,Households without an improved drinking water source,90.2,9.8,NFHS-5,2021
IN-MN-imphal-east,electricity,pct_households_no_electricity,Households without an electricity connection,98.6,1.4,NFHS-5,2021
IN-MN-imphal-west,health,pct_births_non_institutional,Births not delivered in a health facility,95.7,4.3,NFHS-5,2021
IN-MN-imphal-west,education,pct_females_never_attended_school,Females age 6+ who never attended school,89.0,11.0,NFHS-5,2021
IN-MN-imphal-west,water_sanitation,pct_households_no_improved_sanitation,Households without an improved sanitation facility,58.7,41.3,NFHS-5,2021
IN-MN-imphal-west,water_sanitation,pct_households_no_improved_water,Households without an improved drinking water source,89.1,10.9,NFHS-5,2021
IN-MN-imphal-west,electricity,pct_households_no_electricity,Households without an electricity connection,99.4,0.6,NFHS-5,2021
IN-MP-indore,health,pct_births_non_institutional,Births not delivered in a health facility,96.5,3.5,NFHS-5,2021
IN-MP-indore,education,pct_females_never_attended_school,Females age 6+ who never attended school,78.0,22.0,NFHS-5,2021
IN-MP-indore,water_sanitation,pct_households_no_improved_sanitation,Households without an improved sanitation facility,90.0,10.0,NFHS-5,2021
IN-MP-indore,water_sanitation,pct_households_no_improved_water,Households without an improved drinking water source,98.9,1.1,NFHS-5,2021
IN-MP-indore,electricity,pct_households_no_electricity,Households without an electricity connection,100.0,0.0,NFHS-5,2021
IN-MP-jabalpur,health,pct_births_non_institutional,Births not delivered in a health facility,94.7,5.3,NFHS-5,2021
IN-MP-jabalpur,education,pct_females_never_attended_school,Females age 6+ who never attended school,70.0,30.0,NFHS-5,2021
IN-MP-jabalpur,water_sanitation,pct_households_no_improved_sanitation,Households without an improved sanitation facility,61.9,38.1,NFHS-5,2021
IN-MP-jabalpur,water_sanitation,pct_households_no_improved_water,Households without an improved drinking water source,98.0,2.0,NFHS-5,2021
IN-MP-jabalpur,electricity,pct_households_no_electricity,Households without an electricity connection,99.7,0.3,NFHS-5,2021
IN-OR-jagatsinghapur,health,pct_births_non_institutional,Births not delivered in a health facility,98.3,1.7,NFHS-5,2021
IN-OR-jagatsinghapur,education,pct_females_never_attended_school,Females age 6+ who never attended school,84.7,15.3,NFHS-5,2021
IN-OR-jagatsinghapur,water_sanitation,pct_households_no_improved_sanitation,Households without an improved sanitation facility,60.1,39.9,NFHS-5,2021
IN-OR-jagatsinghapur,water_sanitation,pct_households_no_improved_water,Households without an improved drinking water source,99.5,0.5,NFHS-5,2021
IN-OR-jagatsinghapur,electricity,pct_households_no_electricity,Households without an electricity connection,98.2,1.8,NFHS-5,2021
IN-ML-jaintia-hills,health,pct_births_non_institutional,Births not delivered in a health facility,42.2,57.8,NFHS-5,2021
IN-ML-jaintia-hills,education,pct_females_never_attended_school,Females age 6+ who never attended school,73.8,26.2,NFHS-5,2021
IN-ML-jaintia-hills,water_sanitation,pct_households_no_improved_sanitation,Households without an improved sanitation facility,75.1,24.9,NFHS-5,2021
IN-ML-jaintia-hills,water_sanitation,pct_households_no_improved_water,Households without an improved drinking water source,70.6,29.4,NFHS-5,2021
IN-ML-jaintia-hills,electricity,pct_households_no_electricity,Households without an electricity connection,75.4,24.6,NFHS-5,2021
IN-RJ-jaipur,health,pct_births_non_institutional,Births not delivered in a health facility,97.3,2.7,NFHS-5,2021
IN-RJ-jaipur,education,pct_females_never_attended_school,Females age 6+ who never attended school,68.1,31.9,NFHS-5,2021
IN-RJ-jaipur,water_sanitation,pct_households_no_improved_sanitation,Households without an improved sanitation facility,79.6,20.4,NFHS-5,2021
IN-RJ-jaipur,water_sanitation,pct_households_no_improved_water,Households without an improved drinking water source,99.9,0.1,NFHS-5,2021
IN-RJ-jaipur,electricity,pct_households_no_electricity,Households without an electricity connection,99.5,0.5,NFHS-5,2021
IN-RJ-jaisalmer,health,pct_births_non_institutional,Births not delivered in a health facility,90.0,10.0,NFHS-5,2021
IN-RJ-jaisalmer,education,pct_females_never_attended_school,Females age 6+ who never attended school,61.7,38.3,NFHS-5,2021
IN-RJ-jaisalmer,water_sanitation,pct_households_no_improved_sanitation,Households without an improved sanitation facility,75.7,24.3,NFHS-5,2021
IN-RJ-jaisalmer,water_sanitation,pct_households_no_improved_water,Households without an improved drinking water source,95.2,4.8,NFHS-5,2021
IN-RJ-jaisalmer,electricity,pct_households_no_electricity,Households without an electricity connection,97.3,2.7,NFHS-5,2021
IN-OR-jajapur,health,pct_births_non_institutional,Births not delivered in a health facility,93.8,6.2,NFHS-5,2021
IN-OR-jajapur,education,pct_females_never_attended_school,Females age 6+ who never attended school,78.7,21.3,NFHS-5,2021
IN-OR-jajapur,water_sanitation,pct_households_no_improved_sanitation,Households without an improved sanitation facility,47.4,52.6,NFHS-5,2021
IN-OR-jajapur,water_sanitation,pct_households_no_improved_water,Households without an improved drinking water source,92.0,8.0,NFHS-5,2021
IN-OR-jajapur,electricity,pct_households_no_electricity,Households without an electricity connection,97.0,3.0,NFHS-5,2021
IN-PB-jalandhar,health,pct_births_non_institutional,Births not delivered in a health facility,92.3,7.7,NFHS-5,2021
IN-PB-jalandhar,education,pct_females_never_attended_school,Females age 6+ who never attended school,82.1,17.9,NFHS-5,2021
IN-PB-jalandhar,water_sanitation,pct_households_no_improved_sanitation,Households without an improved sanitation facility,88.2,11.8,NFHS-5,2021
IN-PB-jalandhar,water_sanitation,pct_households_no_improved_water,Households without an improved drinking water source,99.9,0.1,NFHS-5,2021
IN-PB-jalandhar,electricity,pct_households_no_electricity,Households without an electricity connection,99.6,0.4,NFHS-5,2021
IN-UP-jalaun,health,pct_births_non_institutional,Births not delivered in a health facility,85.1,14.9,NFHS-5,2021
IN-UP-jalaun,education,pct_females_never_attended_school,Females age 6+ who never attended school,71.9,28.1,NFHS-5,2021
IN-UP-jalaun,water_sanitation,pct_households_no_improved_sanitation,Households without an improved sanitation facility,80.2,19.8,NFHS-5,2021
IN-UP-jalaun,water_sanitation,pct_households_no_improved_water,Households without an improved drinking water source,99.0,1.0,NFHS-5,2021
IN-UP-jalaun,electricity,pct_households_no_electricity,Households without an electricity connection,96.9,3.1,NFHS-5,2021
IN-MH-jalgaon,health,pct_births_non_institutional,Births not delivered in a health facility,86.5,13.5,NFHS-5,2021
IN-MH-jalgaon,education,pct_females_never_attended_school,Females age 6+ who never attended school,77.5,22.5,NFHS-5,2021
IN-MH-jalgaon,water_sanitation,pct_households_no_improved_sanitation,Households without an improved sanitation facility,59.7,40.3,NFHS-5,2021
IN-MH-jalgaon,water_sanitation,pct_households_no_improved_water,Households without an improved drinking water source,94.3,5.7,NFHS-5,2021
IN-MH-jalgaon,electricity,pct_households_no_electricity,Households without an electricity connection,96.8,3.2,NFHS-5,2021
IN-MH-jalna,health,pct_births_non_institutional,Births not delivered in a health facility,92.8,7.2,NFHS-5,2021
IN-MH-jalna,education,pct_females_never_attended_school,Females age 6+ who never attended school,67.6,32.4,NFHS-5,2021
IN-MH-jalna,water_sanitation,pct_households_no_improved_sanitation,Households without an improved sanitation facility,63.6,36.4,NFHS-5,2021
IN-MH-jalna,water_sanitation,pct_households_no_improved_water,Households without an improved drinking water source,82.8,17.2,NFHS-5,2021
IN-MH-jalna,electricity,pct_households_no_electricity,Households without an electricity connection,95.7,4.3,NFHS-5,2021
IN-RJ-jalor,health,pct_births_non_institutional,Births not delivered in a health facility,95.5,4.5,NFHS-5,2021
IN-RJ-jalor,education,pct_females_never_attended_school,Females age 6+ who never attended school,59.5,40.5,NFHS-5,2021
IN-RJ-jalor,water_sanitation,pct_households_no_improved_sanitation,Households without an improved sanitation facility,77.4,22.6,NFHS-5,2021
IN-RJ-jalor,water_sanitation,pct_households_no_improved_water,Households without an improved drinking water source,98.3,1.7,NFHS-5,2021
IN-RJ-jalor,electricity,pct_households_no_electricity,Households without an electricity connection,98.4,1.6,NFHS-5,2021
IN-WB-jalpaiguri,health,pct_births_non_institutional,Births not delivered in a health facility,95.8,4.2,NFHS-5,2021
IN-WB-jalpaiguri,education,pct_females_never_attended_school,Females age 6+ who never attended school,73.7,26.3,NFHS-5,2021
IN-WB-jalpaiguri,water_sanitation,pct_households_no_improved_sanitation,Households without an improved sanitation facility,73.2,26.8,NFHS-5,2021
IN-WB-jalpaiguri,water_sanitation,pct_households_no_improved_water,Households without an improved drinking water source,95.2,4.8,NFHS-5,2021
IN-WB-jalpaiguri,electricity,pct_households_no_electricity,Households without an electricity connection,97.4,2.6,NFHS-5,2021
IN-JK-jammu,health,pct_births_non_institutional,Births not delivered in a health facility,96.5,3.5,NFHS-5,2021
IN-JK-jammu,education,pct_females_never_attended_school,Females age 6+ who never attended school,84.0,16.0,NFHS-5,2021
IN-JK-jammu,water_sanitation,pct_households_no_improved_sanitation,Households without an improved sanitation facility,81.2,18.8,NFHS-5,2021
IN-JK-jammu,water_sanitation,pct_households_no_improved_water,Households without an improved drinking water source,99.9,0.1,NFHS-5,2021
IN-JK-jammu,electricity,pct_households_no_electricity,Households without an electricity connection,100.0,0.0,NFHS-5,2021
IN-GJ-jamnagar,health,pct_births_non_institutional,Births not delivered in a health facility,96.5,3.5,NFHS-5,2021
IN-GJ-jamnagar,education,pct_females_never_attended_school,Females age 6+ who never attended school,72.8,27.2,NFHS-5,2021
IN-GJ-jamnagar,water_sanitation,pct_households_no_improved_sanitation,Households without an improved sanitation facility,86.6,13.4,NFHS-5,2021
IN-GJ-jamnagar,water_sanitation,pct_households_no_improved_water,Households without an improved drinking water source,99.7,0.3,NFHS-5,2021
IN-GJ-jamnagar,electricity,pct_households_no_electricity,Households without an electricity connection,98.9,1.1,NFHS-5,2021
IN-JH-jamtara,health,pct_births_non_institutional,Births not delivered in a health facility,75.4,24.6,NFHS-5,2021
IN-JH-jamtara,education,pct_females_never_attended_school,Females age 6+ who never attended school,63.7,36.3,NFHS-5,2021
IN-JH-jamtara,water_sanitation,pct_households_no_improved_sanitation,Households without an improved sanitation facility,52.8,47.2,NFHS-5,2021
IN-JH-jamtara,water_sanitation,pct_households_no_improved_water,Households without an improved drinking water source,93.0,7.0,NFHS-5,2021
IN-JH-jamtara,electricity,pct_households_no_electricity,Households without an electricity connection,92.2,7.8,NFHS-5,2021
IN-BR-jamui,health,pct_births_non_institutional,Births not delivered in a health facility,73.4,26.6,NFHS-5,2021
IN-BR-jamui,education,pct_females_never_attended_school,Females age 6+ who never attended school,53.1,46.9,NFHS-5,2021
IN-BR-jamui,water_sanitation,pct_households_no_improved_sanitation,Households without an improved sanitation facility,37.6,62.4,NFHS-5,2021
IN-BR-jamui,water_sanitation,pct_households_no_improved_water,Households without an improved drinking water source,90.5,9.5,NFHS-5,2021
IN-BR-jamui,electricity,pct_households_no_electricity,Households without an electricity connection,97.9,2.1,NFHS-5,2021
IN-CT-janjgir-champa,health,pct_births_non_institutional,Births not delivered in a health facility,86.2,13.8,NFHS-5,2021
IN-CT-janjgir-champa,education,pct_females_never_attended_school,Females age 6+ who never attended school,67.7,32.3,NFHS-5,2021
IN-CT-janjgir-champa,water_sanitation,pct_households_no_improved_sanitation,Households without an improved sanitation facility,78.8,21.2,NFHS-5,2021
IN-CT-janjgir-champa,water_sanitation,pct_households_no_improved_water,Households without an improved drinking water source,97.2,2.8,NFHS-5,2021
IN-CT-janjgir-champa,electricity,pct_households_no_electricity,Households without an electricity connection,99.5,0.5,NFHS-5,2021
IN-CT-jashpur,health,pct_births_non_institutional,Births not delivered in a health facility,85.6,14.4,NFHS-5,2021
IN-CT-jashpur,education,pct_females_never_attended_school,Females age 6+ who never attended school,67.9,32.1,NFHS-5,2021
IN-CT-jashpur,water_sanitation,pct_households_no_improved_sanitation,Households without an improved sanitation facility,72.8,27.2,NFHS-5,2021
IN-CT-jashpur,water_sanitation,pct_households_no_improved_water,Households without an improved drinking water source,88.8,11.2,NFHS-5,2021
IN-CT-jashpur,electricity,pct_households_no_electricity,Households without an electricity connection,98.2,1.8,NFHS-5,2021
IN-UP-jaunpur,health,pct_births_non_institutional,Births not delivered in a health facility,88.8,11.2,NFHS-5,2021
IN-UP-jaunpur,education,pct_females_never_attended_school,Females age 6+ who never attended school,69.9,30.1,NFHS-5,2021
IN-UP-jaunpur,water_sanitation,pct_households_no_improved_sanitation,Households without an improved sanitation facility,62.6,37.4,NFHS-5,2021
IN-UP-jaunpur,water_sanitation,pct_households_no_improved_water,Households without an improved drinking water source,99.1,0.9,NFHS-5,2021
IN-UP-jaunpur,electricity,pct_households_no_electricity,Households without an electricity connection,98.2,1.8,NFHS-5,2021
IN-MP-jhabua,health,pct_births_non_institutional,Births not delivered in a health facility,92.9,7.1,NFHS-5,2021
IN-MP-jhabua,education,pct_females_never_attended_school,Females age 6+ who never attended school,45.9,54.1,NFHS-5,2021
IN-MP-jhabua,water_sanitation,pct_households_no_improved_sanitation,Households without an improved sanitation facility,57.6,42.4,NFHS-5,2021
IN-MP-jhabua,water_sanitation,pct_households_no_improved_water,Households without an improved drinking water source,85.2,14.8,NFHS-5,2021
IN-MP-jhabua,electricity,pct_households_no_electricity,Households without an electricity connection,98.9,1.1,NFHS-5,2021
IN-HR-jhajjar,health,pct_births_non_institutional,Births not delivered in a health facility,97.2,2.8,NFHS-5,2021
IN-HR-jhajjar,education,pct_females_never_attended_school,Females age 6+ who never attended school,77.3,22.7,NFHS-5,2021
IN-HR-jhajjar,water_sanitation,pct_households_no_improved_sanitation,Households without an improved sanitation facility,91.7,8.3,NFHS-5,2021
IN-HR-jhajjar,water_sanitation,pct_households_no_improved_water,Households without an improved drinking water source,96.6,3.4,NFHS-5,2021
IN-HR-jhajjar,electricity,pct_households_no_electricity,Households without an electricity connection,99.8,0.2,NFHS-5,2021
IN-RJ-jhalawar,health,pct_births_non_institutional,Births not delivered in a health facility,98.3,1.7,NFHS-5,2021
IN-RJ-jhalawar,education,pct_females_never_attended_school,Females age 6+ who never attended school,55.6,44.4,NFHS-5,2021
IN-RJ-jhalawar,water_sanitation,pct_households_no_improved_sanitation,Households without an improved sanitation facility,62.1,37.9,NFHS-5,2021
IN-RJ-jhalawar,water_sanitation,pct_households_no_improved_water,Households without an improved drinking water source,92.4,7.6,NFHS-5,2021
IN-RJ-jhalawar,electricity,pct_households_no_electricity,Households without an electricity connection,99.3,0.7,NFHS-5,2021
IN-UP-jhansi,health,pct_births_non_institutional,Births not delivered in a health facility,92.9,7.1,NFHS-5,2021
IN-UP-jhansi,education,pct_females_never_attended_school,Females age 6+ who never attended school,71.1,28.9,NFHS-5,2021
IN-UP-jhansi,water_sanitation,pct_households_no_improved_sanitation,Households without an improved sanitation facility,73.2,26.8,NFHS-5,2021
IN-UP-jhansi,water_sanitation,pct_households_no_improved_water,Households without an improved drinking water source,96.8,3.2,NFHS-5,2021
IN-UP-jhansi,electricity,pct_households_no_electricity,Households without an electricity connection,95.2,4.8,NFHS-5,2021
IN-OR-jharsuguda,health,pct_births_non_institutional,Births not delivered in a health facility,98.6,1.4,NFHS-5,2021
IN-OR-jharsuguda,education,pct_females_never_attended_school,Females age 6+ who never attended school,77.8,22.2,NFHS-5,2021
IN-OR-jharsuguda,water_sanitation,pct_households_no_improved_sanitation,Households without an improved sanitation facility,70.0,30.0,NFHS-5,2021
IN-OR-jharsuguda,water_sanitation,pct_households_no_improved_water,Households without an improved drinking water source,88.4,11.6,NFHS-5,2021
IN-OR-jharsuguda,electricity,pct_households_no_electricity,Households without an electricity connection,98.1,1.9,NFHS-5,2021
IN-RJ-jhunjhunun,health,pct_births_non_institutional,Births not delivered in a health facility,97.1,2.9,NFHS-5,2021
IN-RJ-jhunjhunun,education,pct_females_never_attended_school,Females age 6+ who never attended school,66.8,33.2,NFHS-5,2021
IN-RJ-jhunjhunun,water_sanitation,pct_households_no_improved_sanitation,Households without an improved sanitation facility,79.0,21.0,NFHS-5,2021
IN-RJ-jhunjhunun,water_sanitation,pct_households_no_improved_water,Households without an improved drinking water source,98.4,1.6,NFHS-5,2021
IN-RJ-jhunjhunun,electricity,pct_households_no_electricity,Households without an electricity connection,99.0,1.0,NFHS-5,2021
IN-RJ-jodhpur,health,pct_births_non_institutional,Births not delivered in a health facility,90.0,10.0,NFHS-5,2021
IN-RJ-jodhpur,education,pct_females_never_attended_school,Females age 6+ who never attended school,64.8,35.2,NFHS-5,2021
IN-RJ-jodhpur,water_sanitation,pct_households_no_improved_sanitation,Households without an improved sanitation facility,75.4,24.6,NFHS-5,2021
IN-RJ-jodhpur,water_sanitation,pct_households_no_improved_water,Households without an improved drinking water source,96.5,3.5,NFHS-5,2021
IN-RJ-jodhpur,electricity,pct_households_no_electricity,Households without an electricity connection,98.4,1.6,NFHS-5,2021
IN-AS-jorhat,health,pct_births_non_institutional,Births not delivered in a health facility,96.5,3.5,NFHS-5,2021
IN-AS-jorhat,education,pct_females_never_attended_school,Females age 6+ who never attended school,84.4,15.6,NFHS-5,2021
IN-AS-jorhat,water_sanitation,pct_households_no_improved_sanitation,Households without an improved sanitation facility,80.4,19.6,NFHS-5,2021
IN-AS-jorhat,water_sanitation,pct_households_no_improved_water,Households without an improved drinking water source,85.9,14.1,NFHS-5,2021
IN-AS-jorhat,electricity,pct_households_no_electricity,Households without an electricity connection,95.1,4.9,NFHS-5,2021
IN-GJ-junagadh,health,pct_births_non_institutional,Births not delivered in a health facility,97.4,2.6,NFHS-5,2021
IN-GJ-junagadh,education,pct_females_never_attended_school,Females age 6+ who never attended school,73.8,26.2,NFHS-5,2021
IN-GJ-junagadh,water_sanitation,pct_households_no_improved_sanitation,Households without an improved sanitation facility,81.7,18.3,NFHS-5,2021
IN-GJ-junagadh,water_sanitation,pct_households_no_improved_water,Households without an improved drinking water source,97.0,3.0,NFHS-5,2021
IN-GJ-junagadh,electricity,pct_households_no_electricity,Households without an electricity connection,99.3,0.7,NFHS-5,2021
IN-UP-jyotiba-phule-nagar,health,pct_births_non_institutional,Births not delivered in a health facility,81.1,18.9,NFHS-5,2021
IN-UP-jyotiba-phule-nagar,education,pct_females_never_attended_school,Females age 6+ who never attended school,63.7,36.3,NFHS-5,2021
IN-UP-jyotiba-phule-nagar,water_sanitation,pct_households_no_improved_sanitation,Households without an improved sanitation facility,78.9,21.1,NFHS-5,2021
IN-UP-jyotiba-phule-nagar,water_sanitation,pct_households_no_improved_water,Households without an improved drinking water source,99.7,0.3,NFHS-5,2021
IN-UP-jyotiba-phule-nagar,electricity,pct_households_no_electricity,Households without an electricity connection,96.4,3.6,NFHS-5,2021
IN-GJ-kachchh,health,pct_births_non_institutional,Births not delivered in a health facility,97.4,2.6,NFHS-5,2021
IN-GJ-kachchh,education,pct_females_never_attended_school,Females age 6+ who never attended school,66.6,33.4,NFHS-5,2021
IN-GJ-kachchh,water_sanitation,pct_households_no_improved_sanitation,Households without an improved sanitation facility,85.8,14.2,NFHS-5,2021
IN-GJ-kachchh,water_sanitation,pct_households_no_improved_water,Households without an improved drinking water source,96.8,3.2,NFHS-5,2021
IN-GJ-kachchh,electricity,pct_households_no_electricity,Households without an electricity connection,99.2,0.8,NFHS-5,2021
IN-BR-kaimur-bhabua,health,pct_births_non_institutional,Births not delivered in a health facility,83.3,16.7,NFHS-5,2021
IN-BR-kaimur-bhabua,education,pct_females_never_attended_school,Females age 6+ who never attended school,62.3,37.7,NFHS-5,2021
IN-BR-kaimur-bhabua,water_sanitation,pct_households_no_improved_sanitation,Households without an improved sanitation facility,59.1,40.9,NFHS-5,2021
IN-BR-kaimur-bhabua,water_sanitation,pct_households_no_improved_water,Households without an improved drinking water source,98.0,2.0,NFHS-5,2021
IN-BR-kaimur-bhabua,electricity,pct_households_no_electricity,Households without an electricity connection,96.7,3.3,NFHS-5,2021
IN-HR-kaithal,health,pct_births_non_institutional,Births not delivered in a health facility,98.2,1.8,NFHS-5,2021
IN-HR-kaithal,education,pct_females_never_attended_school,Females age 6+ who never attended school,66.3,33.7,NFHS-5,2021
IN-HR-kaithal,water_sanitation,pct_households_no_improved_sanitation,Households without an improved sanitation facility,89.7,10.3,NFHS-5,2021
IN-HR-kaithal,water_sanitation,pct_households_no_improved_water,Households without an improved drinking water source,98.5,1.5,NFHS-5,2021
IN-HR-kaithal,electricity,pct_households_no_electricity,Households without an electricity connection,100.0,0.0,NFHS-5,2021
IN-OR-kalahandi,health,pct_births_non_institutional,Births not delivered in a health facility,92.8,7.2,NFHS-5,2021
IN-OR-kalahandi,education,pct_females_never_attended_school,Females age 6+ who never attended school,62.5,37.5,NFHS-5,2021
IN-OR-kalahandi,water_sanitation,pct_households_no_improved_sanitation,Households without an improved sanitation facility,64.4,35.6,NFHS-5,2021
IN-OR-kalahandi,water_sanitation,pct_households_no_improved_water,Households without an improved drinking water source,96.5,3.5,NFHS-5,2021
IN-OR-kalahandi,electricity,pct_households_no_electricity,Households without an electricity connection,97.2,2.8,NFHS-5,2021
IN-AS-kamrup,health,pct_births_non_institutional,Births not delivered in a health facility,85.0,15.0,NFHS-5,2021
IN-AS-kamrup,education,pct_females_never_attended_school,Females age 6+ who never attended school,79.4,20.6,NFHS-5,2021
IN-AS-kamrup,water_sanitation,pct_households_no_improved_sanitation,Households without an improved sanitation facility,68.7,31.3,NFHS-5,2021
IN-AS-kamrup,water_sanitation,pct_households_no_improved_water,Households without an improved drinking water source,92.1,7.9,NFHS-5,2021
IN-AS-kamrup,electricity,pct_households_no_electricity,Households without an electricity connection,94.8,5.2,NFHS-5,2021
IN-AS-kamrup-metropolitan,health,pct_births_non_institutional,Births not delivered in a health facility,89.1,10.9,NFHS-5,2021
IN-AS-kamrup-metropolitan,education,pct_females_never_attended_school,Females age 6+ who never attended school,87.5,12.5,NFHS-5,2021
IN-AS-kamrup-metropolitan,water_sanitation,pct_households_no_improved_sanitation,Households without an improved sanitation facility,65.2,34.8,NFHS-5,2021
IN-AS-kamrup-metropolitan,water_sanitation,pct_households_no_improved_water,Households without an improved drinking water source,87.2,12.8,NFHS-5,2021
IN-AS-kamrup-metropolitan,electricity,pct_households_no_electricity,Households without an electricity connection,99.2,0.8,NFHS-5,2021
IN-TN-kancheepuram,health,pct_births_non_institutional,Births not delivered in a health facility,100.0,0.0,NFHS-5,2021
IN-TN-kancheepuram,education,pct_females_never_attended_school,Females age 6+ who never attended school,85.0,15.0,NFHS-5,2021
IN-TN-kancheepuram,water_sanitation,pct_households_no_improved_sanitation,Households without an improved sanitation facility,75.9,24.1,NFHS-5,2021
IN-TN-kancheepuram,water_sanitation,pct_households_no_improved_water,Households without an improved drinking water source,99.4,0.6,NFHS-5,2021
IN-TN-kancheepuram,electricity,pct_households_no_electricity,Households without an electricity connection,99.4,0.6,NFHS-5,2021
IN-OR-kandhamal,health,pct_births_non_institutional,Births not delivered in a health facility,93.9,6.1,NFHS-5,2021
IN-OR-kandhamal,education,pct_females_never_attended_school,Females age 6+ who never attended school,64.2,35.8,NFHS-5,2021
IN-OR-kandhamal,water_sanitation,pct_households_no_improved_sanitation,Households without an improved sanitation facility,52.4,47.6,NFHS-5,2021
IN-OR-kandhamal,water_sanitation,pct_households_no_improved_water,Households without an improved drinking water source,64.4,35.6,NFHS-5,2021
IN-OR-kandhamal,electricity,pct_households_no_electricity,Households without an electricity connection,96.6,3.4,NFHS-5,2021
IN-HP-kangra,health,pct_births_non_institutional,Births not delivered in a health facility,90.2,9.8,NFHS-5,2021
IN-HP-kangra,education,pct_females_never_attended_school,Females age 6+ who never attended school,84.1,15.9,NFHS-5,2021
IN-HP-kangra,water_sanitation,pct_households_no_improved_sanitation,Households without an improved sanitation facility,73.3,26.7,NFHS-5,2021
IN-HP-kangra,water_sanitation,pct_households_no_improved_water,Households without an improved drinking water source,98.6,1.4,NFHS-5,2021
IN-HP-kangra,electricity,pct_households_no_electricity,Households without an electricity connection,99.7,0.3,NFHS-5,2021
IN-CT-uttar-bastar-kanker,health,pct_births_non_institutional,Births not delivered in a health facility,94.1,5.9,NFHS-5,2021
IN-CT-uttar-bastar-kanker,education,pct_females_never_attended_school,Females age 6+ who never attended school,70.2,29.8,NFHS-5,2021
IN-CT-uttar-bastar-kanker,water_sanitation,pct_households_no_improved_sanitation,Households without an improved sanitation facility,80.5,19.5,NFHS-5,2021
IN-CT-uttar-bastar-kanker,water_sanitation,pct_households_no_improved_water,Households without an improved drinking water source,98.7,1.3,NFHS-5,2021
IN-CT-uttar-bastar-kanker,electricity,pct_households_no_electricity,Households without an electricity connection,99.4,0.6,NFHS-5,2021
IN-UP-kannauj,health,pct_births_non_institutional,Births not delivered in a health facility,76.4,23.6,NFHS-5,2021
IN-UP-kannauj,education,pct_females_never_attended_school,Females age 6+ who never attended school,71.3,28.7,NFHS-5,2021
IN-UP-kannauj,water_sanitation,pct_households_no_improved_sanitation,Households without an improved sanitation facility,70.1,29.9,NFHS-5,2021
IN-UP-kannauj,water_sanitation,pct_households_no_improved_water,Households without an improved drinking water source,99.9,0.1,NFHS-5,2021
IN-UP-kannauj,electricity,pct_households_no_electricity,Households without an electricity connection,87.3,12.7,NFHS-5,2021
IN-TN-kanniyakumari,health,pct_births_non_institutional,Births not delivered in a health facility,100.0,0.0,NFHS-5,2021
IN-TN-kanniyakumari,education,pct_females_never_attended_school,Females age 6+ who never attended school,92.9,7.1,NFHS-5,2021
IN-TN-kanniyakumari,water_sanitation,pct_households_no_improved_sanitation,Households without an improved sanitation facility,96.2,3.8,NFHS-5,2021
IN-TN-kanniyakumari,water_sanitation,pct_households_no_improved_water,Households without an improved drinking water source,98.2,1.8,NFHS-5,2021
IN-TN-kanniyakumari,electricity,pct_households_no_electricity,Households without an electricity connection,99.8,0.2,NFHS-5,2021
IN-KL-kannur,health,pct_births_non_institutional,Births not delivered in a health facility,100.0,0.0,NFHS-5,2021
IN-KL-kannur,education,pct_females_never_attended_school,Females age 6+ who never attended school,96.7,3.3,NFHS-5,2021
IN-KL-kannur,water_sanitation,pct_households_no_improved_sanitation,Households without an improved sanitation facility,99.5,0.5,NFHS-5,2021
IN-KL-kannur,water_sanitation,pct_households_no_improved_water,Households without an improved drinking water source,93.9,6.1,NFHS-5,2021
IN-KL-kannur,electricity,pct_households_no_electricity,Households without an electricity connection,99.7,0.3,NFHS-5,2021
IN-UP-kanpur-dehat,health,pct_births_non_institutional,Births not delivered in a health facility,84.3,15.7,NFHS-5,2021
IN-UP-kanpur-dehat,education,pct_females_never_attended_school,Females age 6+ who never attended school,73.9,26.1,NFHS-5,2021
IN-UP-kanpur-dehat,water_sanitation,pct_households_no_improved_sanitation,Households without an improved sanitation facility,70.6,29.4,NFHS-5,2021
IN-UP-kanpur-dehat,water_sanitation,pct_households_no_improved_water,Households without an improved drinking water source,99.4,0.6,NFHS-5,2021
IN-UP-kanpur-dehat,electricity,pct_households_no_electricity,Households without an electricity connection,79.8,20.2,NFHS-5,2021
IN-UP-kanpur-nagar,health,pct_births_non_institutional,Births not delivered in a health facility,86.6,13.4,NFHS-5,2021
IN-UP-kanpur-nagar,education,pct_females_never_attended_school,Females age 6+ who never attended school,80.4,19.6,NFHS-5,2021
IN-UP-kanpur-nagar,water_sanitation,pct_households_no_improved_sanitation,Households without an improved sanitation facility,77.5,22.5,NFHS-5,2021
IN-UP-kanpur-nagar,water_sanitation,pct_households_no_improved_water,Households without an improved drinking water source,98.8,1.2,NFHS-5,2021
IN-UP-kanpur-nagar,electricity,pct_households_no_electricity,Households without an electricity connection,89.3,10.7,NFHS-5,2021
IN-UP-kansiram-nagar,health,pct_births_non_institutional,Births not delivered in a health facility,74.8,25.2,NFHS-5,2021
IN-UP-kansiram-nagar,education,pct_females_never_attended_school,Females age 6+ who never attended school,62.2,37.8,NFHS-5,2021
IN-UP-kansiram-nagar,water_sanitation,pct_households_no_improved_sanitation,Households without an improved sanitation facility,69.8,30.2,NFHS-5,2021
IN-UP-kansiram-nagar,water_sanitation,pct_households_no_improved_water,Households without an improved drinking water source,99.4,0.6,NFHS-5,2021
IN-UP-kansiram-nagar,electricity,pct_households_no_electricity,Households without an electricity connection,87.2,12.8,NFHS-5,2021
IN-PB-kapurthala,health,pct_births_non_institutional,Births not delivered in a health facility,95.0,5.0,NFHS-5,2021
IN-PB-kapurthala,education,pct_females_never_attended_school,Females age 6+ who never attended school,79.2,20.8,NFHS-5,2021
IN-PB-kapurthala,water_sanitation,pct_households_no_improved_sanitation,Households without an improved sanitation facility,87.7,12.3,NFHS-5,2021
IN-PB-kapurthala,water_sanitation,pct_households_no_improved_water,Households without an improved drinking water source,99.4,0.6,NFHS-5,2021
IN-PB-kapurthala,electricity,pct_households_no_electricity,Households without an electricity connection,99.8,0.2,NFHS-5,2021
IN-AS-karbi-anglong,health,pct_births_non_institutional,Births not delivered in a health facility,74.9,25.1,NFHS-5,2021
IN-AS-karbi-anglong,education,pct_females_never_attended_school,Females age 6+ who never attended school,76.4,23.6,NFHS-5,2021
IN-AS-karbi-anglong,water_sanitation,pct_households_no_improved_sanitation,Households without an improved sanitation facility,75.2,24.8,NFHS-5,2021
IN-AS-karbi-anglong,water_sanitation,pct_households_no_improved_water,Households without an improved drinking water source,79.6,20.4,NFHS-5,2021
IN-AS-karbi-anglong,electricity,pct_households_no_electricity,Households without an electricity connection,97.0,3.0,NFHS-5,2021
IN-JK-kargil,health,pct_births_non_institutional,Births not delivered in a health facility,93.7,6.3,NFHS-5,2021
IN-JK-kargil,education,pct_females_never_attended_school,Females age 6+ who never attended school,69.6,30.4,NFHS-5,2021
IN-JK-kargil,water_sanitation,pct_households_no_improved_sanitation,Households without an improved sanitation facility,42.3,57.7,NFHS-5,2021
IN-JK-kargil,water_sanitation,pct_households_no_improved_water,Households without an improved drinking water source,90.2,9.8,NFHS-5,2021
IN-JK-kargil,electricity,pct_households_no_electricity,Households without an electricity connection,99.1,0.9,NFHS-5,2021
IN-AS-karimganj,health,pct_births_non_institutional,Births not delivered in a health facility,76.4,23.6,NFHS-5,2021
IN-AS-karimganj,education,pct_females_never_attended_school,Females age 6+ who never attended school,82.1,17.9,NFHS-5,2021
IN-AS-karimganj,water_sanitation,pct_households_no_improved_sanitation,Households without an improved sanitation facility,61.5,38.5,NFHS-5,2021
IN-AS-karimganj,water_sanitation,pct_households_no_improved_water,Households without an improved drinking water source,62.3,37.7,NFHS-5,2021
IN-AS-karimganj,electricity,pct_households_no_electricity,Households without an electricity connection,87.1,12.9,NFHS-5,2021
IN-AP-karimnagar,health,pct_births_non_institutional,Births not delivered in a health facility,95.3,4.7,NFHS-5,2021
IN-AP-karimnagar,education,pct_females_never_attended_school,Females age 6+ who never attended school,66.8,33.2,NFHS-5,2021
IN-AP-karimnagar,water_sanitation,pct_households_no_improved_sanitation,Households without an improved sanitation facility,77.8,22.2,NFHS-5,2021
IN-AP-karimnagar,water_sanitation,pct_households_no_improved_water,Households without an improved drinking water source,91.8,8.2,NFHS-5,2021
IN-AP-karimnagar,electricity,pct_households_no_electricity,Households without an electricity connection,99.6,0.4,NFHS-5,2021
IN-HR-karnal,health,pct_births_non_institutional,Births not delivered in a health facility,99.0,1.0,NFHS-5,2021
IN-HR-karnal,education,pct_females_never_attended_school,Females age 6+ who never attended school,79.2,20.8,NFHS-5,2021
IN-HR-karnal,water_sanitation,pct_households_no_improved_sanitation,Households without an improved sanitation facility,83.5,16.5,NFHS-5,2021
IN-HR-karnal,water_sanitation,pct_households_no_improved_water,Households without an improved drinking water source,99.9,0.1,NFHS-5,2021
IN-HR-karnal,electricity,pct_households_no_electricity,Households without an electricity connection,99.2,0.8,NFHS-5,2021
IN-TN-karur,health,pct_births_non_institutional,Births not delivered in a health facility,100.0,0.0,NFHS-5,2021
IN-TN-karur,education,pct_females_never_attended_school,Females age 6+ who never attended school,73.2,26.8,NFHS-5,2021
IN-TN-karur,water_sanitation,pct_households_no_improved_sanitation,Households without an improved sanitation facility,63.6,36.4,NFHS-5,2021
IN-TN-karur,water_sanitation,pct_households_no_improved_water,Households without an improved drinking water source,99.4,0.6,NFHS-5,2021
IN-TN-karur,electricity,pct_households_no_electricity,Households without an electricity connection,98.7,1.3,NFHS-5,2021
IN-KL-kasaragod,health,pct_births_non_institutional,Births not delivered in a health facility,100.0,0.0,NFHS-5,2021
IN-KL-kasaragod,education,pct_females_never_attended_school,Females age 6+ who never attended school,90.8,9.2,NFHS-5,2021
IN-KL-kasaragod,water_sanitation,pct_households_no_improved_sanitation,Households without an improved sanitation facility,98.9,1.1,NFHS-5,2021
IN-KL-kasaragod,water_sanitation,pct_households_no_improved_water,Households without an improved drinking water source,93.2,6.8,NFHS-5,2021
IN-KL-kasaragod,electricity,pct_households_no_electricity,Households without an electricity connection,99.5,0.5,NFHS-5,2021
IN-JK-kathua,health,pct_births_non_institutional,Births not delivered in a health facility,97.1,2.9,NFHS-5,2021
IN-JK-kathua,education,pct_females_never_attended_school,Females age 6+ who never attended school,77.4,22.6,NFHS-5,2021
IN-JK-kathua,water_sanitation,pct_households_no_improved_sanitation,Households without an improved sanitation facility,75.4,24.6,NFHS-5,2021
IN-JK-kathua,water_sanitation,pct_households_no_improved_water,Households without an improved drinking water source,96.1,3.9,NFHS-5,2021
IN-JK-kathua,electricity,pct_households_no_electricity,Households without an electricity connection,99.7,0.3,NFHS-5,2021
IN-BR-katihar,health,pct_births_non_institutional,Births not delivered in a health facility,66.9,33.1,NFHS-5,2021
IN-BR-katihar,education,pct_females_never_attended_school,Females age 6+ who never attended school,57.5,42.5,NFHS-5,2021
IN-BR-katihar,water_sanitation,pct_households_no_improved_sanitation,Households without an improved sanitation facility,44.6,55.4,NFHS-5,2021
IN-BR-katihar,water_sanitation,pct_households_no_improved_water,Households without an improved drinking water source,99.2,0.8,NFHS-5,2021
IN-BR-katihar,electricity,pct_households_no_electricity,Households without an electricity connection,92.0,8.0,NFHS-5,2021
IN-MP-katni,health,pct_births_non_institutional,Births not delivered in a health facility,91.8,8.2,NFHS-5,2021
IN-MP-katni,education,pct_females_never_attended_school,Females age 6+ who never attended school,71.4,28.6,NFHS-5,2021
IN-MP-katni,water_sanitation,pct_households_no_improved_sanitation,Households without an improved sanitation facility,53.5,46.5,NFHS-5,2021
IN-MP-katni,water_sanitation,pct_households_no_improved_water,Households without an improved drinking water source,94.0,6.0,NFHS-5,2021
IN-MP-katni,electricity,pct_households_no_electricity,Households without an electricity connection,97.9,2.1,NFHS-5,2021
IN-UP-kaushambi,health,pct_births_non_institutional,Births not delivered in a health facility,88.6,11.4,NFHS-5,2021
IN-UP-kaushambi,education,pct_females_never_attended_school,Females age 6+ who never attended school,63.2,36.8,NFHS-5,2021
IN-UP-kaushambi,water_sanitation,pct_households_no_improved_sanitation,Households without an improved sanitation facility,59.6,40.4,NFHS-5,2021
IN-UP-kaushambi,water_sanitation,pct_households_no_improved_water,Households without an improved drinking water source,98.3,1.7,NFHS-5,2021
IN-UP-kaushambi,electricity,pct_households_no_electricity,Households without an electricity connection,78.7,21.3,NFHS-5,2021
IN-OR-kendrapara,health,pct_births_non_institutional,Births not delivered in a health facility,96.7,3.3,NFHS-5,2021
IN-OR-kendrapara,education,pct_females_never_attended_school,Females age 6+ who never attended school,84.3,15.7,NFHS-5,2021
IN-OR-kendrapara,water_sanitation,pct_households_no_improved_sanitation,Households without an improved sanitation facility,57.3,42.7,NFHS-5,2021
IN-OR-kendrapara,water_sanitation,pct_households_no_improved_water,Households without an improved drinking water source,99.7,0.3,NFHS-5,2021
IN-OR-kendrapara,electricity,pct_households_no_electricity,Households without an electricity connection,99.5,0.5,NFHS-5,2021
IN-OR-kendujhar,health,pct_births_non_institutional,Births not delivered in a health facility,80.4,19.6,NFHS-5,2021
IN-OR-kendujhar,education,pct_females_never_attended_school,Females age 6+ who never attended school,68.2,31.8,NFHS-5,2021
IN-OR-kendujhar,water_sanitation,pct_households_no_improved_sanitation,Households without an improved sanitation facility,47.6,52.4,NFHS-5,2021
IN-OR-kendujhar,water_sanitation,pct_households_no_improved_water,Households without an improved drinking water source,92.9,7.1,NFHS-5,2021
IN-OR-kendujhar,electricity,pct_households_no_electricity,Households without an electricity connection,91.1,8.9,NFHS-5,2021
IN-BR-khagaria,health,pct_births_non_institutional,Births not delivered in a health facility,74.2,25.8,NFHS-5,2021
IN-BR-khagaria,education,pct_females_never_attended_school,Females age 6+ who never attended school,60.6,39.4,NFHS-5,2021
IN-BR-khagaria,water_sanitation,pct_households_no_improved_sanitation,Households without an improved sanitation facility,65.0,35.0,NFHS-5,2021
IN-BR-khagaria,water_sanitation,pct_households_no_improved_water,Households without an improved drinking water source,98.8,1.2,NFHS-5,2021
IN-BR-khagaria,electricity,pct_households_no_electricity,Households without an electricity connection,94.5,5.5,NFHS-5,2021
IN-AP-khammam,health,pct_births_non_institutional,Births not delivered in a health facility,99.4,0.6,NFHS-5,2021
IN-AP-khammam,education,pct_females_never_attended_school,Females age 6+ who never attended school,61.9,38.1,NFHS-5,2021
IN-AP-khammam,water_sanitation,pct_households_no_improved_sanitation,Households without an improved sanitation facility,85.4,14.6,NFHS-5,2021
IN-AP-khammam,water_sanitation,pct_households_no_improved_water,Households without an improved drinking water source,99.9,0.1,NFHS-5,2021
IN-AP-khammam,electricity,pct_households_no_electricity,Households without an electricity connection,99.8,0.2,NFHS-5,2021
IN-GJ-kheda,health,pct_births_non_institutional,Births not delivered in a health facility,95.2,4.8,NFHS-5,2021
IN-GJ-kheda,education,pct_females_never_attended_school,Females age 6+ who never attended school,74.0,26.0,NFHS-5,2021
IN-GJ-kheda,water_sanitation,pct_households_no_improved_sanitation,Households without an improved sanitation facility,63.3,36.7,NFHS-5,2021
IN-GJ-kheda,water_sanitation,pct_households_no_improved_water,Households without an improved drinking water source,97.7,2.3,NFHS-5,2021
IN-GJ-kheda,electricity,pct_households_no_electricity,Households without an electricity connection,96.9,3.1,NFHS-5,2021
IN-UP-kheri,health,pct_births_non_institutional,Births not delivered in a health facility,82.8,17.2,NFHS-5,2021
IN-UP-kheri,education,pct_females_never_attended_school,Females age 6+ who never attended school,66.3,33.7,NFHS-5,2021
IN-UP-kheri,water_sanitation,pct_households_no_improved_sanitation,Households without an improved sanitation facility,65.6,34.4,NFHS-5,2021
IN-UP-kheri,water_sanitation,pct_households_no_improved_water,Households without an improved drinking water source,99.9,0.1,NFHS-5,2021
IN-UP-kheri,electricity,pct_households_no_electricity,Households without an electricity connection,84.2,15.8,NFHS-5,2021
IN-OR-khordha,health,pct_births_non_institutional,Births not delivered in a health facility,97.8,2.2,NFHS-5,2021
IN-OR-khordha,education,pct_females_never_attended_school,Females age 6+ who never attended school,84.4,15.6,NFHS-5,2021
IN-OR-khordha,water_sanitation,pct_households_no_improved_sanitation,Households without an improved sanitation facility,73.2,26.8,NFHS-5,2021
IN-OR-khordha,water_sanitation,pct_households_no_improved_water,Households without an improved drinking water source,94.6,5.4,NFHS-5,2021
IN-OR-khordha,electricity,pct_households_no_electricity,Households without an electricity connection,99.5,0.5,NFHS-5,2021
IN-JH-khunti,health,pct_births_non_institutional,Births not delivered in a health facility,73.8,26.2,NFHS-5,2021
IN-JH-khunti,education,pct_females_never_attended_school,Females age 6+ who never attended school,63.1,36.9,NFHS-5,2021
IN-JH-khunti,water_sanitation,pct_households_no_improved_sanitation,Households without an improved sanitation facility,55.2,44.8,NFHS-5,2021
IN-JH-khunti,water_sanitation,pct_households_no_improved_water,Households without an improved drinking water source,68.6,31.4,NFHS-5,2021
IN-JH-khunti,electricity,pct_households_no_electricity,Households without an electricity connection,92.9,7.1,NFHS-5,2021
IN-HP-kinnaur,health,pct_births_non_institutional,Births not delivered in a health facility,82.7,17.3,NFHS-5,2021
IN-HP-kinnaur,education,pct_females_never_attended_school,Females age 6+ who never attended school,73.8,26.2,NFHS-5,2021
IN-HP-kinnaur,water_sanitation,pct_households_no_improved_sanitation,Households without an improved sanitation facility,80.1,19.9,NFHS-5,2021
IN-HP-kinnaur,water_sanitation,pct_households_no_improved_water,Households without an improved drinking water source,96.9,3.1,NFHS-5,2021
IN-HP-kinnaur,electricity,pct_households_no_electricity,Households without an electricity connection,99.6,0.4,NFHS-5,2021
IN-NL-kiphire,health,pct_births_non_institutional,Births not delivered in a health facility,34.8,65.2,NFHS-5,2021
IN-NL-kiphire,education,pct_females_never_attended_school,Females age 6+ who never attended school,77.4,22.6,NFHS-5,2021
IN-NL-kiphire,water_sanitation,pct_households_no_improved_sanitation,Households without an improved sanitation facility,83.1,16.9,NFHS-5,2021
IN-NL-kiphire,water_sanitation,pct_households_no_improved_water,Households without an improved drinking water source,90.9,9.1,NFHS-5,2021
IN-NL-kiphire,electricity,pct_households_no_electricity,Households without an electricity connection,97.9,2.1,NFHS-5,2021
IN-BR-kishanganj,health,pct_births_non_institutional,Births not delivered in a health facility,54.6,45.4,NFHS-5,2021
IN-BR-kishanganj,education,pct_females_never_attended_school,Females age 6+ who never attended school,56.0,44.0,NFHS-5,2021
IN-BR-kishanganj,water_sanitation,pct_households_no_improved_sanitation,Households without an improved sanitation facility,52.4,47.6,NFHS-5,2021
IN-BR-kishanganj,water_sanitation,pct_households_no_improved_water,Households without an improved drinking water source,100.0,0.0,NFHS-5,2021
IN-BR-kishanganj,electricity,pct_households_no_electricity,Households without an electricity connection,95.8,4.2,NFHS-5,2021
IN-JK-kishtwar,health,pct_births_non_institutional,Births not delivered in a health facility,91.6,8.4,NFHS-5,2021
IN-JK-kishtwar,education,pct_females_never_attended_school,Females age 6+ who never attended school,68.9,31.1,NFHS-5,2021
IN-JK-kishtwar,water_sanitation,pct_households_no_improved_sanitation,Households without an improved sanitation facility,59.6,40.4,NFHS-5,2021
IN-JK-kishtwar,water_sanitation,pct_households_no_improved_water,Households without an improved drinking water source,86.8,13.2,NFHS-5,2021
IN-JK-kishtwar,electricity,pct_households_no_electricity,Households without an electricity connection,88.8,11.2,NFHS-5,2021
IN-WB-koch-bihar,health,pct_births_non_institutional,Births not delivered in a health facility,93.0,7.0,NFHS-5,2021
IN-WB-koch-bihar,education,pct_females_never_attended_school,Females age 6+ who never attended school,75.7,24.3,NFHS-5,2021
IN-WB-koch-bihar,water_sanitation,pct_households_no_improved_sanitation,Households without an improved sanitation facility,75.7,24.3,NFHS-5,2021
IN-WB-koch-bihar,water_sanitation,pct_households_no_improved_water,Households without an improved drinking water source,99.3,0.7,NFHS-5,2021
IN-WB-koch-bihar,electricity,pct_households_no_electricity,Households without an electricity connection,98.2,1.8,NFHS-5,2021
IN-KA-kodagu,health,pct_births_non_institutional,Births not delivered in a health facility,98.4,1.6,NFHS-5,2021
IN-KA-kodagu,education,pct_females_never_attended_school,Females age 6+ who never attended school,83.6,16.4,NFHS-5,2021
IN-KA-kodagu,water_sanitation,pct_households_no_improved_sanitation,Households without an improved sanitation facility,93.9,6.1,NFHS-5,2021
IN-KA-kodagu,water_sanitation,pct_households_no_improved_water,Households without an improved drinking water source,89.2,10.8,NFHS-5,2021
IN-KA-kodagu,electricity,pct_households_no_electricity,Households without an electricity connection,98.7,1.3,NFHS-5,2021
IN-JH-kodarma,health,pct_births_non_institutional,Births not delivered in a health facility,91.3,8.7,NFHS-5,2021
IN-JH-kodarma,education,pct_females_never_attended_school,Females age 6+ who never attended school,64.4,35.6,NFHS-5,2021
IN-JH-kodarma,water_sanitation,pct_households_no_improved_sanitation,Households without an improved sanitation facility,54.0,46.0,NFHS-5,2021
IN-JH-kodarma,water_sanitation,pct_households_no_improved_water,Households without an improved drinking water source,83.9,16.1,NFHS-5,2021
IN-JH-kodarma,electricity,pct_households_no_electricity,Households without an electricity connection,97.1,2.9,NFHS-5,2021
IN-NL-kohima,health,pct_births_non_institutional,Births not delivered in a health facility,66.9,33.1,NFHS-5,2021
IN-NL-kohima,education,pct_females_never_attended_school,Females age 6+ who never attended school,90.4,9.6,NFHS-5,2021
IN-NL-kohima,water_sanitation,pct_households_no_improved_sanitation,Households without an improved sanitation facility,87.4,12.6,NFHS-5,2021
IN-NL-kohima,water_sanitation,pct_households_no_improved_water,Households without an improved drinking water source,89.9,10.1,NFHS-5,2021
IN-NL-kohima,electricity,pct_households_no_electricity,Households without an electricity connection,99.5,0.5,NFHS-5,2021
IN-AS-kokrajhar,health,pct_births_non_institutional,Births not delivered in a health facility,81.9,18.1,NFHS-5,2021
IN-AS-kokrajhar,education,pct_females_never_attended_school,Females age 6+ who never attended school,75.2,24.8,NFHS-5,2021
IN-AS-kokrajhar,water_sanitation,pct_households_no_improved_sanitation,Households without an improved sanitation facility,72.2,27.8,NFHS-5,2021
IN-AS-kokrajhar,water_sanitation,pct_households_no_improved_water,Households without an improved drinking water source,87.3,12.7,NFHS-5,2021
IN-AS-kokrajhar,electricity,pct_households_no_electricity,Households without an electricity connection,93.9,6.1,NFHS-5,2021
IN-KA-kolar,health,pct_births_non_institutional,Births not delivered in a health facility,99.6,0.4,NFHS-5,2021
IN-KA-kolar,education,pct_females_never_attended_school,Females age 6+ who never attended school,71.6,28.4,NFHS-5,2021
IN-KA-kolar,water_sanitation,pct_households_no_improved_sanitation,Households without an improved sanitation facility,89.2,10.8,NFHS-5,2021
IN-KA-kolar,water_sanitation,pct_households_no_improved_water,Households without an improved drinking water source,98.5,1.5,NFHS-5,2021
IN-KA-kolar,electricity,pct_households_no_electricity,Households without an electricity connection,99.5,0.5,NFHS-5,2021
IN-MZ-kolasib,health,pct_births_non_institutional,Births not delivered in a health facility,91.4,8.6,NFHS-5,2021
IN-MZ-kolasib,education,pct_females_never_attended_school,Females age 6+ who never attended school,93.9,6.1,NFHS-5,2021
IN-MZ-kolasib,water_sanitation,pct_households_no_improved_sanitation,Households without an improved sanitation facility,96.8,3.2,NFHS-5,2021
IN-MZ-kolasib,water_sanitation,pct_households_no_improved_water,Households without an improved drinking water source,95.3,4.7,NFHS-5,2021
IN-MZ-kolasib,electricity,pct_households_no_electricity,Households without an electricity connection,99.1,0.9,NFHS-5,2021
IN-MH-kolhapur,health,pct_births_non_institutional,Births not delivered in a health facility,99.2,0.8,NFHS-5,2021
IN-MH-kolhapur,education,pct_females_never_attended_school,Females age 6+ who never attended school,80.2,19.8,NFHS-5,2021
IN-MH-kolhapur,water_sanitation,pct_households_no_improved_sanitation,Households without an improved sanitation facility,82.0,18.0,NFHS-5,2021
IN-MH-kolhapur,water_sanitation,pct_households_no_improved_water,Households without an improved drinking water source,97.3,2.7,NFHS-5,2021
IN-MH-kolhapur,electricity,pct_households_no_electricity,Households without an electricity connection,98.8,1.2,NFHS-5,2021
IN-WB-kolkata,health,pct_births_non_institutional,Births not delivered in a health facility,97.5,2.5,NFHS-5,2021
IN-WB-kolkata,education,pct_females_never_attended_school,Females age 6+ who never attended school,87.2,12.8,NFHS-5,2021
IN-WB-kolkata,water_sanitation,pct_households_no_improved_sanitation,Households without an improved sanitation facility,60.9,39.1,NFHS-5,2021
IN-WB-kolkata,water_sanitation,pct_households_no_improved_water,Households without an improved drinking water source,99.3,0.7,NFHS-5,2021
IN-WB-kolkata,electricity,pct_households_no_electricity,Households without an electricity connection,99.6,0.4,NFHS-5,2021
IN-KL-kollam,health,pct_births_non_institutional,Births not delivered in a health facility,100.0,0.0,NFHS-5,2021
IN-KL-kollam,education,pct_females_never_attended_school,Females age 6+ who never attended school,96.6,3.4,NFHS-5,2021
IN-KL-kollam,water_sanitation,pct_households_no_improved_sanitation,Households without an improved sanitation facility,97.5,2.5,NFHS-5,2021
IN-KL-kollam,water_sanitation,pct_households_no_improved_water,Households without an improved drinking water source,95.7,4.3,NFHS-5,2021
IN-KL-kollam,electricity,pct_households_no_electricity,Households without an electricity connection,99.8,0.2,NFHS-5,2021
IN-KA-koppal,health,pct_births_non_institutional,Births not delivered in a health facility,90.7,9.3,NFHS-5,2021
IN-KA-koppal,education,pct_females_never_attended_school,Females age 6+ who never attended school,63.9,36.1,NFHS-5,2021
IN-KA-koppal,water_sanitation,pct_households_no_improved_sanitation,Households without an improved sanitation facility,58.8,41.2,NFHS-5,2021
IN-KA-koppal,water_sanitation,pct_households_no_improved_water,Households without an improved drinking water source,96.0,4.0,NFHS-5,2021
IN-KA-koppal,electricity,pct_households_no_electricity,Households without an electricity connection,99.2,0.8,NFHS-5,2021
IN-OR-koraput,health,pct_births_non_institutional,Births not delivered in a health facility,82.1,17.9,NFHS-5,2021
IN-OR-koraput,education,pct_females_never_attended_school,Females age 6+ who never attended school,50.6,49.4,NFHS-5,2021
IN-OR-koraput,water_sanitation,pct_households_no_improved_sanitation,Households without an improved sanitation facility,39.4,60.6,NFHS-5,2021
IN-OR-koraput,water_sanitation,pct_households_no_improved_water,Households without an improved drinking water source,89.5,10.5,NFHS-5,2021
IN-OR-koraput,electricity,pct_households_no_electricity,Households without an electricity connection,96.2,3.8,NFHS-5,2021
IN-CT-korba,health,pct_births_non_institutional,Births not delivered in a health facility,75.4,24.6,NFHS-5,2021
IN-CT-korba,education,pct_females_never_attended_school,Females age 6+ who never attended school,71.1,28.9,NFHS-5,2021
IN-CT-korba,water_sanitation,pct_households_no_improved_sanitation,Households without an improved sanitation facility,73.3,26.7,NFHS-5,2021
IN-CT-korba,water_sanitation,pct_households_no_improved_water,Households without an improved drinking water source,82.2,17.8,NFHS-5,2021
IN-CT-korba,electricity,pct_households_no_electricity,Households without an electricity connection,97.9,2.1,NFHS-5,2021
IN-CT-koriya,health,pct_births_non_institutional,Births not delivered in a health facility,80.8,19.2,NFHS-5,2021
IN-CT-koriya,education,pct_females_never_attended_school,Females age 6+ who never attended school,69.7,30.3,NFHS-5,2021
IN-CT-koriya,water_sanitation,pct_households_no_improved_sanitation,Households without an improved sanitation facility,73.3,26.7,NFHS-5,2021
IN-CT-koriya,water_sanitation,pct_households_no_improved_water,Households without an improved drinking water source,87.6,12.4,NFHS-5,2021
IN-CT-koriya,electricity,pct_households_no_electricity,Households without an electricity connection,97.6,2.4,NFHS-5,2021
IN-RJ-kota,health,pct_births_non_institutional,Births not delivered in a health facility,97.9,2.1,NFHS-5,2021
IN-RJ-kota,education,pct_females_never_attended_school,Females age 6+ who never attended school,74.7,25.3,NFHS-5,2021
IN-RJ-kota,water_sanitation,pct_households_no_improved_sanitation,Households without an improved sanitation facility,79.0,21.0,NFHS-5,2021
IN-RJ-kota,water_sanitation,pct_households_no_improved_water,Households without an improved drinking water source,99.6,0.4,NFHS-5,2021
IN-RJ-kota,electricity,pct_households_no_electricity,Households without an electricity connection,99.4,0.6,NFHS-5,2021
IN-KL-kottayam,health,pct_births_non_institutional,Births not delivered in a health facility,98.7,1.3,NFHS-5,2021
IN-KL-kottayam,education,pct_females_never_attended_school,Females age 6+ who never attended school,97.9,2.1,NFHS-5,2021
IN-KL-kottayam,water_sanitation,pct_households_no_improved_sanitation,Households without an improved sanitation facility,98.6,1.4,NFHS-5,2021
IN-KL-kottayam,water_sanitation,pct_households_no_improved_water,Households without an improved drinking water source,97.1,2.9,NFHS-5,2021
IN-KL-kottayam,electricity,pct_households_no_electricity,Households without an electricity connection,99.6,0.4,NFHS-5,2021
IN-KL-kozhikode,health,pct_births_non_institutional,Births not delivered in a health facility,100.0,0.0,NFHS-5,2021
IN-KL-kozhikode,education,pct_females_never_attended_school,Females age 6+ who never attended school,97.7,2.3,NFHS-5,2021
IN-KL-kozhikode,water_sanitation,pct_households_no_improved_sanitation,Households without an improved sanitation facility,99.6,0.4,NFHS-5,2021
IN-KL-kozhikode,water_sanitation,pct_households_no_improved_water,Households without an improved drinking water source,93.3,6.7,NFHS-5,2021
IN-KL-kozhikode,electricity,pct_households_no_electricity,Households without an electricity connection,99.6,0.4,NFHS-5,2021
IN-AP-krishna,health,pct_births_non_institutional,Births not delivered in a health facility,98.9,1.1,NFHS-5,2021
IN-AP-krishna,education,pct_females_never_attended_school,Females age 6+ who never attended school,74.0,26.0,NFHS-5,2021
IN-AP-krishna,water_sanitation,pct_households_no_improved_sanitation,Households without an improved sanitation facility,79.1,20.9,NFHS-5,2021
IN-AP-krishna,water_sanitation,pct_households_no_improved_water,Households without an improved drinking water source,94.4,5.6,NFHS-5,2021
IN-AP-krishna,electricity,pct_households_no_electricity,Households without an electricity connection,99.6,0.4,NFHS-5,2021
IN-TN-krishnagiri,health,pct_births_non_institutional,Births not delivered in a health facility,99.6,0.4,NFHS-5,2021
IN-TN-krishnagiri,education,pct_females_never_attended_school,Females age 6+ who never attended school,72.6,27.4,NFHS-5,2021
IN-TN-krishnagiri,water_sanitation,pct_households_no_improved_sanitation,Households without an improved sanitation facility,75.9,24.1,NFHS-5,2021
IN-TN-krishnagiri,water_sanitation,pct_households_no_improved_water,Households without an improved drinking water source,99.8,0.2,NFHS-5,2021
IN-TN-krishnagiri,electricity,pct_households_no_electricity,Households without an electricity connection,99.2,0.8,NFHS-5,2021
IN-JK-kulgam,health,pct_births_non_institutional,Births not delivered in a health facility,98.9,1.1,NFHS-5,2021
IN-JK-kulgam,education,pct_females_never_attended_school,Females age 6+ who never attended school,64.0,36.0,NFHS-5,2021
IN-JK-kulgam,water_sanitation,pct_households_no_improved_sanitation,Households without an improved sanitation facility,80.5,19.5,NFHS-5,2021
IN-JK-kulgam,water_sanitation,pct_households_no_improved_water,Households without an improved drinking water source,96.4,3.6,NFHS-5,2021
IN-JK-kulgam,electricity,pct_households_no_electricity,Households without an electricity connection,99.8,0.2,NFHS-5,2021
IN-HP-kullu,health,pct_births_non_institutional,Births not delivered in a health facility,87.0,13.0,NFHS-5,2021
IN-HP-kullu,education,pct_females_never_attended_school,Females age 6+ who never attended school,77.4,22.6,NFHS-5,2021
IN-HP-kullu,water_sanitation,pct_households_no_improved_sanitation,Households without an improved sanitation facility,81.2,18.8,NFHS-5,2021
IN-HP-kullu,water_sanitation,pct_households_no_improved_water,Households without an improved drinking water source,94.3,5.7,NFHS-5,2021
IN-HP-kullu,electricity,pct_households_no_electricity,Households without an electricity connection,99.2,0.8,NFHS-5,2021
IN-JK-kupwara,health,pct_births_non_institutional,Births not delivered in a health facility,97.1,2.9,NFHS-5,2021
IN-JK-kupwara,education,pct_females_never_attended_school,Females age 6+ who never attended school,68.7,31.3,NFHS-5,2021
IN-JK-kupwara,water_sanitation,pct_households_no_improved_sanitation,Households without an improved sanitation facility,67.7,32.3,NFHS-5,2021
IN-JK-kupwara,water_sanitation,pct_households_no_improved_water,Households without an improved drinking water source,88.0,12.0,NFHS-5,2021
IN-JK-kupwara,electricity,pct_households_no_electricity,Households without an electricity connection,99.3,0.7,NFHS-5,2021
IN-AP-kurnool,health,pct_births_non_institutional,Births not delivered in a health facility,88.5,11.5,NFHS-5,2021
IN-AP-kurnool,education,pct_females_never_attended_school,Females age 6+ who never attended school,55.2,44.8,NFHS-5,2021
IN-AP-kurnool,water_sanitation,pct_households_no_improved_sanitation,Households without an improved sanitation facility,73.5,26.5,NFHS-5,2021
IN-AP-kurnool,water_sanitation,pct_households_no_improved_water,Households without an improved drinking water source,97.9,2.1,NFHS-5,2021
IN-AP-kurnool,electricity,pct_households_no_electricity,Households without an electricity connection,99.9,0.1,NFHS-5,2021
IN-HR-kurukshetra,health,pct_births_non_institutional,Births not delivered in a health facility,98.4,1.6,NFHS-5,2021
IN-HR-kurukshetra,education,pct_females_never_attended_school,Females age 6+ who never attended school,75.3,24.7,NFHS-5,2021
IN-HR-kurukshetra,water_sanitation,pct_households_no_improved_sanitation,Households without an improved sanitation facility,82.6,17.4,NFHS-5,2021
IN-HR-kurukshetra,water_sanitation,pct_households_no_improved_water,Households without an improved drinking water source,99.9,0.1,NFHS-5,2021
IN-HR-kurukshetra,electricity,pct_households_no_electricity,Households without an electricity connection,99.6,0.4,NFHS-5,2021
IN-AR-kurung-kumey,health,pct_births_non_institutional,Births not delivered in a health facility,69.2,30.8,NFHS-5,2021
IN-AR-kurung-kumey,education,pct_females_never_attended_school,Females age 6+ who never attended school,72.6,27.4,NFHS-5,2021
IN-AR-kurung-kumey,water_sanitation,pct_households_no_improved_sanitation,Households without an improved sanitation facility,78.3,21.7,NFHS-5,2021
IN-AR-kurung-kumey,water_sanitation,pct_households_no_improved_water,Households without an improved drinking water source,99.8,0.2,NFHS-5,2021
IN-AR-kurung-kumey,electricity,pct_households_no_electricity,Households without an electricity connection,99.2,0.8,NFHS-5,2021
IN-UP-kushinagar,health,pct_births_non_institutional,Births not delivered in a health facility,89.4,10.6,NFHS-5,2021
IN-UP-kushinagar,education,pct_females_never_attended_school,Females age 6+ who never attended school,63.7,36.3,NFHS-5,2021
IN-UP-kushinagar,water_sanitation,pct_households_no_improved_sanitation,Households without an improved sanitation facility,73.1,26.9,NFHS-5,2021
IN-UP-kushinagar,water_sanitation,pct_households_no_improved_water,Households without an improved drinking water source,100.0,0.0,NFHS-5,2021
IN-UP-kushinagar,electricity,pct_households_no_electricity,Households without an electricity connection,91.5,8.5,NFHS-5,2021
IN-HP-lahul-spiti,health,pct_births_non_institutional,Births not delivered in a health facility,86.4,13.6,NFHS-5,2021
IN-HP-lahul-spiti,education,pct_females_never_attended_school,Females age 6+ who never attended school,65.6,34.4,NFHS-5,2021
IN-HP-lahul-spiti,water_sanitation,pct_households_no_improved_sanitation,Households without an improved sanitation facility,61.7,38.3,NFHS-5,2021
IN-HP-lahul-spiti,water_sanitation,pct_households_no_improved_water,Households without an improved drinking water source,89.2,10.8,NFHS-5,2021
IN-HP-lahul-spiti,electricity,pct_households_no_electricity,Households without an electricity connection,99.8,0.2,NFHS-5,2021
IN-AS-lakhimpur,health,pct_births_non_institutional,Births not delivered in a health facility,96.2,3.8,NFHS-5,2021
IN-AS-lakhimpur,education,pct_females_never_attended_school,Females age 6+ who never attended school,83.2,16.8,NFHS-5,2021
IN-AS-lakhimpur,water_sanitation,pct_households_no_improved_sanitation,Households without an improved sanitation facility,74.2,25.8,NFHS-5,2021
IN-AS-lakhimpur,water_sanitation,pct_households_no_improved_water,Households without an improved drinking water source,81.2,18.8,NFHS-5,2021
IN-AS-lakhimpur,electricity,pct_households_no_electricity,Households without an electricity connection,97.2,2.8,NFHS-5,2021
IN-BR-lakhisarai,health,pct_births_non_institutional,Births not delivered in a health facility,75.8,24.2,NFHS-5,2021
IN-BR-lakhisarai,education,pct_females_never_attended_school,Females age 6+ who never attended school,61.2,38.8,NFHS-5,2021
IN-BR-lakhisarai,water_sanitation,pct_households_no_improved_sanitation,Households without an improved sanitation facility,51.6,48.4,NFHS-5,2021
IN-BR-lakhisarai,water_sanitation,pct_households_no_improved_water,Households without an improved drinking water source,96.6,3.4,NFHS-5,2021
IN-BR-lakhisarai,electricity,pct_households_no_electricity,Households without an electricity connection,98.0,2.0,NFHS-5,2021
IN-UP-lalitpur,health,pct_births_non_institutional,Births not delivered in a health facility,90.8,9.2,NFHS-5,2021
IN-UP-lalitpur,education,pct_females_never_attended_school,Females age 6+ who never attended school,66.8,33.2,NFHS-5,2021
IN-UP-lalitpur,water_sanitation,pct_households_no_improved_sanitation,Households without an improved sanitation facility,64.2,35.8,NFHS-5,2021
IN-UP-lalitpur,water_sanitation,pct_households_no_improved_water,Households without an improved drinking water source,96.6,3.4,NFHS-5,2021
IN-UP-lalitpur,electricity,pct_households_no_electricity,Households without an electricity connection,94.1,5.9,NFHS-5,2021
IN-JH-latehar,health,pct_births_non_institutional,Births not delivered in a health facility,70.3,29.7,NFHS-5,2021
IN-JH-latehar,education,pct_females_never_attended_school,Females age 6+ who never attended school,60.5,39.5,NFHS-5,2021
IN-JH-latehar,water_sanitation,pct_households_no_improved_sanitation,Households without an improved sanitation facility,51.4,48.6,NFHS-5,2021
IN-JH-latehar,water_sanitation,pct_households_no_improved_water,Households without an improved drinking water source,79.2,20.8,NFHS-5,2021
IN-JH-latehar,electricity,pct_households_no_electricity,Households without an electricity connection,89.0,11.0,NFHS-5,2021
IN-MH-latur,health,pct_births_non_institutional,Births not delivered in a health facility,94.7,5.3,NFHS-5,2021
IN-MH-latur,education,pct_females_never_attended_school,Females age 6+ who never attended school,70.6,29.4,NFHS-5,2021
IN-MH-latur,water_sanitation,pct_households_no_improved_sanitation,Households without an improved sanitation facility,72.5,27.5,NFHS-5,2021
IN-MH-latur,water_sanitation,pct_households_no_improved_water,Households without an improved drinking water source,94.6,5.4,NFHS-5,2021
IN-MH-latur,electricity,pct_households_no_electricity,Households without an electricity connection,97.2,2.8,NFHS-5,2021
IN-MZ-lawangtlai,health,pct_births_non_institutional,Births not delivered in a health facility,53.7,46.3,NFHS-5,2021
IN-MZ-lawangtlai,education,pct_females_never_attended_school,Females age 6+ who never attended school,79.9,20.1,NFHS-5,2021
IN-MZ-lawangtlai,water_sanitation,pct_households_no_improved_sanitation,Households without an improved sanitation facility,90.3,9.7,NFHS-5,2021
IN-MZ-lawangtlai,water_sanitation,pct_households_no_improved_water,Households without an improved drinking water source,82.2,17.8,NFHS-5,2021
IN-MZ-lawangtlai,electricity,pct_households_no_electricity,Households without an electricity connection,89.0,11.0,NFHS-5,2021
IN-JK-leh-ladakh,health,pct_births_non_institutional,Births not delivered in a health facility,96.4,3.6,NFHS-5,2021
IN-JK-leh-ladakh,education,pct_females_never_attended_school,Females age 6+ who never attended school,66.3,33.7,NFHS-5,2021
IN-JK-leh-ladakh,water_sanitation,pct_households_no_improved_sanitation,Households without an improved sanitation facility,42.4,57.6,NFHS-5,2021
IN-JK-leh-ladakh,water_sanitation,pct_households_no_improved_water,Households without an improved drinking water source,87.1,12.9,NFHS-5,2021
IN-JK-leh-ladakh,electricity,pct_households_no_electricity,Households without an electricity connection,99.8,0.2,NFHS-5,2021
IN-JH-lohardaga,health,pct_births_non_institutional,Births not delivered in a health facility,84.1,15.9,NFHS-5,2021
IN-JH-lohardaga,education,pct_females_never_attended_school,Females age 6+ who never attended school,65.6,34.4,NFHS-5,2021
IN-JH-lohardaga,water_sanitation,pct_households_no_improved_sanitation,Households without an improved sanitation facility,67.7,32.3,NFHS-5,2021
IN-JH-lohardaga,water_sanitation,pct_households_no_improved_water,Households without an improved drinking water source,78.4,21.6,NFHS-5,2021
IN-JH-lohardaga,electricity,pct_households_no_electricity,Households without an electricity connection,99.2,0.8,NFHS-5,2021
IN-AR-lohit,health,pct_births_non_institutional,Births not delivered in a health facility,90.2,9.8,NFHS-5,2021
IN-AR-lohit,education,pct_females_never_attended_school,Females age 6+ who never attended school,73.3,26.7,NFHS-5,2021
IN-AR-lohit,water_sanitation,pct_households_no_improved_sanitation,Households without an improved sanitation facility,83.7,16.3,NFHS-5,2021
IN-AR-lohit,water_sanitation,pct_households_no_improved_water,Households without an improved drinking water source,96.9,3.1,NFHS-5,2021
IN-AR-lohit,electricity,pct_households_no_electricity,Households without an electricity connection,98.9,1.1,NFHS-5,2021
IN-NL-longleng,health,pct_births_non_institutional,Births not delivered in a health facility,38.7,61.3,NFHS-5,2021
IN-NL-longleng,education,pct_females_never_attended_school,Females age 6+ who never attended school,81.2,18.8,NFHS-5,2021
IN-NL-longleng,water_sanitation,pct_households_no_improved_sanitation,Households without an improved sanitation facility,86.6,13.4,NFHS-5,2021
IN-NL-longleng,water_sanitation,pct_households_no_improved_water,Households without an improved drinking water source,76.3,23.7,NFHS-5,2021
IN-NL-longleng,electricity,pct_households_no_electricity,Households without an electricity connection,99.1,0.9,NFHS-5,2021
IN-AR-lower-dibang-valley,education,pct_females_never_attended_school,Females age 6+ who never attended school,76.8,23.2,NFHS-5,2021
IN-AR-lower-dibang-valley,health,pct_births_non_institutional,Births not delivered in a health facility,90.1,9.9,NFHS-5,2021
IN-AR-lower-dibang-valley,water_sanitation,pct_households_no_improved_sanitation,Households without an improved sanitation facility,89.9,10.1,NFHS-5,2021
IN-AR-lower-dibang-valley,water_sanitation,pct_households_no_improved_water,Households without an improved drinking water source,99.5,0.5,NFHS-5,2021
IN-AR-lower-dibang-valley,electricity,pct_households_no_electricity,Households without an electricity connection,84.4,15.6,NFHS-5,2021
IN-AR-lower-subansiri,health,pct_births_non_institutional,Births not delivered in a health facility,89.8,10.2,NFHS-5,2021
IN-AR-lower-subansiri,education,pct_females_never_attended_school,Females age 6+ who never attended school,73.1,26.9,NFHS-5,2021
IN-AR-lower-subansiri,water_sanitation,pct_households_no_improved_sanitation,Households without an improved sanitation facility,82.8,17.2,NFHS-5,2021
IN-AR-lower-subansiri,water_sanitation,pct_households_no_improved_water,Households without an improved drinking water source,98.1,1.9,NFHS-5,2021
IN-AR-lower-subansiri,electricity,pct_households_no_electricity,Households without an electricity connection,97.8,2.2,NFHS-5,2021
IN-UP-lucknow,health,pct_births_non_institutional,Births not delivered in a health facility,91.3,8.7,NFHS-5,2021
IN-UP-lucknow,education,pct_females_never_attended_school,Females age 6+ who never attended school,80.8,19.2,NFHS-5,2021
IN-UP-lucknow,water_sanitation,pct_households_no_improved_sanitation,Households without an improved sanitation facility,80.4,19.6,NFHS-5,2021
IN-UP-lucknow,water_sanitation,pct_households_no_improved_water,Households without an improved drinking water source,99.8,0.2,NFHS-5,2021
IN-UP-lucknow,electricity,pct_households_no_electricity,Households without an electricity connection,96.8,3.2,NFHS-5,2021
IN-PB-ludhiana,health,pct_births_non_institutional,Births not delivered in a health facility,90.1,9.9,NFHS-5,2021
IN-PB-ludhiana,education,pct_females_never_attended_school,Females age 6+ who never attended school,81.4,18.6,NFHS-5,2021
IN-PB-ludhiana,water_sanitation,pct_households_no_improved_sanitation,Households without an improved sanitation facility,84.6,15.4,NFHS-5,2021
IN-PB-ludhiana,water_sanitation,pct_households_no_improved_water,Households without an improved drinking water source,99.9,0.1,NFHS-5,2021
IN-PB-ludhiana,electricity,pct_households_no_electricity,Households without an electricity connection,99.7,0.3,NFHS-5,2021
IN-MZ-lunglei,health,pct_births_non_institutional,Births not delivered in a health facility,82.7,17.3,NFHS-5,2021
IN-MZ-lunglei,education,pct_females_never_attended_school,Females age 6+ who never attended school,89.8,10.2,NFHS-5,2021
IN-MZ-lunglei,water_sanitation,pct_households_no_improved_sanitation,Households without an improved sanitation facility,95.6,4.4,NFHS-5,2021
IN-MZ-lunglei,water_sanitation,pct_households_no_improved_water,Households without an improved drinking water source,96.0,4.0,NFHS-5,2021
IN-MZ-lunglei,electricity,pct_households_no_electricity,Households without an electricity connection,98.0,2.0,NFHS-5,2021
IN-BR-madhepura,health,pct_births_non_institutional,Births not delivered in a health facility,75.0,25.0,NFHS-5,2021
IN-BR-madhepura,education,pct_females_never_attended_school,Females age 6+ who never attended school,58.0,42.0,NFHS-5,2021
IN-BR-madhepura,water_sanitation,pct_households_no_improved_sanitation,Households without an improved sanitation facility,34.6,65.4,NFHS-5,2021
IN-BR-madhepura,water_sanitation,pct_households_no_improved_water,Households without an improved drinking water source,99.3,0.7,NFHS-5,2021
IN-BR-madhepura,electricity,pct_households_no_electricity,Households without an electricity connection,97.0,3.0,NFHS-5,2021
IN-BR-madhubani,health,pct_births_non_institutional,Births not delivered in a health facility,73.7,26.3,NFHS-5,2021
IN-BR-madhubani,education,pct_females_never_attended_school,Females age 6+ who never attended school,55.6,44.4,NFHS-5,2021
IN-BR-madhubani,water_sanitation,pct_households_no_improved_sanitation,Households without an improved sanitation facility,38.2,61.8,NFHS-5,2021
IN-BR-madhubani,water_sanitation,pct_households_no_improved_water,Households without an improved drinking water source,100.0,0.0,NFHS-5,2021
IN-BR-madhubani,electricity,pct_households_no_electricity,Households without an electricity connection,98.6,1.4,NFHS-5,2021
IN-TN-madurai,health,pct_births_non_institutional,Births not delivered in a health facility,100.0,0.0,NFHS-5,2021
IN-TN-madurai,education,pct_females_never_attended_school,Females age 6+ who never attended school,83.9,16.1,NFHS-5,2021
IN-TN-madurai,water_sanitation,pct_households_no_improved_sanitation,Households without an improved sanitation facility,80.1,19.9,NFHS-5,2021
IN-TN-madurai,water_sanitation,pct_households_no_improved_water,Households without an improved drinking water source,98.7,1.3,NFHS-5,2021
IN-TN-madurai,electricity,pct_households_no_electricity,Households without an electricity connection,98.9,1.1,NFHS-5,2021
IN-UP-maharajganj,health,pct_births_non_institutional,Births not delivered in a health facility,96.3,3.7,NFHS-5,2021
IN-UP-maharajganj,education,pct_females_never_attended_school,Females age 6+ who never attended school,65.2,34.8,NFHS-5,2021
IN-UP-maharajganj,water_sanitation,pct_households_no_improved_sanitation,Households without an improved sanitation facility,69.0,31.0,NFHS-5,2021
IN-UP-maharajganj,water_sanitation,pct_households_no_improved_water,Households without an improved drinking water source,94.3,5.7,NFHS-5,2021
IN-UP-maharajganj,electricity,pct_households_no_electricity,Households without an electricity connection,95.9,4.1,NFHS-5,2021
IN-CT-mahasamund,health,pct_births_non_institutional,Births not delivered in a health facility,92.9,7.1,NFHS-5,2021
IN-CT-mahasamund,education,pct_females_never_attended_school,Females age 6+ who never attended school,68.6,31.4,NFHS-5,2021
IN-CT-mahasamund,water_sanitation,pct_households_no_improved_sanitation,Households without an improved sanitation facility,84.2,15.8,NFHS-5,2021
IN-CT-mahasamund,water_sanitation,pct_households_no_improved_water,Households without an improved drinking water source,98.8,1.2,NFHS-5,2021
IN-CT-mahasamund,electricity,pct_households_no_electricity,Households without an electricity connection,98.4,1.6,NFHS-5,2021
IN-AP-mahbubnagar,health,pct_births_non_institutional,Births not delivered in a health facility,98.6,1.4,NFHS-5,2021
IN-AP-mahbubnagar,education,pct_females_never_attended_school,Females age 6+ who never attended school,64.9,35.1,NFHS-5,2021
IN-AP-mahbubnagar,water_sanitation,pct_households_no_improved_sanitation,Households without an improved sanitation facility,83.4,16.6,NFHS-5,2021
IN-AP-mahbubnagar,water_sanitation,pct_households_no_improved_water,Households without an improved drinking water source,99.3,0.7,NFHS-5,2021
IN-AP-mahbubnagar,electricity,pct_households_no_electricity,Households without an electricity connection,99.2,0.8,NFHS-5,2021
IN-PY-mahe,health,pct_births_non_institutional,Births not delivered in a health facility,100.0,0.0,NFHS-5,2021
IN-PY-mahe,education,pct_females_never_attended_school,Females age 6+ who never attended school,99.2,0.8,NFHS-5,2021
IN-PY-mahe,water_sanitation,pct_households_no_improved_sanitation,Households without an improved sanitation facility,99.8,0.2,NFHS-5,2021
IN-PY-mahe,water_sanitation,pct_households_no_improved_water,Households without an improved drinking water source,98.0,2.0,NFHS-5,2021
IN-PY-mahe,electricity,pct_households_no_electricity,Households without an electricity connection,99.7,0.3,NFHS-5,2021
IN-HR-mahendragarh,health,pct_births_non_institutional,Births not delivered in a health facility,98.9,1.1,NFHS-5,2021
IN-HR-mahendragarh,education,pct_females_never_attended_school,Females age 6+ who never attended school,70.0,30.0,NFHS-5,2021
IN-HR-mahendragarh,water_sanitation,pct_households_no_improved_sanitation,Households without an improved sanitation facility,79.8,20.2,NFHS-5,2021
IN-HR-mahendragarh,water_sanitation,pct_households_no_improved_water,Households without an improved drinking water source,99.7,0.3,NFHS-5,2021
IN-HR-mahendragarh,electricity,pct_households_no_electricity,Households without an electricity connection,99.6,0.4,NFHS-5,2021
IN-GJ-mahesana,health,pct_births_non_institutional,Births not delivered in a health facility,97.3,2.7,NFHS-5,2021
IN-GJ-mahesana,education,pct_females_never_attended_school,Females age 6+ who never attended school,71.3,28.7,NFHS-5,2021
IN-GJ-mahesana,water_sanitation,pct_households_no_improved_sanitation,Households without an improved sanitation facility,72.1,27.9,NFHS-5,2021
IN-GJ-mahesana,water_sanitation,pct_households_no_improved_water,Households without an improved drinking water source,97.0,3.0,NFHS-5,2021
IN-GJ-mahesana,electricity,pct_households_no_electricity,Households without an electricity connection,97.7,2.3,NFHS-5,2021
IN-UP-mahoba,health,pct_births_non_institutional,Births not delivered in a health facility,93.3,6.7,NFHS-5,2021
IN-UP-mahoba,education,pct_females_never_attended_school,Females age 6+ who never attended school,62.4,37.6,NFHS-5,2021
IN-UP-mahoba,water_sanitation,pct_households_no_improved_sanitation,Households without an improved sanitation facility,66.7,33.3,NFHS-5,2021
IN-UP-mahoba,water_sanitation,pct_households_no_improved_water,Households without an improved drinking water source,100.0,0.0,NFHS-5,2021
IN-UP-mahoba,electricity,pct_households_no_electricity,Households without an electricity connection,94.8,5.2,NFHS-5,2021
IN-UP-mainpuri,health,pct_births_non_institutional,Births not delivered in a health facility,82.7,17.3,NFHS-5,2021
IN-UP-mainpuri,education,pct_females_never_attended_school,Females age 6+ who never attended school,74.6,25.4,NFHS-5,2021
IN-UP-mainpuri,water_sanitation,pct_households_no_improved_sanitation,Households without an improved sanitation facility,63.1,36.9,NFHS-5,2021
IN-UP-mainpuri,water_sanitation,pct_households_no_improved_water,Households without an improved drinking water source,99.6,0.4,NFHS-5,2021
IN-UP-mainpuri,electricity,pct_households_no_electricity,Households without an electricity connection,95.2,4.8,NFHS-5,2021
IN-KL-malappuram,health,pct_births_non_institutional,Births not delivered in a health facility,100.0,0.0,NFHS-5,2021
IN-KL-malappuram,education,pct_females_never_attended_school,Females age 6+ who never attended school,94.9,5.1,NFHS-5,2021
IN-KL-malappuram,water_sanitation,pct_households_no_improved_sanitation,Households without an improved sanitation facility,99.9,0.1,NFHS-5,2021
IN-KL-malappuram,water_sanitation,pct_households_no_improved_water,Households without an improved drinking water source,97.7,2.3,NFHS-5,2021
IN-KL-malappuram,electricity,pct_households_no_electricity,Households without an electricity connection,99.7,0.3,NFHS-5,2021
IN-WB-maldah,health,pct_births_non_institutional,Births not delivered in a health facility,87.7,12.3,NFHS-5,2021
IN-WB-maldah,education,pct_females_never_attended_school,Females age 6+ who never attended school,71.3,28.7,NFHS-5,2021
IN-WB-maldah,water_sanitation,pct_households_no_improved_sanitation,Households without an improved sanitation facility,62.0,38.0,NFHS-5,2021
IN-WB-maldah,water_sanitation,pct_households_no_improved_water,Households without an improved drinking water source,99.0,1.0,NFHS-5,2021
IN-WB-maldah,electricity,pct_households_no_electricity,Households without an electricity connection,98.1,1.9,NFHS-5,2021
IN-OR-malkangiri,health,pct_births_non_institutional,Births not delivered in a health facility,90.7,9.3,NFHS-5,2021
IN-OR-malkangiri,education,pct_females_never_attended_school,Females age 6+ who never attended school,48.9,51.1,NFHS-5,2021
IN-OR-malkangiri,water_sanitation,pct_households_no_improved_sanitation,Households without an improved sanitation facility,41.4,58.6,NFHS-5,2021
IN-OR-malkangiri,water_sanitation,pct_households_no_improved_water,Households without an improved drinking water source,94.7,5.3,NFHS-5,2021
IN-OR-malkangiri,electricity,pct_households_no_electricity,Households without an electricity connection,95.8,4.2,NFHS-5,2021
IN-MZ-mamit,health,pct_births_non_institutional,Births not delivered in a health facility,75.0,25.0,NFHS-5,2021
IN-MZ-mamit,education,pct_females_never_attended_school,Females age 6+ who never attended school,90.7,9.3,NFHS-5,2021
IN-MZ-mamit,water_sanitation,pct_households_no_improved_sanitation,Households without an improved sanitation facility,92.7,7.3,NFHS-5,2021
IN-MZ-mamit,water_sanitation,pct_households_no_improved_water,Households without an improved drinking water source,97.3,2.7,NFHS-5,2021
IN-MZ-mamit,electricity,pct_households_no_electricity,Households without an electricity connection,97.9,2.1,NFHS-5,2021
IN-HP-mandi,health,pct_births_non_institutional,Births not delivered in a health facility,86.6,13.4,NFHS-5,2021
IN-HP-mandi,education,pct_females_never_attended_school,Females age 6+ who never attended school,79.2,20.8,NFHS-5,2021
IN-HP-mandi,water_sanitation,pct_households_no_improved_sanitation,Households without an improved sanitation facility,87.0,13.0,NFHS-5,2021
IN-HP-mandi,water_sanitation,pct_households_no_improved_water,Households without an improved drinking water source,96.5,3.5,NFHS-5,2021
IN-HP-mandi,electricity,pct_households_no_electricity,Households without an electricity connection,99.5,0.5,NFHS-5,2021
IN-MP-mandla,health,pct_births_non_institutional,Births not delivered in a health facility,87.6,12.4,NFHS-5,2021
IN-MP-mandla,education,pct_females_never_attended_school,Females age 6+ who never attended school,68.3,31.7,NFHS-5,2021
IN-MP-mandla,water_sanitation,pct_households_no_improved_sanitation,Households without an improved sanitation facility,58.4,41.6,NFHS-5,2021
IN-MP-mandla,water_sanitation,pct_households_no_improved_water,Households without an improved drinking water source,79.7,20.3,NFHS-5,2021
IN-MP-mandla,electricity,pct_households_no_electricity,Households without an electricity connection,96.8,3.2,NFHS-5,2021
IN-MP-mandsaur,health,pct_births_non_institutional,Births not delivered in a health facility,99.4,0.6,NFHS-5,2021
IN-MP-mandsaur,education,pct_females_never_attended_school,Females age 6+ who never attended school,63.1,36.9,NFHS-5,2021
IN-MP-mandsaur,water_sanitation,pct_households_no_improved_sanitation,Households without an improved sanitation facility,65.4,34.6,NFHS-5,2021
IN-MP-mandsaur,water_sanitation,pct_households_no_improved_water,Households without an improved drinking water source,77.6,22.4,NFHS-5,2021
IN-MP-mandsaur,electricity,pct_households_no_electricity,Households without an electricity connection,99.9,0.1,NFHS-5,2021
IN-KA-mandya,health,pct_births_non_institutional,Births not delivered in a health facility,99.5,0.5,NFHS-5,2021
IN-KA-mandya,education,pct_females_never_attended_school,Females age 6+ who never attended school,67.7,32.3,NFHS-5,2021
IN-KA-mandya,water_sanitation,pct_households_no_improved_sanitation,Households without an improved sanitation facility,86.7,13.3,NFHS-5,2021
IN-KA-mandya,water_sanitation,pct_households_no_improved_water,Households without an improved drinking water source,98.4,1.6,NFHS-5,2021
IN-KA-mandya,electricity,pct_households_no_electricity,Households without an electricity connection,98.4,1.6,NFHS-5,2021
IN-PB-mansa,health,pct_births_non_institutional,Births not delivered in a health facility,88.8,11.2,NFHS-5,2021
IN-PB-mansa,education,pct_females_never_attended_school,Females age 6+ who never attended school,63.6,36.4,NFHS-5,2021
IN-PB-mansa,water_sanitation,pct_households_no_improved_sanitation,Households without an improved sanitation facility,85.4,14.6,NFHS-5,2021
IN-PB-mansa,water_sanitation,pct_households_no_improved_water,Households without an improved drinking water source,99.3,0.7,NFHS-5,2021
IN-PB-mansa,electricity,pct_households_no_electricity,Households without an electricity connection,99.5,0.5,NFHS-5,2021
IN-AS-marigaon,health,pct_births_non_institutional,Births not delivered in a health facility,88.3,11.7,NFHS-5,2021
IN-AS-marigaon,education,pct_females_never_attended_school,Females age 6+ who never attended school,79.1,20.9,NFHS-5,2021
IN-AS-marigaon,water_sanitation,pct_households_no_improved_sanitation,Households without an improved sanitation facility,62.3,37.7,NFHS-5,2021
IN-AS-marigaon,water_sanitation,pct_households_no_improved_water,Households without an improved drinking water source,94.6,5.4,NFHS-5,2021
IN-AS-marigaon,electricity,pct_households_no_electricity,Households without an electricity connection,89.5,10.5,NFHS-5,2021
IN-UP-mathura,health,pct_births_non_institutional,Births not delivered in a health facility,79.5,20.5,NFHS-5,2021
IN-UP-mathura,education,pct_females_never_attended_school,Females age 6+ who never attended school,68.4,31.6,NFHS-5,2021
IN-UP-mathura,water_sanitation,pct_households_no_improved_sanitation,Households without an improved sanitation facility,71.2,28.8,NFHS-5,2021
IN-UP-mathura,water_sanitation,pct_households_no_improved_water,Households without an improved drinking water source,98.4,1.6,NFHS-5,2021
IN-UP-mathura,electricity,pct_households_no_electricity,Households without an electricity connection,98.2,1.8,NFHS-5,2021
IN-UP-mau,health,pct_births_non_institutional,Births not delivered in a health facility,94.7,5.3,NFHS-5,2021
IN-UP-mau,education,pct_females_never_attended_school,Females age 6+ who never attended school,68.8,31.2,NFHS-5,2021
IN-UP-mau,water_sanitation,pct_households_no_improved_sanitation,Households without an improved sanitation facility,75.1,24.9,NFHS-5,2021
IN-UP-mau,water_sanitation,pct_households_no_improved_water,Households without an improved drinking water source,99.8,0.2,NFHS-5,2021
IN-UP-mau,electricity,pct_households_no_electricity,Households without an electricity connection,94.2,5.8,NFHS-5,2021
IN-OR-mayurbhanj,health,pct_births_non_institutional,Births not delivered in a health facility,91.7,8.3,NFHS-5,2021
IN-OR-mayurbhanj,education,pct_females_never_attended_school,Females age 6+ who never attended school,63.0,37.0,NFHS-5,2021
IN-OR-mayurbhanj,water_sanitation,pct_households_no_improved_sanitation,Households without an improved sanitation facility,54.4,45.6,NFHS-5,2021
IN-OR-mayurbhanj,water_sanitation,pct_households_no_improved_water,Households without an improved drinking water source,80.1,19.9,NFHS-5,2021
IN-OR-mayurbhanj,electricity,pct_households_no_electricity,Households without an electricity connection,90.3,9.7,NFHS-5,2021
IN-AP-medak,health,pct_births_non_institutional,Births not delivered in a health facility,96.6,3.4,NFHS-5,2021
IN-AP-medak,education,pct_females_never_attended_school,Females age 6+ who never attended school,75.4,24.6,NFHS-5,2021
IN-AP-medak,water_sanitation,pct_households_no_improved_sanitation,Households without an improved sanitation facility,77.7,22.3,NFHS-5,2021
IN-AP-medak,water_sanitation,pct_households_no_improved_water,Households without an improved drinking water source,97.9,2.1,NFHS-5,2021
IN-AP-medak,electricity,pct_households_no_electricity,Households without an electricity connection,98.8,1.2,NFHS-5,2021
IN-UP-meerut,health,pct_births_non_institutional,Births not delivered in a health facility,80.6,19.4,NFHS-5,2021
IN-UP-meerut,education,pct_females_never_attended_school,Females age 6+ who never attended school,74.0,26.0,NFHS-5,2021
IN-UP-meerut,water_sanitation,pct_households_no_improved_sanitation,Households without an improved sanitation facility,82.7,17.3,NFHS-5,2021
IN-UP-meerut,water_sanitation,pct_households_no_improved_water,Households without an improved drinking water source,99.7,0.3,NFHS-5,2021
IN-UP-meerut,electricity,pct_households_no_electricity,Households without an electricity connection,98.6,1.4,NFHS-5,2021
IN-HR-mewat,health,pct_births_non_institutional,Births not delivered in a health facility,74.6,25.4,NFHS-5,2021
IN-HR-mewat,education,pct_females_never_attended_school,Females age 6+ who never attended school,51.2,48.8,NFHS-5,2021
IN-HR-mewat,water_sanitation,pct_households_no_improved_sanitation,Households without an improved sanitation facility,71.7,28.3,NFHS-5,2021
IN-HR-mewat,water_sanitation,pct_households_no_improved_water,Households without an improved drinking water source,97.1,2.9,NFHS-5,2021
IN-HR-mewat,electricity,pct_households_no_electricity,Households without an electricity connection,98.6,1.4,NFHS-5,2021
IN-UP-mirzapur,health,pct_births_non_institutional,Births not delivered in a health facility,91.1,8.9,NFHS-5,2021
IN-UP-mirzapur,education,pct_females_never_attended_school,Females age 6+ who never attended school,69.0,31.0,NFHS-5,2021
IN-UP-mirzapur,water_sanitation,pct_households_no_improved_sanitation,Households without an improved sanitation facility,72.3,27.7,NFHS-5,2021
IN-UP-mirzapur,water_sanitation,pct_households_no_improved_water,Households without an improved drinking water source,96.9,3.1,NFHS-5,2021
IN-UP-mirzapur,electricity,pct_households_no_electricity,Households without an electricity connection,92.7,7.3,NFHS-5,2021
IN-PB-moga,health,pct_births_non_institutional,Births not delivered in a health facility,93.0,7.0,NFHS-5,2021
IN-PB-moga,education,pct_females_never_attended_school,Females age 6+ who never attended school,72.0,28.0,NFHS-5,2021
IN-PB-moga,water_sanitation,pct_households_no_improved_sanitation,Households without an improved sanitation facility,87.8,12.2,NFHS-5,2021
IN-PB-moga,water_sanitation,pct_households_no_improved_water,Households without an improved drinking water source,99.2,0.8,NFHS-5,2021
IN-PB-moga,electricity,pct_households_no_electricity,Households without an electricity connection,99.9,0.1,NFHS-5,2021
IN-NL-mokokchung,health,pct_births_non_institutional,Births not delivered in a health facility,51.5,48.5,NFHS-5,2021
IN-NL-mokokchung,education,pct_females_never_attended_school,Females age 6+ who never attended school,88.0,12.0,NFHS-5,2021
IN-NL-mokokchung,water_sanitation,pct_households_no_improved_sanitation,Households without an improved sanitation facility,96.7,3.3,NFHS-5,2021
IN-NL-mokokchung,water_sanitation,pct_households_no_improved_water,Households without an improved drinking water source,97.4,2.6,NFHS-5,2021
IN-NL-mokokchung,electricity,pct_households_no_electricity,Households without an electricity connection,97.7,2.3,NFHS-5,2021
IN-NL-mon,health,pct_births_non_institutional,Births not delivered in a health facility,21.4,78.6,NFHS-5,2021
IN-NL-mon,education,pct_females_never_attended_school,Females age 6+ who never attended school,79.4,20.6,NFHS-5,2021
IN-NL-mon,water_sanitation,pct_households_no_improved_sanitation,Households without an improved sanitation facility,86.4,13.6,NFHS-5,2021
IN-NL-mon,water_sanitation,pct_households_no_improved_water,Households without an improved drinking water source,86.7,13.3,NFHS-5,2021
IN-NL-mon,electricity,pct_households_no_electricity,Households without an electricity connection,96.4,3.6,NFHS-5,2021
IN-UP-moradabad,health,pct_births_non_institutional,Births not delivered in a health facility,80.3,19.7,NFHS-5,2021
IN-UP-moradabad,education,pct_females_never_attended_school,Females age 6+ who never attended school,67.6,32.4,NFHS-5,2021
IN-UP-moradabad,water_sanitation,pct_households_no_improved_sanitation,Households without an improved sanitation facility,79.0,21.0,NFHS-5,2021
IN-UP-moradabad,water_sanitation,pct_households_no_improved_water,Households without an improved drinking water source,99.8,0.2,NFHS-5,2021
IN-UP-moradabad,electricity,pct_households_no_electricity,Households without an electricity connection,96.0,4.0,NFHS-5,2021
IN-MP-morena,health,pct_births_non_institutional,Births not delivered in a health facility,94.8,5.2,NFHS-5,2021
IN-MP-morena,education,pct_females_never_attended_school,Females age 6+ who never attended school,67.0,33.0,NFHS-5,2021
IN-MP-morena,water_sanitation,pct_households_no_improved_sanitation,Households without an improved sanitation facility,62.7,37.3,NFHS-5,2021
IN-MP-morena,water_sanitation,pct_households_no_improved_water,Households without an improved drinking water source,97.1,2.9,NFHS-5,2021
IN-MP-morena,electricity,pct_households_no_electricity,Households without an electricity connection,99.5,0.5,NFHS-5,2021
IN-PB-muktsar,health,pct_births_non_institutional,Births not delivered in a health facility,96.4,3.6,NFHS-5,2021
IN-PB-muktsar,education,pct_females_never_attended_school,Females age 6+ who never attended school,68.5,31.5,NFHS-5,2021
IN-PB-muktsar,water_sanitation,pct_households_no_improved_sanitation,Households without an improved sanitation facility,82.9,17.1,NFHS-5,2021
IN-PB-muktsar,water_sanitation,pct_households_no_improved_water,Households without an improved drinking water source,97.8,2.2,NFHS-5,2021
IN-PB-muktsar,electricity,pct_households_no_electricity,Households without an electricity connection,99.5,0.5,NFHS-5,2021
IN-MH-mumbai,health,pct_births_non_institutional,Births not delivered in a health facility,99.5,0.5,NFHS-5,2021
IN-MH-mumbai,education,pct_females_never_attended_school,Females age 6+ who never attended school,92.5,7.5,NFHS-5,2021
IN-MH-mumbai,water_sanitation,pct_households_no_improved_sanitation,Households without an improved sanitation facility,58.6,41.4,NFHS-5,2021
IN-MH-mumbai,water_sanitation,pct_households_no_improved_water,Households without an improved drinking water source,100.0,0.0,NFHS-5,2021
IN-MH-mumbai,electricity,pct_households_no_electricity,Households without an electricity connection,99.6,0.4,NFHS-5,2021
IN-MH-mumbai-suburban,health,pct_births_non_institutional,Births not delivered in a health facility,98.1,1.9,NFHS-5,2021
IN-MH-mumbai-suburban,education,pct_females_never_attended_school,Females age 6+ who never attended school,88.5,11.5,NFHS-5,2021
IN-MH-mumbai-suburban,water_sanitation,pct_households_no_improved_sanitation,Households without an improved sanitation facility,62.6,37.4,NFHS-5,2021
IN-MH-mumbai-suburban,water_sanitation,pct_households_no_improved_water,Households without an improved drinking water source,99.8,0.2,NFHS-5,2021
IN-MH-mumbai-suburban,electricity,pct_households_no_electricity,Households without an electricity connection,99.2,0.8,NFHS-5,2021
IN-BR-munger,health,pct_births_non_institutional,Births not delivered in a health facility,93.2,6.8,NFHS-5,2021
IN-BR-munger,education,pct_females_never_attended_school,Females age 6+ who never attended school,69.5,30.5,NFHS-5,2021
IN-BR-munger,water_sanitation,pct_households_no_improved_sanitation,Households without an improved sanitation facility,62.8,37.2,NFHS-5,2021
IN-BR-munger,water_sanitation,pct_households_no_improved_water,Households without an improved drinking water source,97.7,2.3,NFHS-5,2021
IN-BR-munger,electricity,pct_households_no_electricity,Households without an electricity connection,98.4,1.6,NFHS-5,2021
IN-WB-murshidabad,health,pct_births_non_institutional,Births not delivered in a health facility,87.0,13.0,NFHS-5,2021
IN-WB-murshidabad,education,pct_females_never_attended_school,Females age 6+ who never attended school,74.7,25.3,NFHS-5,2021
IN-WB-murshidabad,water_sanitation,pct_households_no_improved_sanitation,Households without an improved sanitation facility,69.7,30.3,NFHS-5,2021
IN-WB-murshidabad,water_sanitation,pct_households_no_improved_water,Households without an improved drinking water source,99.1,0.9,NFHS-5,2021
IN-WB-murshidabad,electricity,pct_households_no_electricity,Households without an electricity connection,96.7,3.3,NFHS-5,2021
IN-UP-muzaffarnagar,health,pct_births_non_institutional,Births not delivered in a health facility,87.0,13.0,NFHS-5,2021
IN-UP-muzaffarnagar,education,pct_females_never_attended_school,Females age 6+ who never attended school,69.1,30.9,NFHS-5,2021
IN-UP-muzaffarnagar,water_sanitation,pct_households_no_improved_sanitation,Households without an improved sanitation facility,80.1,19.9,NFHS-5,2021
IN-UP-muzaffarnagar,water_sanitation,pct_households_no_improved_water,Households without an improved drinking water source,99.9,0.1,NFHS-5,2021
IN-UP-muzaffarnagar,electricity,pct_households_no_electricity,Households without an electricity connection,97.8,2.2,NFHS-5,2021
IN-BR-muzaffarpur,health,pct_births_non_institutional,Births not delivered in a health facility,72.5,27.5,NFHS-5,2021
IN-BR-muzaffarpur,education,pct_females_never_attended_school,Females age 6+ who never attended school,65.1,34.9,NFHS-5,2021
IN-BR-muzaffarpur,water_sanitation,pct_households_no_improved_sanitation,Households without an improved sanitation facility,55.2,44.8,NFHS-5,2021
IN-BR-muzaffarpur,water_sanitation,pct_households_no_improved_water,Households without an improved drinking water source,99.9,0.1,NFHS-5,2021
IN-BR-muzaffarpur,electricity,pct_households_no_electricity,Households without an electricity connection,96.6,3.4,NFHS-5,2021
IN-KA-mysore,health,pct_births_non_institutional,Births not delivered in a health facility,100.0,0.0,NFHS-5,2021
IN-KA-mysore,education,pct_females_never_attended_school,Females age 6+ who never attended school,72.4,27.6,NFHS-5,2021
IN-KA-mysore,water_sanitation,pct_households_no_improved_sanitation,Households without an improved sanitation facility,86.4,13.6,NFHS-5,2021
IN-KA-mysore,water_sanitation,pct_households_no_improved_water,Households without an improved drinking water source,95.4,4.6,NFHS-5,2021
IN-KA-mysore,electricity,pct_households_no_electricity,Households without an electricity connection,99.5,0.5,NFHS-5,2021
IN-OR-nabarangapur,health,pct_births_non_institutional,Births not delivered in a health facility,87.6,12.4,NFHS-5,2021
IN-OR-nabarangapur,education,pct_females_never_attended_school,Females age 6+ who never attended school,52.9,47.1,NFHS-5,2021
IN-OR-nabarangapur,water_sanitation,pct_households_no_improved_sanitation,Households without an improved sanitation facility,44.1,55.9,NFHS-5,2021
IN-OR-nabarangapur,water_sanitation,pct_households_no_improved_water,Households without an improved drinking water source,99.1,0.9,NFHS-5,2021
IN-OR-nabarangapur,electricity,pct_households_no_electricity,Households without an electricity connection,97.4,2.6,NFHS-5,2021
IN-WB-nadia,health,pct_births_non_institutional,Births not delivered in a health facility,97.7,2.3,NFHS-5,2021
IN-WB-nadia,education,pct_females_never_attended_school,Females age 6+ who never attended school,77.6,22.4,NFHS-5,2021
IN-WB-nadia,water_sanitation,pct_households_no_improved_sanitation,Households without an improved sanitation facility,78.4,21.6,NFHS-5,2021
IN-WB-nadia,water_sanitation,pct_households_no_improved_water,Households without an improved drinking water source,98.2,1.8,NFHS-5,2021
IN-WB-nadia,electricity,pct_households_no_electricity,Households without an electricity connection,98.2,1.8,NFHS-5,2021
IN-AS-nagaon,health,pct_births_non_institutional,Births not delivered in a health facility,83.7,16.3,NFHS-5,2021
IN-AS-nagaon,education,pct_females_never_attended_school,Females age 6+ who never attended school,81.3,18.7,NFHS-5,2021
IN-AS-nagaon,water_sanitation,pct_households_no_improved_sanitation,Households without an improved sanitation facility,66.1,33.9,NFHS-5,2021
IN-AS-nagaon,water_sanitation,pct_households_no_improved_water,Households without an improved drinking water source,96.1,3.9,NFHS-5,2021
IN-AS-nagaon,electricity,pct_households_no_electricity,Households without an electricity connection,94.5,5.5,NFHS-5,2021
IN-RJ-nagaur,health,pct_births_non_institutional,Births not delivered in a health facility,97.0,3.0,NFHS-5,2021
IN-RJ-nagaur,education,pct_females_never_attended_school,Females age 6+ who never attended school,62.9,37.1,NFHS-5,2021
IN-RJ-nagaur,water_sanitation,pct_households_no_improved_sanitation,Households without an improved sanitation facility,79.0,21.0,NFHS-5,2021
IN-RJ-nagaur,water_sanitation,pct_households_no_improved_water,Households without an improved drinking water source,96.9,3.1,NFHS-5,2021
IN-RJ-nagaur,electricity,pct_households_no_electricity,Households without an electricity connection,99.0,1.0,NFHS-5,2021
IN-MH-nagpur,health,pct_births_non_institutional,Births not delivered in a health facility,100.0,0.0,NFHS-5,2021
IN-MH-nagpur,education,pct_females_never_attended_school,Females age 6+ who never attended school,86.5,13.5,NFHS-5,2021
IN-MH-nagpur,water_sanitation,pct_households_no_improved_sanitation,Households without an improved sanitation facility,88.9,11.1,NFHS-5,2021
IN-MH-nagpur,water_sanitation,pct_households_no_improved_water,Households without an improved drinking water source,99.5,0.5,NFHS-5,2021
IN-MH-nagpur,electricity,pct_households_no_electricity,Households without an electricity connection,99.5,0.5,NFHS-5,2021
IN-UT-nainital,health,pct_births_non_institutional,Births not delivered in a health facility,81.2,18.8,NFHS-5,2021
IN-UT-nainital,education,pct_females_never_attended_school,Females age 6+ who never attended school,80.3,19.7,NFHS-5,2021
IN-UT-nainital,water_sanitation,pct_households_no_improved_sanitation,Households without an improved sanitation facility,82.4,17.6,NFHS-5,2021
IN-UT-nainital,water_sanitation,pct_households_no_improved_water,Households without an improved drinking water source,93.0,7.0,NFHS-5,2021
IN-UT-nainital,electricity,pct_households_no_electricity,Households without an electricity connection,99.1,0.9,NFHS-5,2021
IN-BR-nalanda,health,pct_births_non_institutional,Births not delivered in a health facility,80.3,19.7,NFHS-5,2021
IN-BR-nalanda,education,pct_females_never_attended_school,Females age 6+ who never attended school,59.6,40.4,NFHS-5,2021
IN-BR-nalanda,water_sanitation,pct_households_no_improved_sanitation,Households without an improved sanitation facility,52.5,47.5,NFHS-5,2021
IN-BR-nalanda,water_sanitation,pct_households_no_improved_water,Households without an improved drinking water source,98.9,1.1,NFHS-5,2021
IN-BR-nalanda,electricity,pct_households_no_electricity,Households without an electricity connection,98.9,1.1,NFHS-5,2021
IN-AS-nalbari,health,pct_births_non_institutional,Births not delivered in a health facility,91.8,8.2,NFHS-5,2021
IN-AS-nalbari,education,pct_females_never_attended_school,Females age 6+ who never attended school,81.8,18.2,NFHS-5,2021
IN-AS-nalbari,water_sanitation,pct_households_no_improved_sanitation,Households without an improved sanitation facility,68.1,31.9,NFHS-5,2021
IN-AS-nalbari,water_sanitation,pct_households_no_improved_water,Households without an improved drinking water source,99.5,0.5,NFHS-5,2021
IN-AS-nalbari,electricity,pct_households_no_electricity,Households without an electricity connection,94.7,5.3,NFHS-5,2021
IN-AP-nalgonda,health,pct_births_non_institutional,Births not delivered in a health facility,97.4,2.6,NFHS-5,2021
IN-AP-nalgonda,education,pct_females_never_attended_school,Females age 6+ who never attended school,58.1,41.9,NFHS-5,2021
IN-AP-nalgonda,water_sanitation,pct_households_no_improved_sanitation,Households without an improved sanitation facility,78.4,21.6,NFHS-5,2021
IN-AP-nalgonda,water_sanitation,pct_households_no_improved_water,Households without an improved drinking water source,98.6,1.4,NFHS-5,2021
IN-AP-nalgonda,electricity,pct_households_no_electricity,Households without an electricity connection,99.3,0.7,NFHS-5,2021
IN-TN-namakkal,health,pct_births_non_institutional,Births not delivered in a health facility,100.0,0.0,NFHS-5,2021
IN-TN-namakkal,education,pct_females_never_attended_school,Females age 6+ who never attended school,73.5,26.5,NFHS-5,2021
IN-TN-namakkal,water_sanitation,pct_households_no_improved_sanitation,Households without an improved sanitation facility,75.2,24.8,NFHS-5,2021
IN-TN-namakkal,water_sanitation,pct_households_no_improved_water,Households without an improved drinking water source,99.5,0.5,NFHS-5,2021
IN-TN-namakkal,electricity,pct_households_no_electricity,Households without an electricity connection,99.2,0.8,NFHS-5,2021
IN-MH-nanded,health,pct_births_non_institutional,Births not delivered in a health facility,94.8,5.2,NFHS-5,2021
IN-MH-nanded,education,pct_females_never_attended_school,Females age 6+ who never attended school,68.1,31.9,NFHS-5,2021
IN-MH-nanded,water_sanitation,pct_households_no_improved_sanitation,Households without an improved sanitation facility,68.0,32.0,NFHS-5,2021
IN-MH-nanded,water_sanitation,pct_households_no_improved_water,Households without an improved drinking water source,94.8,5.2,NFHS-5,2021
IN-MH-nanded,electricity,pct_households_no_electricity,Households without an electricity connection,96.4,3.6,NFHS-5,2021
IN-MH-nandurbar,health,pct_births_non_institutional,Births not delivered in a health facility,76.3,23.7,NFHS-5,2021
IN-MH-nandurbar,education,pct_females_never_attended_school,Females age 6+ who never attended school,63.5,36.5,NFHS-5,2021
IN-MH-nandurbar,water_sanitation,pct_households_no_improved_sanitation,Households without an improved sanitation facility,54.1,45.9,NFHS-5,2021
IN-MH-nandurbar,water_sanitation,pct_households_no_improved_water,Households without an improved drinking water source,94.6,5.4,NFHS-5,2021
IN-MH-nandurbar,electricity,pct_households_no_electricity,Households without an electricity connection,96.2,3.8,NFHS-5,2021
IN-CT-narayanpur,health,pct_births_non_institutional,Births not delivered in a health facility,74.2,25.8,NFHS-5,2021
IN-CT-narayanpur,education,pct_females_never_attended_school,Females age 6+ who never attended school,54.0,46.0,NFHS-5,2021
IN-CT-narayanpur,water_sanitation,pct_households_no_improved_sanitation,Households without an improved sanitation facility,52.8,47.2,NFHS-5,2021
IN-CT-narayanpur,water_sanitation,pct_households_no_improved_water,Households without an improved drinking water source,90.5,9.5,NFHS-5,2021
IN-CT-narayanpur,electricity,pct_households_no_electricity,Households without an electricity connection,90.1,9.9,NFHS-5,2021
IN-GJ-narmada,health,pct_births_non_institutional,Births not delivered in a health facility,81.7,18.3,NFHS-5,2021
IN-GJ-narmada,education,pct_females_never_attended_school,Females age 6+ who never attended school,66.0,34.0,NFHS-5,2021
IN-GJ-narmada,water_sanitation,pct_households_no_improved_sanitation,Households without an improved sanitation facility,54.6,45.4,NFHS-5,2021
IN-GJ-narmada,water_sanitation,pct_households_no_improved_water,Households without an improved drinking water source,96.8,3.2,NFHS-5,2021
IN-GJ-narmada,electricity,pct_households_no_electricity,Households without an electricity connection,92.7,7.3,NFHS-5,2021
IN-MP-narsimhapur,health,pct_births_non_institutional,Births not delivered in a health facility,91.4,8.6,NFHS-5,2021
IN-MP-narsimhapur,education,pct_females_never_attended_school,Females age 6+ who never attended school,73.8,26.2,NFHS-5,2021
IN-MP-narsimhapur,water_sanitation,pct_households_no_improved_sanitation,Households without an improved sanitation facility,77.0,23.0,NFHS-5,2021
IN-MP-narsimhapur,water_sanitation,pct_households_no_improved_water,Households without an improved drinking water source,99.8,0.2,NFHS-5,2021
IN-MP-narsimhapur,electricity,pct_households_no_electricity,Households without an electricity connection,99.0,1.0,NFHS-5,2021
IN-MH-nashik,health,pct_births_non_institutional,Births not delivered in a health facility,90.5,9.5,NFHS-5,2021
IN-MH-nashik,education,pct_females_never_attended_school,Females age 6+ who never attended school,78.2,21.8,NFHS-5,2021
IN-MH-nashik,water_sanitation,pct_households_no_improved_sanitation,Households without an improved sanitation facility,68.3,31.7,NFHS-5,2021
IN-MH-nashik,water_sanitation,pct_households_no_improved_water,Households without an improved drinking water source,86.3,13.7,NFHS-5,2021
IN-MH-nashik,electricity,pct_households_no_electricity,Households without an electricity connection,95.3,4.7,NFHS-5,2021
IN-GJ-navsari,health,pct_births_non_institutional,Births not delivered in a health facility,99.3,0.7,NFHS-5,2021
IN-GJ-navsari,education,pct_females_never_attended_school,Females age 6+ who never attended school,77.9,22.1,NFHS-5,2021
IN-GJ-navsari,water_sanitation,pct_households_no_improved_sanitation,Households without an improved sanitation facility,80.1,19.9,NFHS-5,2021
IN-GJ-navsari,water_sanitation,pct_households_no_improved_water,Households without an improved drinking water source,97.4,2.6,NFHS-5,2021
IN-GJ-navsari,electricity,pct_households_no_electricity,Households without an electricity connection,98.7,1.3,NFHS-5,2021
IN-BR-nawada,health,pct_births_non_institutional,Births not delivered in a health facility,79.9,20.1,NFHS-5,2021
IN-BR-nawada,education,pct_females_never_attended_school,Females age 6+ who never attended school,61.4,38.6,NFHS-5,2021
IN-BR-nawada,water_sanitation,pct_households_no_improved_sanitation,Households without an improved sanitation facility,47.9,52.1,NFHS-5,2021
IN-BR-nawada,water_sanitation,pct_households_no_improved_water,Households without an improved drinking water source,99.3,0.7,NFHS-5,2021
IN-BR-nawada,electricity,pct_households_no_electricity,Households without an electricity connection,97.4,2.6,NFHS-5,2021
IN-OR-nayagarh,health,pct_births_non_institutional,Births not delivered in a health facility,98.3,1.7,NFHS-5,2021
IN-OR-nayagarh,education,pct_females_never_attended_school,Females age 6+ who never attended school,76.1,23.9,NFHS-5,2021
IN-OR-nayagarh,water_sanitation,pct_households_no_improved_sanitation,Households without an improved sanitation facility,67.1,32.9,NFHS-5,2021
IN-OR-nayagarh,water_sanitation,pct_households_no_improved_water,Households without an improved drinking water source,82.9,17.1,NFHS-5,2021
IN-OR-nayagarh,electricity,pct_households_no_electricity,Households without an electricity connection,98.3,1.7,NFHS-5,2021
IN-MP-neemuch,health,pct_births_non_institutional,Births not delivered in a health facility,97.5,2.5,NFHS-5,2021
IN-MP-neemuch,education,pct_females_never_attended_school,Females age 6+ who never attended school,64.1,35.9,NFHS-5,2021
IN-MP-neemuch,water_sanitation,pct_households_no_improved_sanitation,Households without an improved sanitation facility,68.9,31.1,NFHS-5,2021
IN-MP-neemuch,water_sanitation,pct_households_no_improved_water,Households without an improved drinking water source,91.7,8.3,NFHS-5,2021
IN-MP-neemuch,electricity,pct_households_no_electricity,Households without an electricity connection,99.6,0.4,NFHS-5,2021
IN-AP-sri-potti-sriramulu-nellore,health,pct_births_non_institutional,Births not delivered in a health facility,97.0,3.0,NFHS-5,2021
IN-AP-sri-potti-sriramulu-nellore,education,pct_females_never_attended_school,Females age 6+ who never attended school,67.9,32.1,NFHS-5,2021
IN-AP-sri-potti-sriramulu-nellore,water_sanitation,pct_households_no_improved_sanitation,Households without an improved sanitation facility,81.8,18.2,NFHS-5,2021
IN-AP-sri-potti-sriramulu-nellore,water_sanitation,pct_households_no_improved_water,Households without an improved drinking water source,95.6,4.4,NFHS-5,2021
IN-AP-sri-potti-sriramulu-nellore,electricity,pct_households_no_electricity,Households without an electricity connection,99.1,0.9,NFHS-5,2021
IN-DL-new-delhi,health,pct_births_non_institutional,Births not delivered in a health facility,91.8,8.2,NFHS-5,2021
IN-DL-new-delhi,education,pct_females_never_attended_school,Females age 6+ who never attended school,85.9,14.1,NFHS-5,2021
IN-DL-new-delhi,water_sanitation,pct_households_no_improved_sanitation,Households without an improved sanitation facility,69.4,30.6,NFHS-5,2021
IN-DL-new-delhi,water_sanitation,pct_households_no_improved_water,Households without an improved drinking water source,99.1,0.9,NFHS-5,2021
IN-DL-new-delhi,electricity,pct_households_no_electricity,Households without an electricity connection,100.0,0.0,NFHS-5,2021
IN-AP-nizamabad,health,pct_births_non_institutional,Births not delivered in a health facility,99.0,1.0,NFHS-5,2021
IN-AP-nizamabad,education,pct_females_never_attended_school,Females age 6+ who never attended school,56.0,44.0,NFHS-5,2021
IN-AP-nizamabad,water_sanitation,pct_households_no_improved_sanitation,Households without an improved sanitation facility,61.7,38.3,NFHS-5,2021
IN-AP-nizamabad,water_sanitation,pct_households_no_improved_water,Households without an improved drinking water source,93.1,6.9,NFHS-5,2021
IN-AP-nizamabad,electricity,pct_households_no_electricity,Households without an electricity connection,99.5,0.5,NFHS-5,2021
IN-DL-north,health,pct_births_non_institutional,Births not delivered in a health facility,89.2,10.8,NFHS-5,2021
IN-DL-north,education,pct_females_never_attended_school,Females age 6+ who never attended school,82.7,17.3,NFHS-5,2021
IN-DL-north,water_sanitation,pct_households_no_improved_sanitation,Households without an improved sanitation facility,89.5,10.5,NFHS-5,2021
IN-DL-north,water_sanitation,pct_households_no_improved_water,Households without an improved drinking water source,98.2,1.8,NFHS-5,2021
IN-DL-north,electricity,pct_households_no_electricity,Households without an electricity connection,99.9,0.1,NFHS-5,2021
IN-SK-north,health,pct_births_non_institutional,Births not delivered in a health facility,97.3,2.7,NFHS-5,2021
IN-SK-north,education,pct_females_never_attended_school,Females age 6+ who never attended school,78.5,21.5,NFHS-5,2021
IN-SK-north,water_sanitation,pct_households_no_improved_sanitation,Households without an improved sanitation facility,83.8,16.2,NFHS-5,2021
IN-SK-north,water_sanitation,pct_households_no_improved_water,Households without an improved drinking water source,94.7,5.3,NFHS-5,2021
IN-SK-north,electricity,pct_households_no_electricity,Households without an electricity connection,98.9,1.1,NFHS-5,2021
IN-WB-north-24-parganas,health,pct_births_non_institutional,Births not delivered in a health facility,97.5,2.5,NFHS-5,2021
IN-WB-north-24-parganas,education,pct_females_never_attended_school,Females age 6+ who never attended school,82.4,17.6,NFHS-5,2021
IN-WB-north-24-parganas,water_sanitation,pct_households_no_improved_sanitation,Households without an improved sanitation facility,80.4,19.6,NFHS-5,2021
IN-WB-north-24-parganas,water_sanitation,pct_households_no_improved_water,Households without an improved drinking water source,99.5,0.5,NFHS-5,2021
IN-WB-north-24-parganas,electricity,pct_households_no_electricity,Households without an electricity connection,99.5,0.5,NFHS-5,2021
IN-AS-dima-hasao,health,pct_births_non_institutional,Births not delivered in a health facility,89.5,10.5,NFHS-5,2021
IN-AS-dima-hasao,education,pct_females_never_attended_school,Females age 6+ who never attended school,85.1,14.9,NFHS-5,2021
IN-AS-dima-hasao,water_sanitation,pct_households_no_improved_sanitation,Households without an improved sanitation facility,83.8,16.2,NFHS-5,2021
IN-AS-dima-hasao,water_sanitation,pct_households_no_improved_water,Households without an improved drinking water source,50.2,49.8,NFHS-5,2021
IN-AS-dima-hasao,electricity,pct_households_no_electricity,Households without an electricity connection,95.9,4.1,NFHS-5,2021
IN-DL-north-east,health,pct_births_non_institutional,Births not delivered in a health facility,94.0,6.0,NFHS-5,2021
IN-DL-north-east,education,pct_females_never_attended_school,Females age 6+ who never attended school,84.2,15.8,NFHS-5,2021
IN-DL-north-east,water_sanitation,pct_households_no_improved_sanitation,Households without an improved sanitation facility,88.2,11.8,NFHS-5,2021
IN-DL-north-east,water_sanitation,pct_households_no_improved_water,Households without an improved drinking water source,99.7,0.3,NFHS-5,2021
IN-DL-north-east,electricity,pct_households_no_electricity,Households without an electricity connection,100.0,0.0,NFHS-5,2021
IN-GA-north-goa,health,pct_births_non_institutional,Births not delivered in a health facility,99.6,0.4,NFHS-5,2021
IN-GA-north-goa,education,pct_females_never_attended_school,Females age 6+ who never attended school,89.5,10.5,NFHS-5,2021
IN-GA-north-goa,water_sanitation,pct_households_no_improved_sanitation,Households without an improved sanitation facility,87.7,12.3,NFHS-5,2021
IN-GA-north-goa,water_sanitation,pct_households_no_improved_water,Households without an improved drinking water source,98.1,1.9,NFHS-5,2021
IN-GA-north-goa,electricity,pct_households_no_electricity,Households without an electricity connection,100.0,0.0,NFHS-5,2021
IN-TR-north-tripura,health,pct_births_non_institutional,Births not delivered in a health facility,85.4,14.6,NFHS-5,2021
IN-TR-north-tripura,education,pct_females_never_attended_school,Females age 6+ who never attended school,86.4,13.6,NFHS-5,2021
IN-TR-north-tripura,water_sanitation,pct_households_no_improved_sanitation,Households without an improved sanitation facility,74.1,25.9,NFHS-5,2021
IN-TR-north-tripura,water_sanitation,pct_households_no_improved_water,Households without an improved drinking water source,75.6,24.4,NFHS-5,2021
IN-TR-north-tripura,electricity,pct_households_no_electricity,Households without an electricity connection,96.2,3.8,NFHS-5,2021
IN-DL-north-west,health,pct_births_non_institutional,Births not delivered in a health facility,89.7,10.3,NFHS-5,2021
IN-DL-north-west,education,pct_females_never_attended_school,Females age 6+ who never attended school,80.8,19.2,NFHS-5,2021
IN-DL-north-west,water_sanitation,pct_households_no_improved_sanitation,Households without an improved sanitation facility,70.2,29.8,NFHS-5,2021
IN-DL-north-west,water_sanitation,pct_households_no_improved_water,Households without an improved drinking water source,99.3,0.7,NFHS-5,2021
IN-DL-north-west,electricity,pct_households_no_electricity,Households without an electricity connection,99.8,0.2,NFHS-5,2021
IN-OR-nuapada,health,pct_births_non_institutional,Births not delivered in a health facility,89.8,10.2,NFHS-5,2021
IN-OR-nuapada,education,pct_females_never_attended_school,Females age 6+ who never attended school,60.9,39.1,NFHS-5,2021
IN-OR-nuapada,water_sanitation,pct_households_no_improved_sanitation,Households without an improved sanitation facility,58.4,41.6,NFHS-5,2021
IN-OR-nuapada,water_sanitation,pct_households_no_improved_water,Households without an improved drinking water source,97.5,2.5,NFHS-5,2021
IN-OR-nuapada,electricity,pct_households_no_electricity,Households without an electricity connection,94.6,5.4,NFHS-5,2021
IN-MH-osmanabad,health,pct_births_non_institutional,Births not delivered in a health facility,98.1,1.9,NFHS-5,2021
IN-MH-osmanabad,education,pct_females_never_attended_school,Females age 6+ who never attended school,71.3,28.7,NFHS-5,2021
IN-MH-osmanabad,water_sanitation,pct_households_no_improved_sanitation,Households without an improved sanitation facility,71.2,28.8,NFHS-5,2021
IN-MH-osmanabad,water_sanitation,pct_households_no_improved_water,Households without an improved drinking water source,96.4,3.6,NFHS-5,2021
IN-MH-osmanabad,electricity,pct_households_no_electricity,Households without an electricity connection,96.8,3.2,NFHS-5,2021
IN-JH-pakur,health,pct_births_non_institutional,Births not delivered in a health facility,64.6,35.4,NFHS-5,2021
IN-JH-pakur,education,pct_females_never_attended_school,Females age 6+ who never attended school,53.1,46.9,NFHS-5,2021
IN-JH-pakur,water_sanitation,pct_households_no_improved_sanitation,Households without an improved sanitation facility,38.3,61.7,NFHS-5,2021
IN-JH-pakur,water_sanitation,pct_households_no_improved_water,Households without an improved drinking water source,88.6,11.4,NFHS-5,2021
IN-JH-pakur,electricity,pct_households_no_electricity,Households without an electricity connection,91.7,8.3,NFHS-5,2021
IN-KL-palakkad,health,pct_births_non_institutional,Births not delivered in a health facility,100.0,0.0,NFHS-5,2021
IN-KL-palakkad,education,pct_females_never_attended_school,Females age 6+ who never attended school,89.6,10.4,NFHS-5,2021
IN-KL-palakkad,water_sanitation,pct_households_no_improved_sanitation,Households without an improved sanitation facility,99.0,1.0,NFHS-5,2021
IN-KL-palakkad,water_sanitation,pct_households_no_improved_water,Households without an improved drinking water source,94.7,5.3,NFHS-5,2021
IN-KL-palakkad,electricity,pct_households_no_electricity,Households without an electricity connection,98.9,1.1,NFHS-5,2021
IN-JH-palamu,health,pct_births_non_institutional,Births not delivered in a health facility,74.9,25.1,NFHS-5,2021
IN-JH-palamu,education,pct_females_never_attended_school,Females age 6+ who never attended school,63.5,36.5,NFHS-5,2021
IN-JH-palamu,water_sanitation,pct_households_no_improved_sanitation,Households without an improved sanitation facility,46.3,53.7,NFHS-5,2021
IN-JH-palamu,water_sanitation,pct_households_no_improved_water,Households without an improved drinking water source,94.9,5.1,NFHS-5,2021
IN-JH-palamu,electricity,pct_households_no_electricity,Households without an electricity connection,95.8,4.2,NFHS-5,2021
IN-RJ-pali,health,pct_births_non_institutional,Births not delivered in a health facility,98.8,1.2,NFHS-5,2021
IN-RJ-pali,education,pct_females_never_attended_school,Females age 6+ who never attended school,67.1,32.9,NFHS-5,2021
IN-RJ-pali,water_sanitation,pct_households_no_improved_sanitation,Households without an improved sanitation facility,81.8,18.2,NFHS-5,2021
IN-RJ-pali,water_sanitation,pct_households_no_improved_water,Households without an improved drinking water source,96.2,3.8,NFHS-5,2021
IN-RJ-pali,electricity,pct_households_no_electricity,Households without an electricity connection,99.7,0.3,NFHS-5,2021
IN-HR-palwal,health,pct_births_non_institutional,Births not delivered in a health facility,78.3,21.7,NFHS-5,2021
IN-HR-palwal,education,pct_females_never_attended_school,Females age 6+ who never attended school,67.0,33.0,NFHS-5,2021
IN-HR-palwal,water_sanitation,pct_households_no_improved_sanitation,Households without an improved sanitation facility,80.3,19.7,NFHS-5,2021
IN-HR-palwal,water_sanitation,pct_households_no_improved_water,Households without an improved drinking water source,96.7,3.3,NFHS-5,2021
IN-HR-palwal,electricity,pct_households_no_electricity,Households without an electricity connection,98.9,1.1,NFHS-5,2021
IN-GJ-panch-mahals,health,pct_births_non_institutional,Births not delivered in a health facility,88.4,11.6,NFHS-5,2021
IN-GJ-panch-mahals,education,pct_females_never_attended_school,Females age 6+ who never attended school,70.1,29.9,NFHS-5,2021
IN-GJ-panch-mahals,water_sanitation,pct_households_no_improved_sanitation,Households without an improved sanitation facility,58.9,41.1,NFHS-5,2021
IN-GJ-panch-mahals,water_sanitation,pct_households_no_improved_water,Households without an improved drinking water source,91.0,9.0,NFHS-5,2021
IN-GJ-panch-mahals,electricity,pct_households_no_electricity,Households without an electricity connection,95.5,4.5,NFHS-5,2021
IN-HR-panchkula,health,pct_births_non_institutional,Births not delivered in a health facility,97.0,3.0,NFHS-5,2021
IN-HR-panchkula,education,pct_females_never_attended_school,Females age 6+ who never attended school,81.2,18.8,NFHS-5,2021
IN-HR-panchkula,water_sanitation,pct_households_no_improved_sanitation,Households without an improved sanitation facility,82.6,17.4,NFHS-5,2021
IN-HR-panchkula,water_sanitation,pct_households_no_improved_water,Households without an improved drinking water source,99.2,0.8,NFHS-5,2021
IN-HR-panchkula,electricity,pct_households_no_electricity,Households without an electricity connection,99.5,0.5,NFHS-5,2021
IN-HR-panipat,health,pct_births_non_institutional,Births not delivered in a health facility,97.1,2.9,NFHS-5,2021
IN-HR-panipat,education,pct_females_never_attended_school,Females age 6+ who never attended school,78.3,21.7,NFHS-5,2021
IN-HR-panipat,water_sanitation,pct_households_no_improved_sanitation,Households without an improved sanitation facility,79.3,20.7,NFHS-5,2021
IN-HR-panipat,water_sanitation,pct_households_no_improved_water,Households without an improved drinking water source,99.9,0.1,NFHS-5,2021
IN-HR-panipat,electricity,pct_households_no_electricity,Households without an electricity connection,99.6,0.4,NFHS-5,2021
IN-MP-panna,health,pct_births_non_institutional,Births not delivered in a health facility,84.0,16.0,NFHS-5,2021
IN-MP-panna,education,pct_females_never_attended_school,Females age 6+ who never attended school,63.7,36.3,NFHS-5,2021
IN-MP-panna,water_sanitation,pct_households_no_improved_sanitation,Households without an improved sanitation facility,43.8,56.2,NFHS-5,2021
IN-MP-panna,water_sanitation,pct_households_no_improved_water,Households without an improved drinking water source,85.5,14.5,NFHS-5,2021
IN-MP-panna,electricity,pct_households_no_electricity,Households without an electricity connection,95.8,4.2,NFHS-5,2021
IN-AR-papum-pare,health,pct_births_non_institutional,Births not delivered in a health facility,88.0,12.0,NFHS-5,2021
IN-AR-papum-pare,education,pct_females_never_attended_school,Females age 6+ who never attended school,77.6,22.4,NFHS-5,2021
IN-AR-papum-pare,water_sanitation,pct_households_no_improved_sanitation,Households without an improved sanitation facility,75.7,24.3,NFHS-5,2021
IN-AR-papum-pare,water_sanitation,pct_households_no_improved_water,Households without an improved drinking water source,92.9,7.1,NFHS-5,2021
IN-AR-papum-pare,electricity,pct_households_no_electricity,Households without an electricity connection,98.7,1.3,NFHS-5,2021
IN-MH-parbhani,health,pct_births_non_institutional,Births not delivered in a health facility,85.6,14.4,NFHS-5,2021
IN-MH-parbhani,education,pct_females_never_attended_school,Females age 6+ who never attended school,67.1,32.9,NFHS-5,2021
IN-MH-parbhani,water_sanitation,pct_households_no_improved_sanitation,Households without an improved sanitation facility,60.1,39.9,NFHS-5,2021
IN-MH-parbhani,water_sanitation,pct_households_no_improved_water,Households without an improved drinking water source,89.0,11.0,NFHS-5,2021
IN-MH-parbhani,electricity,pct_households_no_electricity,Households without an electricity connection,96.8,3.2,NFHS-5,2021
IN-BR-pashchim-champaran,health,pct_births_non_institutional,Births not delivered in a health facility,79.5,20.5,NFHS-5,2021
IN-BR-pashchim-champaran,education,pct_females_never_attended_school,Females age 6+ who never attended school,59.8,40.2,NFHS-5,2021
IN-BR-pashchim-champaran,water_sanitation,pct_households_no_improved_sanitation,Households without an improved sanitation facility,43.3,56.7,NFHS-5,2021
IN-BR-pashchim-champaran,water_sanitation,pct_households_no_improved_water,Households without an improved drinking water source,99.7,0.3,NFHS-5,2021
IN-BR-pashchim-champaran,electricity,pct_households_no_electricity,Households without an electricity connection,93.5,6.5,NFHS-5,2021
IN-WB-pashchim-medinipur,health,pct_births_non_institutional,Births not delivered in a health facility,96.0,4.0,NFHS-5,2021
IN-WB-pashchim-medinipur,education,pct_females_never_attended_school,Females age 6+ who never attended school,71.2,28.8,NFHS-5,2021
IN-WB-pashchim-medinipur,water_sanitation,pct_households_no_improved_sanitation,Households without an improved sanitation facility,64.2,35.8,NFHS-5,2021
IN-WB-pashchim-medinipur,water_sanitation,pct_households_no_improved_water,Households without an improved drinking water source,99.1,0.9,NFHS-5,2021
IN-WB-pashchim-medinipur,electricity,pct_households_no_electricity,Households without an electricity connection,96.8,3.2,NFHS-5,2021
IN-JH-pashchimi-singhbhum,health,pct_births_non_institutional,Births not delivered in a health facility,67.9,32.1,NFHS-5,2021
IN-JH-pashchimi-singhbhum,education,pct_females_never_attended_school,Females age 6+ who never attended school,58.4,41.6,NFHS-5,2021
IN-JH-pashchimi-singhbhum,water_sanitation,pct_households_no_improved_sanitation,Households without an improved sanitation facility,37.7,62.3,NFHS-5,2021
IN-JH-pashchimi-singhbhum,water_sanitation,pct_households_no_improved_water,Households without an improved drinking water source,79.3,20.7,NFHS-5,2021
IN-JH-pashchimi-singhbhum,electricity,pct_households_no_electricity,Households without an electricity connection,83.3,16.7,NFHS-5,2021
IN-GJ-patan,health,pct_births_non_institutional,Births not delivered in a health facility,98.6,1.4,NFHS-5,2021
IN-GJ-patan,education,pct_females_never_attended_school,Females age 6+ who never attended school,64.8,35.2,NFHS-5,2021
IN-GJ-patan,water_sanitation,pct_households_no_improved_sanitation,Households without an improved sanitation facility,73.1,26.9,NFHS-5,2021
IN-GJ-patan,water_sanitation,pct_households_no_improved_water,Households without an improved drinking water source,99.4,0.6,NFHS-5,2021
IN-GJ-patan,electricity,pct_households_no_electricity,Households without an electricity connection,98.3,1.7,NFHS-5,2021
IN-KL-pathanamthitta,health,pct_births_non_institutional,Births not delivered in a health facility,99.1,0.9,NFHS-5,2021
IN-KL-pathanamthitta,education,pct_females_never_attended_school,Females age 6+ who never attended school,97.7,2.3,NFHS-5,2021
IN-KL-pathanamthitta,water_sanitation,pct_households_no_improved_sanitation,Households without an improved sanitation facility,98.9,1.1,NFHS-5,2021
IN-KL-pathanamthitta,water_sanitation,pct_households_no_improved_water,Households without an improved drinking water source,94.1,5.9,NFHS-5,2021
IN-KL-pathanamthitta,electricity,pct_households_no_electricity,Households without an electricity connection,99.6,0.4,NFHS-5,2021
IN-PB-patiala,health,pct_births_non_institutional,Births not delivered in a health facility,97.3,2.7,NFHS-5,2021
IN-PB-patiala,education,pct_females_never_attended_school,Females age 6+ who never attended school,76.9,23.1,NFHS-5,2021
IN-PB-patiala,water_sanitation,pct_households_no_improved_sanitation,Households without an improved sanitation facility,88.1,11.9,NFHS-5,2021
IN-PB-patiala,water_sanitation,pct_households_no_improved_water,Households without an improved drinking water source,99.1,0.9,NFHS-5,2021
IN-PB-patiala,electricity,pct_households_no_electricity,Households without an electricity connection,99.7,0.3,NFHS-5,2021
IN-BR-patna,health,pct_births_non_institutional,Births not delivered in a health facility,89.1,10.9,NFHS-5,2021
IN-BR-patna,education,pct_females_never_attended_school,Females age 6+ who never attended school,69.5,30.5,NFHS-5,2021
IN-BR-patna,water_sanitation,pct_households_no_improved_sanitation,Households without an improved sanitation facility,61.0,39.0,NFHS-5,2021
IN-BR-patna,water_sanitation,pct_households_no_improved_water,Households without an improved drinking water source,98.8,1.2,NFHS-5,2021
IN-BR-patna,electricity,pct_households_no_electricity,Households without an electricity connection,99.0,1.0,NFHS-5,2021
IN-TN-perambalur,health,pct_births_non_institutional,Births not delivered in a health facility,100.0,0.0,NFHS-5,2021
IN-TN-perambalur,education,pct_females_never_attended_school,Females age 6+ who never attended school,73.1,26.9,NFHS-5,2021
IN-TN-perambalur,water_sanitation,pct_households_no_improved_sanitation,Households without an improved sanitation facility,57.4,42.6,NFHS-5,2021
IN-TN-perambalur,water_sanitation,pct_households_no_improved_water,Households without an improved drinking water source,100.0,0.0,NFHS-5,2021
IN-TN-perambalur,electricity,pct_households_no_electricity,Households without an electricity connection,99.1,0.9,NFHS-5,2021
IN-NL-peren,health,pct_births_non_institutional,Births not delivered in a health facility,43.5,56.5,NFHS-5,2021
IN-NL-peren,education,pct_females_never_attended_school,Females age 6+ who never attended school,81.1,18.9,NFHS-5,2021
IN-NL-peren,water_sanitation,pct_households_no_improved_sanitation,Households without an improved sanitation facility,89.4,10.6,NFHS-5,2021
IN-NL-peren,water_sanitation,pct_households_no_improved_water,Households without an improved drinking water source,92.5,7.5,NFHS-5,2021
IN-NL-peren,electricity,pct_households_no_electricity,Households without an electricity connection,98.2,1.8,NFHS-5,2021
IN-NL-phek,health,pct_births_non_institutional,Births not delivered in a health facility,32.2,67.8,NFHS-5,2021
IN-NL-phek,education,pct_females_never_attended_school,Females age 6+ who never attended school,80.5,19.5,NFHS-5,2021
IN-NL-phek,water_sanitation,pct_households_no_improved_sanitation,Households without an improved sanitation facility,90.1,9.9,NFHS-5,2021
IN-NL-phek,water_sanitation,pct_households_no_improved_water,Households without an improved drinking water source,98.1,1.9,NFHS-5,2021
IN-NL-phek,electricity,pct_households_no_electricity,Households without an electricity connection,99.4,0.6,NFHS-5,2021
IN-UP-pilibhit,health,pct_births_non_institutional,Births not delivered in a health facility,76.2,23.8,NFHS-5,2021
IN-UP-pilibhit,education,pct_females_never_attended_school,Females age 6+ who never attended school,60.1,39.9,NFHS-5,2021
IN-UP-pilibhit,water_sanitation,pct_households_no_improved_sanitation,Households without an improved sanitation facility,76.8,23.2,NFHS-5,2021
IN-UP-pilibhit,water_sanitation,pct_households_no_improved_water,Households without an improved drinking water source,100.0,0.0,NFHS-5,2021
IN-UP-pilibhit,electricity,pct_households_no_electricity,Households without an electricity connection,86.8,13.2,NFHS-5,2021
IN-UT-pithoragarh,health,pct_births_non_institutional,Births not delivered in a health facility,84.9,15.1,NFHS-5,2021
IN-UT-pithoragarh,education,pct_females_never_attended_school,Females age 6+ who never attended school,79.7,20.3,NFHS-5,2021
IN-UT-pithoragarh,water_sanitation,pct_households_no_improved_sanitation,Households without an improved sanitation facility,84.5,15.5,NFHS-5,2021
IN-UT-pithoragarh,water_sanitation,pct_households_no_improved_water,Households without an improved drinking water source,90.9,9.1,NFHS-5,2021
IN-UT-pithoragarh,electricity,pct_households_no_electricity,Households without an electricity connection,99.6,0.4,NFHS-5,2021
IN-GJ-porbandar,health,pct_births_non_institutional,Births not delivered in a health facility,100.0,0.0,NFHS-5,2021
IN-GJ-porbandar,education,pct_females_never_attended_school,Females age 6+ who never attended school,74.9,25.1,NFHS-5,2021
IN-GJ-porbandar,water_sanitation,pct_households_no_improved_sanitation,Households without an improved sanitation facility,85.7,14.3,NFHS-5,2021
IN-GJ-porbandar,water_sanitation,pct_households_no_improved_water,Households without an improved drinking water source,96.2,3.8,NFHS-5,2021
IN-GJ-porbandar,electricity,pct_households_no_electricity,Households without an electricity connection,99.8,0.2,NFHS-5,2021
IN-AP-prakasam,health,pct_births_non_institutional,Births not delivered in a health facility,97.4,2.6,NFHS-5,2021
IN-AP-prakasam,education,pct_females_never_attended_school,Females age 6+ who never attended school,58.1,41.9,NFHS-5,2021
IN-AP-prakasam,water_sanitation,pct_households_no_improved_sanitation,Households without an improved sanitation facility,78.4,21.6,NFHS-5,2021
IN-AP-prakasam,water_sanitation,pct_households_no_improved_water,Households without an improved drinking water source,98.6,1.4,NFHS-5,2021
IN-AP-prakasam,electricity,pct_households_no_electricity,Households without an electricity connection,99.3,0.7,NFHS-5,2021
IN-RJ-pratapgarh,health,pct_births_non_institutional,Births not delivered in a health facility,96.4,3.6,NFHS-5,2021
IN-RJ-pratapgarh,education,pct_females_never_attended_school,Females age 6+ who never attended school,57.0,43.0,NFHS-5,2021
IN-RJ-pratapgarh,water_sanitation,pct_households_no_improved_sanitation,Households without an improved sanitation facility,46.3,53.7,NFHS-5,2021
IN-RJ-pratapgarh,water_sanitation,pct_households_no_improved_water,Households without an improved drinking water source,88.6,11.4,NFHS-5,2021
IN-RJ-pratapgarh,electricity,pct_households_no_electricity,Households without an electricity connection,97.0,3.0,NFHS-5,2021
IN-UP-pratapgarh,health,pct_births_non_institutional,Births not delivered in a health facility,90.8,9.2,NFHS-5,2021
IN-UP-pratapgarh,education,pct_females_never_attended_school,Females age 6+ who never attended school,67.2,32.8,NFHS-5,2021
IN-UP-pratapgarh,water_sanitation,pct_households_no_improved_sanitation,Households without an improved sanitation facility,52.0,48.0,NFHS-5,2021
IN-UP-pratapgarh,water_sanitation,pct_households_no_improved_water,Households without an improved drinking water source,97.8,2.2,NFHS-5,2021
IN-UP-pratapgarh,electricity,pct_households_no_electricity,Households without an electricity connection,92.5,7.5,NFHS-5,2021
IN-TN-pudukkottai,health,pct_births_non_institutional,Births not delivered in a health facility,100.0,0.0,NFHS-5,2021
IN-TN-pudukkottai,education,pct_females_never_attended_school,Females age 6+ who never attended school,74.7,25.3,NFHS-5,2021
IN-TN-pudukkottai,water_sanitation,pct_households_no_improved_sanitation,Households without an improved sanitation facility,55.2,44.8,NFHS-5,2021
IN-TN-pudukkottai,water_sanitation,pct_households_no_improved_water,Households without an improved drinking water source,95.7,4.3,NFHS-5,2021
IN-TN-pudukkottai,electricity,pct_households_no_electricity,Households without an electricity connection,98.9,1.1,NFHS-5,2021
IN-JK-pulwama,health,pct_births_non_institutional,Births not delivered in a health facility,97.8,2.2,NFHS-5,2021
IN-JK-pulwama,education,pct_females_never_attended_school,Females age 6+ who never attended school,67.2,32.8,NFHS-5,2021
IN-JK-pulwama,water_sanitation,pct_households_no_improved_sanitation,Households without an improved sanitation facility,91.6,8.4,NFHS-5,2021
IN-JK-pulwama,water_sanitation,pct_households_no_improved_water,Households without an improved drinking water source,98.0,2.0,NFHS-5,2021
IN-JK-pulwama,electricity,pct_households_no_electricity,Households without an electricity connection,99.1,0.9,NFHS-5,2021
IN-JK-punch,health,pct_births_non_institutional,Births not delivered in a health facility,86.0,14.0,NFHS-5,2021
IN-JK-punch,education,pct_females_never_attended_school,Females age 6+ who never attended school,72.1,27.9,NFHS-5,2021
IN-JK-punch,water_sanitation,pct_households_no_improved_sanitation,Households without an improved sanitation facility,66.7,33.3,NFHS-5,2021
IN-JK-punch,water_sanitation,pct_households_no_improved_water,Households without an improved drinking water source,76.8,23.2,NFHS-5,2021
IN-JK-punch,electricity,pct_households_no_electricity,Households without an electricity connection,99.7,0.3,NFHS-5,2021
IN-MH-pune,health,pct_births_non_institutional,Births not delivered in a health facility,98.0,2.0,NFHS-5,2021
IN-MH-pune,education,pct_females_never_attended_school,Females age 6+ who never attended school,84.8,15.2,NFHS-5,2021
IN-MH-pune,water_sanitation,pct_households_no_improved_sanitation,Households without an improved sanitation facility,79.6,20.4,NFHS-5,2021
IN-MH-pune,water_sanitation,pct_households_no_improved_water,Households without an improved drinking water source,96.9,3.1,NFHS-5,2021
IN-MH-pune,electricity,pct_households_no_electricity,Households without an electricity connection,99.4,0.6,NFHS-5,2021
IN-BR-purba-champaran,health,pct_births_non_institutional,Births not delivered in a health facility,61.5,38.5,NFHS-5,2021
IN-BR-purba-champaran,education,pct_females_never_attended_school,Females age 6+ who never attended school,58.2,41.8,NFHS-5,2021
IN-BR-purba-champaran,water_sanitation,pct_households_no_improved_sanitation,Households without an improved sanitation facility,48.3,51.7,NFHS-5,2021
IN-BR-purba-champaran,water_sanitation,pct_households_no_improved_water,Households without an improved drinking water source,99.9,0.1,NFHS-5,2021
IN-BR-purba-champaran,electricity,pct_households_no_electricity,Households without an electricity connection,94.8,5.2,NFHS-5,2021
IN-WB-purba-medinipur,health,pct_births_non_institutional,Births not delivered in a health facility,91.5,8.5,NFHS-5,2021
IN-WB-purba-medinipur,education,pct_females_never_attended_school,Females age 6+ who never attended school,83.0,17.0,NFHS-5,2021
IN-WB-purba-medinipur,water_sanitation,pct_households_no_improved_sanitation,Households without an improved sanitation facility,69.8,30.2,NFHS-5,2021
IN-WB-purba-medinipur,water_sanitation,pct_households_no_improved_water,Households without an improved drinking water source,87.8,12.2,NFHS-5,2021
IN-WB-purba-medinipur,electricity,pct_households_no_electricity,Households without an electricity connection,99.0,1.0,NFHS-5,2021
IN-JH-purbi-singhbhum,health,pct_births_non_institutional,Births not delivered in a health facility,94.0,6.0,NFHS-5,2021
IN-JH-purbi-singhbhum,education,pct_females_never_attended_school,Females age 6+ who never attended school,74.1,25.9,NFHS-5,2021
IN-JH-purbi-singhbhum,water_sanitation,pct_households_no_improved_sanitation,Households without an improved sanitation facility,70.2,29.8,NFHS-5,2021
IN-JH-purbi-singhbhum,water_sanitation,pct_households_no_improved_water,Households without an improved drinking water source,89.7,10.3,NFHS-5,2021
IN-JH-purbi-singhbhum,electricity,pct_households_no_electricity,Households without an electricity connection,95.7,4.3,NFHS-5,2021
IN-OR-puri,health,pct_births_non_institutional,Births not delivered in a health facility,97.7,2.3,NFHS-5,2021
IN-OR-puri,education,pct_females_never_attended_school,Females age 6+ who never attended school,83.3,16.7,NFHS-5,2021
IN-OR-puri,water_sanitation,pct_households_no_improved_sanitation,Households without an improved sanitation facility,67.3,32.7,NFHS-5,2021
IN-OR-puri,water_sanitation,pct_households_no_improved_water,Households without an improved drinking water source,98.5,1.5,NFHS-5,2021
IN-OR-puri,electricity,pct_households_no_electricity,Households without an electricity connection,99.5,0.5,NFHS-5,2021
IN-BR-purnia,health,pct_births_non_institutional,Births not delivered in a health facility,68.9,31.1,NFHS-5,2021
IN-BR-purnia,education,pct_females_never_attended_school,Females age 6+ who never attended school,53.6,46.4,NFHS-5,2021
IN-BR-purnia,water_sanitation,pct_households_no_improved_sanitation,Households without an improved sanitation facility,35.6,64.4,NFHS-5,2021
IN-BR-purnia,water_sanitation,pct_households_no_improved_water,Households without an improved drinking water source,99.6,0.4,NFHS-5,2021
IN-BR-purnia,electricity,pct_households_no_electricity,Households without an electricity connection,92.4,7.6,NFHS-5,2021
IN-WB-puruliya,health,pct_births_non_institutional,Births not delivered in a health facility,89.8,10.2,NFHS-5,2021
IN-WB-puruliya,education,pct_females_never_attended_school,Females age 6+ who never attended school,63.6,36.4,NFHS-5,2021
IN-WB-puruliya,water_sanitation,pct_households_no_improved_sanitation,Households without an improved sanitation facility,29.2,70.8,NFHS-5,2021
IN-WB-puruliya,water_sanitation,pct_households_no_improved_water,Households without an improved drinking water source,87.6,12.4,NFHS-5,2021
IN-WB-puruliya,electricity,pct_households_no_electricity,Households without an electricity connection,88.6,11.4,NFHS-5,2021
IN-UP-rae-bareli,health,pct_births_non_institutional,Births not delivered in a health facility,89.5,10.5,NFHS-5,2021
IN-UP-rae-bareli,education,pct_females_never_attended_school,Females age 6+ who never attended school,66.4,33.6,NFHS-5,2021
IN-UP-rae-bareli,water_sanitation,pct_households_no_improved_sanitation,Households without an improved sanitation facility,55.0,45.0,NFHS-5,2021
IN-UP-rae-bareli,water_sanitation,pct_households_no_improved_water,Households without an improved drinking water source,98.1,1.9,NFHS-5,2021
IN-UP-rae-bareli,electricity,pct_households_no_electricity,Households without an electricity connection,88.9,11.1,NFHS-5,2021
IN-KA-raichur,health,pct_births_non_institutional,Births not delivered in a health facility,88.9,11.1,NFHS-5,2021
IN-KA-raichur,education,pct_females_never_attended_school,Females age 6+ who never attended school,55.3,44.7,NFHS-5,2021
IN-KA-raichur,water_sanitation,pct_households_no_improved_sanitation,Households without an improved sanitation facility,53.0,47.0,NFHS-5,2021
IN-KA-raichur,water_sanitation,pct_households_no_improved_water,Households without an improved drinking water source,94.0,6.0,NFHS-5,2021
IN-KA-raichur,electricity,pct_households_no_electricity,Households without an electricity connection,99.7,0.3,NFHS-5,2021
IN-CT-raigarh,health,pct_births_non_institutional,Births not delivered in a health facility,87.7,12.3,NFHS-5,2021
IN-CT-raigarh,education,pct_females_never_attended_school,Females age 6+ who never attended school,72.2,27.8,NFHS-5,2021
IN-CT-raigarh,water_sanitation,pct_households_no_improved_sanitation,Households without an improved sanitation facility,66.3,33.7,NFHS-5,2021
IN-CT-raigarh,water_sanitation,pct_households_no_improved_water,Households without an improved drinking water source,97.5,2.5,NFHS-5,2021
IN-CT-raigarh,electricity,pct_households_no_electricity,Households without an electricity connection,99.0,1.0,NFHS-5,2021
IN-MH-raigarh,health,pct_births_non_institutional,Births not delivered in a health facility,96.6,3.4,NFHS-5,2021
IN-MH-raigarh,education,pct_females_never_attended_school,Females age 6+ who never attended school,73.7,26.3,NFHS-5,2021
IN-MH-raigarh,water_sanitation,pct_households_no_improved_sanitation,Households without an improved sanitation facility,74.8,25.2,NFHS-5,2021
IN-MH-raigarh,water_sanitation,pct_households_no_improved_water,Households without an improved drinking water source,87.8,12.2,NFHS-5,2021
IN-MH-raigarh,electricity,pct_households_no_electricity,Households without an electricity connection,97.9,2.1,NFHS-5,2021
IN-CT-raipur,health,pct_births_non_institutional,Births not delivered in a health facility,90.7,9.3,NFHS-5,2021
IN-CT-raipur,education,pct_females_never_attended_school,Females age 6+ who never attended school,77.1,22.9,NFHS-5,2021
IN-CT-raipur,water_sanitation,pct_households_no_improved_sanitation,Households without an improved sanitation facility,84.0,16.0,NFHS-5,2021
IN-CT-raipur,water_sanitation,pct_households_no_improved_water,Households without an improved drinking water source,99.7,0.3,NFHS-5,2021
IN-CT-raipur,electricity,pct_households_no_electricity,Households without an electricity connection,99.5,0.5,NFHS-5,2021
IN-MP-raisen,health,pct_births_non_institutional,Births not delivered in a health facility,96.0,4.0,NFHS-5,2021
IN-MP-raisen,education,pct_females_never_attended_school,Females age 6+ who never attended school,73.3,26.7,NFHS-5,2021
IN-MP-raisen,water_sanitation,pct_households_no_improved_sanitation,Households without an improved sanitation facility,69.6,30.4,NFHS-5,2021
IN-MP-raisen,water_sanitation,pct_households_no_improved_water,Households without an improved drinking water source,92.4,7.6,NFHS-5,2021
IN-MP-raisen,electricity,pct_households_no_electricity,Households without an electricity connection,99.3,0.7,NFHS-5,2021
IN-JK-rajouri,health,pct_births_non_institutional,Births not delivered in a health facility,88.8,11.2,NFHS-5,2021
IN-JK-rajouri,education,pct_females_never_attended_school,Females age 6+ who never attended school,72.6,27.4,NFHS-5,2021
IN-JK-rajouri,water_sanitation,pct_households_no_improved_sanitation,Households without an improved sanitation facility,63.3,36.7,NFHS-5,2021
IN-JK-rajouri,water_sanitation,pct_households_no_improved_water,Households without an improved drinking water source,77.7,22.3,NFHS-5,2021
IN-JK-rajouri,electricity,pct_households_no_electricity,Households without an electricity connection,100.0,0.0,NFHS-5,2021
IN-MP-rajgarh,health,pct_births_non_institutional,Births not delivered in a health facility,91.7,8.3,NFHS-5,2021
IN-MP-rajgarh,education,pct_females_never_attended_school,Females age 6+ who never attended school,58.9,41.1,NFHS-5,2021
IN-MP-rajgarh,water_sanitation,pct_households_no_improved_sanitation,Households without an improved sanitation facility,47.8,52.2,NFHS-5,2021
IN-MP-rajgarh,water_sanitation,pct_households_no_improved_water,Households without an improved drinking water source,74.2,25.8,NFHS-5,2021
IN-MP-rajgarh,electricity,pct_households_no_electricity,Households without an electricity connection,97.8,2.2,NFHS-5,2021
IN-GJ-rajkot,health,pct_births_non_institutional,Births not delivered in a health facility,99.3,0.7,NFHS-5,2021
IN-GJ-rajkot,education,pct_females_never_attended_school,Females age 6+ who never attended school,78.4,21.6,NFHS-5,2021
IN-GJ-rajkot,water_sanitation,pct_households_no_improved_sanitation,Households without an improved sanitation facility,85.4,14.6,NFHS-5,2021
IN-GJ-rajkot,water_sanitation,pct_households_no_improved_water,Households without an improved drinking water source,99.5,0.5,NFHS-5,2021
IN-GJ-rajkot,electricity,pct_households_no_electricity,Households without an electricity connection,99.6,0.4,NFHS-5,2021
IN-CT-rajnandgaon,health,pct_births_non_institutional,Births not delivered in a health facility,95.5,4.5,NFHS-5,2021
IN-CT-rajnandgaon,education,pct_females_never_attended_school,Females age 6+ who never attended school,73.4,26.6,NFHS-5,2021
IN-CT-rajnandgaon,water_sanitation,pct_households_no_improved_sanitation,Households without an improved sanitation facility,79.2,20.8,NFHS-5,2021
IN-CT-rajnandgaon,water_sanitation,pct_households_no_improved_water,Households without an improved drinking water source,98.8,1.2,NFHS-5,2021
IN-CT-rajnandgaon,electricity,pct_households_no_electricity,Households without an electricity connection,99.3,0.7,NFHS-5,2021
IN-RJ-rajsamand,health,pct_births_non_institutional,Births not delivered in a health facility,95.1,4.9,NFHS-5,2021
IN-RJ-rajsamand,education,pct_females_never_attended_school,Females age 6+ who never attended school,64.2,35.8,NFHS-5,2021
IN-RJ-rajsamand,water_sanitation,pct_households_no_improved_sanitation,Households without an improved sanitation facility,72.1,27.9,NFHS-5,2021
IN-RJ-rajsamand,water_sanitation,pct_households_no_improved_water,Households without an improved drinking water source,94.8,5.2,NFHS-5,2021
IN-RJ-rajsamand,electricity,pct_households_no_electricity,Households without an electricity connection,98.9,1.1,NFHS-5,2021
IN-KA-ramanagara,health,pct_births_non_institutional,Births not delivered in a health facility,100.0,0.0,NFHS-5,2021
IN-KA-ramanagara,education,pct_females_never_attended_school,Females age 6+ who never attended school,68.8,31.2,NFHS-5,2021
IN-KA-ramanagara,water_sanitation,pct_households_no_improved_sanitation,Households without an improved sanitation facility,89.6,10.4,NFHS-5,2021
IN-KA-ramanagara,water_sanitation,pct_households_no_improved_water,Households without an improved drinking water source,98.3,1.7,NFHS-5,2021
IN-KA-ramanagara,electricity,pct_households_no_electricity,Households without an electricity connection,99.6,0.4,NFHS-5,2021
IN-TN-ramanathapuram,health,pct_births_non_institutional,Births not delivered in a health facility,99.6,0.4,NFHS-5,2021
IN-TN-ramanathapuram,education,pct_females_never_attended_school,Females age 6+ who never attended school,80.3,19.7,NFHS-5,2021
IN-TN-ramanathapuram,water_sanitation,pct_households_no_improved_sanitation,Households without an improved sanitation facility,78.6,21.4,NFHS-5,2021
IN-TN-ramanathapuram,water_sanitation,pct_households_no_improved_water,Households without an improved drinking water source,93.9,6.1,NFHS-5,2021
IN-TN-ramanathapuram,electricity,pct_households_no_electricity,Households without an electricity connection,99.3,0.7,NFHS-5,2021
IN-JK-ramban,health,pct_births_non_institutional,Births not delivered in a health facility,80.4,19.6,NFHS-5,2021
IN-JK-ramban,education,pct_females_never_attended_school,Females age 6+ who never attended school,60.8,39.2,NFHS-5,2021
IN-JK-ramban,water_sanitation,pct_households_no_improved_sanitation,Households without an improved sanitation facility,48.9,51.1,NFHS-5,2021
IN-JK-ramban,water_sanitation,pct_households_no_improved_water,Households without an improved drinking water source,73.4,26.6,NFHS-5,2021
IN-JK-ramban,electricity,pct_households_no_electricity,Households without an electricity connection,97.4,2.6,NFHS-5,2021
IN-JH-ramgarh,health,pct_births_non_institutional,Births not delivered in a health facility,79.0,21.0,NFHS-5,2021
IN-JH-ramgarh,education,pct_females_never_attended_school,Females age 6+ who never attended school,68.4,31.6,NFHS-5,2021
IN-JH-ramgarh,water_sanitation,pct_households_no_improved_sanitation,Households without an improved sanitation facility,64.2,35.8,NFHS-5,2021
IN-JH-ramgarh,water_sanitation,pct_households_no_improved_water,Households without an improved drinking water source,76.7,23.3,NFHS-5,2021
IN-JH-ramgarh,electricity,pct_households_no_electricity,Households without an electricity connection,98.4,1.6,NFHS-5,2021
IN-UP-rampur,health,pct_births_non_institutional,Births not delivered in a health facility,81.0,19.0,NFHS-5,2021
IN-UP-rampur,education,pct_females_never_attended_school,Females age 6+ who never attended school,57.6,42.4,NFHS-5,2021
IN-UP-rampur,water_sanitation,pct_households_no_improved_sanitation,Households without an improved sanitation facility,79.0,21.0,NFHS-5,2021
IN-UP-rampur,water_sanitation,pct_households_no_improved_water,Households without an improved drinking water source,100.0,0.0,NFHS-5,2021
IN-UP-rampur,electricity,pct_households_no_electricity,Households without an electricity connection,96.2,3.8,NFHS-5,2021
IN-JH-ranchi,health,pct_births_non_institutional,Births not delivered in a health facility,87.3,12.7,NFHS-5,2021
IN-JH-ranchi,education,pct_females_never_attended_school,Females age 6+ who never attended school,73.3,26.7,NFHS-5,2021
IN-JH-ranchi,water_sanitation,pct_households_no_improved_sanitation,Households without an improved sanitation facility,77.2,22.8,NFHS-5,2021
IN-JH-ranchi,water_sanitation,pct_households_no_improved_water,Households without an improved drinking water source,86.3,13.7,NFHS-5,2021
IN-JH-ranchi,electricity,pct_households_no_electricity,Households without an electricity connection,99.3,0.7,NFHS-5,2021
IN-AP-rangareddy,health,pct_births_non_institutional,Births not delivered in a health facility,98.9,1.1,NFHS-5,2021
IN-AP-rangareddy,education,pct_females_never_attended_school,Females age 6+ who never attended school,74.0,26.0,NFHS-5,2021
IN-AP-rangareddy,water_sanitation,pct_households_no_improved_sanitation,Households without an improved sanitation facility,79.1,20.9,NFHS-5,2021
IN-AP-rangareddy,water_sanitation,pct_households_no_improved_water,Households without an improved drinking water source,94.4,5.6,NFHS-5,2021
IN-AP-rangareddy,electricity,pct_households_no_electricity,Households without an electricity connection,99.6,0.4,NFHS-5,2021
IN-MP-ratlam,health,pct_births_non_institutional,Births not delivered in a health facility,95.2,4.8,NFHS-5,2021
IN-MP-ratlam,education,pct_females_never_attended_school,Females age 6+ who never attended school,66.2,33.8,NFHS-5,2021
IN-MP-ratlam,water_sanitation,pct_households_no_improved_sanitation,Households without an improved sanitation facility,69.4,30.6,NFHS-5,2021
IN-MP-ratlam,water_sanitation,pct_households_no_improved_water,Households without an improved drinking water source,91.0,9.0,NFHS-5,2021
IN-MP-ratlam,electricity,pct_households_no_electricity,Households without an electricity connection,99.0,1.0,NFHS-5,2021
IN-MH-ratnagiri,health,pct_births_non_institutional,Births not delivered in a health facility,97.8,2.2,NFHS-5,2021
IN-MH-ratnagiri,education,pct_females_never_attended_school,Females age 6+ who never attended school,80.3,19.7,NFHS-5,2021
IN-MH-ratnagiri,water_sanitation,pct_households_no_improved_sanitation,Households without an improved sanitation facility,85.6,14.4,NFHS-5,2021
IN-MH-ratnagiri,water_sanitation,pct_households_no_improved_water,Households without an improved drinking water source,90.9,9.1,NFHS-5,2021
IN-MH-ratnagiri,electricity,pct_households_no_electricity,Households without an electricity connection,99.2,0.8,NFHS-5,2021
IN-OR-rayagada,health,pct_births_non_institutional,Births not delivered in a health facility,68.9,31.1,NFHS-5,2021
IN-OR-rayagada,education,pct_females_never_attended_school,Females age 6+ who never attended school,50.8,49.2,NFHS-5,2021
IN-OR-rayagada,water_sanitation,pct_households_no_improved_sanitation,Households without an improved sanitation facility,50.5,49.5,NFHS-5,2021
IN-OR-rayagada,water_sanitation,pct_households_no_improved_water,Households without an improved drinking water source,91.3,8.7,NFHS-5,2021
IN-OR-rayagada,electricity,pct_households_no_electricity,Households without an electricity connection,96.6,3.4,NFHS-5,2021
IN-JK-reasi,health,pct_births_non_institutional,Births not delivered in a health facility,69.3,30.7,NFHS-5,2021
IN-JK-reasi,education,pct_females_never_attended_school,Females age 6+ who never attended school,66.9,33.1,NFHS-5,2021
IN-JK-reasi,water_sanitation,pct_households_no_improved_sanitation,Households without an improved sanitation facility,62.7,37.3,NFHS-5,2021
IN-JK-reasi,water_sanitation,pct_households_no_improved_water,Households without an improved drinking water source,76.5,23.5,NFHS-5,2021
IN-JK-reasi,electricity,pct_households_no_electricity,Households without an electricity connection,99.9,0.1,NFHS-5,2021
IN-MP-rewa,health,pct_births_non_institutional,Births not delivered in a health facility,80.4,19.6,NFHS-5,2021
IN-MP-rewa,education,pct_females_never_attended_school,Females age 6+ who never attended school,65.2,34.8,NFHS-5,2021
IN-MP-rewa,water_sanitation,pct_households_no_improved_sanitation,Households without an improved sanitation facility,46.1,53.9,NFHS-5,2021
IN-MP-rewa,water_sanitation,pct_households_no_improved_water,Households without an improved drinking water source,82.1,17.9,NFHS-5,2021
IN-MP-rewa,electricity,pct_households_no_electricity,Households without an electricity connection,96.5,3.5,NFHS-5,2021
IN-HR-rewari,health,pct_births_non_institutional,Births not delivered in a health facility,98.7,1.3,NFHS-5,2021
IN-HR-rewari,education,pct_females_never_attended_school,Females age 6+ who never attended school,74.6,25.4,NFHS-5,2021
IN-HR-rewari,water_sanitation,pct_households_no_improved_sanitation,Households without an improved sanitation facility,86.4,13.6,NFHS-5,2021
IN-HR-rewari,water_sanitation,pct_households_no_improved_water,Households without an improved drinking water source,99.7,0.3,NFHS-5,2021
IN-HR-rewari,electricity,pct_households_no_electricity,Households without an electricity connection,100.0,0.0,NFHS-5,2021
IN-ML-ri-bhoi,health,pct_births_non_institutional,Births not delivered in a health facility,56.9,43.1,NFHS-5,2021
IN-ML-ri-bhoi,education,pct_females_never_attended_school,Females age 6+ who never attended school,85.3,14.7,NFHS-5,2021
IN-ML-ri-bhoi,water_sanitation,pct_households_no_improved_sanitation,Households without an improved sanitation facility,85.3,14.7,NFHS-5,2021
IN-ML-ri-bhoi,water_sanitation,pct_households_no_improved_water,Households without an improved drinking water source,86.2,13.8,NFHS-5,2021
IN-ML-ri-bhoi,electricity,pct_households_no_electricity,Households without an electricity connection,92.1,7.9,NFHS-5,2021
IN-HR-rohtak,health,pct_births_non_institutional,Births not delivered in a health facility,97.4,2.6,NFHS-5,2021
IN-HR-rohtak,education,pct_females_never_attended_school,Females age 6+ who never attended school,79.6,20.4,NFHS-5,2021
IN-HR-rohtak,water_sanitation,pct_households_no_improved_sanitation,Households without an improved sanitation facility,90.0,10.0,NFHS-5,2021
IN-HR-rohtak,water_sanitation,pct_households_no_improved_water,Households without an improved drinking water source,98.5,1.5,NFHS-5,2021
IN-HR-rohtak,electricity,pct_households_no_electricity,Households without an electricity connection,99.7,0.3,NFHS-5,2021
IN-BR-rohtas,health,pct_births_non_institutional,Births not delivered in a health facility,89.1,10.9,NFHS-5,2021
IN-BR-rohtas,education,pct_females_never_attended_school,Females age 6+ who never attended school,70.5,29.5,NFHS-5,2021
IN-BR-rohtas,water_sanitation,pct_households_no_improved_sanitation,Households without an improved sanitation facility,69.0,31.0,NFHS-5,2021
IN-BR-rohtas,water_sanitation,pct_households_no_improved_water,Households without an improved drinking water source,99.6,0.4,NFHS-5,2021
IN-BR-rohtas,electricity,pct_households_no_electricity,Households without an electricity connection,98.5,1.5,NFHS-5,2021
IN-UT-rudraprayag,health,pct_births_non_institutional,Births not delivered in a health facility,86.6,13.4,NFHS-5,2021
IN-UT-rudraprayag,education,pct_females_never_attended_school,Females age 6+ who never attended school,73.0,27.0,NFHS-5,2021
IN-UT-rudraprayag,water_sanitation,pct_households_no_improved_sanitation,Households without an improved sanitation facility,86.8,13.2,NFHS-5,2021
IN-UT-rudraprayag,water_sanitation,pct_households_no_improved_water,Households without an improved drinking water source,93.9,6.1,NFHS-5,2021
IN-UT-rudraprayag,electricity,pct_households_no_electricity,Households without an electricity connection,99.5,0.5,NFHS-5,2021
IN-PB-rupnagar,health,pct_births_non_institutional,Births not delivered in a health facility,97.8,2.2,NFHS-5,2021
IN-PB-rupnagar,education,pct_females_never_attended_school,Females age 6+ who never attended school,81.8,18.2,NFHS-5,2021
IN-PB-rupnagar,water_sanitation,pct_households_no_improved_sanitation,Households without an improved sanitation facility,84.0,16.0,NFHS-5,2021
IN-PB-rupnagar,water_sanitation,pct_households_no_improved_water,Households without an improved drinking water source,98.5,1.5,NFHS-5,2021
IN-PB-rupnagar,electricity,pct_households_no_electricity,Households without an electricity connection,99.8,0.2,NFHS-5,2021
IN-GJ-sabar-kantha,health,pct_births_non_institutional,Births not delivered in a health facility,89.4,10.6,NFHS-5,2021
IN-GJ-sabar-kantha,education,pct_females_never_attended_school,Females age 6+ who never attended school,68.7,31.3,NFHS-5,2021
IN-GJ-sabar-kantha,water_sanitation,pct_households_no_improved_sanitation,Households without an improved sanitation facility,61.0,39.0,NFHS-5,2021
IN-GJ-sabar-kantha,water_sanitation,pct_households_no_improved_water,Households without an improved drinking water source,90.7,9.3,NFHS-5,2021
IN-GJ-sabar-kantha,electricity,pct_households_no_electricity,Households without an electricity connection,95.3,4.7,NFHS-5,2021
IN-MP-sagar,health,pct_births_non_institutional,Births not delivered in a health facility,86.9,13.1,NFHS-5,2021
IN-MP-sagar,education,pct_females_never_attended_school,Females age 6+ who never attended school,76.4,23.6,NFHS-5,2021
IN-MP-sagar,water_sanitation,pct_households_no_improved_sanitation,Households without an improved sanitation facility,68.8,31.2,NFHS-5,2021
IN-MP-sagar,water_sanitation,pct_households_no_improved_water,Households without an improved drinking water source,86.7,13.3,NFHS-5,2021
IN-MP-sagar,electricity,pct_households_no_electricity,Households without an electricity connection,98.6,1.4,NFHS-5,2021
IN-UP-saharanpur,health,pct_births_non_institutional,Births not delivered in a health facility,81.7,18.3,NFHS-5,2021
IN-UP-saharanpur,education,pct_females_never_attended_school,Females age 6+ who never attended school,69.3,30.7,NFHS-5,2021
IN-UP-saharanpur,water_sanitation,pct_households_no_improved_sanitation,Households without an improved sanitation facility,83.8,16.2,NFHS-5,2021
IN-UP-saharanpur,water_sanitation,pct_households_no_improved_water,Households without an improved drinking water source,99.7,0.3,NFHS-5,2021
IN-UP-saharanpur,electricity,pct_households_no_electricity,Households without an electricity connection,98.3,1.7,NFHS-5,2021
IN-BR-saharsa,health,pct_births_non_institutional,Births not delivered in a health facility,70.4,29.6,NFHS-5,2021
IN-BR-saharsa,education,pct_females_never_attended_school,Females age 6+ who never attended school,50.2,49.8,NFHS-5,2021
IN-BR-saharsa,water_sanitation,pct_households_no_improved_sanitation,Households without an improved sanitation facility,40.5,59.5,NFHS-5,2021
IN-BR-saharsa,water_sanitation,pct_households_no_improved_water,Households without an improved drinking water source,100.0,0.0,NFHS-5,2021
IN-BR-saharsa,electricity,pct_households_no_electricity,Households without an electricity connection,97.2,2.8,NFHS-5,2021
IN-JH-sahibganj,health,pct_births_non_institutional,Births not delivered in a health facility,81.8,18.2,NFHS-5,2021
IN-JH-sahibganj,education,pct_females_never_attended_school,Females age 6+ who never attended school,64.4,35.6,NFHS-5,2021
IN-JH-sahibganj,water_sanitation,pct_households_no_improved_sanitation,Households without an improved sanitation facility,60.9,39.1,NFHS-5,2021
IN-JH-sahibganj,water_sanitation,pct_households_no_improved_water,Households without an improved drinking water source,85.7,14.3,NFHS-5,2021
IN-JH-sahibganj,electricity,pct_households_no_electricity,Households without an electricity connection,93.5,6.5,NFHS-5,2021
IN-PB-sahibzada-ajit-singh-nagar,health,pct_births_non_institutional,Births not delivered in a health facility,97.4,2.6,NFHS-5,2021
IN-PB-sahibzada-ajit-singh-nagar,education,pct_females_never_attended_school,Females age 6+ who never attended school,84.3,15.7,NFHS-5,2021
IN-PB-sahibzada-ajit-singh-nagar,water_sanitation,pct_households_no_improved_sanitation,Households without an improved sanitation facility,87.6,12.4,NFHS-5,2021
IN-PB-sahibzada-ajit-singh-nagar,water_sanitation,pct_households_no_improved_water,Households without an improved drinking water source,99.9,0.1,NFHS-5,2021
IN-PB-sahibzada-ajit-singh-nagar,electricity,pct_households_no_electricity,Households without an electricity connection,99.6,0.4,NFHS-5,2021
IN-MZ-saiha,health,pct_births_non_institutional,Births not delivered in a health facility,73.8,26.2,NFHS-5,2021
IN-MZ-saiha,education,pct_females_never_attended_school,Females age 6+ who never attended school,92.2,7.8,NFHS-5,2021
IN-MZ-saiha,water_sanitation,pct_households_no_improved_sanitation,Households without an improved sanitation facility,91.5,8.5,NFHS-5,2021
IN-MZ-saiha,water_sanitation,pct_households_no_improved_water,Households without an improved drinking water source,95.2,4.8,NFHS-5,2021
IN-MZ-saiha,electricity,pct_households_no_electricity,Households without an electricity connection,99.7,0.3,NFHS-5,2021
IN-TN-salem,health,pct_births_non_institutional,Births not delivered in a health facility,100.0,0.0,NFHS-5,2021
IN-TN-salem,education,pct_females_never_attended_school,Females age 6+ who never attended school,74.4,25.6,NFHS-5,2021
IN-TN-salem,water_sanitation,pct_households_no_improved_sanitation,Households without an improved sanitation facility,64.5,35.5,NFHS-5,2021
IN-TN-salem,water_sanitation,pct_households_no_improved_water,Households without an improved drinking water source,97.6,2.4,NFHS-5,2021
IN-TN-salem,electricity,pct_households_no_electricity,Households without an electricity connection,99.5,0.5,NFHS-5,2021
IN-BR-samastipur,health,pct_births_non_institutional,Births not delivered in a health facility,83.4,16.6,NFHS-5,2021
IN-BR-samastipur,education,pct_females_never_attended_school,Females age 6+ who never attended school,60.9,39.1,NFHS-5,2021
IN-BR-samastipur,water_sanitation,pct_households_no_improved_sanitation,Households without an improved sanitation facility,48.8,51.2,NFHS-5,2021
IN-BR-samastipur,water_sanitation,pct_households_no_improved_water,Households without an improved drinking water source,98.6,1.4,NFHS-5,2021
IN-BR-samastipur,electricity,pct_households_no_electricity,Households without an electricity connection,95.7,4.3,NFHS-5,2021
IN-JK-samba,health,pct_births_non_institutional,Births not delivered in a health facility,97.9,2.1,NFHS-5,2021
IN-JK-samba,education,pct_females_never_attended_school,Females age 6+ who never attended school,76.6,23.4,NFHS-5,2021
IN-JK-samba,water_sanitation,pct_households_no_improved_sanitation,Households without an improved sanitation facility,78.8,21.2,NFHS-5,2021
IN-JK-samba,water_sanitation,pct_households_no_improved_water,Households without an improved drinking water source,95.4,4.6,NFHS-5,2021
IN-JK-samba,electricity,pct_households_no_electricity,Households without an electricity connection,99.8,0.2,NFHS-5,2021
IN-OR-sambalpur,health,pct_births_non_institutional,Births not delivered in a health facility,99.5,0.5,NFHS-5,2021
IN-OR-sambalpur,education,pct_females_never_attended_school,Females age 6+ who never attended school,74.6,25.4,NFHS-5,2021
IN-OR-sambalpur,water_sanitation,pct_households_no_improved_sanitation,Households without an improved sanitation facility,62.4,37.6,NFHS-5,2021
IN-OR-sambalpur,water_sanitation,pct_households_no_improved_water,Households without an improved drinking water source,93.0,7.0,NFHS-5,2021
IN-OR-sambalpur,electricity,pct_households_no_electricity,Households without an electricity connection,98.8,1.2,NFHS-5,2021
IN-MH-sangli,health,pct_births_non_institutional,Births not delivered in a health facility,98.0,2.0,NFHS-5,2021
IN-MH-sangli,education,pct_females_never_attended_school,Females age 6+ who never attended school,80.4,19.6,NFHS-5,2021
IN-MH-sangli,water_sanitation,pct_households_no_improved_sanitation,Households without an improved sanitation facility,84.7,15.3,NFHS-5,2021
IN-MH-sangli,water_sanitation,pct_households_no_improved_water,Households without an improved drinking water source,96.8,3.2,NFHS-5,2021
IN-MH-sangli,electricity,pct_households_no_electricity,Households without an electricity connection,98.2,1.8,NFHS-5,2021
IN-PB-sangrur,health,pct_births_non_institutional,Births not delivered in a health facility,94.7,5.3,NFHS-5,2021
IN-PB-sangrur,education,pct_females_never_attended_school,Females age 6+ who never attended school,73.5,26.5,NFHS-5,2021
IN-PB-sangrur,water_sanitation,pct_households_no_improved_sanitation,Households without an improved sanitation facility,92.4,7.6,NFHS-5,2021
IN-PB-sangrur,water_sanitation,pct_households_no_improved_water,Households without an improved drinking water source,99.7,0.3,NFHS-5,2021
IN-PB-sangrur,electricity,pct_households_no_electricity,Households without an electricity connection,99.6,0.4,NFHS-5,2021
IN-UP-sant-kabir-nagar,health,pct_births_non_institutional,Births not delivered in a health facility,90.6,9.4,NFHS-5,2021
IN-UP-sant-kabir-nagar,education,pct_females_never_attended_school,Females age 6+ who never attended school,63.8,36.2,NFHS-5,2021
IN-UP-sant-kabir-nagar,water_sanitation,pct_households_no_improved_sanitation,Households without an improved sanitation facility,65.1,34.9,NFHS-5,2021
IN-UP-sant-kabir-nagar,water_sanitation,pct_households_no_improved_water,Households without an improved drinking water source,99.9,0.1,NFHS-5,2021
IN-UP-sant-kabir-nagar,electricity,pct_households_no_electricity,Households without an electricity connection,94.0,6.0,NFHS-5,2021
IN-UP-sant-ravi-das-nagar-bhadohi,health,pct_births_non_institutional,Births not delivered in a health facility,90.3,9.7,NFHS-5,2021
IN-UP-sant-ravi-das-nagar-bhadohi,education,pct_females_never_attended_school,Females age 6+ who never attended school,67.3,32.7,NFHS-5,2021
IN-UP-sant-ravi-das-nagar-bhadohi,water_sanitation,pct_households_no_improved_sanitation,Households without an improved sanitation facility,68.8,31.2,NFHS-5,2021
IN-UP-sant-ravi-das-nagar-bhadohi,water_sanitation,pct_households_no_improved_water,Households without an improved drinking water source,96.7,3.3,NFHS-5,2021
IN-UP-sant-ravi-das-nagar-bhadohi,electricity,pct_households_no_electricity,Households without an electricity connection,96.5,3.5,NFHS-5,2021
IN-BR-saran-chhapra,health,pct_births_non_institutional,Births not delivered in a health facility,73.0,27.0,NFHS-5,2021
IN-BR-saran-chhapra,education,pct_females_never_attended_school,Females age 6+ who never attended school,64.8,35.2,NFHS-5,2021
IN-BR-saran-chhapra,water_sanitation,pct_households_no_improved_sanitation,Households without an improved sanitation facility,37.2,62.8,NFHS-5,2021
IN-BR-saran-chhapra,water_sanitation,pct_households_no_improved_water,Households without an improved drinking water source,99.7,0.3,NFHS-5,2021
IN-BR-saran-chhapra,electricity,pct_households_no_electricity,Households without an electricity connection,93.6,6.4,NFHS-5,2021
IN-MH-satara,health,pct_births_non_institutional,Births not delivered in a health facility,97.1,2.9,NFHS-5,2021
IN-MH-satara,education,pct_females_never_attended_school,Females age 6+ who never attended school,78.5,21.5,NFHS-5,2021
IN-MH-satara,water_sanitation,pct_households_no_improved_sanitation,Households without an improved sanitation facility,78.7,21.3,NFHS-5,2021
IN-MH-satara,water_sanitation,pct_households_no_improved_water,Households without an improved drinking water source,95.6,4.4,NFHS-5,2021
IN-MH-satara,electricity,pct_households_no_electricity,Households without an electricity connection,97.9,2.1,NFHS-5,2021
IN-MP-satna,health,pct_births_non_institutional,Births not delivered in a health facility,85.5,14.5,NFHS-5,2021
IN-MP-satna,education,pct_females_never_attended_school,Females age 6+ who never attended school,71.9,28.1,NFHS-5,2021
IN-MP-satna,water_sanitation,pct_households_no_improved_sanitation,Households without an improved sanitation facility,55.4,44.6,NFHS-5,2021
IN-MP-satna,water_sanitation,pct_households_no_improved_water,Households without an improved drinking water source,92.7,7.3,NFHS-5,2021
IN-MP-satna,electricity,pct_households_no_electricity,Households without an electricity connection,97.8,2.2,NFHS-5,2021
IN-MP-sehore,health,pct_births_non_institutional,Births not delivered in a health facility,94.7,5.3,NFHS-5,2021
IN-MP-sehore,education,pct_females_never_attended_school,Females age 6+ who never attended school,68.5,31.5,NFHS-5,2021
IN-MP-sehore,water_sanitation,pct_households_no_improved_sanitation,Households without an improved sanitation facility,75.2,24.8,NFHS-5,2021
IN-MP-sehore,water_sanitation,pct_households_no_improved_water,Households without an improved drinking water source,92.2,7.8,NFHS-5,2021
IN-MP-sehore,electricity,pct_households_no_electricity,Households without an electricity connection,99.2,0.8,NFHS-5,2021
IN-MN-senapati,health,pct_births_non_institutional,Births not delivered in a health facility,45.8,54.2,NFHS-5,2021
IN-MN-senapati,education,pct_females_never_attended_school,Females age 6+ who never attended school,79.6,20.4,NFHS-5,2021
IN-MN-senapati,water_sanitation,pct_households_no_improved_sanitation,Households without an improved sanitation facility,84.4,15.6,NFHS-5,2021
IN-MN-senapati,water_sanitation,pct_households_no_improved_water,Households without an improved drinking water source,64.4,35.6,NFHS-5,2021
IN-MN-senapati,electricity,pct_households_no_electricity,Households without an electricity connection,98.8,1.2,NFHS-5,2021
IN-MP-seoni,health,pct_births_non_institutional,Births not delivered in a health facility,94.8,5.2,NFHS-5,2021
IN-MP-seoni,education,pct_females_never_attended_school,Females age 6+ who never attended school,71.3,28.7,NFHS-5,2021
IN-MP-seoni,water_sanitation,pct_households_no_improved_sanitation,Households without an improved sanitation facility,56.2,43.8,NFHS-5,2021
IN-MP-seoni,water_sanitation,pct_households_no_improved_water,Households without an improved drinking water source,79.1,20.9,NFHS-5,2021
IN-MP-seoni,electricity,pct_households_no_electricity,Households without an electricity connection,99.2,0.8,NFHS-5,2021
IN-MZ-serchhip,health,pct_births_non_institutional,Births not delivered in a health facility,96.2,3.8,NFHS-5,2021
IN-MZ-serchhip,education,pct_females_never_attended_school,Females age 6+ who never attended school,96.8,3.2,NFHS-5,2021
IN-MZ-serchhip,water_sanitation,pct_households_no_improved_sanitation,Households without an improved sanitation facility,98.2,1.8,NFHS-5,2021
IN-MZ-serchhip,water_sanitation,pct_households_no_improved_water,Households without an improved drinking water source,97.7,2.3,NFHS-5,2021
IN-MZ-serchhip,electricity,pct_households_no_electricity,Households without an electricity connection,99.3,0.7,NFHS-5,2021
IN-MP-shahdol,health,pct_births_non_institutional,Births not delivered in a health facility,85.6,14.4,NFHS-5,2021
IN-MP-shahdol,education,pct_females_never_attended_school,Females age 6+ who never attended school,67.2,32.8,NFHS-5,2021
IN-MP-shahdol,water_sanitation,pct_households_no_improved_sanitation,Households without an improved sanitation facility,61.4,38.6,NFHS-5,2021
IN-MP-shahdol,water_sanitation,pct_households_no_improved_water,Households without an improved drinking water source,79.2,20.8,NFHS-5,2021
IN-MP-shahdol,electricity,pct_households_no_electricity,Households without an electricity connection,97.5,2.5,NFHS-5,2021
IN-PB-shahid-bhagat-singh-nagar,health,pct_births_non_institutional,Births not delivered in a health facility,99.3,0.7,NFHS-5,2021
IN-PB-shahid-bhagat-singh-nagar,education,pct_females_never_attended_school,Females age 6+ who never attended school,82.3,17.7,NFHS-5,2021
IN-PB-shahid-bhagat-singh-nagar,water_sanitation,pct_households_no_improved_sanitation,Households without an improved sanitation facility,91.3,8.7,NFHS-5,2021
IN-PB-shahid-bhagat-singh-nagar,water_sanitation,pct_households_no_improved_water,Households without an improved drinking water source,99.7,0.3,NFHS-5,2021
IN-PB-shahid-bhagat-singh-nagar,electricity,pct_households_no_electricity,Households without an electricity connection,100.0,0.0,NFHS-5,2021
IN-UP-shahjahanpur,health,pct_births_non_institutional,Births not delivered in a health facility,63.3,36.7,NFHS-5,2021
IN-UP-shahjahanpur,education,pct_females_never_attended_school,Females age 6+ who never attended school,63.2,36.8,NFHS-5,2021
IN-UP-shahjahanpur,water_sanitation,pct_households_no_improved_sanitation,Households without an improved sanitation facility,69.2,30.8,NFHS-5,2021
IN-UP-shahjahanpur,water_sanitation,pct_households_no_improved_water,Households without an improved drinking water source,100.0,0.0,NFHS-5,2021
IN-UP-shahjahanpur,electricity,pct_households_no_electricity,Households without an electricity connection,84.1,15.9,NFHS-5,2021
IN-MP-shajapur,health,pct_births_non_institutional,Births not delivered in a health facility,98.1,1.9,NFHS-5,2021
IN-MP-shajapur,education,pct_females_never_attended_school,Females age 6+ who never attended school,62.6,37.4,NFHS-5,2021
IN-MP-shajapur,water_sanitation,pct_households_no_improved_sanitation,Households without an improved sanitation facility,74.5,25.5,NFHS-5,2021
IN-MP-shajapur,water_sanitation,pct_households_no_improved_water,Households without an improved drinking water source,91.8,8.2,NFHS-5,2021
IN-MP-shajapur,electricity,pct_households_no_electricity,Households without an electricity connection,99.9,0.1,NFHS-5,2021
IN-BR-sheikhpura,health,pct_births_non_institutional,Births not delivered in a health facility,89.2,10.8,NFHS-5,2021
IN-BR-sheikhpura,education,pct_females_never_attended_school,Females age 6+ who never attended school,58.5,41.5,NFHS-5,2021
IN-BR-sheikhpura,water_sanitation,pct_households_no_improved_sanitation,Households without an improved sanitation facility,54.2,45.8,NFHS-5,2021
IN-BR-sheikhpura,water_sanitation,pct_households_no_improved_water,Households without an improved drinking water source,98.4,1.6,NFHS-5,2021
IN-BR-sheikhpura,electricity,pct_households_no_electricity,Households without an electricity connection,97.3,2.7,NFHS-5,2021
IN-BR-sheohar,health,pct_births_non_institutional,Births not delivered in a health facility,74.3,25.7,NFHS-5,2021
IN-BR-sheohar,education,pct_females_never_attended_school,Females age 6+ who never attended school,56.2,43.8,NFHS-5,2021
IN-BR-sheohar,water_sanitation,pct_households_no_improved_sanitation,Households without an improved sanitation facility,57.9,42.1,NFHS-5,2021
IN-BR-sheohar,water_sanitation,pct_households_no_improved_water,Households without an improved drinking water source,100.0,0.0,NFHS-5,2021
IN-BR-sheohar,electricity,pct_households_no_electricity,Households without an electricity connection,97.6,2.4,NFHS-5,2021
IN-MP-sheopur,health,pct_births_non_institutional,Births not delivered in a health facility,84.2,15.8,NFHS-5,2021
IN-MP-sheopur,education,pct_females_never_attended_school,Females age 6+ who never attended school,53.1,46.9,NFHS-5,2021
IN-MP-sheopur,water_sanitation,pct_households_no_improved_sanitation,Households without an improved sanitation facility,48.0,52.0,NFHS-5,2021
IN-MP-sheopur,water_sanitation,pct_households_no_improved_water,Households without an improved drinking water source,91.1,8.9,NFHS-5,2021
IN-MP-sheopur,electricity,pct_households_no_electricity,Households without an electricity connection,98.0,2.0,NFHS-5,2021
IN-HP-shimla,health,pct_births_non_institutional,Births not delivered in a health facility,92.2,7.8,NFHS-5,2021
IN-HP-shimla,education,pct_females_never_attended_school,Females age 6+ who never attended school,81.6,18.4,NFHS-5,2021
IN-HP-shimla,water_sanitation,pct_households_no_improved_sanitation,Households without an improved sanitation facility,87.3,12.7,NFHS-5,2021
IN-HP-shimla,water_sanitation,pct_households_no_improved_water,Households without an improved drinking water source,97.3,2.7,NFHS-5,2021
IN-HP-shimla,electricity,pct_households_no_electricity,Households without an electricity connection,100.0,0.0,NFHS-5,2021
IN-KA-shimoga,health,pct_births_non_institutional,Births not delivered in a health facility,99.7,0.3,NFHS-5,2021
IN-KA-shimoga,education,pct_females_never_attended_school,Females age 6+ who never attended school,78.8,21.2,NFHS-5,2021
IN-KA-shimoga,water_sanitation,pct_households_no_improved_sanitation,Households without an improved sanitation facility,85.4,14.6,NFHS-5,2021
IN-KA-shimoga,water_sanitation,pct_households_no_improved_water,Households without an improved drinking water source,94.6,5.4,NFHS-5,2021
IN-KA-shimoga,electricity,pct_households_no_electricity,Households without an electricity connection,99.5,0.5,NFHS-5,2021
IN-MP-shivpuri,health,pct_births_non_institutional,Births not delivered in a health facility,94.5,5.5,NFHS-5,2021
IN-MP-shivpuri,education,pct_females_never_attended_school,Females age 6+ who never attended school,61.4,38.6,NFHS-5,2021
IN-MP-shivpuri,water_sanitation,pct_households_no_improved_sanitation,Households without an improved sanitation facility,55.5,44.5,NFHS-5,2021
IN-MP-shivpuri,water_sanitation,pct_households_no_improved_water,Households without an improved drinking water source,86.8,13.2,NFHS-5,2021
IN-MP-shivpuri,electricity,pct_households_no_electricity,Households without an electricity connection,97.2,2.8,NFHS-5,2021
IN-UP-shrawasti,health,pct_births_non_institutional,Births not delivered in a health facility,80.4,19.6,NFHS-5,2021
IN-UP-shrawasti,education,pct_females_never_attended_school,Females age 6+ who never attended school,47.0,53.0,NFHS-5,2021
IN-UP-shrawasti,water_sanitation,pct_households_no_improved_sanitation,Households without an improved sanitation facility,58.1,41.9,NFHS-5,2021
IN-UP-shrawasti,water_sanitation,pct_households_no_improved_water,Households without an improved drinking water source,99.3,0.7,NFHS-5,2021
IN-UP-shrawasti,electricity,pct_households_no_electricity,Households without an electricity connection,73.7,26.3,NFHS-5,2021
IN-JK-shupiyan,health,pct_births_non_institutional,Births not delivered in a health facility,98.3,1.7,NFHS-5,2021
IN-JK-shupiyan,education,pct_females_never_attended_school,Females age 6+ who never attended school,71.4,28.6,NFHS-5,2021
IN-JK-shupiyan,water_sanitation,pct_households_no_improved_sanitation,Households without an improved sanitation facility,86.5,13.5,NFHS-5,2021
IN-JK-shupiyan,water_sanitation,pct_households_no_improved_water,Households without an improved drinking water source,99.2,0.8,NFHS-5,2021
IN-JK-shupiyan,electricity,pct_households_no_electricity,Households without an electricity connection,99.9,0.1,NFHS-5,2021
IN-AS-sivasagar,health,pct_births_non_institutional,Births not delivered in a health facility,95.3,4.7,NFHS-5,2021
IN-AS-sivasagar,education,pct_females_never_attended_school,Females age 6+ who never attended school,87.1,12.9,NFHS-5,2021
IN-AS-sivasagar,water_sanitation,pct_households_no_improved_sanitation,Households without an improved sanitation facility,82.3,17.7,NFHS-5,2021
IN-AS-sivasagar,water_sanitation,pct_households_no_improved_water,Households without an improved drinking water source,92.7,7.3,NFHS-5,2021
IN-AS-sivasagar,electricity,pct_households_no_electricity,Households without an electricity connection,97.0,3.0,NFHS-5,2021
IN-UP-siddharth-nagar,health,pct_births_non_institutional,Births not delivered in a health facility,69.7,30.3,NFHS-5,2021
IN-UP-siddharth-nagar,education,pct_females_never_attended_school,Females age 6+ who never attended school,57.7,42.3,NFHS-5,2021
IN-UP-siddharth-nagar,water_sanitation,pct_households_no_improved_sanitation,Households without an improved sanitation facility,42.8,57.2,NFHS-5,2021
IN-UP-siddharth-nagar,water_sanitation,pct_households_no_improved_water,Households without an improved drinking water source,99.9,0.1,NFHS-5,2021
IN-UP-siddharth-nagar,electricity,pct_households_no_electricity,Households without an electricity connection,90.7,9.3,NFHS-5,2021
IN-MP-sidhi,health,pct_births_non_institutional,Births not delivered in a health facility,83.8,16.2,NFHS-5,2021
IN-MP-sidhi,education,pct_females_never_attended_school,Females age 6+ who never attended school,66.7,33.3,NFHS-5,2021
IN-MP-sidhi,water_sanitation,pct_households_no_improved_sanitation,Households without an improved sanitation facility,44.7,55.3,NFHS-5,2021
IN-MP-sidhi,water_sanitation,pct_households_no_improved_water,Households without an improved drinking water source,83.7,16.3,NFHS-5,2021
IN-MP-sidhi,electricity,pct_households_no_electricity,Households without an electricity connection,96.4,3.6,NFHS-5,2021
IN-RJ-sikar,health,pct_births_non_institutional,Births not delivered in a health facility,95.8,4.2,NFHS-5,2021
IN-RJ-sikar,education,pct_females_never_attended_school,Females age 6+ who never attended school,67.9,32.1,NFHS-5,2021
IN-RJ-sikar,water_sanitation,pct_households_no_improved_sanitation,Households without an improved sanitation facility,77.9,22.1,NFHS-5,2021
IN-RJ-sikar,water_sanitation,pct_households_no_improved_water,Households without an improved drinking water source,99.4,0.6,NFHS-5,2021
IN-RJ-sikar,electricity,pct_households_no_electricity,Households without an electricity connection,99.2,0.8,NFHS-5,2021
IN-JH-simdega,health,pct_births_non_institutional,Births not delivered in a health facility,75.7,24.3,NFHS-5,2021
IN-JH-simdega,education,pct_females_never_attended_school,Females age 6+ who never attended school,68.2,31.8,NFHS-5,2021
IN-JH-simdega,water_sanitation,pct_households_no_improved_sanitation,Households without an improved sanitation facility,71.3,28.7,NFHS-5,2021
IN-JH-simdega,water_sanitation,pct_households_no_improved_water,Households without an improved drinking water source,66.7,33.3,NFHS-5,2021
IN-JH-simdega,electricity,pct_households_no_electricity,Households without an electricity connection,84.1,15.9,NFHS-5,2021
IN-MH-sindhudurg,health,pct_births_non_institutional,Births not delivered in a health facility,100.0,0.0,NFHS-5,2021
IN-MH-sindhudurg,education,pct_females_never_attended_school,Females age 6+ who never attended school,83.1,16.9,NFHS-5,2021
IN-MH-sindhudurg,water_sanitation,pct_households_no_improved_sanitation,Households without an improved sanitation facility,87.9,12.1,NFHS-5,2021
IN-MH-sindhudurg,water_sanitation,pct_households_no_improved_water,Households without an improved drinking water source,73.2,26.8,NFHS-5,2021
IN-MH-sindhudurg,electricity,pct_households_no_electricity,Households without an electricity connection,99.4,0.6,NFHS-5,2021
IN-MP-singrauli,health,pct_births_non_institutional,Births not delivered in a health facility,69.9,30.1,NFHS-5,2021
IN-MP-singrauli,education,pct_females_never_attended_school,Females age 6+ who never attended school,60.9,39.1,NFHS-5,2021
IN-MP-singrauli,water_sanitation,pct_households_no_improved_sanitation,Households without an improved sanitation facility,52.6,47.4,NFHS-5,2021
IN-MP-singrauli,water_sanitation,pct_households_no_improved_water,Households without an improved drinking water source,77.9,22.1,NFHS-5,2021
IN-MP-singrauli,electricity,pct_households_no_electricity,Households without an electricity connection,92.7,7.3,NFHS-5,2021
IN-HP-sirmaur,health,pct_births_non_institutional,Births not delivered in a health facility,87.4,12.6,NFHS-5,2021
IN-HP-sirmaur,education,pct_females_never_attended_school,Females age 6+ who never attended school,75.7,24.3,NFHS-5,2021
IN-HP-sirmaur,water_sanitation,pct_households_no_improved_sanitation,Households without an improved sanitation facility,84.3,15.7,NFHS-5,2021
IN-HP-sirmaur,water_sanitation,pct_households_no_improved_water,Households without an improved drinking water source,95.7,4.3,NFHS-5,2021
IN-HP-sirmaur,electricity,pct_households_no_electricity,Households without an electricity connection,99.2,0.8,NFHS-5,2021
IN-RJ-sirohi,health,pct_births_non_institutional,Births not delivered in a health facility,95.7,4.3,NFHS-5,2021
IN-RJ-sirohi,education,pct_females_never_attended_school,Females age 6+ who never attended school,59.4,40.6,NFHS-5,2021
IN-RJ-sirohi,water_sanitation,pct_households_no_improved_sanitation,Households without an improved sanitation facility,54.1,45.9,NFHS-5,2021
IN-RJ-sirohi,water_sanitation,pct_households_no_improved_water,Households without an improved drinking water source,93.6,6.4,NFHS-5,2021
IN-RJ-sirohi,electricity,pct_households_no_electricity,Households without an electricity connection,93.9,6.1,NFHS-5,2021
IN-HR-sirsa,health,pct_births_non_institutional,Births not delivered in a health facility,99.3,0.7,NFHS-5,2021
IN-HR-sirsa,education,pct_females_never_attended_school,Females age 6+ who never attended school,68.3,31.7,NFHS-5,2021
IN-HR-sirsa,water_sanitation,pct_households_no_improved_sanitation,Households without an improved sanitation facility,81.9,18.1,NFHS-5,2021
IN-HR-sirsa,water_sanitation,pct_households_no_improved_water,Households without an improved drinking water source,99.3,0.7,NFHS-5,2021
IN-HR-sirsa,electricity,pct_households_no_electricity,Households without an electricity connection,99.9,0.1,NFHS-5,2021
IN-BR-sitamarhi,health,pct_births_non_institutional,Births not delivered in a health facility,64.4,35.6,NFHS-5,2021
IN-BR-sitamarhi,education,pct_females_never_attended_school,Females age 6+ who never attended school,59.1,40.9,NFHS-5,2021
IN-BR-sitamarhi,water_sanitation,pct_households_no_improved_sanitation,Households without an improved sanitation facility,50.7,49.3,NFHS-5,2021
IN-BR-sitamarhi,water_sanitation,pct_households_no_improved_water,Households without an improved drinking water source,99.7,0.3,NFHS-5,2021
IN-BR-sitamarhi,electricity,pct_households_no_electricity,Households without an electricity connection,93.1,6.9,NFHS-5,2021
IN-UP-sitapur,health,pct_births_non_institutional,Births not delivered in a health facility,84.8,15.2,NFHS-5,2021
IN-UP-sitapur,education,pct_females_never_attended_school,Females age 6+ who never attended school,65.0,35.0,NFHS-5,2021
IN-UP-sitapur,water_sanitation,pct_households_no_improved_sanitation,Households without an improved sanitation facility,52.5,47.5,NFHS-5,2021
IN-UP-sitapur,water_sanitation,pct_households_no_improved_water,Households without an improved drinking water source,99.7,0.3,NFHS-5,2021
IN-UP-sitapur,electricity,pct_households_no_electricity,Households without an electricity connection,68.4,31.6,NFHS-5,2021
IN-TN-sivaganga,health,pct_births_non_institutional,Births not delivered in a health facility,100.0,0.0,NFHS-5,2021
IN-TN-sivaganga,education,pct_females_never_attended_school,Females age 6+ who never attended school,78.8,21.2,NFHS-5,2021
IN-TN-sivaganga,water_sanitation,pct_households_no_improved_sanitation,Households without an improved sanitation facility,74.4,25.6,NFHS-5,2021
IN-TN-sivaganga,water_sanitation,pct_households_no_improved_water,Households without an improved drinking water source,96.5,3.5,NFHS-5,2021
IN-TN-sivaganga,electricity,pct_households_no_electricity,Households without an electricity connection,99.4,0.6,NFHS-5,2021
IN-BR-siwan,health,pct_births_non_institutional,Births not delivered in a health facility,86.4,13.6,NFHS-5,2021
IN-BR-siwan,education,pct_females_never_attended_school,Females age 6+ who never attended school,70.7,29.3,NFHS-5,2021
IN-BR-siwan,water_sanitation,pct_households_no_improved_sanitation,Households without an improved sanitation facility,47.7,52.3,NFHS-5,2021
IN-BR-siwan,water_sanitation,pct_households_no_improved_water,Households without an improved drinking water source,99.8,0.2,NFHS-5,2021
IN-BR-siwan,electricity,pct_households_no_electricity,Households without an electricity connection,95.3,4.7,NFHS-5,2021
IN-HP-solan,health,pct_births_non_institutional,Births not delivered in a health facility,90.2,9.8,NFHS-5,2021
IN-HP-solan,education,pct_females_never_attended_school,Females age 6+ who never attended school,82.4,17.6,NFHS-5,2021
IN-HP-solan,water_sanitation,pct_households_no_improved_sanitation,Households without an improved sanitation facility,81.8,18.2,NFHS-5,2021
IN-HP-solan,water_sanitation,pct_households_no_improved_water,Households without an improved drinking water source,96.5,3.5,NFHS-5,2021
IN-HP-solan,electricity,pct_households_no_electricity,Households without an electricity connection,99.2,0.8,NFHS-5,2021
IN-MH-solapur,health,pct_births_non_institutional,Births not delivered in a health facility,96.2,3.8,NFHS-5,2021
IN-MH-solapur,education,pct_females_never_attended_school,Females age 6+ who never attended school,72.0,28.0,NFHS-5,2021
IN-MH-solapur,water_sanitation,pct_households_no_improved_sanitation,Households without an improved sanitation facility,67.8,32.2,NFHS-5,2021
IN-MH-solapur,water_sanitation,pct_households_no_improved_water,Households without an improved drinking water source,90.4,9.6,NFHS-5,2021
IN-MH-solapur,electricity,pct_households_no_electricity,Households without an electricity connection,97.1,2.9,NFHS-5,2021
IN-OR-subarnapur,health,pct_births_non_institutional,Births not delivered in a health facility,96.1,3.9,NFHS-5,2021
IN-OR-subarnapur,education,pct_females_never_attended_school,Females age 6+ who never attended school,74.4,25.6,NFHS-5,2021
IN-OR-subarnapur,water_sanitation,pct_households_no_improved_sanitation,Households without an improved sanitation facility,66.7,33.3,NFHS-5,2021
IN-OR-subarnapur,water_sanitation,pct_households_no_improved_water,Households without an improved drinking water source,94.2,5.8,NFHS-5,2021
IN-OR-subarnapur,electricity,pct_households_no_electricity,Households without an electricity connection,98.7,1.3,NFHS-5,2021
IN-UP-sonbhadra,health,pct_births_non_institutional,Births not delivered in a health facility,76.8,23.2,NFHS-5,2021
IN-UP-sonbhadra,education,pct_females_never_attended_school,Females age 6+ who never attended school,62.1,37.9,NFHS-5,2021
IN-UP-sonbhadra,water_sanitation,pct_households_no_improved_sanitation,Households without an improved sanitation facility,70.6,29.4,NFHS-5,2021
IN-UP-sonbhadra,water_sanitation,pct_households_no_improved_water,Households without an improved drinking water source,89.6,10.4,NFHS-5,2021
IN-UP-sonbhadra,electricity,pct_households_no_electricity,Households without an electricity connection,82.9,17.1,NFHS-5,2021
IN-HR-sonipat,health,pct_births_non_institutional,Births not delivered in a health facility,99.7,0.3,NFHS-5,2021
IN-HR-sonipat,education,pct_females_never_attended_school,Females age 6+ who never attended school,78.9,21.1,NFHS-5,2021
IN-HR-sonipat,water_sanitation,pct_households_no_improved_sanitation,Households without an improved sanitation facility,86.7,13.3,NFHS-5,2021
IN-HR-sonipat,water_sanitation,pct_households_no_improved_water,Households without an improved drinking water source,97.2,2.8,NFHS-5,2021
IN-HR-sonipat,electricity,pct_households_no_electricity,Households without an electricity connection,99.3,0.7,NFHS-5,2021
IN-AS-sonitpur,health,pct_births_non_institutional,Births not delivered in a health facility,83.5,16.5,NFHS-5,2021
IN-AS-sonitpur,education,pct_females_never_attended_school,Females age 6+ who never attended school,74.9,25.1,NFHS-5,2021
IN-AS-sonitpur,water_sanitation,pct_households_no_improved_sanitation,Households without an improved sanitation facility,72.2,27.8,NFHS-5,2021
IN-AS-sonitpur,water_sanitation,pct_households_no_improved_water,Households without an improved drinking water source,82.9,17.1,NFHS-5,2021
IN-AS-sonitpur,electricity,pct_households_no_electricity,Households without an electricity connection,88.2,11.8,NFHS-5,2021
IN-DL-south,health,pct_births_non_institutional,Births not delivered in a health facility,96.1,3.9,NFHS-5,2021
IN-DL-south,education,pct_females_never_attended_school,Females age 6+ who never attended school,83.9,16.1,NFHS-5,2021
IN-DL-south,water_sanitation,pct_households_no_improved_sanitation,Households without an improved sanitation facility,83.8,16.2,NFHS-5,2021
IN-DL-south,water_sanitation,pct_households_no_improved_water,Households without an improved drinking water source,100.0,0.0,NFHS-5,2021
IN-DL-south,electricity,pct_households_no_electricity,Households without an electricity connection,99.7,0.3,NFHS-5,2021
IN-SK-south,health,pct_births_non_institutional,Births not delivered in a health facility,97.4,2.6,NFHS-5,2021
IN-SK-south,education,pct_females_never_attended_school,Females age 6+ who never attended school,80.2,19.8,NFHS-5,2021
IN-SK-south,water_sanitation,pct_households_no_improved_sanitation,Households without an improved sanitation facility,91.7,8.3,NFHS-5,2021
IN-SK-south,water_sanitation,pct_households_no_improved_water,Households without an improved drinking water source,93.3,6.7,NFHS-5,2021
IN-SK-south,electricity,pct_households_no_electricity,Households without an electricity connection,99.6,0.4,NFHS-5,2021
IN-WB-south-24-parganas,health,pct_births_non_institutional,Births not delivered in a health facility,91.0,9.0,NFHS-5,2021
IN-WB-south-24-parganas,education,pct_females_never_attended_school,Females age 6+ who never attended school,80.9,19.1,NFHS-5,2021
IN-WB-south-24-parganas,water_sanitation,pct_households_no_improved_sanitation,Households without an improved sanitation facility,70.1,29.9,NFHS-5,2021
IN-WB-south-24-parganas,water_sanitation,pct_households_no_improved_water,Households without an improved drinking water source,100.0,0.0,NFHS-5,2021
IN-WB-south-24-parganas,electricity,pct_households_no_electricity,Households without an electricity connection,99.2,0.8,NFHS-5,2021
IN-ML-south-garo-hills,health,pct_births_non_institutional,Births not delivered in a health facility,88.3,11.7,NFHS-5,2021
IN-ML-south-garo-hills,education,pct_females_never_attended_school,Females age 6+ who never attended school,89.2,10.8,NFHS-5,2021
IN-ML-south-garo-hills,water_sanitation,pct_households_no_improved_sanitation,Households without an improved sanitation facility,88.4,11.6,NFHS-5,2021
IN-ML-south-garo-hills,water_sanitation,pct_households_no_improved_water,Households without an improved drinking water source,60.4,39.6,NFHS-5,2021
IN-ML-south-garo-hills,electricity,pct_households_no_electricity,Households without an electricity connection,98.6,1.4,NFHS-5,2021
IN-GA-south-goa,health,pct_births_non_institutional,Births not delivered in a health facility,100.0,0.0,NFHS-5,2021
IN-GA-south-goa,education,pct_females_never_attended_school,Females age 6+ who never attended school,88.2,11.8,NFHS-5,2021
IN-GA-south-goa,water_sanitation,pct_households_no_improved_sanitation,Households without an improved sanitation facility,88.2,11.8,NFHS-5,2021
IN-GA-south-goa,water_sanitation,pct_households_no_improved_water,Households without an improved drinking water source,99.0,1.0,NFHS-5,2021
IN-GA-south-goa,electricity,pct_households_no_electricity,Households without an electricity connection,100.0,0.0,NFHS-5,2021
IN-TR-south-tripura,health,pct_births_non_institutional,Births not delivered in a health facility,89.7,10.3,NFHS-5,2021
IN-TR-south-tripura,education,pct_females_never_attended_school,Females age 6+ who never attended school,80.4,19.6,NFHS-5,2021
IN-TR-south-tripura,water_sanitation,pct_households_no_improved_sanitation,Households without an improved sanitation facility,68.6,31.4,NFHS-5,2021
IN-TR-south-tripura,water_sanitation,pct_households_no_improved_water,Households without an improved drinking water source,90.5,9.5,NFHS-5,2021
IN-TR-south-tripura,electricity,pct_households_no_electricity,Households without an electricity connection,95.9,4.1,NFHS-5,2021
IN-DL-south-west,health,pct_births_non_institutional,Births not delivered in a health facility,82.0,18.0,NFHS-5,2021
IN-DL-south-west,education,pct_females_never_attended_school,Females age 6+ who never attended school,83.5,16.5,NFHS-5,2021
IN-DL-south-west,water_sanitation,pct_households_no_improved_sanitation,Households without an improved sanitation facility,89.5,10.5,NFHS-5,2021
IN-DL-south-west,water_sanitation,pct_households_no_improved_water,Households without an improved drinking water source,100.0,0.0,NFHS-5,2021
IN-DL-south-west,electricity,pct_households_no_electricity,Households without an electricity connection,99.9,0.1,NFHS-5,2021
IN-AP-srikakulam,health,pct_births_non_institutional,Births not delivered in a health facility,88.5,11.5,NFHS-5,2021
IN-AP-srikakulam,education,pct_females_never_attended_school,Females age 6+ who never attended school,55.2,44.8,NFHS-5,2021
IN-AP-srikakulam,water_sanitation,pct_households_no_improved_sanitation,Households without an improved sanitation facility,73.5,26.5,NFHS-5,2021
IN-AP-srikakulam,water_sanitation,pct_households_no_improved_water,Households without an improved drinking water source,97.9,2.1,NFHS-5,2021
IN-AP-srikakulam,electricity,pct_households_no_electricity,Households without an electricity connection,99.9,0.1,NFHS-5,2021
IN-JK-srinagar,health,pct_births_non_institutional,Births not delivered in a health facility,99.2,0.8,NFHS-5,2021
IN-JK-srinagar,education,pct_females_never_attended_school,Females age 6+ who never attended school,68.2,31.8,NFHS-5,2021
IN-JK-srinagar,water_sanitation,pct_households_no_improved_sanitation,Households without an improved sanitation facility,86.8,13.2,NFHS-5,2021
IN-JK-srinagar,water_sanitation,pct_households_no_improved_water,Households without an improved drinking water source,98.5,1.5,NFHS-5,2021
IN-JK-srinagar,electricity,pct_households_no_electricity,Households without an electricity connection,100.0,0.0,NFHS-5,2021
IN-UP-sultanpur,health,pct_births_non_institutional,Births not delivered in a health facility,87.0,13.0,NFHS-5,2021
IN-UP-sultanpur,education,pct_females_never_attended_school,Females age 6+ who never attended school,68.9,31.1,NFHS-5,2021
IN-UP-sultanpur,water_sanitation,pct_households_no_improved_sanitation,Households without an improved sanitation facility,65.1,34.9,NFHS-5,2021
IN-UP-sultanpur,water_sanitation,pct_households_no_improved_water,Households without an improved drinking water source,99.5,0.5,NFHS-5,2021
IN-UP-sultanpur,electricity,pct_households_no_electricity,Households without an electricity connection,94.3,5.7,NFHS-5,2021
IN-OR-sundargarh,health,pct_births_non_institutional,Births not delivered in a health facility,91.3,8.7,NFHS-5,2021
IN-OR-sundargarh,education,pct_females_never_attended_school,Females age 6+ who never attended school,72.0,28.0,NFHS-5,2021
IN-OR-sundargarh,water_sanitation,pct_households_no_improved_sanitation,Households without an improved sanitation facility,65.5,34.5,NFHS-5,2021
IN-OR-sundargarh,water_sanitation,pct_households_no_improved_water,Households without an improved drinking water source,91.5,8.5,NFHS-5,2021
IN-OR-sundargarh,electricity,pct_households_no_electricity,Households without an electricity connection,97.1,2.9,NFHS-5,2021
IN-BR-supaul,health,pct_births_non_institutional,Births not delivered in a health facility,80.4,19.6,NFHS-5,2021
IN-BR-supaul,education,pct_females_never_attended_school,Females age 6+ who never attended school,50.9,49.1,NFHS-5,2021
IN-BR-supaul,water_sanitation,pct_households_no_improved_sanitation,Households without an improved sanitation facility,50.7,49.3,NFHS-5,2021
IN-BR-supaul,water_sanitation,pct_households_no_improved_water,Households without an improved drinking water source,99.7,0.3,NFHS-5,2021
IN-BR-supaul,electricity,pct_households_no_electricity,Households without an electricity connection,97.3,2.7,NFHS-5,2021
IN-GJ-surat,health,pct_births_non_institutional,Births not delivered in a health facility,97.7,2.3,NFHS-5,2021
IN-GJ-surat,education,pct_females_never_attended_school,Females age 6+ who never attended school,82.7,17.3,NFHS-5,2021
IN-GJ-surat,water_sanitation,pct_households_no_improved_sanitation,Households without an improved sanitation facility,82.0,18.0,NFHS-5,2021
IN-GJ-surat,water_sanitation,pct_households_no_improved_water,Households without an improved drinking water source,98.9,1.1,NFHS-5,2021
IN-GJ-surat,electricity,pct_households_no_electricity,Households without an electricity connection,99.3,0.7,NFHS-5,2021
IN-GJ-surendranagar,health,pct_births_non_institutional,Births not delivered in a health facility,85.6,14.4,NFHS-5,2021
IN-GJ-surendranagar,education,pct_females_never_attended_school,Females age 6+ who never attended school,66.0,34.0,NFHS-5,2021
IN-GJ-surendranagar,water_sanitation,pct_households_no_improved_sanitation,Households without an improved sanitation facility,63.8,36.2,NFHS-5,2021
IN-GJ-surendranagar,water_sanitation,pct_households_no_improved_water,Households without an improved drinking water source,96.9,3.1,NFHS-5,2021
IN-GJ-surendranagar,electricity,pct_households_no_electricity,Households without an electricity connection,99.4,0.6,NFHS-5,2021
IN-CT-surguja,health,pct_births_non_institutional,Births not delivered in a health facility,85.3,14.7,NFHS-5,2021
IN-CT-surguja,education,pct_females_never_attended_school,Females age 6+ who never attended school,66.3,33.7,NFHS-5,2021
IN-CT-surguja,water_sanitation,pct_households_no_improved_sanitation,Households without an improved sanitation facility,75.8,24.2,NFHS-5,2021
IN-CT-surguja,water_sanitation,pct_households_no_improved_water,Households without an improved drinking water source,96.4,3.6,NFHS-5,2021
IN-CT-surguja,electricity,pct_households_no_electricity,Households without an electricity connection,99.3,0.7,NFHS-5,2021
IN-MN-tamenglong,health,pct_births_non_institutional,Births not delivered in a health facility,57.7,42.3,NFHS-5,2021
IN-MN-tamenglong,education,pct_females_never_attended_school,Females age 6+ who never attended school,78.4,21.6,NFHS-5,2021
IN-MN-tamenglong,water_sanitation,pct_households_no_improved_sanitation,Households without an improved sanitation facility,77.9,22.1,NFHS-5,2021
IN-MN-tamenglong,water_sanitation,pct_households_no_improved_water,Households without an improved drinking water source,51.6,48.4,NFHS-5,2021
IN-MN-tamenglong,electricity,pct_households_no_electricity,Households without an electricity connection,93.6,6.4,NFHS-5,2021
IN-PB-tarn-taran,health,pct_births_non_institutional,Births not delivered in a health facility,96.0,4.0,NFHS-5,2021
IN-PB-tarn-taran,education,pct_females_never_attended_school,Females age 6+ who never attended school,68.6,31.4,NFHS-5,2021
IN-PB-tarn-taran,water_sanitation,pct_households_no_improved_sanitation,Households without an improved sanitation facility,82.0,18.0,NFHS-5,2021
IN-PB-tarn-taran,water_sanitation,pct_households_no_improved_water,Households without an improved drinking water source,95.6,4.4,NFHS-5,2021
IN-PB-tarn-taran,electricity,pct_households_no_electricity,Households without an electricity connection,99.7,0.3,NFHS-5,2021
IN-AR-tawang,health,pct_births_non_institutional,Births not delivered in a health facility,84.2,15.8,NFHS-5,2021
IN-AR-tawang,education,pct_females_never_attended_school,Females age 6+ who never attended school,59.3,40.7,NFHS-5,2021
IN-AR-tawang,water_sanitation,pct_households_no_improved_sanitation,Households without an improved sanitation facility,81.7,18.3,NFHS-5,2021
IN-AR-tawang,water_sanitation,pct_households_no_improved_water,Households without an improved drinking water source,99.8,0.2,NFHS-5,2021
IN-AR-tawang,electricity,pct_households_no_electricity,Households without an electricity connection,99.7,0.3,NFHS-5,2021
IN-UT-tehri-garhwal,health,pct_births_non_institutional,Births not delivered in a health facility,82.2,17.8,NFHS-5,2021
IN-UT-tehri-garhwal,education,pct_females_never_attended_school,Females age 6+ who never attended school,62.2,37.8,NFHS-5,2021
IN-UT-tehri-garhwal,water_sanitation,pct_households_no_improved_sanitation,Households without an improved sanitation facility,84.6,15.4,NFHS-5,2021
IN-UT-tehri-garhwal,water_sanitation,pct_households_no_improved_water,Households without an improved drinking water source,84.1,15.9,NFHS-5,2021
IN-UT-tehri-garhwal,electricity,pct_households_no_electricity,Households without an electricity connection,99.9,0.1,NFHS-5,2021
IN-MH-thane,health,pct_births_non_institutional,Births not delivered in a health facility,93.6,6.4,NFHS-5,2021
IN-MH-thane,education,pct_females_never_attended_school,Females age 6+ who never attended school,86.1,13.9,NFHS-5,2021
IN-MH-thane,water_sanitation,pct_households_no_improved_sanitation,Households without an improved sanitation facility,74.7,25.3,NFHS-5,2021
IN-MH-thane,water_sanitation,pct_households_no_improved_water,Households without an improved drinking water source,96.7,3.3,NFHS-5,2021
IN-MH-thane,electricity,pct_households_no_electricity,Households without an electricity connection,99.3,0.7,NFHS-5,2021
IN-TN-thanjavur,health,pct_births_non_institutional,Births not delivered in a health facility,100.0,0.0,NFHS-5,2021
IN-TN-thanjavur,education,pct_females_never_attended_school,Females age 6+ who never attended school,80.6,19.4,NFHS-5,2021
IN-TN-thanjavur,water_sanitation,pct_households_no_improved_sanitation,Households without an improved sanitation facility,79.6,20.4,NFHS-5,2021
IN-TN-thanjavur,water_sanitation,pct_households_no_improved_water,Households without an improved drinking water source,99.7,0.3,NFHS-5,2021
IN-TN-thanjavur,electricity,pct_households_no_electricity,Households without an electricity connection,98.8,1.2,NFHS-5,2021
IN-GJ-the-dangs,health,pct_births_non_institutional,Births not delivered in a health facility,74.5,25.5,NFHS-5,2021
IN-GJ-the-dangs,education,pct_females_never_attended_school,Females age 6+ who never attended school,69.9,30.1,NFHS-5,2021
IN-GJ-the-dangs,water_sanitation,pct_households_no_improved_sanitation,Households without an improved sanitation facility,71.7,28.3,NFHS-5,2021
IN-GJ-the-dangs,water_sanitation,pct_households_no_improved_water,Households without an improved drinking water source,91.2,8.8,NFHS-5,2021
IN-GJ-the-dangs,electricity,pct_households_no_electricity,Households without an electricity connection,95.9,4.1,NFHS-5,2021
IN-TN-the-nilgiris,health,pct_births_non_institutional,Births not delivered in a health facility,100.0,0.0,NFHS-5,2021
IN-TN-the-nilgiris,education,pct_females_never_attended_school,Females age 6+ who never attended school,85.2,14.8,NFHS-5,2021
IN-TN-the-nilgiris,water_sanitation,pct_households_no_improved_sanitation,Households without an improved sanitation facility,83.6,16.4,NFHS-5,2021
IN-TN-the-nilgiris,water_sanitation,pct_households_no_improved_water,Households without an improved drinking water source,96.4,3.6,NFHS-5,2021
IN-TN-the-nilgiris,electricity,pct_households_no_electricity,Households without an electricity connection,98.6,1.4,NFHS-5,2021
IN-TN-theni,health,pct_births_non_institutional,Births not delivered in a health facility,97.8,2.2,NFHS-5,2021
IN-TN-theni,education,pct_females_never_attended_school,Females age 6+ who never attended school,80.5,19.5,NFHS-5,2021
IN-TN-theni,water_sanitation,pct_households_no_improved_sanitation,Households without an improved sanitation facility,59.8,40.2,NFHS-5,2021
IN-TN-theni,water_sanitation,pct_households_no_improved_water,Households without an improved drinking water source,97.4,2.6,NFHS-5,2021
IN-TN-theni,electricity,pct_households_no_electricity,Households without an electricity connection,99.5,0.5,NFHS-5,2021
IN-TN-thiruvallur,health,pct_births_non_institutional,Births not delivered in a health facility,100.0,0.0,NFHS-5,2021
IN-TN-thiruvallur,education,pct_females_never_attended_school,Females age 6+ who never attended school,83.5,16.5,NFHS-5,2021
IN-TN-thiruvallur,water_sanitation,pct_households_no_improved_sanitation,Households without an improved sanitation facility,75.6,24.4,NFHS-5,2021
IN-TN-thiruvallur,water_sanitation,pct_households_no_improved_water,Households without an improved drinking water source,100.0,0.0,NFHS-5,2021
IN-TN-thiruvallur,electricity,pct_households_no_electricity,Households without an electricity connection,99.8,0.2,NFHS-5,2021
IN-KL-thiruvananthapuram,health,pct_births_non_institutional,Births not delivered in a health facility,99.5,0.5,NFHS-5,2021
IN-KL-thiruvananthapuram,education,pct_females_never_attended_school,Females age 6+ who never attended school,94.5,5.5,NFHS-5,2021
IN-KL-thiruvananthapuram,water_sanitation,pct_households_no_improved_sanitation,Households without an improved sanitation facility,95.4,4.6,NFHS-5,2021
IN-KL-thiruvananthapuram,water_sanitation,pct_households_no_improved_water,Households without an improved drinking water source,92.9,7.1,NFHS-5,2021
IN-KL-thiruvananthapuram,electricity,pct_households_no_electricity,Households without an electricity connection,99.9,0.1,NFHS-5,2021
IN-TN-thiruvarur,health,pct_births_non_institutional,Births not delivered in a health facility,100.0,0.0,NFHS-5,2021
IN-TN-thiruvarur,education,pct_females_never_attended_school,Females age 6+ who never attended school,84.9,15.1,NFHS-5,2021
IN-TN-thiruvarur,water_sanitation,pct_households_no_improved_sanitation,Households without an improved sanitation facility,71.0,29.0,NFHS-5,2021
IN-TN-thiruvarur,water_sanitation,pct_households_no_improved_water,Households without an improved drinking water source,100.0,0.0,NFHS-5,2021
IN-TN-thiruvarur,electricity,pct_households_no_electricity,Households without an electricity connection,98.6,1.4,NFHS-5,2021
IN-TN-thoothukkudi,health,pct_births_non_institutional,Births not delivered in a health facility,100.0,0.0,NFHS-5,2021
IN-TN-thoothukkudi,education,pct_females_never_attended_school,Females age 6+ who never attended school,86.6,13.4,NFHS-5,2021
IN-TN-thoothukkudi,water_sanitation,pct_households_no_improved_sanitation,Households without an improved sanitation facility,79.4,20.6,NFHS-5,2021
IN-TN-thoothukkudi,water_sanitation,pct_households_no_improved_water,Households without an improved drinking water source,97.0,3.0,NFHS-5,2021
IN-TN-thoothukkudi,electricity,pct_households_no_electricity,Households without an electricity connection,100.0,0.0,NFHS-5,2021
IN-MN-thoubal,health,pct_births_non_institutional,Births not delivered in a health facility,87.8,12.2,NFHS-5,2021
IN-MN-thoubal,education,pct_females_never_attended_school,Females age 6+ who never attended school,79.9,20.1,NFHS-5,2021
IN-MN-thoubal,water_sanitation,pct_households_no_improved_sanitation,Households without an improved sanitation facility,61.3,38.7,NFHS-5,2021
IN-MN-thoubal,water_sanitation,pct_households_no_improved_water,Households without an improved drinking water source,72.5,27.5,NFHS-5,2021
IN-MN-thoubal,electricity,pct_households_no_electricity,Households without an electricity connection,98.6,1.4,NFHS-5,2021
IN-KL-thrissur,health,pct_births_non_institutional,Births not delivered in a health facility,100.0,0.0,NFHS-5,2021
IN-KL-thrissur,education,pct_females_never_attended_school,Females age 6+ who never attended school,97.8,2.2,NFHS-5,2021
IN-KL-thrissur,water_sanitation,pct_households_no_improved_sanitation,Households without an improved sanitation facility,99.5,0.5,NFHS-5,2021
IN-KL-thrissur,water_sanitation,pct_households_no_improved_water,Households without an improved drinking water source,93.7,6.3,NFHS-5,2021
IN-KL-thrissur,electricity,pct_households_no_electricity,Households without an electricity connection,100.0,0.0,NFHS-5,2021
IN-MP-tikamgarh,health,pct_births_non_institutional,Births not delivered in a health facility,89.8,10.2,NFHS-5,2021
IN-MP-tikamgarh,education,pct_females_never_attended_school,Females age 6+ who never attended school,66.8,33.2,NFHS-5,2021
IN-MP-tikamgarh,water_sanitation,pct_households_no_improved_sanitation,Households without an improved sanitation facility,56.6,43.4,NFHS-5,2021
IN-MP-tikamgarh,water_sanitation,pct_households_no_improved_water,Households without an improved drinking water source,80.0,20.0,NFHS-5,2021
IN-MP-tikamgarh,electricity,pct_households_no_electricity,Households without an electricity connection,99.7,0.3,NFHS-5,2021
IN-AS-tinsukia,health,pct_births_non_institutional,Births not delivered in a health facility,82.6,17.4,NFHS-5,2021
IN-AS-tinsukia,education,pct_females_never_attended_school,Females age 6+ who never attended school,72.6,27.4,NFHS-5,2021
IN-AS-tinsukia,water_sanitation,pct_households_no_improved_sanitation,Households without an improved sanitation facility,66.7,33.3,NFHS-5,2021
IN-AS-tinsukia,water_sanitation,pct_households_no_improved_water,Households without an improved drinking water source,96.8,3.2,NFHS-5,2021
IN-AS-tinsukia,electricity,pct_households_no_electricity,Households without an electricity connection,95.7,4.3,NFHS-5,2021
IN-AR-tirap,health,pct_births_non_institutional,Births not delivered in a health facility,70.2,29.8,NFHS-5,2021
IN-AR-tirap,education,pct_females_never_attended_school,Females age 6+ who never attended school,69.0,31.0,NFHS-5,2021
IN-AR-tirap,water_sanitation,pct_households_no_improved_sanitation,Households without an improved sanitation facility,86.7,13.3,NFHS-5,2021
IN-AR-tirap,water_sanitation,pct_households_no_improved_water,Households without an improved drinking water source,93.8,6.2,NFHS-5,2021
IN-AR-tirap,electricity,pct_households_no_electricity,Households without an electricity connection,98.8,1.2,NFHS-5,2021
IN-TN-tiruchirappalli,health,pct_births_non_institutional,Births not delivered in a health facility,98.6,1.4,NFHS-5,2021
IN-TN-tiruchirappalli,education,pct_females_never_attended_school,Females age 6+ who never attended school,80.7,19.3,NFHS-5,2021
IN-TN-tiruchirappalli,water_sanitation,pct_households_no_improved_sanitation,Households without an improved sanitation facility,67.1,32.9,NFHS-5,2021
IN-TN-tiruchirappalli,water_sanitation,pct_households_no_improved_water,Households without an improved drinking water source,98.1,1.9,NFHS-5,2021
IN-TN-tiruchirappalli,electricity,pct_households_no_electricity,Households without an electricity connection,99.0,1.0,NFHS-5,2021
IN-TN-tirunelveli,health,pct_births_non_institutional,Births not delivered in a health facility,100.0,0.0,NFHS-5,2021
IN-TN-tirunelveli,education,pct_females_never_attended_school,Females age 6+ who never attended school,84.4,15.6,NFHS-5,2021
IN-TN-tirunelveli,water_sanitation,pct_households_no_improved_sanitation,Households without an improved sanitation facility,79.8,20.2,NFHS-5,2021
IN-TN-tirunelveli,water_sanitation,pct_households_no_improved_water,Households without an improved drinking water source,98.1,1.9,NFHS-5,2021
IN-TN-tirunelveli,electricity,pct_households_no_electricity,Households without an electricity connection,99.5,0.5,NFHS-5,2021
IN-TN-tiruppur,health,pct_births_non_institutional,Births not delivered in a health facility,100.0,0.0,NFHS-5,2021
IN-TN-tiruppur,education,pct_females_never_attended_school,Females age 6+ who never attended school,75.8,24.2,NFHS-5,2021
IN-TN-tiruppur,water_sanitation,pct_households_no_improved_sanitation,Households without an improved sanitation facility,75.9,24.1,NFHS-5,2021
IN-TN-tiruppur,water_sanitation,pct_households_no_improved_water,Households without an improved drinking water source,99.8,0.2,NFHS-5,2021
IN-TN-tiruppur,electricity,pct_households_no_electricity,Households without an electricity connection,99.5,0.5,NFHS-5,2021
IN-TN-tiruvannamalai,health,pct_births_non_institutional,Births not delivered in a health facility,99.1,0.9,NFHS-5,2021
IN-TN-tiruvannamalai,education,pct_females_never_attended_school,Females age 6+ who never attended school,75.5,24.5,NFHS-5,2021
IN-TN-tiruvannamalai,water_sanitation,pct_households_no_improved_sanitation,Households without an improved sanitation facility,61.7,38.3,NFHS-5,2021
IN-TN-tiruvannamalai,water_sanitation,pct_households_no_improved_water,Households without an improved drinking water source,98.5,1.5,NFHS-5,2021
IN-TN-tiruvannamalai,electricity,pct_households_no_electricity,Households without an electricity connection,99.0,1.0,NFHS-5,2021
IN-RJ-tonk,health,pct_births_non_institutional,Births not delivered in a health facility,97.4,2.6,NFHS-5,2021
IN-RJ-tonk,education,pct_females_never_attended_school,Females age 6+ who never attended school,54.8,45.2,NFHS-5,2021
IN-RJ-tonk,water_sanitation,pct_households_no_improved_sanitation,Households without an improved sanitation facility,66.2,33.8,NFHS-5,2021
IN-RJ-tonk,water_sanitation,pct_households_no_improved_water,Households without an improved drinking water source,90.9,9.1,NFHS-5,2021
IN-RJ-tonk,electricity,pct_households_no_electricity,Households without an electricity connection,97.8,2.2,NFHS-5,2021
IN-NL-tuensang,health,pct_births_non_institutional,Births not delivered in a health facility,34.8,65.2,NFHS-5,2021
IN-NL-tuensang,education,pct_females_never_attended_school,Females age 6+ who never attended school,80.5,19.5,NFHS-5,2021
IN-NL-tuensang,water_sanitation,pct_households_no_improved_sanitation,Households without an improved sanitation facility,92.0,8.0,NFHS-5,2021
IN-NL-tuensang,water_sanitation,pct_households_no_improved_water,Households without an improved drinking water source,90.4,9.6,NFHS-5,2021
IN-NL-tuensang,electricity,pct_households_no_electricity,Households without an electricity connection,96.6,3.4,NFHS-5,2021
IN-KA-tumkur,health,pct_births_non_institutional,Births not delivered in a health facility,100.0,0.0,NFHS-5,2021
IN-KA-tumkur,education,pct_females_never_attended_school,Females age 6+ who never attended school,72.3,27.7,NFHS-5,2021
IN-KA-tumkur,water_sanitation,pct_households_no_improved_sanitation,Households without an improved sanitation facility,86.1,13.9,NFHS-5,2021
IN-KA-tumkur,water_sanitation,pct_households_no_improved_water,Households without an improved drinking water source,96.2,3.8,NFHS-5,2021
IN-KA-tumkur,electricity,pct_households_no_electricity,Households without an electricity connection,99.6,0.4,NFHS-5,2021
IN-RJ-udaipur,health,pct_births_non_institutional,Births not delivered in a health facility,96.1,3.9,NFHS-5,2021
IN-RJ-udaipur,education,pct_females_never_attended_school,Females age 6+ who never attended school,63.8,36.2,NFHS-5,2021
IN-RJ-udaipur,water_sanitation,pct_households_no_improved_sanitation,Households without an improved sanitation facility,60.3,39.7,NFHS-5,2021
IN-RJ-udaipur,water_sanitation,pct_households_no_improved_water,Households without an improved drinking water source,92.7,7.3,NFHS-5,2021
IN-RJ-udaipur,electricity,pct_households_no_electricity,Households without an electricity connection,98.1,1.9,NFHS-5,2021
IN-AS-udalguri,health,pct_births_non_institutional,Births not delivered in a health facility,86.2,13.8,NFHS-5,2021
IN-AS-udalguri,education,pct_females_never_attended_school,Females age 6+ who never attended school,70.6,29.4,NFHS-5,2021
IN-AS-udalguri,water_sanitation,pct_households_no_improved_sanitation,Households without an improved sanitation facility,73.8,26.2,NFHS-5,2021
IN-AS-udalguri,water_sanitation,pct_households_no_improved_water,Households without an improved drinking water source,82.3,17.7,NFHS-5,2021
IN-AS-udalguri,electricity,pct_households_no_electricity,Households without an electricity connection,95.5,4.5,NFHS-5,2021
IN-JK-udhampur,health,pct_births_non_institutional,Births not delivered in a health facility,87.2,12.8,NFHS-5,2021
IN-JK-udhampur,education,pct_females_never_attended_school,Females age 6+ who never attended school,73.0,27.0,NFHS-5,2021
IN-JK-udhampur,water_sanitation,pct_households_no_improved_sanitation,Households without an improved sanitation facility,69.8,30.2,NFHS-5,2021
IN-JK-udhampur,water_sanitation,pct_households_no_improved_water,Households without an improved drinking water source,76.4,23.6,NFHS-5,2021
IN-JK-udhampur,electricity,pct_households_no_electricity,Households without an electricity connection,99.9,0.1,NFHS-5,2021
IN-UT-udham-singh-nagar,health,pct_births_non_institutional,Births not delivered in a health facility,85.1,14.9,NFHS-5,2021
IN-UT-udham-singh-nagar,education,pct_females_never_attended_school,Females age 6+ who never attended school,70.5,29.5,NFHS-5,2021
IN-UT-udham-singh-nagar,water_sanitation,pct_households_no_improved_sanitation,Households without an improved sanitation facility,70.9,29.1,NFHS-5,2021
IN-UT-udham-singh-nagar,water_sanitation,pct_households_no_improved_water,Households without an improved drinking water source,99.9,0.1,NFHS-5,2021
IN-UT-udham-singh-nagar,electricity,pct_households_no_electricity,Households without an electricity connection,99.6,0.4,NFHS-5,2021
IN-KA-udupi,health,pct_births_non_institutional,Births not delivered in a health facility,98.9,1.1,NFHS-5,2021
IN-KA-udupi,education,pct_females_never_attended_school,Females age 6+ who never attended school,82.0,18.0,NFHS-5,2021
IN-KA-udupi,water_sanitation,pct_households_no_improved_sanitation,Households without an improved sanitation facility,94.5,5.5,NFHS-5,2021
IN-KA-udupi,water_sanitation,pct_households_no_improved_water,Households without an improved drinking water source,81.5,18.5,NFHS-5,2021
IN-KA-udupi,electricity,pct_households_no_electricity,Households without an electricity connection,99.6,0.4,NFHS-5,2021
IN-MP-ujjain,health,pct_births_non_institutional,Births not delivered in a health facility,97.1,2.9,NFHS-5,2021
IN-MP-ujjain,education,pct_females_never_attended_school,Females age 6+ who never attended school,68.9,31.1,NFHS-5,2021
IN-MP-ujjain,water_sanitation,pct_households_no_improved_sanitation,Households without an improved sanitation facility,72.8,27.2,NFHS-5,2021
IN-MP-ujjain,water_sanitation,pct_households_no_improved_water,Households without an improved drinking water source,94.7,5.3,NFHS-5,2021
IN-MP-ujjain,electricity,pct_households_no_electricity,Households without an electricity connection,99.3,0.7,NFHS-5,2021
IN-MN-ukhrul,health,pct_births_non_institutional,Births not delivered in a health facility,44.6,55.4,NFHS-5,2021
IN-MN-ukhrul,education,pct_females_never_attended_school,Females age 6+ who never attended school,83.7,16.3,NFHS-5,2021
IN-MN-ukhrul,water_sanitation,pct_households_no_improved_sanitation,Households without an improved sanitation facility,81.4,18.6,NFHS-5,2021
IN-MN-ukhrul,water_sanitation,pct_households_no_improved_water,Households without an improved drinking water source,50.9,49.1,NFHS-5,2021
IN-MN-ukhrul,electricity,pct_households_no_electricity,Households without an electricity connection,95.0,5.0,NFHS-5,2021
IN-MP-umaria,health,pct_births_non_institutional,Births not delivered in a health facility,92.2,7.8,NFHS-5,2021
IN-MP-umaria,education,pct_females_never_attended_school,Females age 6+ who never attended school,68.0,32.0,NFHS-5,2021
IN-MP-umaria,water_sanitation,pct_households_no_improved_sanitation,Households without an improved sanitation facility,53.7,46.3,NFHS-5,2021
IN-MP-umaria,water_sanitation,pct_households_no_improved_water,Households without an improved drinking water source,79.5,20.5,NFHS-5,2021
IN-MP-umaria,electricity,pct_households_no_electricity,Households without an electricity connection,98.2,1.8,NFHS-5,2021
IN-HP-una,health,pct_births_non_institutional,Births not delivered in a health facility,89.7,10.3,NFHS-5,2021
IN-HP-una,education,pct_females_never_attended_school,Females age 6+ who never attended school,86.1,13.9,NFHS-5,2021
IN-HP-una,water_sanitation,pct_households_no_improved_sanitation,Households without an improved sanitation facility,81.4,18.6,NFHS-5,2021
IN-HP-una,water_sanitation,pct_households_no_improved_water,Households without an improved drinking water source,98.8,1.2,NFHS-5,2021
IN-HP-una,electricity,pct_households_no_electricity,Households without an electricity connection,98.5,1.5,NFHS-5,2021
IN-UP-unnao,health,pct_births_non_institutional,Births not delivered in a health facility,80.8,19.2,NFHS-5,2021
IN-UP-unnao,education,pct_females_never_attended_school,Females age 6+ who never attended school,69.0,31.0,NFHS-5,2021
IN-UP-unnao,water_sanitation,pct_households_no_improved_sanitation,Households without an improved sanitation facility,60.3,39.7,NFHS-5,2021
IN-UP-unnao,water_sanitation,pct_households_no_improved_water,Households without an improved drinking water source,98.5,1.5,NFHS-5,2021
IN-UP-unnao,electricity,pct_households_no_electricity,Households without an electricity connection,75.4,24.6,NFHS-5,2021
IN-AR-upper-siang,health,pct_births_non_institutional,Births not delivered in a health facility,76.0,24.0,NFHS-5,2021
IN-AR-upper-siang,education,pct_females_never_attended_school,Females age 6+ who never attended school,69.5,30.5,NFHS-5,2021
IN-AR-upper-siang,water_sanitation,pct_households_no_improved_sanitation,Households without an improved sanitation facility,91.8,8.2,NFHS-5,2021
IN-AR-upper-siang,water_sanitation,pct_households_no_improved_water,Households without an improved drinking water source,99.8,0.2,NFHS-5,2021
IN-AR-upper-siang,electricity,pct_households_no_electricity,Households without an electricity connection,99.5,0.5,NFHS-5,2021
IN-AR-upper-subansiri,health,pct_births_non_institutional,Births not delivered in a health facility,77.0,23.0,NFHS-5,2021
IN-AR-upper-subansiri,education,pct_females_never_attended_school,Females age 6+ who never attended school,61.4,38.6,NFHS-5,2021
IN-AR-upper-subansiri,water_sanitation,pct_households_no_improved_sanitation,Households without an improved sanitation facility,80.9,19.1,NFHS-5,2021
IN-AR-upper-subansiri,water_sanitation,pct_households_no_improved_water,Households without an improved drinking water source,94.7,5.3,NFHS-5,2021
IN-AR-upper-subansiri,electricity,pct_households_no_electricity,Households without an electricity connection,87.0,13.0,NFHS-5,2021
IN-WB-uttar-dinajpur,health,pct_births_non_institutional,Births not delivered in a health facility,76.9,23.1,NFHS-5,2021
IN-WB-uttar-dinajpur,education,pct_females_never_attended_school,Females age 6+ who never attended school,68.1,31.9,NFHS-5,2021
IN-WB-uttar-dinajpur,water_sanitation,pct_households_no_improved_sanitation,Households without an improved sanitation facility,63.8,36.2,NFHS-5,2021
IN-WB-uttar-dinajpur,water_sanitation,pct_households_no_improved_water,Households without an improved drinking water source,99.8,0.2,NFHS-5,2021
IN-WB-uttar-dinajpur,electricity,pct_households_no_electricity,Households without an electricity connection,96.9,3.1,NFHS-5,2021
IN-KA-uttara-kannada,health,pct_births_non_institutional,Births not delivered in a health facility,99.3,0.7,NFHS-5,2021
IN-KA-uttara-kannada,education,pct_females_never_attended_school,Females age 6+ who never attended school,81.1,18.9,NFHS-5,2021
IN-KA-uttara-kannada,water_sanitation,pct_households_no_improved_sanitation,Households without an improved sanitation facility,89.6,10.4,NFHS-5,2021
IN-KA-uttara-kannada,water_sanitation,pct_households_no_improved_water,Households without an improved drinking water source,84.8,15.2,NFHS-5,2021
IN-KA-uttara-kannada,electricity,pct_households_no_electricity,Households without an electricity connection,99.1,0.9,NFHS-5,2021
IN-UT-uttarkashi,health,pct_births_non_institutional,Births not delivered in a health facility,85.9,14.1,NFHS-5,2021
IN-UT-uttarkashi,education,pct_females_never_attended_school,Females age 6+ who never attended school,69.0,31.0,NFHS-5,2021
IN-UT-uttarkashi,water_sanitation,pct_households_no_improved_sanitation,Households without an improved sanitation facility,75.7,24.3,NFHS-5,2021
IN-UT-uttarkashi,water_sanitation,pct_households_no_improved_water,Households without an improved drinking water source,96.1,3.9,NFHS-5,2021
IN-UT-uttarkashi,electricity,pct_households_no_electricity,Households without an electricity connection,99.6,0.4,NFHS-5,2021
IN-GJ-vadodara,health,pct_births_non_institutional,Births not delivered in a health facility,95.9,4.1,NFHS-5,2021
IN-GJ-vadodara,education,pct_females_never_attended_school,Females age 6+ who never attended school,82.0,18.0,NFHS-5,2021
IN-GJ-vadodara,water_sanitation,pct_households_no_improved_sanitation,Households without an improved sanitation facility,85.6,14.4,NFHS-5,2021
IN-GJ-vadodara,water_sanitation,pct_households_no_improved_water,Households without an improved drinking water source,99.5,0.5,NFHS-5,2021
IN-GJ-vadodara,electricity,pct_households_no_electricity,Households without an electricity connection,97.3,2.7,NFHS-5,2021
IN-BR-vaishali,health,pct_births_non_institutional,Births not delivered in a health facility,81.6,18.4,NFHS-5,2021
IN-BR-vaishali,education,pct_females_never_attended_school,Females age 6+ who never attended school,64.5,35.5,NFHS-5,2021
IN-BR-vaishali,water_sanitation,pct_households_no_improved_sanitation,Households without an improved sanitation facility,52.6,47.4,NFHS-5,2021
IN-BR-vaishali,water_sanitation,pct_households_no_improved_water,Households without an improved drinking water source,99.2,0.8,NFHS-5,2021
IN-BR-vaishali,electricity,pct_households_no_electricity,Households without an electricity connection,96.5,3.5,NFHS-5,2021
IN-GJ-valsad,health,pct_births_non_institutional,Births not delivered in a health facility,96.5,3.5,NFHS-5,2021
IN-GJ-valsad,education,pct_females_never_attended_school,Females age 6+ who never attended school,79.0,21.0,NFHS-5,2021
IN-GJ-valsad,water_sanitation,pct_households_no_improved_sanitation,Households without an improved sanitation facility,85.3,14.7,NFHS-5,2021
IN-GJ-valsad,water_sanitation,pct_households_no_improved_water,Households without an improved drinking water source,98.0,2.0,NFHS-5,2021
IN-GJ-valsad,electricity,pct_households_no_electricity,Households without an electricity connection,98.6,1.4,NFHS-5,2021
IN-UP-varanasi,health,pct_births_non_institutional,Births not delivered in a health facility,95.2,4.8,NFHS-5,2021
IN-UP-varanasi,education,pct_females_never_attended_school,Females age 6+ who never attended school,74.1,25.9,NFHS-5,2021
IN-UP-varanasi,water_sanitation,pct_households_no_improved_sanitation,Households without an improved sanitation facility,83.2,16.8,NFHS-5,2021
IN-UP-varanasi,water_sanitation,pct_households_no_improved_water,Households without an improved drinking water source,98.4,1.6,NFHS-5,2021
IN-UP-varanasi,electricity,pct_households_no_electricity,Households without an electricity connection,97.2,2.8,NFHS-5,2021
IN-TN-vellore,health,pct_births_non_institutional,Births not delivered in a health facility,99.5,0.5,NFHS-5,2021
IN-TN-vellore,education,pct_females_never_attended_school,Females age 6+ who never attended school,80.0,20.0,NFHS-5,2021
IN-TN-vellore,water_sanitation,pct_households_no_improved_sanitation,Households without an improved sanitation facility,76.2,23.8,NFHS-5,2021
IN-TN-vellore,water_sanitation,pct_households_no_improved_water,Households without an improved drinking water source,97.7,2.3,NFHS-5,2021
IN-TN-vellore,electricity,pct_households_no_electricity,Households without an electricity connection,99.3,0.7,NFHS-5,2021
IN-MP-vidisha,health,pct_births_non_institutional,Births not delivered in a health facility,90.6,9.4,NFHS-5,2021
IN-MP-vidisha,education,pct_females_never_attended_school,Females age 6+ who never attended school,69.2,30.8,NFHS-5,2021
IN-MP-vidisha,water_sanitation,pct_households_no_improved_sanitation,Households without an improved sanitation facility,65.2,34.8,NFHS-5,2021
IN-MP-vidisha,water_sanitation,pct_households_no_improved_water,Households without an improved drinking water source,95.7,4.3,NFHS-5,2021
IN-MP-vidisha,electricity,pct_households_no_electricity,Households without an electricity connection,98.7,1.3,NFHS-5,2021
IN-TN-viluppuram,health,pct_births_non_institutional,Births not delivered in a health facility,99.1,0.9,NFHS-5,2021
IN-TN-viluppuram,education,pct_females_never_attended_school,Females age 6+ who never attended school,73.6,26.4,NFHS-5,2021
IN-TN-viluppuram,water_sanitation,pct_households_no_improved_sanitation,Households without an improved sanitation facility,53.8,46.2,NFHS-5,2021
IN-TN-viluppuram,water_sanitation,pct_households_no_improved_water,Households without an improved drinking water source,98.4,1.6,NFHS-5,2021
IN-TN-viluppuram,electricity,pct_households_no_electricity,Households without an electricity connection,99.7,0.3,NFHS-5,2021
IN-TN-virudunagar,health,pct_births_non_institutional,Births not delivered in a health facility,97.8,2.2,NFHS-5,2021
IN-TN-virudunagar,education,pct_females_never_attended_school,Females age 6+ who never attended school,80.5,19.5,NFHS-5,2021
IN-TN-virudunagar,water_sanitation,pct_households_no_improved_sanitation,Households without an improved sanitation facility,59.8,40.2,NFHS-5,2021
IN-TN-virudunagar,water_sanitation,pct_households_no_improved_water,Households without an improved drinking water source,97.4,2.6,NFHS-5,2021
IN-TN-virudunagar,electricity,pct_households_no_electricity,Households without an electricity connection,99.5,0.5,NFHS-5,2021
IN-AP-visakhapatnam,health,pct_births_non_institutional,Births not delivered in a health facility,97.1,2.9,NFHS-5,2021
IN-AP-visakhapatnam,education,pct_females_never_attended_school,Females age 6+ who never attended school,65.6,34.4,NFHS-5,2021
IN-AP-visakhapatnam,water_sanitation,pct_households_no_improved_sanitation,Households without an improved sanitation facility,74.6,25.4,NFHS-5,2021
IN-AP-visakhapatnam,water_sanitation,pct_households_no_improved_water,Households without an improved drinking water source,98.5,1.5,NFHS-5,2021
IN-AP-visakhapatnam,electricity,pct_households_no_electricity,Households without an electricity connection,99.7,0.3,NFHS-5,2021
IN-AP-vizianagaram,health,pct_births_non_institutional,Births not delivered in a health facility,94.7,5.3,NFHS-5,2021
IN-AP-vizianagaram,education,pct_females_never_attended_school,Females age 6+ who never attended school,59.5,40.5,NFHS-5,2021
IN-AP-vizianagaram,water_sanitation,pct_households_no_improved_sanitation,Households without an improved sanitation facility,71.3,28.7,NFHS-5,2021
IN-AP-vizianagaram,water_sanitation,pct_households_no_improved_water,Households without an improved drinking water source,98.8,1.2,NFHS-5,2021
IN-AP-vizianagaram,electricity,pct_households_no_electricity,Households without an electricity connection,99.6,0.4,NFHS-5,2021
IN-AP-warangal,health,pct_births_non_institutional,Births not delivered in a health facility,97.0,3.0,NFHS-5,2021
IN-AP-warangal,education,pct_females_never_attended_school,Females age 6+ who never attended school,67.9,32.1,NFHS-5,2021
IN-AP-warangal,water_sanitation,pct_households_no_improved_sanitation,Households without an improved sanitation facility,81.8,18.2,NFHS-5,2021
IN-AP-warangal,water_sanitation,pct_households_no_improved_water,Households without an improved drinking water source,95.6,4.4,NFHS-5,2021
IN-AP-warangal,electricity,pct_households_no_electricity,Households without an electricity connection,99.1,0.9,NFHS-5,2021
IN-MH-wardha,health,pct_births_non_institutional,Births not delivered in a health facility,98.8,1.2,NFHS-5,2021
IN-MH-wardha,education,pct_females_never_attended_school,Females age 6+ who never attended school,85.1,14.9,NFHS-5,2021
IN-MH-wardha,water_sanitation,pct_households_no_improved_sanitation,Households without an improved sanitation facility,80.2,19.8,NFHS-5,2021
IN-MH-wardha,water_sanitation,pct_households_no_improved_water,Households without an improved drinking water source,98.5,1.5,NFHS-5,2021
IN-MH-wardha,electricity,pct_households_no_electricity,Households without an electricity connection,98.8,1.2,NFHS-5,2021
IN-MH-washim,health,pct_births_non_institutional,Births not delivered in a health facility,92.9,7.1,NFHS-5,2021
IN-MH-washim,education,pct_females_never_attended_school,Females age 6+ who never attended school,76.0,24.0,NFHS-5,2021
IN-MH-washim,water_sanitation,pct_households_no_improved_sanitation,Households without an improved sanitation facility,61.5,38.5,NFHS-5,2021
IN-MH-washim,water_sanitation,pct_households_no_improved_water,Households without an improved drinking water source,73.7,26.3,NFHS-5,2021
IN-MH-washim,electricity,pct_households_no_electricity,Households without an electricity connection,97.2,2.8,NFHS-5,2021
IN-KL-wayanad,health,pct_births_non_institutional,Births not delivered in a health facility,100.0,0.0,NFHS-5,2021
IN-KL-wayanad,education,pct_females_never_attended_school,Females age 6+ who never attended school,88.2,11.8,NFHS-5,2021
IN-KL-wayanad,water_sanitation,pct_households_no_improved_sanitation,Households without an improved sanitation facility,97.6,2.4,NFHS-5,2021
IN-KL-wayanad,water_sanitation,pct_households_no_improved_water,Households without an improved drinking water source,94.1,5.9,NFHS-5,2021
IN-KL-wayanad,electricity,pct_households_no_electricity,Households without an electricity connection,97.0,3.0,NFHS-5,2021
IN-DL-west,health,pct_births_non_institutional,Births not delivered in a health facility,91.8,8.2,NFHS-5,2021
IN-DL-west,education,pct_females_never_attended_school,Females age 6+ who never attended school,83.3,16.7,NFHS-5,2021
IN-DL-west,water_sanitation,pct_households_no_improved_sanitation,Households without an improved sanitation facility,76.8,23.2,NFHS-5,2021
IN-DL-west,water_sanitation,pct_households_no_improved_water,Households without an improved drinking water source,99.8,0.2,NFHS-5,2021
IN-DL-west,electricity,pct_households_no_electricity,Households without an electricity connection,100.0,0.0,NFHS-5,2021
IN-SK-west,health,pct_births_non_institutional,Births not delivered in a health facility,99.3,0.7,NFHS-5,2021
IN-SK-west,education,pct_females_never_attended_school,Females age 6+ who never attended school,81.8,18.2,NFHS-5,2021
IN-SK-west,water_sanitation,pct_households_no_improved_sanitation,Households without an improved sanitation facility,88.9,11.1,NFHS-5,2021
IN-SK-west,water_sanitation,pct_households_no_improved_water,Households without an improved drinking water source,89.9,10.1,NFHS-5,2021
IN-SK-west,electricity,pct_households_no_electricity,Households without an electricity connection,98.8,1.2,NFHS-5,2021
IN-ML-west-garo-hills,health,pct_births_non_institutional,Births not delivered in a health facility,89.6,10.4,NFHS-5,2021
IN-ML-west-garo-hills,education,pct_females_never_attended_school,Females age 6+ who never attended school,88.7,11.3,NFHS-5,2021
IN-ML-west-garo-hills,water_sanitation,pct_households_no_improved_sanitation,Households without an improved sanitation facility,86.3,13.7,NFHS-5,2021
IN-ML-west-garo-hills,water_sanitation,pct_households_no_improved_water,Households without an improved drinking water source,83.7,16.3,NFHS-5,2021
IN-ML-west-garo-hills,electricity,pct_households_no_electricity,Households without an electricity connection,94.7,5.3,NFHS-5,2021
IN-AP-west-godavari,health,pct_births_non_institutional,Births not delivered in a health facility,98.7,1.3,NFHS-5,2021
IN-AP-west-godavari,education,pct_females_never_attended_school,Females age 6+ who never attended school,75.4,24.6,NFHS-5,2021
IN-AP-west-godavari,water_sanitation,pct_households_no_improved_sanitation,Households without an improved sanitation facility,80.8,19.2,NFHS-5,2021
IN-AP-west-godavari,water_sanitation,pct_households_no_improved_water,Households without an improved drinking water source,99.1,0.9,NFHS-5,2021
IN-AP-west-godavari,electricity,pct_households_no_electricity,Households without an electricity connection,99.3,0.7,NFHS-5,2021
IN-AR-west-kameng,health,pct_births_non_institutional,Births not delivered in a health facility,93.6,6.4,NFHS-5,2021
IN-AR-west-kameng,education,pct_females_never_attended_school,Females age 6+ who never attended school,73.0,27.0,NFHS-5,2021
IN-AR-west-kameng,water_sanitation,pct_households_no_improved_sanitation,Households without an improved sanitation facility,88.9,11.1,NFHS-5,2021
IN-AR-west-kameng,water_sanitation,pct_households_no_improved_water,Households without an improved drinking water source,99.8,0.2,NFHS-5,2021
IN-AR-west-kameng,electricity,pct_households_no_electricity,Households without an electricity connection,97.5,2.5,NFHS-5,2021
IN-ML-west-khasi-hills,health,pct_births_non_institutional,Births not delivered in a health facility,41.7,58.3,NFHS-5,2021
IN-ML-west-khasi-hills,education,pct_females_never_attended_school,Females age 6+ who never attended school,85.1,14.9,NFHS-5,2021
IN-ML-west-khasi-hills,water_sanitation,pct_households_no_improved_sanitation,Households without an improved sanitation facility,87.8,12.2,NFHS-5,2021
IN-ML-west-khasi-hills,water_sanitation,pct_households_no_improved_water,Households without an improved drinking water source,80.5,19.5,NFHS-5,2021
IN-ML-west-khasi-hills,electricity,pct_households_no_electricity,Households without an electricity connection,85.0,15.0,NFHS-5,2021
IN-MP-west-nimar,health,pct_births_non_institutional,Births not delivered in a health facility,92.8,7.2,NFHS-5,2021
IN-MP-west-nimar,education,pct_females_never_attended_school,Females age 6+ who never attended school,62.1,37.9,NFHS-5,2021
IN-MP-west-nimar,water_sanitation,pct_households_no_improved_sanitation,Households without an improved sanitation facility,73.8,26.2,NFHS-5,2021
IN-MP-west-nimar,water_sanitation,pct_households_no_improved_water,Households without an improved drinking water source,97.0,3.0,NFHS-5,2021
IN-MP-west-nimar,electricity,pct_households_no_electricity,Households without an electricity connection,98.8,1.2,NFHS-5,2021
IN-AR-west-siang,health,pct_births_non_institutional,Births not delivered in a health facility,84.6,15.4,NFHS-5,2021
IN-AR-west-siang,education,pct_females_never_attended_school,Females age 6+ who never attended school,73.6,26.4,NFHS-5,2021
IN-AR-west-siang,water_sanitation,pct_households_no_improved_sanitation,Households without an improved sanitation facility,87.7,12.3,NFHS-5,2021
IN-AR-west-siang,water_sanitation,pct_households_no_improved_water,Households without an improved drinking water source,99.1,0.9,NFHS-5,2021
IN-AR-west-siang,electricity,pct_households_no_electricity,Households without an electricity connection,88.2,11.8,NFHS-5,2021
IN-TR-west-tripura,health,pct_births_non_institutional,Births not delivered in a health facility,95.3,4.7,NFHS-5,2021
IN-TR-west-tripura,education,pct_females_never_attended_school,Females age 6+ who never attended school,85.3,14.7,NFHS-5,2021
IN-TR-west-tripura,water_sanitation,pct_households_no_improved_sanitation,Households without an improved sanitation facility,80.2,19.8,NFHS-5,2021
IN-TR-west-tripura,water_sanitation,pct_households_no_improved_water,Households without an improved drinking water source,98.5,1.5,NFHS-5,2021
IN-TR-west-tripura,electricity,pct_households_no_electricity,Households without an electricity connection,99.8,0.2,NFHS-5,2021
IN-NL-wokha,health,pct_births_non_institutional,Births not delivered in a health facility,43.6,56.4,NFHS-5,2021
IN-NL-wokha,education,pct_females_never_attended_school,Females age 6+ who never attended school,85.8,14.2,NFHS-5,2021
IN-NL-wokha,water_sanitation,pct_households_no_improved_sanitation,Households without an improved sanitation facility,88.5,11.5,NFHS-5,2021
IN-NL-wokha,water_sanitation,pct_households_no_improved_water,Households without an improved drinking water source,83.4,16.6,NFHS-5,2021
IN-NL-wokha,electricity,pct_households_no_electricity,Households without an electricity connection,99.7,0.3,NFHS-5,2021
IN-KA-yadgir,health,pct_births_non_institutional,Births not delivered in a health facility,93.3,6.7,NFHS-5,2021
IN-KA-yadgir,education,pct_females_never_attended_school,Females age 6+ who never attended school,51.9,48.1,NFHS-5,2021
IN-KA-yadgir,water_sanitation,pct_households_no_improved_sanitation,Households without an improved sanitation facility,37.4,62.6,NFHS-5,2021
IN-KA-yadgir,water_sanitation,pct_households_no_improved_water,Households without an improved drinking water source,95.2,4.8,NFHS-5,2021
IN-KA-yadgir,electricity,pct_households_no_electricity,Households without an electricity connection,99.0,1.0,NFHS-5,2021
IN-MH-yavatmal,health,pct_births_non_institutional,Births not delivered in a health facility,96.3,3.7,NFHS-5,2021
IN-MH-yavatmal,education,pct_females_never_attended_school,Females age 6+ who never attended school,77.6,22.4,NFHS-5,2021
IN-MH-yavatmal,water_sanitation,pct_households_no_improved_sanitation,Households without an improved sanitation facility,66.4,33.6,NFHS-5,2021
IN-MH-yavatmal,water_sanitation,pct_households_no_improved_water,Households without an improved drinking water source,89.5,10.5,NFHS-5,2021
IN-MH-yavatmal,electricity,pct_households_no_electricity,Households without an electricity connection,97.2,2.8,NFHS-5,2021
IN-NL-zunheboto,health,pct_births_non_institutional,Births not delivered in a health facility,35.0,65.0,NFHS-5,2021
IN-NL-zunheboto,education,pct_females_never_attended_school,Females age 6+ who never attended school,87.4,12.6,NFHS-5,2021
IN-NL-zunheboto,water_sanitation,pct_households_no_improved_sanitation,Households without an improved sanitation facility,88.9,11.1,NFHS-5,2021
IN-NL-zunheboto,water_sanitation,pct_households_no_improved_water,Households without an improved drinking water source,91.0,9.0,NFHS-5,2021
IN-NL-zunheboto,electricity,pct_households_no_electricity,Households without an electricity connection,99.4,0.6,NFHS-5,2021
IN-CT-kabeerdham,health,pct_births_non_institutional,Births not delivered in a health facility,91.7,8.3,NFHS-5,2021
IN-CT-kabeerdham,education,pct_females_never_attended_school,Females age 6+ who never attended school,61.7,38.3,NFHS-5,2021
IN-CT-kabeerdham,water_sanitation,pct_households_no_improved_sanitation,Households without an improved sanitation facility,80.3,19.7,NFHS-5,2021
IN-CT-kabeerdham,water_sanitation,pct_households_no_improved_water,Households without an improved drinking water source,97.9,2.1,NFHS-5,2021
IN-CT-kabeerdham,electricity,pct_households_no_electricity,Households without an electricity connection,99.5,0.5,NFHS-5,2021
IN-HR-yamunanagar,health,pct_births_non_institutional,Births not delivered in a health facility,94.8,5.2,NFHS-5,2021
IN-HR-yamunanagar,education,pct_females_never_attended_school,Females age 6+ who never attended school,79.1,20.9,NFHS-5,2021
IN-HR-yamunanagar,water_sanitation,pct_households_no_improved_sanitation,Households without an improved sanitation facility,83.5,16.5,NFHS-5,2021
IN-HR-yamunanagar,water_sanitation,pct_households_no_improved_water,Households without an improved drinking water source,100.0,0.0,NFHS-5,2021
IN-HR-yamunanagar,electricity,pct_households_no_electricity,Households without an electricity connection,99.8,0.2,NFHS-5,2021
IN-HR-jind,health,pct_births_non_institutional,Births not delivered in a health facility,98.7,1.3,NFHS-5,2021
IN-HR-jind,education,pct_females_never_attended_school,Females age 6+ who never attended school,71.4,28.6,NFHS-5,2021
IN-HR-jind,water_sanitation,pct_households_no_improved_sanitation,Households without an improved sanitation facility,88.5,11.5,NFHS-5,2021
IN-HR-jind,water_sanitation,pct_households_no_improved_water,Households without an improved drinking water source,96.2,3.8,NFHS-5,2021
IN-HR-jind,electricity,pct_households_no_electricity,Households without an electricity connection,100.0,0.0,NFHS-5,2021
IN-RJ-dausa,health,pct_births_non_institutional,Births not delivered in a health facility,98.2,1.8,NFHS-5,2021
IN-RJ-dausa,education,pct_females_never_attended_school,Females age 6+ who never attended school,59.4,40.6,NFHS-5,2021
IN-RJ-dausa,water_sanitation,pct_households_no_improved_sanitation,Households without an improved sanitation facility,59.4,40.6,NFHS-5,2021
IN-RJ-dausa,water_sanitation,pct_households_no_improved_water,Households without an improved drinking water source,99.4,0.6,NFHS-5,2021
IN-RJ-dausa,electricity,pct_households_no_electricity,Households without an electricity connection,99.0,1.0,NFHS-5,2021
IN-RJ-karauli,health,pct_births_non_institutional,Births not delivered in a health facility,97.6,2.4,NFHS-5,2021
IN-RJ-karauli,education,pct_females_never_attended_school,Females age 6+ who never attended school,56.5,43.5,NFHS-5,2021
IN-RJ-karauli,water_sanitation,pct_households_no_improved_sanitation,Households without an improved sanitation facility,49.9,50.1,NFHS-5,2021
IN-RJ-karauli,water_sanitation,pct_households_no_improved_water,Households without an improved drinking water source,94.8,5.2,NFHS-5,2021
IN-RJ-karauli,electricity,pct_households_no_electricity,Households without an electricity connection,98.7,1.3,NFHS-5,2021
IN-RJ-sawai-madhopur,health,pct_births_non_institutional,Births not delivered in a health facility,97.4,2.6,NFHS-5,2021
IN-RJ-sawai-madhopur,education,pct_females_never_attended_school,Females age 6+ who never attended school,57.4,42.6,NFHS-5,2021
IN-RJ-sawai-madhopur,water_sanitation,pct_households_no_improved_sanitation,Households without an improved sanitation facility,71.2,28.8,NFHS-5,2021
IN-RJ-sawai-madhopur,water_sanitation,pct_households_no_improved_water,Households without an improved drinking water source,92.5,7.5,NFHS-5,2021
IN-RJ-sawai-madhopur,electricity,pct_households_no_electricity,Households without an electricity connection,95.5,4.5,NFHS-5,2021
IN-BR-arwal,health,pct_births_non_institutional,Births not delivered in a health facility,79.2,20.8,NFHS-5,2021
IN-BR-arwal,education,pct_females_never_attended_school,Females age 6+ who never attended school,62.6,37.4,NFHS-5,2021
IN-BR-arwal,water_sanitation,pct_households_no_improved_sanitation,Households without an improved sanitation facility,43.4,56.6,NFHS-5,2021
IN-BR-arwal,water_sanitation,pct_households_no_improved_water,Households without an improved drinking water source,99.9,0.1,NFHS-5,2021
IN-BR-arwal,electricity,pct_households_no_electricity,Households without an electricity connection,97.4,2.6,NFHS-5,2021
IN-BR-jehanabad,health,pct_births_non_institutional,Births not delivered in a health facility,89.1,10.9,NFHS-5,2021
IN-BR-jehanabad,education,pct_females_never_attended_school,Females age 6+ who never attended school,61.7,38.3,NFHS-5,2021
IN-BR-jehanabad,water_sanitation,pct_households_no_improved_sanitation,Households without an improved sanitation facility,45.5,54.5,NFHS-5,2021
IN-BR-jehanabad,water_sanitation,pct_households_no_improved_water,Households without an improved drinking water source,99.8,0.2,NFHS-5,2021
IN-BR-jehanabad,electricity,pct_households_no_electricity,Households without an electricity connection,99.3,0.7,NFHS-5,2021
IN-TN-nagappattinam,health,pct_births_non_institutional,Births not delivered in a health facility,99.7,0.3,NFHS-5,2021
IN-TN-nagappattinam,education,pct_females_never_attended_school,Females age 6+ who never attended school,79.2,20.8,NFHS-5,2021
IN-TN-nagappattinam,water_sanitation,pct_households_no_improved_sanitation,Households without an improved sanitation facility,69.6,30.4,NFHS-5,2021
IN-TN-nagappattinam,water_sanitation,pct_households_no_improved_water,Households without an improved drinking water source,100.0,0.0,NFHS-5,2021
IN-TN-nagappattinam,electricity,pct_households_no_electricity,Households without an electricity connection,99.0,1.0,NFHS-5,2021
IN-PY-karaikal,health,pct_births_non_institutional,Births not delivered in a health facility,99.6,0.4,NFHS-5,2021
IN-PY-karaikal,education,pct_females_never_attended_school,Females age 6+ who never attended school,86.3,13.7,NFHS-5,2021
IN-PY-karaikal,water_sanitation,pct_households_no_improved_sanitation,Households without an improved sanitation facility,84.3,15.7,NFHS-5,2021
IN-PY-karaikal,water_sanitation,pct_households_no_improved_water,Households without an improved drinking water source,99.9,0.1,NFHS-5,2021
IN-PY-karaikal,electricity,pct_households_no_electricity,Households without an electricity connection,99.6,0.4,NFHS-5,2021
IN-PY-puducherry,health,pct_births_non_institutional,Births not delivered in a health facility,99.5,0.5,NFHS-5,2021
IN-PY-puducherry,education,pct_females_never_attended_school,Females age 6+ who never attended school,83.8,16.2,NFHS-5,2021
IN-PY-puducherry,water_sanitation,pct_households_no_improved_sanitation,Households without an improved sanitation facility,84.6,15.4,NFHS-5,2021
IN-PY-puducherry,water_sanitation,pct_households_no_improved_water,Households without an improved drinking water source,100.0,0.0,NFHS-5,2021
IN-PY-puducherry,electricity,pct_households_no_electricity,Households without an electricity connection,100.0,0.0,NFHS-5,2021
IN-PY-yanam,health,pct_births_non_institutional,Births not delivered in a health facility,100.0,0.0,NFHS-5,2021
IN-PY-yanam,education,pct_females_never_attended_school,Females age 6+ who never attended school,80.9,19.1,NFHS-5,2021
IN-PY-yanam,water_sanitation,pct_households_no_improved_sanitation,Households without an improved sanitation facility,84.1,15.9,NFHS-5,2021
IN-PY-yanam,water_sanitation,pct_households_no_improved_water,Households without an improved drinking water source,100.0,0.0,NFHS-5,2021
IN-PY-yanam,electricity,pct_households_no_electricity,Households without an electricity connection,99.8,0.2,NFHS-5,2021
IN-GJ-tapi,health,pct_births_non_institutional,Births not delivered in a health facility,92.9,7.1,NFHS-5,2021
IN-GJ-tapi,education,pct_females_never_attended_school,Females age 6+ who never attended school,66.1,33.9,NFHS-5,2021
IN-GJ-tapi,water_sanitation,pct_households_no_improved_sanitation,Households without an improved sanitation facility,70.2,29.8,NFHS-5,2021
IN-GJ-tapi,water_sanitation,pct_households_no_improved_water,Households without an improved drinking water source,99.0,1.0,NFHS-5,2021
IN-GJ-tapi,electricity,pct_households_no_electricity,Households without an electricity connection,97.6,2.4,NFHS-5,2021
IN-AN-nicobar,health,pct_births_non_institutional,Births not delivered in a health facility,97.8,2.2,NFHS-5,2021
IN-AN-nicobar,education,pct_females_never_attended_school,Females age 6+ who never attended school,78.0,22.0,NFHS-5,2021
IN-AN-nicobar,water_sanitation,pct_households_no_improved_sanitation,Households without an improved sanitation facility,83.5,16.5,NFHS-5,2021
IN-AN-nicobar,water_sanitation,pct_households_no_improved_water,Households without an improved drinking water source,98.8,1.2,NFHS-5,2021
IN-AN-nicobar,electricity,pct_households_no_electricity,Households without an electricity connection,97.9,2.1,NFHS-5,2021
IN-AN-south-andaman,health,pct_births_non_institutional,Births not delivered in a health facility,99.5,0.5,NFHS-5,2021
IN-AN-south-andaman,education,pct_females_never_attended_school,Females age 6+ who never attended school,84.7,15.3,NFHS-5,2021
IN-AN-south-andaman,water_sanitation,pct_households_no_improved_sanitation,Households without an improved sanitation facility,89.3,10.7,NFHS-5,2021
IN-AN-south-andaman,water_sanitation,pct_households_no_improved_water,Households without an improved drinking water source,97.9,2.1,NFHS-5,2021
IN-AN-south-andaman,electricity,pct_households_no_electricity,Households without an electricity connection,99.6,0.4,NFHS-5,2021
IN-AN-north-middle-andaman,health,pct_births_non_institutional,Births not delivered in a health facility,97.7,2.3,NFHS-5,2021
IN-AN-north-middle-andaman,education,pct_females_never_attended_school,Females age 6+ who never attended school,82.7,17.3,NFHS-5,2021
IN-AN-north-middle-andaman,water_sanitation,pct_households_no_improved_sanitation,Households without an improved sanitation facility,86.4,13.6,NFHS-5,2021
IN-AN-north-middle-andaman,water_sanitation,pct_households_no_improved_water,Households without an improved drinking water source,92.2,7.8,NFHS-5,2021
IN-AN-north-middle-andaman,electricity,pct_households_no_electricity,Households without an electricity connection,93.2,6.8,NFHS-5,2021
IN-LD-lakshadweep,health,pct_births_non_institutional,Births not delivered in a health facility,99.6,0.4,NFHS-5,2021
IN-LD-lakshadweep,education,pct_females_never_attended_school,Females age 6+ who never attended school,93.0,7.0,NFHS-5,2021
IN-LD-lakshadweep,water_sanitation,pct_households_no_improved_sanitation,Households without an improved sanitation facility,99.8,0.2,NFHS-5,2021
IN-LD-lakshadweep,water_sanitation,pct_households_no_improved_water,Households without an improved drinking water source,92.9,7.1,NFHS-5,2021
IN-LD-lakshadweep,electricity,pct_households_no_electricity,Households without an electricity connection,99.8,0.2,NFHS-5,2021
